Model 1,Model 2,Acc 1,Acc 2,χ²,p-value,Significant
XGB Optimized,Random Forest,0.9453162149310509,0.8654303376129339,126.76818181818182,0.0,Yes ✓
XGB Optimized,Gradient Boost,0.9453162149310509,0.9029957203994294,62.959349593495936,2.1094237467877974e-15,Yes ✓
XGB Optimized,XGB Base,0.9453162149310509,0.9391345696623871,2.028169014084507,0.15440653110764235,No
Random Forest,Gradient Boost,0.8654303376129339,0.9029957203994294,31.523316062176164,1.9705978848705286e-08,Yes ✓
