model,cv_accuracy_mean,cv_accuracy_std,train_accuracy,precision_weighted,recall_weighted,f1_weighted,training_time
XGBoost,0.9512892415483657,0.003985659425478278,1.0,1.0,1.0,1.0,4.0290443897247314
Random Forest,0.9313099450605881,0.006983875988738927,1.0,1.0,1.0,1.0,2.3041772842407227
MLP,0.8902106229467849,0.013264368198321556,1.0,1.0,1.0,1.0,30.34587812423706
Gradient Boosting,0.8592900450762876,0.008129804207820331,0.9215107982113976,0.9216972193082869,0.9215107982113976,0.921307002007116,255.7215929031372
KNN,0.8359816726863395,0.003662944014874984,0.9147559699362573,0.9147667712791626,0.9147559699362573,0.9144444544332422,0.07239818572998047
Decision Tree,0.8065830020364183,0.006158730024347941,1.0,1.0,1.0,1.0,1.896026611328125
SVM,0.7801353057772118,0.014203303219842589,0.817809913424032,0.8184370754539716,0.817809913424032,0.81272787254712,38.59126257896423
Logistic Regression,0.6318147289020759,0.007402740343816043,0.6378080106555037,0.6334581387154893,0.6378080106555037,0.6294193248344879,1.0523979663848877
