dataset,subject_uid,original_label,harmonized_label,self_report_stress,self_report_stress_delta,p_within,p_external
PhysioNet,PhysioNet:S01,Baseline,Baseline,3.0,0.0,0.16349804401397705,0.076156996
PhysioNet,PhysioNet:S01,Baseline,Baseline,3.0,0.0,0.28652137517929077,0.09614543
PhysioNet,PhysioNet:S01,Baseline,Baseline,3.0,0.0,0.5742505192756653,0.051048018
PhysioNet,PhysioNet:S01,Baseline,Baseline,3.0,0.0,0.9050480723381042,0.1144426
PhysioNet,PhysioNet:S01,Baseline,Baseline,3.0,0.0,0.6540937423706055,0.06018305
PhysioNet,PhysioNet:S01,Baseline,Baseline,3.0,0.0,0.7366800308227539,0.11622337
PhysioNet,PhysioNet:S01,Baseline,Baseline,3.0,0.0,0.29518648982048035,0.10095628
PhysioNet,PhysioNet:S01,Stroop,Stress,4.5,1.5,0.14719274640083313,0.72580963
PhysioNet,PhysioNet:S01,Stroop,Stress,4.5,1.5,0.04268112778663635,0.36902952
PhysioNet,PhysioNet:S01,First Rest,Rest,4.0,1.0,0.1889231652021408,0.3197577
PhysioNet,PhysioNet:S01,First Rest,Rest,4.0,1.0,0.025849727913737297,0.35700798
PhysioNet,PhysioNet:S01,First Rest,Rest,4.0,1.0,0.019285913556814194,0.14491394
PhysioNet,PhysioNet:S01,First Rest,Rest,4.0,1.0,0.016884516924619675,0.14107011
PhysioNet,PhysioNet:S01,First Rest,Rest,4.0,1.0,0.01766963116824627,0.14920841
PhysioNet,PhysioNet:S01,First Rest,Rest,4.0,1.0,0.01113789901137352,0.14311528
PhysioNet,PhysioNet:S01,First Rest,Rest,4.0,1.0,0.011653993278741837,0.0936012
PhysioNet,PhysioNet:S01,First Rest,Rest,4.0,1.0,0.028778789564967155,0.16789827
PhysioNet,PhysioNet:S01,First Rest,Rest,4.0,1.0,0.12818323075771332,0.18365376
PhysioNet,PhysioNet:S01,First Rest,Rest,4.0,1.0,0.04513181373476982,0.12316546
PhysioNet,PhysioNet:S01,First Rest,Rest,4.0,1.0,0.05262400209903717,0.1369239
PhysioNet,PhysioNet:S01,First Rest,Rest,4.0,1.0,0.006829790771007538,0.33984342
PhysioNet,PhysioNet:S01,First Rest,Rest,4.0,1.0,0.32592302560806274,0.72775275
PhysioNet,PhysioNet:S01,TMCT,Stress,4.0,1.0,0.02975575067102909,0.16862637
PhysioNet,PhysioNet:S01,TMCT,Stress,4.0,1.0,0.4745519757270813,0.58629376
PhysioNet,PhysioNet:S01,TMCT,Stress,4.0,1.0,0.5345633029937744,0.6163525
PhysioNet,PhysioNet:S01,Second Rest,Rest,5.5,2.5,0.03520047664642334,0.11253261
PhysioNet,PhysioNet:S01,Second Rest,Rest,5.5,2.5,0.13035312294960022,0.44000775
PhysioNet,PhysioNet:S01,Second Rest,Rest,5.5,2.5,0.07253633439540863,0.32542682
PhysioNet,PhysioNet:S01,Second Rest,Rest,5.5,2.5,0.05288385972380638,0.23878008
PhysioNet,PhysioNet:S01,Second Rest,Rest,5.5,2.5,0.10665518045425415,0.31704295
PhysioNet,PhysioNet:S01,Second Rest,Rest,5.5,2.5,0.17510661482810974,0.26067564
PhysioNet,PhysioNet:S01,Second Rest,Rest,5.5,2.5,0.0689462274312973,0.65925074
PhysioNet,PhysioNet:S01,Second Rest,Rest,5.5,2.5,0.48641690611839294,0.7250105
PhysioNet,PhysioNet:S01,Second Rest,Rest,5.5,2.5,0.9709341526031494,0.9129887
PhysioNet,PhysioNet:S02,Baseline,Baseline,2.0,0.0,0.23016363382339478,0.92728156
PhysioNet,PhysioNet:S02,Baseline,Baseline,2.0,0.0,0.3263181149959564,0.5127859
PhysioNet,PhysioNet:S02,Baseline,Baseline,2.0,0.0,0.6240307092666626,0.805712
PhysioNet,PhysioNet:S02,Baseline,Baseline,2.0,0.0,0.8710966110229492,0.8979134
PhysioNet,PhysioNet:S02,Baseline,Baseline,2.0,0.0,0.07650557905435562,0.47767875
PhysioNet,PhysioNet:S02,Stroop,Stress,4.0,2.0,0.9882546663284302,0.9557504
PhysioNet,PhysioNet:S02,Stroop,Stress,4.0,2.0,0.37848156690597534,0.7666656
PhysioNet,PhysioNet:S02,First Rest,Rest,2.0,0.0,0.21838049590587616,0.7204102
PhysioNet,PhysioNet:S02,First Rest,Rest,2.0,0.0,0.022137245163321495,0.12908971
PhysioNet,PhysioNet:S02,First Rest,Rest,2.0,0.0,0.0070069534704089165,0.12232343
PhysioNet,PhysioNet:S02,First Rest,Rest,2.0,0.0,0.010203992016613483,0.23223482
PhysioNet,PhysioNet:S02,First Rest,Rest,2.0,0.0,0.027007246389985085,0.51435494
PhysioNet,PhysioNet:S02,First Rest,Rest,2.0,0.0,0.011203283444046974,0.24243787
PhysioNet,PhysioNet:S02,First Rest,Rest,2.0,0.0,0.18122722208499908,0.41328394
PhysioNet,PhysioNet:S02,TMCT,Stress,2.0,0.0,0.8447877168655396,0.6717785
PhysioNet,PhysioNet:S02,TMCT,Stress,2.0,0.0,0.08882419019937515,0.5887932
PhysioNet,PhysioNet:S02,TMCT,Stress,2.0,0.0,0.15499036014080048,0.28476053
PhysioNet,PhysioNet:S02,Second Rest,Rest,2.0,0.0,0.19970399141311646,0.21034995
PhysioNet,PhysioNet:S02,Second Rest,Rest,2.0,0.0,0.27997222542762756,0.12941961
PhysioNet,PhysioNet:S02,Second Rest,Rest,2.0,0.0,0.020333165302872658,0.06112485
PhysioNet,PhysioNet:S02,Second Rest,Rest,2.0,0.0,0.005710889585316181,0.046109106
PhysioNet,PhysioNet:S02,Second Rest,Rest,2.0,0.0,0.008507560938596725,0.04603942
PhysioNet,PhysioNet:S02,Second Rest,Rest,2.0,0.0,0.1774103194475174,0.165541
PhysioNet,PhysioNet:S02,Second Rest,Rest,2.0,0.0,0.3389112055301666,0.16074099
PhysioNet,PhysioNet:S02,Second Rest,Rest,2.0,0.0,0.0070065781474113464,0.030416613
PhysioNet,PhysioNet:S02,Second Rest,Rest,2.0,0.0,0.005755862221121788,0.029287783
PhysioNet,PhysioNet:S02,Second Rest,Rest,2.0,0.0,0.004268451128154993,0.035209175
PhysioNet,PhysioNet:S03,Baseline,Baseline,3.0,0.0,0.09597913920879364,0.15720463
PhysioNet,PhysioNet:S03,Baseline,Baseline,3.0,0.0,0.042847659438848495,0.03109409
PhysioNet,PhysioNet:S03,Baseline,Baseline,3.0,0.0,0.05338207632303238,0.09410654
PhysioNet,PhysioNet:S03,Baseline,Baseline,3.0,0.0,0.05124952644109726,0.17363794
PhysioNet,PhysioNet:S03,Baseline,Baseline,3.0,0.0,0.06209377571940422,0.112394966
PhysioNet,PhysioNet:S03,Stroop,Stress,3.0,0.0,0.8978466987609863,0.90197146
PhysioNet,PhysioNet:S03,Stroop,Stress,3.0,0.0,0.8853299021720886,0.8803252
PhysioNet,PhysioNet:S03,First Rest,Rest,3.0,0.0,0.14467789232730865,0.71669406
PhysioNet,PhysioNet:S03,First Rest,Rest,3.0,0.0,0.013910762034356594,0.08068659
PhysioNet,PhysioNet:S03,First Rest,Rest,3.0,0.0,0.011993974447250366,0.08180522
PhysioNet,PhysioNet:S03,First Rest,Rest,3.0,0.0,0.012118788436055183,0.09979768
PhysioNet,PhysioNet:S03,First Rest,Rest,3.0,0.0,0.16887742280960083,0.19665742
PhysioNet,PhysioNet:S03,First Rest,Rest,3.0,0.0,0.7415834665298462,0.059060648
PhysioNet,PhysioNet:S03,First Rest,Rest,3.0,0.0,0.382852166891098,0.02709506
PhysioNet,PhysioNet:S03,TMCT,Stress,4.0,1.0,0.8097966313362122,0.88820505
PhysioNet,PhysioNet:S03,TMCT,Stress,4.0,1.0,0.9021105766296387,0.9016436
PhysioNet,PhysioNet:S03,TMCT,Stress,4.0,1.0,0.8253898024559021,0.9073694
PhysioNet,PhysioNet:S03,Second Rest,Rest,3.0,0.0,0.674660861492157,0.9503505
PhysioNet,PhysioNet:S03,Second Rest,Rest,3.0,0.0,0.2155824452638626,0.9284843
PhysioNet,PhysioNet:S03,Second Rest,Rest,3.0,0.0,0.34064820408821106,0.84615916
PhysioNet,PhysioNet:S03,Second Rest,Rest,3.0,0.0,0.18084701895713806,0.66597545
PhysioNet,PhysioNet:S03,Second Rest,Rest,3.0,0.0,0.33534160256385803,0.55684686
PhysioNet,PhysioNet:S03,Second Rest,Rest,3.0,0.0,0.027739083394408226,0.40552142
PhysioNet,PhysioNet:S03,Second Rest,Rest,3.0,0.0,0.019382638856768608,0.1653559
PhysioNet,PhysioNet:S03,Second Rest,Rest,3.0,0.0,0.027773769572377205,0.16015764
PhysioNet,PhysioNet:S04,Baseline,Baseline,3.0,0.0,0.1047665998339653,0.01797332
PhysioNet,PhysioNet:S04,Baseline,Baseline,3.0,0.0,0.059145737439394,0.04009114
PhysioNet,PhysioNet:S04,Baseline,Baseline,3.0,0.0,0.04484933242201805,0.049537316
PhysioNet,PhysioNet:S04,Baseline,Baseline,3.0,0.0,0.05827512964606285,0.052617338
PhysioNet,PhysioNet:S04,Baseline,Baseline,3.0,0.0,0.09509418159723282,0.06451375
PhysioNet,PhysioNet:S04,Stroop,Stress,3.0,0.0,0.7290587425231934,0.8122439
PhysioNet,PhysioNet:S04,Stroop,Stress,3.0,0.0,0.9881438612937927,0.9263096
PhysioNet,PhysioNet:S04,First Rest,Rest,2.0,-1.0,0.15268617868423462,0.5480187
PhysioNet,PhysioNet:S04,First Rest,Rest,2.0,-1.0,0.07157772779464722,0.16315456
PhysioNet,PhysioNet:S04,First Rest,Rest,2.0,-1.0,0.01641731709241867,0.10028024
PhysioNet,PhysioNet:S04,First Rest,Rest,2.0,-1.0,0.004898004699498415,0.04559491
PhysioNet,PhysioNet:S04,First Rest,Rest,2.0,-1.0,0.013199013657867908,0.13481914
PhysioNet,PhysioNet:S04,First Rest,Rest,2.0,-1.0,0.015440505929291248,0.13248417
PhysioNet,PhysioNet:S04,First Rest,Rest,2.0,-1.0,0.0053505925461649895,0.058355864
PhysioNet,PhysioNet:S04,First Rest,Rest,2.0,-1.0,0.006987633183598518,0.16563034
PhysioNet,PhysioNet:S04,First Rest,Rest,2.0,-1.0,0.0077838352881371975,0.044646557
PhysioNet,PhysioNet:S04,First Rest,Rest,2.0,-1.0,0.010320780798792839,0.06061588
PhysioNet,PhysioNet:S04,First Rest,Rest,2.0,-1.0,0.01140692736953497,0.0840145
PhysioNet,PhysioNet:S04,TMCT,Stress,3.0,0.0,0.9376431107521057,0.9462424
PhysioNet,PhysioNet:S04,TMCT,Stress,3.0,0.0,0.9237112402915955,0.96092135
PhysioNet,PhysioNet:S04,TMCT,Stress,3.0,0.0,0.7639487385749817,0.92678744
PhysioNet,PhysioNet:S04,Second Rest,Rest,1.0,-2.0,0.18825484812259674,0.9275781
PhysioNet,PhysioNet:S04,Second Rest,Rest,1.0,-2.0,0.1625797003507614,0.90089905
PhysioNet,PhysioNet:S04,Second Rest,Rest,1.0,-2.0,0.024043699726462364,0.20960298
PhysioNet,PhysioNet:S04,Second Rest,Rest,1.0,-2.0,0.018024878576397896,0.35039043
PhysioNet,PhysioNet:S04,Second Rest,Rest,1.0,-2.0,0.029793569818139076,0.2011497
PhysioNet,PhysioNet:S04,Second Rest,Rest,1.0,-2.0,0.0718793198466301,0.18328917
PhysioNet,PhysioNet:S04,Second Rest,Rest,1.0,-2.0,0.14693348109722137,0.3359327
PhysioNet,PhysioNet:S04,Second Rest,Rest,1.0,-2.0,0.02823394350707531,0.084231324
PhysioNet,PhysioNet:S04,Second Rest,Rest,1.0,-2.0,0.08625514805316925,0.34502625
PhysioNet,PhysioNet:S04,Second Rest,Rest,1.0,-2.0,0.10706358402967453,0.69601786
PhysioNet,PhysioNet:S05,Baseline,Baseline,1.0,0.0,0.8554739356040955,0.036486667
PhysioNet,PhysioNet:S05,Baseline,Baseline,1.0,0.0,0.4243870675563812,0.03016211
PhysioNet,PhysioNet:S05,Baseline,Baseline,1.0,0.0,0.5405547618865967,0.105648
PhysioNet,PhysioNet:S05,Baseline,Baseline,1.0,0.0,0.012873366475105286,0.049090564
PhysioNet,PhysioNet:S05,Baseline,Baseline,1.0,0.0,0.030757753178477287,0.080315635
PhysioNet,PhysioNet:S05,Stroop,Stress,2.0,1.0,0.8486340045928955,0.8650312
PhysioNet,PhysioNet:S05,Stroop,Stress,2.0,1.0,0.6298662424087524,0.7885524
PhysioNet,PhysioNet:S05,First Rest,Rest,1.0,0.0,0.8453794121742249,0.92910075
PhysioNet,PhysioNet:S05,First Rest,Rest,1.0,0.0,0.4557545781135559,0.7915219
PhysioNet,PhysioNet:S05,First Rest,Rest,1.0,0.0,0.2123277634382248,0.35761535
PhysioNet,PhysioNet:S05,First Rest,Rest,1.0,0.0,0.11347337067127228,0.2956478
PhysioNet,PhysioNet:S05,First Rest,Rest,1.0,0.0,0.0428612120449543,0.4052488
PhysioNet,PhysioNet:S05,First Rest,Rest,1.0,0.0,0.023012733086943626,0.10883213
PhysioNet,PhysioNet:S05,First Rest,Rest,1.0,0.0,0.026132041588425636,0.20955393
PhysioNet,PhysioNet:S05,First Rest,Rest,1.0,0.0,0.03434377908706665,0.10768824
PhysioNet,PhysioNet:S05,First Rest,Rest,1.0,0.0,0.010659080930054188,0.025528463
PhysioNet,PhysioNet:S05,First Rest,Rest,1.0,0.0,0.021119359880685806,0.24268828
PhysioNet,PhysioNet:S05,TMCT,Stress,4.0,3.0,0.41178739070892334,0.24817671
PhysioNet,PhysioNet:S05,TMCT,Stress,4.0,3.0,0.9507339596748352,0.46945053
PhysioNet,PhysioNet:S05,TMCT,Stress,4.0,3.0,0.9625733494758606,0.78900456
PhysioNet,PhysioNet:S05,TMCT,Stress,4.0,3.0,0.6283968687057495,0.74960524
PhysioNet,PhysioNet:S05,Second Rest,Rest,1.0,0.0,0.17469963431358337,0.4052969
PhysioNet,PhysioNet:S05,Second Rest,Rest,1.0,0.0,0.07830262929201126,0.1397044
PhysioNet,PhysioNet:S05,Second Rest,Rest,1.0,0.0,0.10373561829328537,0.12310993
PhysioNet,PhysioNet:S05,Second Rest,Rest,1.0,0.0,0.03921614959836006,0.17197558
PhysioNet,PhysioNet:S05,Second Rest,Rest,1.0,0.0,0.028713688254356384,0.2184564
PhysioNet,PhysioNet:S05,Second Rest,Rest,1.0,0.0,0.10163440555334091,0.50491744
PhysioNet,PhysioNet:S06,Baseline,Baseline,2.0,0.0,0.11460170149803162,0.014278182
PhysioNet,PhysioNet:S06,Baseline,Baseline,2.0,0.0,0.03693879768252373,0.01197392
PhysioNet,PhysioNet:S06,Baseline,Baseline,2.0,0.0,0.03418048098683357,0.009374874
PhysioNet,PhysioNet:S06,Baseline,Baseline,2.0,0.0,0.06924986094236374,0.017748473
PhysioNet,PhysioNet:S06,Baseline,Baseline,2.0,0.0,0.029465381056070328,0.016140277
PhysioNet,PhysioNet:S06,Stroop,Stress,3.0,1.0,0.06357461214065552,0.09409154
PhysioNet,PhysioNet:S06,Stroop,Stress,3.0,1.0,0.9407027959823608,0.26307228
PhysioNet,PhysioNet:S06,Stroop,Stress,3.0,1.0,0.9025710225105286,0.68912494
PhysioNet,PhysioNet:S06,First Rest,Rest,2.0,0.0,0.7597154378890991,0.85092217
PhysioNet,PhysioNet:S06,First Rest,Rest,2.0,0.0,0.088237464427948,0.49092764
PhysioNet,PhysioNet:S06,First Rest,Rest,2.0,0.0,0.05218356475234032,0.17131352
PhysioNet,PhysioNet:S06,First Rest,Rest,2.0,0.0,0.25710752606391907,0.6503749
PhysioNet,PhysioNet:S06,First Rest,Rest,2.0,0.0,0.013967171311378479,0.1509386
PhysioNet,PhysioNet:S06,First Rest,Rest,2.0,0.0,0.03696831688284874,0.25980124
PhysioNet,PhysioNet:S06,First Rest,Rest,2.0,0.0,0.655833899974823,0.8211865
PhysioNet,PhysioNet:S06,First Rest,Rest,2.0,0.0,0.06370794028043747,0.30432072
PhysioNet,PhysioNet:S06,First Rest,Rest,2.0,0.0,0.4087866246700287,0.87275857
PhysioNet,PhysioNet:S06,First Rest,Rest,2.0,0.0,0.4405454695224762,0.90220004
PhysioNet,PhysioNet:S06,TMCT,Stress,5.0,3.0,0.79209965467453,0.91128063
PhysioNet,PhysioNet:S06,TMCT,Stress,5.0,3.0,0.9831573367118835,0.9664248
PhysioNet,PhysioNet:S06,TMCT,Stress,5.0,3.0,0.9566298723220825,0.9814848
PhysioNet,PhysioNet:S06,Second Rest,Rest,3.0,1.0,0.5159834027290344,0.8928997
PhysioNet,PhysioNet:S06,Second Rest,Rest,3.0,1.0,0.14209285378456116,0.63710445
PhysioNet,PhysioNet:S06,Second Rest,Rest,3.0,1.0,0.1743832677602768,0.5555499
PhysioNet,PhysioNet:S06,Second Rest,Rest,3.0,1.0,0.12724685668945312,0.55244166
PhysioNet,PhysioNet:S06,Second Rest,Rest,3.0,1.0,0.13504190742969513,0.13900599
PhysioNet,PhysioNet:S06,Second Rest,Rest,3.0,1.0,0.03931884840130806,0.059649926
PhysioNet,PhysioNet:S06,Second Rest,Rest,3.0,1.0,0.08059805631637573,0.37595558
PhysioNet,PhysioNet:S06,Second Rest,Rest,3.0,1.0,0.21159270405769348,0.2972084
PhysioNet,PhysioNet:S06,Second Rest,Rest,3.0,1.0,0.28485459089279175,0.5960171
PhysioNet,PhysioNet:S07,Baseline,Baseline,5.0,0.0,0.07721753418445587,0.109257296
PhysioNet,PhysioNet:S07,Baseline,Baseline,5.0,0.0,0.008793103508651257,0.09101022
PhysioNet,PhysioNet:S07,Baseline,Baseline,5.0,0.0,0.010812480002641678,0.0864342
PhysioNet,PhysioNet:S07,Baseline,Baseline,5.0,0.0,0.06311531364917755,0.12351082
PhysioNet,PhysioNet:S07,Stroop,Stress,6.0,1.0,0.6636504530906677,0.3414715
PhysioNet,PhysioNet:S07,Stroop,Stress,6.0,1.0,0.7105118036270142,0.7641204
PhysioNet,PhysioNet:S07,First Rest,Rest,6.0,1.0,0.7587395310401917,0.7398485
PhysioNet,PhysioNet:S07,First Rest,Rest,6.0,1.0,0.0258603785187006,0.2469965
PhysioNet,PhysioNet:S07,First Rest,Rest,6.0,1.0,0.19561199843883514,0.44663578
PhysioNet,PhysioNet:S07,First Rest,Rest,6.0,1.0,0.0820375606417656,0.24750316
PhysioNet,PhysioNet:S07,First Rest,Rest,6.0,1.0,0.07698473334312439,0.25520435
PhysioNet,PhysioNet:S07,First Rest,Rest,6.0,1.0,0.10806657373905182,0.24803734
PhysioNet,PhysioNet:S07,First Rest,Rest,6.0,1.0,0.014303208328783512,0.17843585
PhysioNet,PhysioNet:S07,First Rest,Rest,6.0,1.0,0.1331663280725479,0.78501797
PhysioNet,PhysioNet:S07,TMCT,Stress,8.0,3.0,0.928320050239563,0.8208151
PhysioNet,PhysioNet:S07,TMCT,Stress,8.0,3.0,0.7159642577171326,0.7674059
PhysioNet,PhysioNet:S07,TMCT,Stress,8.0,3.0,0.3953835964202881,0.8089543
PhysioNet,PhysioNet:S07,Second Rest,Rest,7.0,2.0,0.5611158013343811,0.50463116
PhysioNet,PhysioNet:S07,Second Rest,Rest,7.0,2.0,0.6466202735900879,0.33243456
PhysioNet,PhysioNet:S07,Second Rest,Rest,7.0,2.0,0.1492040753364563,0.2426108
PhysioNet,PhysioNet:S07,Second Rest,Rest,7.0,2.0,0.4818028509616852,0.3052591
PhysioNet,PhysioNet:S07,Second Rest,Rest,7.0,2.0,0.06332797557115555,0.2924815
PhysioNet,PhysioNet:S07,Second Rest,Rest,7.0,2.0,0.45951971411705017,0.8681571
PhysioNet,PhysioNet:S07,Second Rest,Rest,7.0,2.0,0.706311821937561,0.933704
PhysioNet,PhysioNet:S07,Second Rest,Rest,7.0,2.0,0.5900208353996277,0.80413157
PhysioNet,PhysioNet:S08,Baseline,Baseline,0.0,0.0,0.24762798845767975,0.026552977
PhysioNet,PhysioNet:S08,Baseline,Baseline,0.0,0.0,0.6118946671485901,0.09018479
PhysioNet,PhysioNet:S08,Baseline,Baseline,0.0,0.0,0.1687665581703186,0.092025466
PhysioNet,PhysioNet:S08,Baseline,Baseline,0.0,0.0,0.3176696002483368,0.08864224
PhysioNet,PhysioNet:S08,Stroop,Stress,1.0,1.0,0.835701584815979,0.87342566
PhysioNet,PhysioNet:S08,Stroop,Stress,1.0,1.0,0.5257798433303833,0.7648172
PhysioNet,PhysioNet:S08,First Rest,Rest,1.0,1.0,0.5690536499023438,0.947931
PhysioNet,PhysioNet:S08,First Rest,Rest,1.0,1.0,0.04875769466161728,0.11297723
PhysioNet,PhysioNet:S08,First Rest,Rest,1.0,1.0,0.022822529077529907,0.07119062
PhysioNet,PhysioNet:S08,First Rest,Rest,1.0,1.0,0.039804451167583466,0.10510678
PhysioNet,PhysioNet:S08,First Rest,Rest,1.0,1.0,0.02395995520055294,0.06188581
PhysioNet,PhysioNet:S08,First Rest,Rest,1.0,1.0,0.006658628582954407,0.062316097
PhysioNet,PhysioNet:S08,First Rest,Rest,1.0,1.0,0.004656570963561535,0.052550334
PhysioNet,PhysioNet:S08,First Rest,Rest,1.0,1.0,0.00975704938173294,0.07232878
PhysioNet,PhysioNet:S08,TMCT,Stress,5.5,5.5,0.42165547609329224,0.49212712
PhysioNet,PhysioNet:S08,TMCT,Stress,5.5,5.5,0.9175931215286255,0.78799635
PhysioNet,PhysioNet:S08,TMCT,Stress,5.5,5.5,0.6308045387268066,0.85136503
PhysioNet,PhysioNet:S08,TMCT,Stress,5.5,5.5,0.8902094960212708,0.850354
PhysioNet,PhysioNet:S08,Second Rest,Rest,1.5,1.5,0.8547785878181458,0.9204561
PhysioNet,PhysioNet:S08,Second Rest,Rest,1.5,1.5,0.013623026199638844,0.47248408
PhysioNet,PhysioNet:S08,Second Rest,Rest,1.5,1.5,0.01659173145890236,0.100675546
PhysioNet,PhysioNet:S08,Second Rest,Rest,1.5,1.5,0.017706723883748055,0.0695541
PhysioNet,PhysioNet:S08,Second Rest,Rest,1.5,1.5,0.010772391222417355,0.1939635
PhysioNet,PhysioNet:S08,Second Rest,Rest,1.5,1.5,0.016314174979925156,0.13295516
PhysioNet,PhysioNet:S08,Second Rest,Rest,1.5,1.5,0.010225753299891949,0.03506299
PhysioNet,PhysioNet:S09,Baseline,Baseline,7.0,0.0,0.06110658124089241,0.7199367
PhysioNet,PhysioNet:S09,Baseline,Baseline,7.0,0.0,0.15340879559516907,0.6571805
PhysioNet,PhysioNet:S09,Baseline,Baseline,7.0,0.0,0.06571045517921448,0.7106324
PhysioNet,PhysioNet:S09,Baseline,Baseline,7.0,0.0,0.22260139882564545,0.80364805
PhysioNet,PhysioNet:S09,Baseline,Baseline,7.0,0.0,0.7174270749092102,0.7736461
PhysioNet,PhysioNet:S09,Stroop,Stress,5.0,-2.0,0.9823776483535767,0.97100025
PhysioNet,PhysioNet:S09,Stroop,Stress,5.0,-2.0,0.9934050440788269,0.9693689
PhysioNet,PhysioNet:S09,First Rest,Rest,3.0,-4.0,0.20222707092761993,0.27840096
PhysioNet,PhysioNet:S09,First Rest,Rest,3.0,-4.0,0.047199636697769165,0.13649112
PhysioNet,PhysioNet:S09,First Rest,Rest,3.0,-4.0,0.0324048213660717,0.14718485
PhysioNet,PhysioNet:S09,First Rest,Rest,3.0,-4.0,0.035363830626010895,0.13902946
PhysioNet,PhysioNet:S09,First Rest,Rest,3.0,-4.0,0.05699758976697922,0.14752452
PhysioNet,PhysioNet:S09,First Rest,Rest,3.0,-4.0,0.03542771935462952,0.3045387
PhysioNet,PhysioNet:S09,First Rest,Rest,3.0,-4.0,0.04652520641684532,0.3029062
PhysioNet,PhysioNet:S09,TMCT,Stress,5.0,-2.0,0.26268890500068665,0.32220745
PhysioNet,PhysioNet:S09,TMCT,Stress,5.0,-2.0,0.039701320230960846,0.46944004
PhysioNet,PhysioNet:S09,TMCT,Stress,5.0,-2.0,0.11936105787754059,0.6059682
PhysioNet,PhysioNet:S09,Second Rest,Rest,4.0,-3.0,0.17857597768306732,0.37017
PhysioNet,PhysioNet:S09,Second Rest,Rest,4.0,-3.0,0.016352655366063118,0.42095393
PhysioNet,PhysioNet:S09,Second Rest,Rest,4.0,-3.0,0.026405945420265198,0.38239694
PhysioNet,PhysioNet:S09,Second Rest,Rest,4.0,-3.0,0.042958635836839676,0.35856763
PhysioNet,PhysioNet:S09,Second Rest,Rest,4.0,-3.0,0.10422618687152863,0.35721937
PhysioNet,PhysioNet:S09,Second Rest,Rest,4.0,-3.0,0.01917988248169422,0.3902378
PhysioNet,PhysioNet:S09,Second Rest,Rest,4.0,-3.0,0.01666743867099285,0.29853684
PhysioNet,PhysioNet:S09,Second Rest,Rest,4.0,-3.0,0.0507906973361969,0.3702424
PhysioNet,PhysioNet:S10,Baseline,Baseline,4.0,0.0,0.09036638587713242,0.01427266
PhysioNet,PhysioNet:S10,Baseline,Baseline,4.0,0.0,0.21639950573444366,0.016517421
PhysioNet,PhysioNet:S10,Baseline,Baseline,4.0,0.0,0.23052643239498138,0.01731183
PhysioNet,PhysioNet:S10,Baseline,Baseline,4.0,0.0,0.5530054569244385,0.0384786
PhysioNet,PhysioNet:S10,Baseline,Baseline,4.0,0.0,0.3538871705532074,0.0217089
PhysioNet,PhysioNet:S10,Stroop,Stress,4.0,0.0,0.9235458970069885,0.7487674
PhysioNet,PhysioNet:S10,Stroop,Stress,4.0,0.0,0.9067012667655945,0.89251286
PhysioNet,PhysioNet:S10,First Rest,Rest,4.0,0.0,0.6592364311218262,0.853862
PhysioNet,PhysioNet:S10,First Rest,Rest,4.0,0.0,0.3942530155181885,0.8818149
PhysioNet,PhysioNet:S10,First Rest,Rest,4.0,0.0,0.3145934045314789,0.7163641
PhysioNet,PhysioNet:S10,First Rest,Rest,4.0,0.0,0.1011698767542839,0.74792296
PhysioNet,PhysioNet:S10,First Rest,Rest,4.0,0.0,0.4576907455921173,0.5794976
PhysioNet,PhysioNet:S10,First Rest,Rest,4.0,0.0,0.28381749987602234,0.2486674
PhysioNet,PhysioNet:S10,First Rest,Rest,4.0,0.0,0.05410871282219887,0.1834782
PhysioNet,PhysioNet:S10,First Rest,Rest,4.0,0.0,0.016325028613209724,0.20401603
PhysioNet,PhysioNet:S10,First Rest,Rest,4.0,0.0,0.11662771552801132,0.1571776
PhysioNet,PhysioNet:S10,First Rest,Rest,4.0,0.0,0.027511276304721832,0.13780239
PhysioNet,PhysioNet:S10,First Rest,Rest,4.0,0.0,0.012988951057195663,0.52898383
PhysioNet,PhysioNet:S10,TMCT,Stress,6.0,2.0,0.846560537815094,0.75827044
PhysioNet,PhysioNet:S10,TMCT,Stress,6.0,2.0,0.9868572354316711,0.80917054
PhysioNet,PhysioNet:S10,TMCT,Stress,6.0,2.0,0.9863612651824951,0.9182355
PhysioNet,PhysioNet:S10,Second Rest,Rest,5.0,1.0,0.16493529081344604,0.5473859
PhysioNet,PhysioNet:S10,Second Rest,Rest,5.0,1.0,0.031809791922569275,0.21627152
PhysioNet,PhysioNet:S10,Second Rest,Rest,5.0,1.0,0.15021055936813354,0.28767398
PhysioNet,PhysioNet:S10,Second Rest,Rest,5.0,1.0,0.0065423352643847466,0.12351405
PhysioNet,PhysioNet:S10,Second Rest,Rest,5.0,1.0,0.018599139526486397,0.28906745
PhysioNet,PhysioNet:S10,Second Rest,Rest,5.0,1.0,0.023084424436092377,0.30405846
PhysioNet,PhysioNet:S10,Second Rest,Rest,5.0,1.0,0.009882771410048008,0.120131105
PhysioNet,PhysioNet:S10,Second Rest,Rest,5.0,1.0,0.013150638900697231,0.11854733
PhysioNet,PhysioNet:S10,Second Rest,Rest,5.0,1.0,0.030143599957227707,0.22440007
PhysioNet,PhysioNet:S10,Second Rest,Rest,5.0,1.0,0.022779272869229317,0.18043058
PhysioNet,PhysioNet:S10,Second Rest,Rest,5.0,1.0,0.0874866470694542,0.124713585
PhysioNet,PhysioNet:S11,Baseline,Baseline,5.0,0.0,0.06518091261386871,0.06996467
PhysioNet,PhysioNet:S11,Baseline,Baseline,5.0,0.0,0.06657376885414124,0.030459838
PhysioNet,PhysioNet:S11,Baseline,Baseline,5.0,0.0,0.17500212788581848,0.03609553
PhysioNet,PhysioNet:S11,Baseline,Baseline,5.0,0.0,0.02161586657166481,0.0073200027
PhysioNet,PhysioNet:S11,Stroop,Stress,8.0,3.0,0.9498581886291504,0.9575643
PhysioNet,PhysioNet:S11,Stroop,Stress,8.0,3.0,0.8976899981498718,0.95014083
PhysioNet,PhysioNet:S11,Stroop,Stress,8.0,3.0,0.625808835029602,0.85020906
PhysioNet,PhysioNet:S11,Stroop,Stress,8.0,3.0,0.22626443207263947,0.78394485
PhysioNet,PhysioNet:S11,First Rest,Rest,6.0,1.0,0.07491371035575867,0.4285799
PhysioNet,PhysioNet:S11,First Rest,Rest,6.0,1.0,0.0228791031986475,0.08118682
PhysioNet,PhysioNet:S11,First Rest,Rest,6.0,1.0,0.024133550003170967,0.13309008
PhysioNet,PhysioNet:S11,First Rest,Rest,6.0,1.0,0.019265389069914818,0.12579039
PhysioNet,PhysioNet:S11,First Rest,Rest,6.0,1.0,0.011841950006783009,0.12955888
PhysioNet,PhysioNet:S11,First Rest,Rest,6.0,1.0,0.009631245397031307,0.26988533
PhysioNet,PhysioNet:S11,First Rest,Rest,6.0,1.0,0.006797399837523699,0.064567305
PhysioNet,PhysioNet:S11,First Rest,Rest,6.0,1.0,0.0106536615639925,0.07640947
PhysioNet,PhysioNet:S11,TMCT,Stress,9.0,4.0,0.7714101076126099,0.5600183
PhysioNet,PhysioNet:S11,TMCT,Stress,9.0,4.0,0.4693387448787689,0.9013165
PhysioNet,PhysioNet:S11,TMCT,Stress,9.0,4.0,0.13207481801509857,0.5164986
PhysioNet,PhysioNet:S11,TMCT,Stress,9.0,4.0,0.06149071082472801,0.31636184
PhysioNet,PhysioNet:S11,Second Rest,Rest,5.0,0.0,0.10951133817434311,0.29914737
PhysioNet,PhysioNet:S11,Second Rest,Rest,5.0,0.0,0.17974229156970978,0.5439881
PhysioNet,PhysioNet:S11,Second Rest,Rest,5.0,0.0,0.41971325874328613,0.751004
PhysioNet,PhysioNet:S11,Second Rest,Rest,5.0,0.0,0.15624406933784485,0.43617585
PhysioNet,PhysioNet:S11,Second Rest,Rest,5.0,0.0,0.4212293326854706,0.37454647
PhysioNet,PhysioNet:S11,Second Rest,Rest,5.0,0.0,0.024008339270949364,0.1783354
PhysioNet,PhysioNet:S11,Second Rest,Rest,5.0,0.0,0.07247410714626312,0.33504725
PhysioNet,PhysioNet:S12,Baseline,Baseline,7.0,0.0,0.09909994900226593,0.007112709
PhysioNet,PhysioNet:S12,Baseline,Baseline,7.0,0.0,0.1656998097896576,0.008024221
PhysioNet,PhysioNet:S12,Baseline,Baseline,7.0,0.0,0.04676169529557228,0.025005385
PhysioNet,PhysioNet:S12,Baseline,Baseline,7.0,0.0,0.01224727276712656,0.03529714
PhysioNet,PhysioNet:S12,Baseline,Baseline,7.0,0.0,0.21520547568798065,0.44888297
PhysioNet,PhysioNet:S12,Stroop,Stress,5.0,-2.0,0.6431096792221069,0.9295146
PhysioNet,PhysioNet:S12,Stroop,Stress,5.0,-2.0,0.725253701210022,0.9197289
PhysioNet,PhysioNet:S12,First Rest,Rest,4.0,-3.0,0.28095853328704834,0.8575054
PhysioNet,PhysioNet:S12,First Rest,Rest,4.0,-3.0,0.10690948367118835,0.6201931
PhysioNet,PhysioNet:S12,First Rest,Rest,4.0,-3.0,0.2759403884410858,0.7203518
PhysioNet,PhysioNet:S12,First Rest,Rest,4.0,-3.0,0.04316801577806473,0.11253403
PhysioNet,PhysioNet:S12,First Rest,Rest,4.0,-3.0,0.019935589283704758,0.024087377
PhysioNet,PhysioNet:S12,First Rest,Rest,4.0,-3.0,0.0684690922498703,0.65324676
PhysioNet,PhysioNet:S12,First Rest,Rest,4.0,-3.0,0.13262316584587097,0.5883774
PhysioNet,PhysioNet:S12,First Rest,Rest,4.0,-3.0,0.35977110266685486,0.69375926
PhysioNet,PhysioNet:S12,First Rest,Rest,4.0,-3.0,0.5439115166664124,0.79918265
PhysioNet,PhysioNet:S12,First Rest,Rest,4.0,-3.0,0.05106377229094505,0.4409894
PhysioNet,PhysioNet:S12,TMCT,Stress,8.0,1.0,0.7813712358474731,0.95547074
PhysioNet,PhysioNet:S12,TMCT,Stress,8.0,1.0,0.8865554332733154,0.9620724
PhysioNet,PhysioNet:S12,TMCT,Stress,8.0,1.0,0.2550395131111145,0.7745145
PhysioNet,PhysioNet:S12,Second Rest,Rest,6.0,-1.0,0.167811319231987,0.5825868
PhysioNet,PhysioNet:S12,Second Rest,Rest,6.0,-1.0,0.11487508565187454,0.2587834
PhysioNet,PhysioNet:S12,Second Rest,Rest,6.0,-1.0,0.029200302436947823,0.06785625
PhysioNet,PhysioNet:S12,Second Rest,Rest,6.0,-1.0,0.010310684330761433,0.03616441
PhysioNet,PhysioNet:S12,Second Rest,Rest,6.0,-1.0,0.0429174080491066,0.28702664
PhysioNet,PhysioNet:S12,Second Rest,Rest,6.0,-1.0,0.7663455009460449,0.77739686
PhysioNet,PhysioNet:S12,Second Rest,Rest,6.0,-1.0,0.03416506573557854,0.24933402
PhysioNet,PhysioNet:S12,Second Rest,Rest,6.0,-1.0,0.015990130603313446,0.032244127
PhysioNet,PhysioNet:S12,Second Rest,Rest,6.0,-1.0,0.018731996417045593,0.0084357895
PhysioNet,PhysioNet:S12,Second Rest,Rest,6.0,-1.0,0.03159507364034653,0.017140161
PhysioNet,PhysioNet:S13,Baseline,Baseline,3.0,0.0,0.3684653043746948,0.2436419
PhysioNet,PhysioNet:S13,Baseline,Baseline,3.0,0.0,0.47594916820526123,0.09386774
PhysioNet,PhysioNet:S13,Baseline,Baseline,3.0,0.0,0.04916239529848099,0.14038707
PhysioNet,PhysioNet:S13,Baseline,Baseline,3.0,0.0,0.05065096169710159,0.2836399
PhysioNet,PhysioNet:S13,Baseline,Baseline,3.0,0.0,0.4397377073764801,0.20837009
PhysioNet,PhysioNet:S13,Stroop,Stress,4.0,1.0,0.9549263715744019,0.8950846
PhysioNet,PhysioNet:S13,Stroop,Stress,4.0,1.0,0.9767023324966431,0.9010169
PhysioNet,PhysioNet:S13,First Rest,Rest,4.0,1.0,0.773745059967041,0.9343716
PhysioNet,PhysioNet:S13,First Rest,Rest,4.0,1.0,0.191811665892601,0.7735718
PhysioNet,PhysioNet:S13,First Rest,Rest,4.0,1.0,0.31744319200515747,0.3427371
PhysioNet,PhysioNet:S13,First Rest,Rest,4.0,1.0,0.38244664669036865,0.5311244
PhysioNet,PhysioNet:S13,First Rest,Rest,4.0,1.0,0.10924594104290009,0.19298798
PhysioNet,PhysioNet:S13,First Rest,Rest,4.0,1.0,0.08010828495025635,0.2394517
PhysioNet,PhysioNet:S13,First Rest,Rest,4.0,1.0,0.019414490088820457,0.10487268
PhysioNet,PhysioNet:S13,First Rest,Rest,4.0,1.0,0.1758534461259842,0.28844368
PhysioNet,PhysioNet:S13,First Rest,Rest,4.0,1.0,0.3575513958930969,0.22615339
PhysioNet,PhysioNet:S13,First Rest,Rest,4.0,1.0,0.043918170034885406,0.19647484
PhysioNet,PhysioNet:S13,First Rest,Rest,4.0,1.0,0.0064939833246171474,0.066132925
PhysioNet,PhysioNet:S13,TMCT,Stress,6.0,3.0,0.936366617679596,0.8371863
PhysioNet,PhysioNet:S13,TMCT,Stress,6.0,3.0,0.9285094141960144,0.78782374
PhysioNet,PhysioNet:S13,TMCT,Stress,6.0,3.0,0.9271895885467529,0.89381546
PhysioNet,PhysioNet:S13,Second Rest,Rest,4.0,1.0,0.5129771828651428,0.83984685
PhysioNet,PhysioNet:S13,Second Rest,Rest,4.0,1.0,0.4273567497730255,0.9346836
PhysioNet,PhysioNet:S13,Second Rest,Rest,4.0,1.0,0.032826077193021774,0.4296029
PhysioNet,PhysioNet:S13,Second Rest,Rest,4.0,1.0,0.010713879019021988,0.058897354
PhysioNet,PhysioNet:S13,Second Rest,Rest,4.0,1.0,0.019374357536435127,0.01860133
PhysioNet,PhysioNet:S13,Second Rest,Rest,4.0,1.0,0.01939203590154648,0.018839162
PhysioNet,PhysioNet:S13,Second Rest,Rest,4.0,1.0,0.03372136875987053,0.0042841705
PhysioNet,PhysioNet:S13,Second Rest,Rest,4.0,1.0,0.06890563666820526,0.00542718
PhysioNet,PhysioNet:S14,Baseline,Baseline,5.0,0.0,0.07563161849975586,0.8170526
PhysioNet,PhysioNet:S14,Baseline,Baseline,5.0,0.0,0.6287921667098999,0.7934262
PhysioNet,PhysioNet:S14,Baseline,Baseline,5.0,0.0,0.4878014326095581,0.8437951
PhysioNet,PhysioNet:S14,Baseline,Baseline,5.0,0.0,0.19252657890319824,0.63749534
PhysioNet,PhysioNet:S14,Baseline,Baseline,5.0,0.0,0.22253580391407013,0.36123356
PhysioNet,PhysioNet:S14,Baseline,Baseline,5.0,0.0,0.8442357778549194,0.81729245
PhysioNet,PhysioNet:S14,Stroop,Stress,6.0,1.0,0.9823914170265198,0.8977193
PhysioNet,PhysioNet:S14,Stroop,Stress,6.0,1.0,0.9890159964561462,0.79278785
PhysioNet,PhysioNet:S14,First Rest,Rest,5.0,0.0,0.7538126707077026,0.8657966
PhysioNet,PhysioNet:S14,First Rest,Rest,5.0,0.0,0.17036856710910797,0.82637537
PhysioNet,PhysioNet:S14,First Rest,Rest,5.0,0.0,0.4019838869571686,0.7112077
PhysioNet,PhysioNet:S14,First Rest,Rest,5.0,0.0,0.05560852214694023,0.20329979
PhysioNet,PhysioNet:S14,First Rest,Rest,5.0,0.0,0.030588364228606224,0.20990138
PhysioNet,PhysioNet:S14,First Rest,Rest,5.0,0.0,0.020985612645745277,0.14568737
PhysioNet,PhysioNet:S14,First Rest,Rest,5.0,0.0,0.013414093293249607,0.08939787
PhysioNet,PhysioNet:S14,First Rest,Rest,5.0,0.0,0.019813435152173042,0.19238333
PhysioNet,PhysioNet:S14,First Rest,Rest,5.0,0.0,0.047666408121585846,0.30527693
PhysioNet,PhysioNet:S14,First Rest,Rest,5.0,0.0,0.044745415449142456,0.43077615
PhysioNet,PhysioNet:S14,TMCT,Stress,7.0,2.0,0.9419587254524231,0.89999926
PhysioNet,PhysioNet:S14,TMCT,Stress,7.0,2.0,0.987846314907074,0.93537724
PhysioNet,PhysioNet:S14,TMCT,Stress,7.0,2.0,0.4809318780899048,0.82084864
PhysioNet,PhysioNet:S14,Second Rest,Rest,5.0,0.0,0.3746468722820282,0.6975683
PhysioNet,PhysioNet:S14,Second Rest,Rest,5.0,0.0,0.11813412606716156,0.31149706
PhysioNet,PhysioNet:S14,Second Rest,Rest,5.0,0.0,0.023087987676262856,0.06417001
PhysioNet,PhysioNet:S14,Second Rest,Rest,5.0,0.0,0.05045141652226448,0.052037224
PhysioNet,PhysioNet:S14,Second Rest,Rest,5.0,0.0,0.10471396148204803,0.032085214
PhysioNet,PhysioNet:S14,Second Rest,Rest,5.0,0.0,0.016172200441360474,0.019868756
PhysioNet,PhysioNet:S14,Second Rest,Rest,5.0,0.0,0.033924683928489685,0.009354034
PhysioNet,PhysioNet:S14,Second Rest,Rest,5.0,0.0,0.07359589636325836,0.020659404
PhysioNet,PhysioNet:S14,Second Rest,Rest,5.0,0.0,0.023048942908644676,0.024721466
PhysioNet,PhysioNet:S14,Second Rest,Rest,5.0,0.0,0.09697199612855911,0.054187402
PhysioNet,PhysioNet:S15,Baseline,Baseline,6.0,0.0,0.06498770415782928,0.19198671
PhysioNet,PhysioNet:S15,Baseline,Baseline,6.0,0.0,0.4163309931755066,0.111827746
PhysioNet,PhysioNet:S15,Baseline,Baseline,6.0,0.0,0.10621193051338196,0.12272303
PhysioNet,PhysioNet:S15,Baseline,Baseline,6.0,0.0,0.5957069396972656,0.23792602
PhysioNet,PhysioNet:S15,Baseline,Baseline,6.0,0.0,0.2258015275001526,0.15351027
PhysioNet,PhysioNet:S15,Stroop,Stress,5.0,-1.0,0.07346560060977936,0.0908531
PhysioNet,PhysioNet:S15,Stroop,Stress,5.0,-1.0,0.022123487666249275,0.10703589
PhysioNet,PhysioNet:S15,First Rest,Rest,6.0,0.0,0.08123768866062164,0.12187558
PhysioNet,PhysioNet:S15,First Rest,Rest,6.0,0.0,0.015764543786644936,0.023440843
PhysioNet,PhysioNet:S15,First Rest,Rest,6.0,0.0,0.13073289394378662,0.51214856
PhysioNet,PhysioNet:S15,First Rest,Rest,6.0,0.0,0.2399941086769104,0.45678478
PhysioNet,PhysioNet:S15,First Rest,Rest,6.0,0.0,0.10303357243537903,0.51933855
PhysioNet,PhysioNet:S15,First Rest,Rest,6.0,0.0,0.42489713430404663,0.6853747
PhysioNet,PhysioNet:S15,First Rest,Rest,6.0,0.0,0.06671711802482605,0.25814593
PhysioNet,PhysioNet:S15,First Rest,Rest,6.0,0.0,0.01669689640402794,0.15335053
PhysioNet,PhysioNet:S15,First Rest,Rest,6.0,0.0,0.06893520802259445,0.53404856
PhysioNet,PhysioNet:S15,First Rest,Rest,6.0,0.0,0.46122920513153076,0.85929036
PhysioNet,PhysioNet:S15,TMCT,Stress,5.0,-1.0,0.589583694934845,0.8173165
PhysioNet,PhysioNet:S15,TMCT,Stress,5.0,-1.0,0.09211953729391098,0.17782302
PhysioNet,PhysioNet:S15,TMCT,Stress,5.0,-1.0,0.037764620035886765,0.24679177
PhysioNet,PhysioNet:S15,TMCT,Stress,5.0,-1.0,0.09375053644180298,0.6216186
PhysioNet,PhysioNet:S15,Second Rest,Rest,5.0,-1.0,0.383249431848526,0.9374565
PhysioNet,PhysioNet:S15,Second Rest,Rest,5.0,-1.0,0.6332006454467773,0.9354682
PhysioNet,PhysioNet:S15,Second Rest,Rest,5.0,-1.0,0.34732964634895325,0.96804124
PhysioNet,PhysioNet:S15,Second Rest,Rest,5.0,-1.0,0.2991776168346405,0.8165449
PhysioNet,PhysioNet:S15,Second Rest,Rest,5.0,-1.0,0.047644924372434616,0.73628056
PhysioNet,PhysioNet:S15,Second Rest,Rest,5.0,-1.0,0.06289010494947433,0.6456929
PhysioNet,PhysioNet:S15,Second Rest,Rest,5.0,-1.0,0.03441542759537697,0.36318186
PhysioNet,PhysioNet:S15,Second Rest,Rest,5.0,-1.0,0.03920072689652443,0.2155183
PhysioNet,PhysioNet:S15,Second Rest,Rest,5.0,-1.0,0.025615086778998375,0.20508587
PhysioNet,PhysioNet:S16,Baseline,Baseline,3.0,0.0,0.5719615817070007,0.30067474
PhysioNet,PhysioNet:S16,Baseline,Baseline,3.0,0.0,0.11181777715682983,0.65246034
PhysioNet,PhysioNet:S16,Baseline,Baseline,3.0,0.0,0.06488120555877686,0.4222995
PhysioNet,PhysioNet:S16,Baseline,Baseline,3.0,0.0,0.019997727125883102,0.6780605
PhysioNet,PhysioNet:S16,Baseline,Baseline,3.0,0.0,0.04893568158149719,0.59545153
PhysioNet,PhysioNet:S16,Stroop,Stress,4.0,1.0,0.7350207567214966,0.52870774
PhysioNet,PhysioNet:S16,Stroop,Stress,4.0,1.0,0.7468169331550598,0.68736327
PhysioNet,PhysioNet:S16,First Rest,Rest,2.0,-1.0,0.11923104524612427,0.7993855
PhysioNet,PhysioNet:S16,First Rest,Rest,2.0,-1.0,0.020208315923810005,0.24469264
PhysioNet,PhysioNet:S16,First Rest,Rest,2.0,-1.0,0.019300896674394608,0.091039635
PhysioNet,PhysioNet:S16,First Rest,Rest,2.0,-1.0,0.4429846405982971,0.5342016
PhysioNet,PhysioNet:S16,First Rest,Rest,2.0,-1.0,0.34215039014816284,0.39323756
PhysioNet,PhysioNet:S16,First Rest,Rest,2.0,-1.0,0.02669820934534073,0.12106515
PhysioNet,PhysioNet:S16,TMCT,Stress,5.0,2.0,0.974579930305481,0.5473242
PhysioNet,PhysioNet:S16,TMCT,Stress,5.0,2.0,0.9792071580886841,0.90004766
PhysioNet,PhysioNet:S16,TMCT,Stress,5.0,2.0,0.9742770195007324,0.791881
PhysioNet,PhysioNet:S16,TMCT,Stress,5.0,2.0,0.669007420539856,0.73456186
PhysioNet,PhysioNet:S16,Second Rest,Rest,3.0,0.0,0.17371566593647003,0.8549609
PhysioNet,PhysioNet:S16,Second Rest,Rest,3.0,0.0,0.21006406843662262,0.7160754
PhysioNet,PhysioNet:S16,Second Rest,Rest,3.0,0.0,0.06378823518753052,0.16524225
PhysioNet,PhysioNet:S16,Second Rest,Rest,3.0,0.0,0.03941475227475166,0.07408022
PhysioNet,PhysioNet:S16,Second Rest,Rest,3.0,0.0,0.05425894260406494,0.101693764
PhysioNet,PhysioNet:S16,Second Rest,Rest,3.0,0.0,0.04640570282936096,0.086476825
PhysioNet,PhysioNet:S16,Second Rest,Rest,3.0,0.0,0.059342242777347565,0.044796497
PhysioNet,PhysioNet:S16,Second Rest,Rest,3.0,0.0,0.026508839800953865,0.024645861
PhysioNet,PhysioNet:S16,Second Rest,Rest,3.0,0.0,0.03963277488946915,0.04545177
PhysioNet,PhysioNet:S16,Second Rest,Rest,3.0,0.0,0.0552317313849926,0.08068316
PhysioNet,PhysioNet:S17,Baseline,Baseline,1.0,0.0,0.06680285930633545,0.52111316
PhysioNet,PhysioNet:S17,Baseline,Baseline,1.0,0.0,0.0710333064198494,0.6406579
PhysioNet,PhysioNet:S17,Baseline,Baseline,1.0,0.0,0.16943876445293427,0.9294288
PhysioNet,PhysioNet:S17,Baseline,Baseline,1.0,0.0,0.028145043179392815,0.22248702
PhysioNet,PhysioNet:S17,Stroop,Stress,1.0,0.0,0.11340238153934479,0.30835167
PhysioNet,PhysioNet:S17,Stroop,Stress,1.0,0.0,0.021201761439442635,0.1456889
PhysioNet,PhysioNet:S17,First Rest,Rest,1.0,0.0,0.008497845381498337,0.0673628
PhysioNet,PhysioNet:S17,First Rest,Rest,1.0,0.0,0.1492040455341339,0.05864905
PhysioNet,PhysioNet:S17,First Rest,Rest,1.0,0.0,0.15758779644966125,0.030129801
PhysioNet,PhysioNet:S17,First Rest,Rest,1.0,0.0,0.11588303744792938,0.13263504
PhysioNet,PhysioNet:S17,First Rest,Rest,1.0,0.0,0.8900793194770813,0.11782608
PhysioNet,PhysioNet:S17,First Rest,Rest,1.0,0.0,0.8616587519645691,0.07515346
PhysioNet,PhysioNet:S17,First Rest,Rest,1.0,0.0,0.7759734392166138,0.19819541
PhysioNet,PhysioNet:S17,First Rest,Rest,1.0,0.0,0.7318607568740845,0.25458127
PhysioNet,PhysioNet:S17,TMCT,Stress,2.0,1.0,0.04542819410562515,0.25692123
PhysioNet,PhysioNet:S17,TMCT,Stress,2.0,1.0,0.12168088555335999,0.65074724
PhysioNet,PhysioNet:S17,TMCT,Stress,2.0,1.0,0.04358610883355141,0.5588316
PhysioNet,PhysioNet:S17,TMCT,Stress,2.0,1.0,0.12715484201908112,0.5609668
PhysioNet,PhysioNet:S17,Second Rest,Rest,1.0,0.0,0.1490226686000824,0.72992486
PhysioNet,PhysioNet:S17,Second Rest,Rest,1.0,0.0,0.02400168403983116,0.06432942
PhysioNet,PhysioNet:S17,Second Rest,Rest,1.0,0.0,0.09876630455255508,0.4825797
PhysioNet,PhysioNet:S17,Second Rest,Rest,1.0,0.0,0.7588601112365723,0.6240532
PhysioNet,PhysioNet:S17,Second Rest,Rest,1.0,0.0,0.7223709225654602,0.45053855
PhysioNet,PhysioNet:S17,Second Rest,Rest,1.0,0.0,0.05437130108475685,0.286196
PhysioNet,PhysioNet:S17,Second Rest,Rest,1.0,0.0,0.20192711055278778,0.8099922
PhysioNet,PhysioNet:S17,Second Rest,Rest,1.0,0.0,0.16149912774562836,0.85188127
PhysioNet,PhysioNet:S17,Second Rest,Rest,1.0,0.0,0.08628696203231812,0.7356601
PhysioNet,PhysioNet:S18,Baseline,Baseline,2.0,0.0,0.6457493901252747,0.8737135
PhysioNet,PhysioNet:S18,Baseline,Baseline,2.0,0.0,0.6625876426696777,0.871356
PhysioNet,PhysioNet:S18,Baseline,Baseline,2.0,0.0,0.16030177474021912,0.5643671
PhysioNet,PhysioNet:S18,Baseline,Baseline,2.0,0.0,0.47249114513397217,0.94122356
PhysioNet,PhysioNet:S18,Baseline,Baseline,2.0,0.0,0.5702638626098633,0.95049447
PhysioNet,PhysioNet:S18,Stroop,Stress,3.0,1.0,0.5746914744377136,0.59248906
PhysioNet,PhysioNet:S18,Stroop,Stress,3.0,1.0,0.8592272996902466,0.81443024
PhysioNet,PhysioNet:S18,First Rest,Rest,2.0,0.0,0.22029058635234833,0.4864189
PhysioNet,PhysioNet:S18,First Rest,Rest,2.0,0.0,0.03795605152845383,0.6508031
PhysioNet,PhysioNet:S18,First Rest,Rest,2.0,0.0,0.8964055776596069,0.7381188
PhysioNet,PhysioNet:S18,First Rest,Rest,2.0,0.0,0.7439161539077759,0.6857747
PhysioNet,PhysioNet:S18,First Rest,Rest,2.0,0.0,0.03485216200351715,0.3429759
PhysioNet,PhysioNet:S18,First Rest,Rest,2.0,0.0,0.07966252416372299,0.16856013
PhysioNet,PhysioNet:S18,First Rest,Rest,2.0,0.0,0.41175758838653564,0.30762306
PhysioNet,PhysioNet:S18,First Rest,Rest,2.0,0.0,0.02536093071103096,0.24909669
PhysioNet,PhysioNet:S18,First Rest,Rest,2.0,0.0,0.09437365084886551,0.5653554
PhysioNet,PhysioNet:S18,TMCT,Stress,3.0,1.0,0.21133388578891754,0.02207314
PhysioNet,PhysioNet:S18,TMCT,Stress,3.0,1.0,0.10606057941913605,0.05099635
PhysioNet,PhysioNet:S18,TMCT,Stress,3.0,1.0,0.14030587673187256,0.3780856
PhysioNet,PhysioNet:S18,TMCT,Stress,3.0,1.0,0.0710773691534996,0.46400824
PhysioNet,PhysioNet:S18,Second Rest,Rest,4.0,2.0,0.25489068031311035,0.29477444
PhysioNet,PhysioNet:S18,Second Rest,Rest,4.0,2.0,0.04599678888916969,0.25385875
PhysioNet,PhysioNet:S18,Second Rest,Rest,4.0,2.0,0.15915846824645996,0.25690323
PhysioNet,PhysioNet:S18,Second Rest,Rest,4.0,2.0,0.08330944180488586,0.4066025
PhysioNet,PhysioNet:S18,Second Rest,Rest,4.0,2.0,0.011930233798921108,0.112604156
PhysioNet,PhysioNet:S18,Second Rest,Rest,4.0,2.0,0.010221160016953945,0.03639422
PhysioNet,PhysioNet:S18,Second Rest,Rest,4.0,2.0,0.009784749709069729,0.033261903
PhysioNet,PhysioNet:S18,Second Rest,Rest,4.0,2.0,0.008261390961706638,0.01666747
PhysioNet,PhysioNet:S18,Second Rest,Rest,4.0,2.0,0.04163176193833351,0.025393086
PhysioNet,PhysioNet:f01,TMCT,Stress,5.0,3.0,0.09208729863166809,0.10021155
PhysioNet,PhysioNet:f01,TMCT,Stress,5.0,3.0,0.8041197657585144,0.16899474
PhysioNet,PhysioNet:f01,TMCT,Stress,5.0,3.0,0.85634446144104,0.26075876
PhysioNet,PhysioNet:f01,TMCT,Stress,5.0,3.0,0.9477843642234802,0.6289173
PhysioNet,PhysioNet:f01,TMCT,Stress,5.0,3.0,0.9460172057151794,0.81372553
PhysioNet,PhysioNet:f01,TMCT,Stress,5.0,3.0,0.9382950067520142,0.93547416
PhysioNet,PhysioNet:f01,TMCT,Stress,5.0,3.0,0.847335696220398,0.9533158
PhysioNet,PhysioNet:f01,TMCT,Stress,5.0,3.0,0.12460479140281677,0.94372314
PhysioNet,PhysioNet:f01,TMCT,Stress,5.0,3.0,0.13557270169258118,0.83982223
PhysioNet,PhysioNet:f01,TMCT,Stress,5.0,3.0,0.07907840609550476,0.6414154
PhysioNet,PhysioNet:f01,TMCT,Stress,5.0,3.0,0.46195340156555176,0.9602866
PhysioNet,PhysioNet:f01,TMCT,Stress,5.0,3.0,0.8389312028884888,0.95183676
PhysioNet,PhysioNet:f01,TMCT,Stress,5.0,3.0,0.7456451654434204,0.904347
PhysioNet,PhysioNet:f01,TMCT,Stress,5.0,3.0,0.14487938582897186,0.8546321
PhysioNet,PhysioNet:f01,First Rest,Rest,2.0,0.0,0.03416035324335098,0.6623014
PhysioNet,PhysioNet:f01,First Rest,Rest,2.0,0.0,0.06520560383796692,0.5634039
PhysioNet,PhysioNet:f01,First Rest,Rest,2.0,0.0,0.05345051363110542,0.6220863
PhysioNet,PhysioNet:f01,First Rest,Rest,2.0,0.0,0.007722639944404364,0.06891405
PhysioNet,PhysioNet:f01,First Rest,Rest,2.0,0.0,0.00746356463059783,0.059613775
PhysioNet,PhysioNet:f01,First Rest,Rest,2.0,0.0,0.012160996906459332,0.075446494
PhysioNet,PhysioNet:f01,First Rest,Rest,2.0,0.0,0.007180807646363974,0.050070886
PhysioNet,PhysioNet:f01,First Rest,Rest,2.0,0.0,0.0228023212403059,0.08457899
PhysioNet,PhysioNet:f01,First Rest,Rest,2.0,0.0,0.06351294368505478,0.1396752
PhysioNet,PhysioNet:f01,First Rest,Rest,2.0,0.0,0.025892026722431183,0.33671004
PhysioNet,PhysioNet:f01,First Rest,Rest,2.0,0.0,0.13296838104724884,0.48420513
PhysioNet,PhysioNet:f01,First Rest,Rest,2.0,0.0,0.039828214794397354,0.16461389
PhysioNet,PhysioNet:f01,First Rest,Rest,2.0,0.0,0.060883793979883194,0.20111816
PhysioNet,PhysioNet:f01,First Rest,Rest,2.0,0.0,0.028499823063611984,0.35226998
PhysioNet,PhysioNet:f01,First Rest,Rest,2.0,0.0,0.017495928332209587,0.26871184
PhysioNet,PhysioNet:f01,First Rest,Rest,2.0,0.0,0.050659388303756714,0.10290175
PhysioNet,PhysioNet:f01,First Rest,Rest,2.0,0.0,0.09648790955543518,0.32476777
PhysioNet,PhysioNet:f01,First Rest,Rest,2.0,0.0,0.03893675282597542,0.50749743
PhysioNet,PhysioNet:f01,First Rest,Rest,2.0,0.0,0.05357440933585167,0.52492285
PhysioNet,PhysioNet:f01,First Rest,Rest,2.0,0.0,0.02140864171087742,0.53046983
PhysioNet,PhysioNet:f01,First Rest,Rest,2.0,0.0,0.02602623775601387,0.32077974
PhysioNet,PhysioNet:f01,First Rest,Rest,2.0,0.0,0.03525370731949806,0.36151424
PhysioNet,PhysioNet:f01,First Rest,Rest,2.0,0.0,0.01323598064482212,0.16885003
PhysioNet,PhysioNet:f01,First Rest,Rest,2.0,0.0,0.4345013499259949,0.1273873
PhysioNet,PhysioNet:f01,First Rest,Rest,2.0,0.0,0.714776873588562,0.47006178
PhysioNet,PhysioNet:f01,First Rest,Rest,2.0,0.0,0.4212934374809265,0.38150135
PhysioNet,PhysioNet:f01,First Rest,Rest,2.0,0.0,0.5038051605224609,0.49195015
PhysioNet,PhysioNet:f01,Second Rest,Rest,2.0,0.0,0.11607455462217331,0.31792927
PhysioNet,PhysioNet:f01,Second Rest,Rest,2.0,0.0,0.2706015408039093,0.2408156
PhysioNet,PhysioNet:f01,Second Rest,Rest,2.0,0.0,0.06371598690748215,0.23866275
PhysioNet,PhysioNet:f01,Second Rest,Rest,2.0,0.0,0.13937260210514069,0.26517776
PhysioNet,PhysioNet:f01,Second Rest,Rest,2.0,0.0,0.06706787645816803,0.6080157
PhysioNet,PhysioNet:f01,Second Rest,Rest,2.0,0.0,0.033212970942258835,0.13516237
PhysioNet,PhysioNet:f01,Second Rest,Rest,2.0,0.0,0.06792456656694412,0.07471148
PhysioNet,PhysioNet:f01,Second Rest,Rest,2.0,0.0,0.10306422412395477,0.088518605
PhysioNet,PhysioNet:f01,Second Rest,Rest,2.0,0.0,0.007528220769017935,0.05055661
PhysioNet,PhysioNet:f01,Second Rest,Rest,2.0,0.0,0.003251041751354933,0.05265047
PhysioNet,PhysioNet:f01,Second Rest,Rest,2.0,0.0,0.05503305792808533,0.3124049
PhysioNet,PhysioNet:f01,Second Rest,Rest,2.0,0.0,0.15965211391448975,0.6046486
PhysioNet,PhysioNet:f01,Second Rest,Rest,2.0,0.0,0.5441125631332397,0.8276192
PhysioNet,PhysioNet:f01,Second Rest,Rest,2.0,0.0,0.4432705044746399,0.7894852
PhysioNet,PhysioNet:f01,Second Rest,Rest,2.0,0.0,0.10561059415340424,0.17511658
PhysioNet,PhysioNet:f01,Second Rest,Rest,2.0,0.0,0.05215362831950188,0.35091564
PhysioNet,PhysioNet:f01,Second Rest,Rest,2.0,0.0,0.06743335723876953,0.27886376
PhysioNet,PhysioNet:f01,Second Rest,Rest,2.0,0.0,0.7005859017372131,0.58032835
PhysioNet,PhysioNet:f01,Second Rest,Rest,2.0,0.0,0.7507407069206238,0.91150707
PhysioNet,PhysioNet:f01,Second Rest,Rest,2.0,0.0,0.6848003268241882,0.5591439
PhysioNet,PhysioNet:f01,Second Rest,Rest,2.0,0.0,0.05740126967430115,0.14443934
PhysioNet,PhysioNet:f01,Second Rest,Rest,2.0,0.0,0.028334343805909157,0.24677062
PhysioNet,PhysioNet:f01,Second Rest,Rest,2.0,0.0,0.11411616206169128,0.39081216
PhysioNet,PhysioNet:f01,Second Rest,Rest,2.0,0.0,0.07873319089412689,0.10624581
PhysioNet,PhysioNet:f01,Second Rest,Rest,2.0,0.0,0.06763430684804916,0.27655977
PhysioNet,PhysioNet:f01,Second Rest,Rest,2.0,0.0,0.10792072117328644,0.3106543
PhysioNet,PhysioNet:f01,Second Rest,Rest,2.0,0.0,0.033572930842638016,0.18408579
PhysioNet,PhysioNet:f01,Second Rest,Rest,2.0,0.0,0.08073562383651733,0.2322911
PhysioNet,PhysioNet:f01,Second Rest,Rest,2.0,0.0,0.1246689110994339,0.25184774
PhysioNet,PhysioNet:f01,Second Rest,Rest,2.0,0.0,0.22262310981750488,0.14177068
PhysioNet,PhysioNet:f01,Second Rest,Rest,2.0,0.0,0.26457202434539795,0.32427827
PhysioNet,PhysioNet:f01,Second Rest,Rest,2.0,0.0,0.11866793781518936,0.2460194
PhysioNet,PhysioNet:f01,Second Rest,Rest,2.0,0.0,0.07133092731237411,0.32564804
PhysioNet,PhysioNet:f01,Second Rest,Rest,2.0,0.0,0.3842703104019165,0.43370095
PhysioNet,PhysioNet:f01,Second Rest,Rest,2.0,0.0,0.29872989654541016,0.41991755
PhysioNet,PhysioNet:f01,Second Rest,Rest,2.0,0.0,0.8832926154136658,0.6783417
PhysioNet,PhysioNet:f01,Second Rest,Rest,2.0,0.0,0.8038218021392822,0.69694984
PhysioNet,PhysioNet:f01,Baseline,Baseline,2.0,0.0,0.18544644117355347,0.11832452
PhysioNet,PhysioNet:f01,Baseline,Baseline,2.0,0.0,0.48399102687835693,0.048704766
PhysioNet,PhysioNet:f01,Baseline,Baseline,2.0,0.0,0.26689863204956055,0.07023429
PhysioNet,PhysioNet:f01,Baseline,Baseline,2.0,0.0,0.2383238822221756,0.1141892
PhysioNet,PhysioNet:f01,Baseline,Baseline,2.0,0.0,0.5794371366500854,0.114018396
PhysioNet,PhysioNet:f02,TMCT,Stress,5.0,2.0,0.15672649443149567,0.8566695
PhysioNet,PhysioNet:f02,TMCT,Stress,5.0,2.0,0.07703349739313126,0.66887367
PhysioNet,PhysioNet:f02,TMCT,Stress,5.0,2.0,0.8585911393165588,0.82234764
PhysioNet,PhysioNet:f02,TMCT,Stress,5.0,2.0,0.982815682888031,0.9656257
PhysioNet,PhysioNet:f02,TMCT,Stress,5.0,2.0,0.9869656562805176,0.9655707
PhysioNet,PhysioNet:f02,TMCT,Stress,5.0,2.0,0.9875550866127014,0.98728454
PhysioNet,PhysioNet:f02,TMCT,Stress,5.0,2.0,0.908738911151886,0.99187016
PhysioNet,PhysioNet:f02,TMCT,Stress,5.0,2.0,0.7872419953346252,0.98578566
PhysioNet,PhysioNet:f02,TMCT,Stress,5.0,2.0,0.4759961664676666,0.9538043
PhysioNet,PhysioNet:f02,TMCT,Stress,5.0,2.0,0.209989532828331,0.86272216
PhysioNet,PhysioNet:f02,TMCT,Stress,5.0,2.0,0.09180569648742676,0.9104589
PhysioNet,PhysioNet:f02,First Rest,Rest,1.0,-2.0,0.03595385700464249,0.7966699
PhysioNet,PhysioNet:f02,First Rest,Rest,1.0,-2.0,0.04675835743546486,0.33892566
PhysioNet,PhysioNet:f02,First Rest,Rest,1.0,-2.0,0.00935529824346304,0.0756146
PhysioNet,PhysioNet:f02,First Rest,Rest,1.0,-2.0,0.041219312697649,0.12263509
PhysioNet,PhysioNet:f02,First Rest,Rest,1.0,-2.0,0.027710286900401115,0.10623872
PhysioNet,PhysioNet:f02,First Rest,Rest,1.0,-2.0,0.042022883892059326,0.05397861
PhysioNet,PhysioNet:f02,First Rest,Rest,1.0,-2.0,0.011690850369632244,0.089750364
PhysioNet,PhysioNet:f02,First Rest,Rest,1.0,-2.0,0.041365496814250946,0.061279245
PhysioNet,PhysioNet:f02,First Rest,Rest,1.0,-2.0,0.017435450106859207,0.06234255
PhysioNet,PhysioNet:f02,First Rest,Rest,1.0,-2.0,0.009793411009013653,0.1976767
PhysioNet,PhysioNet:f02,First Rest,Rest,1.0,-2.0,0.01973371021449566,0.103030175
PhysioNet,PhysioNet:f02,First Rest,Rest,1.0,-2.0,0.09406977146863937,0.14759678
PhysioNet,PhysioNet:f02,First Rest,Rest,1.0,-2.0,0.02380814403295517,0.11151937
PhysioNet,PhysioNet:f02,First Rest,Rest,1.0,-2.0,0.015914522111415863,0.060642343
PhysioNet,PhysioNet:f02,First Rest,Rest,1.0,-2.0,0.013530271127820015,0.07887207
PhysioNet,PhysioNet:f02,First Rest,Rest,1.0,-2.0,0.05343543365597725,0.08188038
PhysioNet,PhysioNet:f02,First Rest,Rest,1.0,-2.0,0.04236677661538124,0.053636167
PhysioNet,PhysioNet:f02,First Rest,Rest,1.0,-2.0,0.012801090255379677,0.047653228
PhysioNet,PhysioNet:f02,First Rest,Rest,1.0,-2.0,0.010373980738222599,0.039758865
PhysioNet,PhysioNet:f02,First Rest,Rest,1.0,-2.0,0.014271063730120659,0.02766165
PhysioNet,PhysioNet:f02,First Rest,Rest,1.0,-2.0,0.01523634698241949,0.026657864
PhysioNet,PhysioNet:f02,First Rest,Rest,1.0,-2.0,0.01272342074662447,0.027602697
PhysioNet,PhysioNet:f02,First Rest,Rest,1.0,-2.0,0.04997508227825165,0.033617232
PhysioNet,PhysioNet:f02,First Rest,Rest,1.0,-2.0,0.10629137605428696,0.08433102
PhysioNet,PhysioNet:f02,First Rest,Rest,1.0,-2.0,0.2696090042591095,0.13766891
PhysioNet,PhysioNet:f02,Second Rest,Rest,2.0,-1.0,0.7479901909828186,0.9429603
PhysioNet,PhysioNet:f02,Second Rest,Rest,2.0,-1.0,0.046409279108047485,0.16224696
PhysioNet,PhysioNet:f02,Second Rest,Rest,2.0,-1.0,0.01025481428951025,0.052308902
PhysioNet,PhysioNet:f02,Second Rest,Rest,2.0,-1.0,0.013556862249970436,0.10074556
PhysioNet,PhysioNet:f02,Second Rest,Rest,2.0,-1.0,0.01927255280315876,0.08490624
PhysioNet,PhysioNet:f02,Second Rest,Rest,2.0,-1.0,0.02062513493001461,0.051639196
PhysioNet,PhysioNet:f02,Second Rest,Rest,2.0,-1.0,0.026717359200119972,0.09018096
PhysioNet,PhysioNet:f02,Second Rest,Rest,2.0,-1.0,0.038270190358161926,0.11296615
PhysioNet,PhysioNet:f02,Second Rest,Rest,2.0,-1.0,0.02827988564968109,0.107850604
PhysioNet,PhysioNet:f02,Second Rest,Rest,2.0,-1.0,0.015413772314786911,0.044887364
PhysioNet,PhysioNet:f02,Second Rest,Rest,2.0,-1.0,0.014297139830887318,0.056298435
PhysioNet,PhysioNet:f02,Second Rest,Rest,2.0,-1.0,0.20564253628253937,0.31668678
PhysioNet,PhysioNet:f02,Second Rest,Rest,2.0,-1.0,0.14651910960674286,0.44480887
PhysioNet,PhysioNet:f02,Baseline,Baseline,3.0,0.0,0.03913691267371178,0.48546427
PhysioNet,PhysioNet:f02,Baseline,Baseline,3.0,0.0,0.015927186235785484,0.23842424
PhysioNet,PhysioNet:f02,Baseline,Baseline,3.0,0.0,0.009616728872060776,0.2142803
PhysioNet,PhysioNet:f02,Baseline,Baseline,3.0,0.0,0.012440112419426441,0.09755857
PhysioNet,PhysioNet:f02,Baseline,Baseline,3.0,0.0,0.021379489451646805,0.0981863
PhysioNet,PhysioNet:f03,TMCT,Stress,8.0,3.0,0.02442544884979725,0.027988179
PhysioNet,PhysioNet:f03,TMCT,Stress,8.0,3.0,0.06316538155078888,0.016128233
PhysioNet,PhysioNet:f03,TMCT,Stress,8.0,3.0,0.03706188499927521,0.04518678
PhysioNet,PhysioNet:f03,TMCT,Stress,8.0,3.0,0.10834619402885437,0.035623796
PhysioNet,PhysioNet:f03,TMCT,Stress,8.0,3.0,0.03548288717865944,0.027617987
PhysioNet,PhysioNet:f03,TMCT,Stress,8.0,3.0,0.28245362639427185,0.027639773
PhysioNet,PhysioNet:f03,TMCT,Stress,8.0,3.0,0.25964871048927307,0.0059695146
PhysioNet,PhysioNet:f03,First Rest,Rest,1.0,-4.0,0.9222140312194824,0.8672999
PhysioNet,PhysioNet:f03,First Rest,Rest,1.0,-4.0,0.9118582606315613,0.94431615
PhysioNet,PhysioNet:f03,First Rest,Rest,1.0,-4.0,0.6123972535133362,0.92759603
PhysioNet,PhysioNet:f03,First Rest,Rest,1.0,-4.0,0.34354454278945923,0.7839596
PhysioNet,PhysioNet:f03,First Rest,Rest,1.0,-4.0,0.4421110451221466,0.88757867
PhysioNet,PhysioNet:f03,First Rest,Rest,1.0,-4.0,0.8840304017066956,0.9223807
PhysioNet,PhysioNet:f03,First Rest,Rest,1.0,-4.0,0.6438750624656677,0.9369005
PhysioNet,PhysioNet:f03,First Rest,Rest,1.0,-4.0,0.43690603971481323,0.8971253
PhysioNet,PhysioNet:f03,First Rest,Rest,1.0,-4.0,0.27969110012054443,0.8933198
PhysioNet,PhysioNet:f03,First Rest,Rest,1.0,-4.0,0.42908963561058044,0.940454
PhysioNet,PhysioNet:f03,First Rest,Rest,1.0,-4.0,0.17468029260635376,0.8903951
PhysioNet,PhysioNet:f03,First Rest,Rest,1.0,-4.0,0.06579532474279404,0.39400843
PhysioNet,PhysioNet:f03,First Rest,Rest,1.0,-4.0,0.0680997371673584,0.5652699
PhysioNet,PhysioNet:f03,First Rest,Rest,1.0,-4.0,0.5122004747390747,0.8956567
PhysioNet,PhysioNet:f03,First Rest,Rest,1.0,-4.0,0.4245389997959137,0.86685544
PhysioNet,PhysioNet:f03,First Rest,Rest,1.0,-4.0,0.16763713955879211,0.5026306
PhysioNet,PhysioNet:f03,First Rest,Rest,1.0,-4.0,0.12372089177370071,0.5970358
PhysioNet,PhysioNet:f03,First Rest,Rest,1.0,-4.0,0.4765523374080658,0.7663339
PhysioNet,PhysioNet:f03,First Rest,Rest,1.0,-4.0,0.6115706562995911,0.90617925
PhysioNet,PhysioNet:f03,First Rest,Rest,1.0,-4.0,0.6005625128746033,0.87487787
PhysioNet,PhysioNet:f03,First Rest,Rest,1.0,-4.0,0.05570818483829498,0.4297763
PhysioNet,PhysioNet:f03,First Rest,Rest,1.0,-4.0,0.024334514513611794,0.1408029
PhysioNet,PhysioNet:f03,First Rest,Rest,1.0,-4.0,0.07432018965482712,0.37526336
PhysioNet,PhysioNet:f03,First Rest,Rest,1.0,-4.0,0.3073882758617401,0.57079583
PhysioNet,PhysioNet:f03,First Rest,Rest,1.0,-4.0,0.042602211236953735,0.083071716
PhysioNet,PhysioNet:f03,First Rest,Rest,1.0,-4.0,0.10031059384346008,0.069200106
PhysioNet,PhysioNet:f03,First Rest,Rest,1.0,-4.0,0.4039195775985718,0.6363326
PhysioNet,PhysioNet:f03,First Rest,Rest,1.0,-4.0,0.25092050433158875,0.502948
PhysioNet,PhysioNet:f03,First Rest,Rest,1.0,-4.0,0.030270904302597046,0.06488182
PhysioNet,PhysioNet:f03,First Rest,Rest,1.0,-4.0,0.013158086687326431,0.08898838
PhysioNet,PhysioNet:f03,First Rest,Rest,1.0,-4.0,0.017096707597374916,0.06644269
PhysioNet,PhysioNet:f03,First Rest,Rest,1.0,-4.0,0.07141606509685516,0.15344487
PhysioNet,PhysioNet:f03,First Rest,Rest,1.0,-4.0,0.5030252933502197,0.6012116
PhysioNet,PhysioNet:f03,First Rest,Rest,1.0,-4.0,0.35954999923706055,0.86548996
PhysioNet,PhysioNet:f03,First Rest,Rest,1.0,-4.0,0.31124526262283325,0.4265489
PhysioNet,PhysioNet:f03,Second Rest,Rest,1.0,-4.0,0.44688472151756287,0.78900427
PhysioNet,PhysioNet:f03,Second Rest,Rest,1.0,-4.0,0.1704767793416977,0.6837658
PhysioNet,PhysioNet:f03,Second Rest,Rest,1.0,-4.0,0.05811287835240364,0.1750724
PhysioNet,PhysioNet:f03,Second Rest,Rest,1.0,-4.0,0.03845883160829544,0.09441596
PhysioNet,PhysioNet:f03,Second Rest,Rest,1.0,-4.0,0.010282675735652447,0.07974551
PhysioNet,PhysioNet:f03,Second Rest,Rest,1.0,-4.0,0.011364848352968693,0.25595555
PhysioNet,PhysioNet:f03,Second Rest,Rest,1.0,-4.0,0.02030724473297596,0.16796333
PhysioNet,PhysioNet:f03,Second Rest,Rest,1.0,-4.0,0.011379488743841648,0.34488955
PhysioNet,PhysioNet:f03,Second Rest,Rest,1.0,-4.0,0.23289288580417633,0.18759091
PhysioNet,PhysioNet:f03,Second Rest,Rest,1.0,-4.0,0.9076690077781677,0.7998749
PhysioNet,PhysioNet:f03,Second Rest,Rest,1.0,-4.0,0.5384994149208069,0.8980604
PhysioNet,PhysioNet:f03,Second Rest,Rest,1.0,-4.0,0.009681557305157185,0.04226216
PhysioNet,PhysioNet:f03,Second Rest,Rest,1.0,-4.0,0.045348234474658966,0.044692535
PhysioNet,PhysioNet:f03,Second Rest,Rest,1.0,-4.0,0.04174763336777687,0.071478896
PhysioNet,PhysioNet:f03,Second Rest,Rest,1.0,-4.0,0.006056804675608873,0.07200654
PhysioNet,PhysioNet:f03,Second Rest,Rest,1.0,-4.0,0.015459081158041954,0.05383944
PhysioNet,PhysioNet:f03,Second Rest,Rest,1.0,-4.0,0.017579015344381332,0.030012716
PhysioNet,PhysioNet:f03,Second Rest,Rest,1.0,-4.0,0.021929295733571053,0.08341151
PhysioNet,PhysioNet:f03,Second Rest,Rest,1.0,-4.0,0.1981818825006485,0.0954801
PhysioNet,PhysioNet:f03,Second Rest,Rest,1.0,-4.0,0.11356954276561737,0.13604018
PhysioNet,PhysioNet:f03,Second Rest,Rest,1.0,-4.0,0.014243279583752155,0.07249599
PhysioNet,PhysioNet:f03,Second Rest,Rest,1.0,-4.0,0.006594889797270298,0.019760469
PhysioNet,PhysioNet:f03,Second Rest,Rest,1.0,-4.0,0.031480249017477036,0.03845706
PhysioNet,PhysioNet:f03,Second Rest,Rest,1.0,-4.0,0.020052608102560043,0.03311909
PhysioNet,PhysioNet:f03,Second Rest,Rest,1.0,-4.0,0.016095442697405815,0.026123293
PhysioNet,PhysioNet:f03,Second Rest,Rest,1.0,-4.0,0.016111981123685837,0.02786507
PhysioNet,PhysioNet:f03,Second Rest,Rest,1.0,-4.0,0.021338922902941704,0.028223315
PhysioNet,PhysioNet:f03,Second Rest,Rest,1.0,-4.0,0.04866909608244896,0.033726614
PhysioNet,PhysioNet:f03,Second Rest,Rest,1.0,-4.0,0.03665626421570778,0.019314904
PhysioNet,PhysioNet:f03,Baseline,Baseline,5.0,0.0,0.023846447467803955,0.19232544
PhysioNet,PhysioNet:f03,Baseline,Baseline,5.0,0.0,0.2499416619539261,0.50020677
PhysioNet,PhysioNet:f03,Baseline,Baseline,5.0,0.0,0.2119726836681366,0.29751393
PhysioNet,PhysioNet:f03,Baseline,Baseline,5.0,0.0,0.5833697319030762,0.45059326
PhysioNet,PhysioNet:f03,Baseline,Baseline,5.0,0.0,0.8326727747917175,0.70410025
PhysioNet,PhysioNet:f04,TMCT,Stress,4.0,2.0,0.31928399205207825,0.06914257
PhysioNet,PhysioNet:f04,TMCT,Stress,4.0,2.0,0.7799610495567322,0.12287679
PhysioNet,PhysioNet:f04,TMCT,Stress,4.0,2.0,0.8945062160491943,0.15921715
PhysioNet,PhysioNet:f04,TMCT,Stress,4.0,2.0,0.8481369614601135,0.1755619
PhysioNet,PhysioNet:f04,TMCT,Stress,4.0,2.0,0.8655834197998047,0.18636839
PhysioNet,PhysioNet:f04,TMCT,Stress,4.0,2.0,0.8981902003288269,0.29814652
PhysioNet,PhysioNet:f04,TMCT,Stress,4.0,2.0,0.8981902003288269,0.24290524
PhysioNet,PhysioNet:f04,First Rest,Rest,3.0,1.0,0.34179478883743286,0.155275
PhysioNet,PhysioNet:f04,First Rest,Rest,3.0,1.0,0.12746769189834595,0.16961569
PhysioNet,PhysioNet:f04,First Rest,Rest,3.0,1.0,0.02209821343421936,0.08580097
PhysioNet,PhysioNet:f04,First Rest,Rest,3.0,1.0,0.025127917528152466,0.10794184
PhysioNet,PhysioNet:f04,First Rest,Rest,3.0,1.0,0.00956929661333561,0.046382632
PhysioNet,PhysioNet:f04,First Rest,Rest,3.0,1.0,0.08206300437450409,0.23534569
PhysioNet,PhysioNet:f04,First Rest,Rest,3.0,1.0,0.11085554957389832,0.20363115
PhysioNet,PhysioNet:f04,First Rest,Rest,3.0,1.0,0.27698102593421936,0.50912917
PhysioNet,PhysioNet:f04,First Rest,Rest,3.0,1.0,0.25706619024276733,0.4542885
PhysioNet,PhysioNet:f04,First Rest,Rest,3.0,1.0,0.025113359093666077,0.19649865
PhysioNet,PhysioNet:f04,First Rest,Rest,3.0,1.0,0.17110201716423035,0.5126216
PhysioNet,PhysioNet:f04,First Rest,Rest,3.0,1.0,0.18346408009529114,0.59245634
PhysioNet,PhysioNet:f04,First Rest,Rest,3.0,1.0,0.06990353018045425,0.4011969
PhysioNet,PhysioNet:f04,First Rest,Rest,3.0,1.0,0.035657983273267746,0.19553572
PhysioNet,PhysioNet:f04,First Rest,Rest,3.0,1.0,0.10975433140993118,0.17983335
PhysioNet,PhysioNet:f04,First Rest,Rest,3.0,1.0,0.12523970007896423,0.46551993
PhysioNet,PhysioNet:f04,First Rest,Rest,3.0,1.0,0.04976256564259529,0.3163202
PhysioNet,PhysioNet:f04,First Rest,Rest,3.0,1.0,0.19223040342330933,0.35371128
PhysioNet,PhysioNet:f04,First Rest,Rest,3.0,1.0,0.23604848980903625,0.37436983
PhysioNet,PhysioNet:f04,First Rest,Rest,3.0,1.0,0.19309867918491364,0.33533648
PhysioNet,PhysioNet:f04,First Rest,Rest,3.0,1.0,0.03764251247048378,0.3512514
PhysioNet,PhysioNet:f04,First Rest,Rest,3.0,1.0,0.16671819984912872,0.21945177
PhysioNet,PhysioNet:f04,First Rest,Rest,3.0,1.0,0.15470154583454132,0.34232876
PhysioNet,PhysioNet:f04,First Rest,Rest,3.0,1.0,0.12012434750795364,0.28116554
PhysioNet,PhysioNet:f04,First Rest,Rest,3.0,1.0,0.13679787516593933,0.32387626
PhysioNet,PhysioNet:f04,First Rest,Rest,3.0,1.0,0.12145872414112091,0.3881817
PhysioNet,PhysioNet:f04,First Rest,Rest,3.0,1.0,0.5100818872451782,0.6940883
PhysioNet,PhysioNet:f04,Second Rest,Rest,1.0,-1.0,0.14674846827983856,0.8398167
PhysioNet,PhysioNet:f04,Second Rest,Rest,1.0,-1.0,0.1381949633359909,0.73184186
PhysioNet,PhysioNet:f04,Second Rest,Rest,1.0,-1.0,0.08902571350336075,0.34183836
PhysioNet,PhysioNet:f04,Second Rest,Rest,1.0,-1.0,0.06037406995892525,0.32446006
PhysioNet,PhysioNet:f04,Second Rest,Rest,1.0,-1.0,0.009241225197911263,0.33886224
PhysioNet,PhysioNet:f04,Second Rest,Rest,1.0,-1.0,0.03536089137196541,0.2001171
PhysioNet,PhysioNet:f04,Second Rest,Rest,1.0,-1.0,0.02853207476437092,0.22565773
PhysioNet,PhysioNet:f04,Second Rest,Rest,1.0,-1.0,0.020867081359028816,0.2882823
PhysioNet,PhysioNet:f04,Second Rest,Rest,1.0,-1.0,0.009625243954360485,0.14448218
PhysioNet,PhysioNet:f04,Second Rest,Rest,1.0,-1.0,0.007940446957945824,0.23781164
PhysioNet,PhysioNet:f04,Second Rest,Rest,1.0,-1.0,0.015558789484202862,0.356842
PhysioNet,PhysioNet:f04,Second Rest,Rest,1.0,-1.0,0.01677912473678589,0.23164117
PhysioNet,PhysioNet:f04,Second Rest,Rest,1.0,-1.0,0.04515306279063225,0.2092933
PhysioNet,PhysioNet:f04,Second Rest,Rest,1.0,-1.0,0.03436576947569847,0.18734013
PhysioNet,PhysioNet:f04,Second Rest,Rest,1.0,-1.0,0.032626114785671234,0.29888114
PhysioNet,PhysioNet:f04,Second Rest,Rest,1.0,-1.0,0.23473943769931793,0.34370333
PhysioNet,PhysioNet:f04,Second Rest,Rest,1.0,-1.0,0.24090848863124847,0.3268726
PhysioNet,PhysioNet:f04,Second Rest,Rest,1.0,-1.0,0.07610305398702621,0.188868
PhysioNet,PhysioNet:f04,Second Rest,Rest,1.0,-1.0,0.04984031245112419,0.3254894
PhysioNet,PhysioNet:f04,Second Rest,Rest,1.0,-1.0,0.1300378292798996,0.337642
PhysioNet,PhysioNet:f04,Second Rest,Rest,1.0,-1.0,0.01902027800679207,0.12581326
PhysioNet,PhysioNet:f04,Second Rest,Rest,1.0,-1.0,0.01670667715370655,0.11038715
PhysioNet,PhysioNet:f04,Second Rest,Rest,1.0,-1.0,0.03712228685617447,0.14252062
PhysioNet,PhysioNet:f04,Second Rest,Rest,1.0,-1.0,0.05830749496817589,0.12165224
PhysioNet,PhysioNet:f04,Second Rest,Rest,1.0,-1.0,0.1003355160355568,0.4295751
PhysioNet,PhysioNet:f04,Second Rest,Rest,1.0,-1.0,0.0684795081615448,0.5145031
PhysioNet,PhysioNet:f04,Baseline,Baseline,2.0,0.0,0.061298053711652756,0.06717233
PhysioNet,PhysioNet:f04,Baseline,Baseline,2.0,0.0,0.04509967193007469,0.051851854
PhysioNet,PhysioNet:f04,Baseline,Baseline,2.0,0.0,0.019223107025027275,0.04992677
PhysioNet,PhysioNet:f04,Baseline,Baseline,2.0,0.0,0.031471703201532364,0.043170657
PhysioNet,PhysioNet:f04,Baseline,Baseline,2.0,0.0,0.18672150373458862,0.19577986
PhysioNet,PhysioNet:f05,TMCT,Stress,4.0,1.0,0.04126853495836258,0.56748
PhysioNet,PhysioNet:f05,TMCT,Stress,4.0,1.0,0.6447203159332275,0.73025453
PhysioNet,PhysioNet:f05,TMCT,Stress,4.0,1.0,0.8148947358131409,0.92797804
PhysioNet,PhysioNet:f05,TMCT,Stress,4.0,1.0,0.8142155408859253,0.9015268
PhysioNet,PhysioNet:f05,TMCT,Stress,4.0,1.0,0.7755612134933472,0.93610203
PhysioNet,PhysioNet:f05,TMCT,Stress,4.0,1.0,0.8647096753120422,0.9557052
PhysioNet,PhysioNet:f05,TMCT,Stress,4.0,1.0,0.9767767786979675,0.98572993
PhysioNet,PhysioNet:f05,First Rest,Rest,3.0,0.0,0.5078616738319397,0.6735585
PhysioNet,PhysioNet:f05,First Rest,Rest,3.0,0.0,0.5131824016571045,0.52778023
PhysioNet,PhysioNet:f05,First Rest,Rest,3.0,0.0,0.11382122337818146,0.2774791
PhysioNet,PhysioNet:f05,First Rest,Rest,3.0,0.0,0.10650385916233063,0.25747013
PhysioNet,PhysioNet:f05,First Rest,Rest,3.0,0.0,0.09602732956409454,0.27278188
PhysioNet,PhysioNet:f05,First Rest,Rest,3.0,0.0,0.03984115272760391,0.356619
PhysioNet,PhysioNet:f05,First Rest,Rest,3.0,0.0,0.07731091976165771,0.5983949
PhysioNet,PhysioNet:f05,First Rest,Rest,3.0,0.0,0.1397644728422165,0.26398015
PhysioNet,PhysioNet:f05,First Rest,Rest,3.0,0.0,0.06995539367198944,0.47474128
PhysioNet,PhysioNet:f05,First Rest,Rest,3.0,0.0,0.02905604988336563,0.5373626
PhysioNet,PhysioNet:f05,First Rest,Rest,3.0,0.0,0.02124135009944439,0.2934091
PhysioNet,PhysioNet:f05,First Rest,Rest,3.0,0.0,0.06546111404895782,0.20163244
PhysioNet,PhysioNet:f05,First Rest,Rest,3.0,0.0,0.050110604614019394,0.30409604
PhysioNet,PhysioNet:f05,First Rest,Rest,3.0,0.0,0.057260993868112564,0.38660032
PhysioNet,PhysioNet:f05,First Rest,Rest,3.0,0.0,0.007404040545225143,0.11470939
PhysioNet,PhysioNet:f05,First Rest,Rest,3.0,0.0,0.00656460365280509,0.06055773
PhysioNet,PhysioNet:f05,First Rest,Rest,3.0,0.0,0.008691016584634781,0.062349446
PhysioNet,PhysioNet:f05,First Rest,Rest,3.0,0.0,0.011141492053866386,0.033091623
PhysioNet,PhysioNet:f05,First Rest,Rest,3.0,0.0,0.01835935190320015,0.11480664
PhysioNet,PhysioNet:f05,First Rest,Rest,3.0,0.0,0.014208567328751087,0.060850773
PhysioNet,PhysioNet:f05,First Rest,Rest,3.0,0.0,0.009473982267081738,0.040657256
PhysioNet,PhysioNet:f05,First Rest,Rest,3.0,0.0,0.0231797993183136,0.043615744
PhysioNet,PhysioNet:f05,First Rest,Rest,3.0,0.0,0.011062526144087315,0.049985904
PhysioNet,PhysioNet:f05,First Rest,Rest,3.0,0.0,0.008491198532283306,0.025400912
PhysioNet,PhysioNet:f05,First Rest,Rest,3.0,0.0,0.01874081790447235,0.037294824
PhysioNet,PhysioNet:f05,First Rest,Rest,3.0,0.0,0.033031564205884933,0.041799314
PhysioNet,PhysioNet:f05,First Rest,Rest,3.0,0.0,0.01705876737833023,0.049390994
PhysioNet,PhysioNet:f05,First Rest,Rest,3.0,0.0,0.035427793860435486,0.044875816
PhysioNet,PhysioNet:f05,Second Rest,Rest,2.0,-1.0,0.33275365829467773,0.6620718
PhysioNet,PhysioNet:f05,Second Rest,Rest,2.0,-1.0,0.5574212670326233,0.75185317
PhysioNet,PhysioNet:f05,Second Rest,Rest,2.0,-1.0,0.06607429683208466,0.6261156
PhysioNet,PhysioNet:f05,Second Rest,Rest,2.0,-1.0,0.04693678766489029,0.18684138
PhysioNet,PhysioNet:f05,Second Rest,Rest,2.0,-1.0,0.05848916620016098,0.1763137
PhysioNet,PhysioNet:f05,Second Rest,Rest,2.0,-1.0,0.06511632353067398,0.26897153
PhysioNet,PhysioNet:f05,Second Rest,Rest,2.0,-1.0,0.07248786091804504,0.24291182
PhysioNet,PhysioNet:f05,Second Rest,Rest,2.0,-1.0,0.08374567329883575,0.19381857
PhysioNet,PhysioNet:f05,Second Rest,Rest,2.0,-1.0,0.04665502533316612,0.16340646
PhysioNet,PhysioNet:f05,Second Rest,Rest,2.0,-1.0,0.08165635168552399,0.28616205
PhysioNet,PhysioNet:f05,Second Rest,Rest,2.0,-1.0,0.06780433654785156,0.43047717
PhysioNet,PhysioNet:f05,Second Rest,Rest,2.0,-1.0,0.3792003393173218,0.36068708
PhysioNet,PhysioNet:f05,Second Rest,Rest,2.0,-1.0,0.02079145237803459,0.19248416
PhysioNet,PhysioNet:f05,Second Rest,Rest,2.0,-1.0,0.04420582950115204,0.16372778
PhysioNet,PhysioNet:f05,Second Rest,Rest,2.0,-1.0,0.03504156321287155,0.1187085
PhysioNet,PhysioNet:f05,Second Rest,Rest,2.0,-1.0,0.0353202186524868,0.031352375
PhysioNet,PhysioNet:f05,Second Rest,Rest,2.0,-1.0,0.008395496755838394,0.025338229
PhysioNet,PhysioNet:f05,Second Rest,Rest,2.0,-1.0,0.01988290622830391,0.057026047
PhysioNet,PhysioNet:f05,Second Rest,Rest,2.0,-1.0,0.011236600577831268,0.03634317
PhysioNet,PhysioNet:f05,Second Rest,Rest,2.0,-1.0,0.005755870137363672,0.018185236
PhysioNet,PhysioNet:f05,Second Rest,Rest,2.0,-1.0,0.027054758742451668,0.08381738
PhysioNet,PhysioNet:f05,Second Rest,Rest,2.0,-1.0,0.022189846262335777,0.070109695
PhysioNet,PhysioNet:f05,Second Rest,Rest,2.0,-1.0,0.01999032124876976,0.049298443
PhysioNet,PhysioNet:f05,Second Rest,Rest,2.0,-1.0,0.026618201285600662,0.060280934
PhysioNet,PhysioNet:f05,Second Rest,Rest,2.0,-1.0,0.024035325273871422,0.045841064
PhysioNet,PhysioNet:f05,Baseline,Baseline,3.0,0.0,0.023069068789482117,0.4162444
PhysioNet,PhysioNet:f05,Baseline,Baseline,3.0,0.0,0.01080734096467495,0.35516113
PhysioNet,PhysioNet:f05,Baseline,Baseline,3.0,0.0,0.013803916983306408,0.30179
PhysioNet,PhysioNet:f05,Baseline,Baseline,3.0,0.0,0.06629981845617294,0.3029172
PhysioNet,PhysioNet:f05,Baseline,Baseline,3.0,0.0,0.2379487156867981,0.41125312
PhysioNet,PhysioNet:f06,TMCT,Stress,4.0,1.0,0.5261263251304626,0.46625197
PhysioNet,PhysioNet:f06,TMCT,Stress,4.0,1.0,0.9330963492393494,0.8068293
PhysioNet,PhysioNet:f06,TMCT,Stress,4.0,1.0,0.9412863254547119,0.86550903
PhysioNet,PhysioNet:f06,TMCT,Stress,4.0,1.0,0.9742010831832886,0.90940845
PhysioNet,PhysioNet:f06,TMCT,Stress,4.0,1.0,0.7020739912986755,0.9134353
PhysioNet,PhysioNet:f06,TMCT,Stress,4.0,1.0,0.9234746098518372,0.97261775
PhysioNet,PhysioNet:f06,TMCT,Stress,4.0,1.0,0.5225157141685486,0.9500107
PhysioNet,PhysioNet:f06,First Rest,Rest,1.0,-2.0,0.10784487426280975,0.5070391
PhysioNet,PhysioNet:f06,First Rest,Rest,1.0,-2.0,0.11191514879465103,0.5424996
PhysioNet,PhysioNet:f06,First Rest,Rest,1.0,-2.0,0.10428521782159805,0.48324928
PhysioNet,PhysioNet:f06,First Rest,Rest,1.0,-2.0,0.6717007160186768,0.54296887
PhysioNet,PhysioNet:f06,First Rest,Rest,1.0,-2.0,0.13714610040187836,0.6799396
PhysioNet,PhysioNet:f06,First Rest,Rest,1.0,-2.0,0.059021446853876114,0.2199825
PhysioNet,PhysioNet:f06,First Rest,Rest,1.0,-2.0,0.14163623750209808,0.6633973
PhysioNet,PhysioNet:f06,First Rest,Rest,1.0,-2.0,0.25489503145217896,0.675611
PhysioNet,PhysioNet:f06,First Rest,Rest,1.0,-2.0,0.11221875995397568,0.60307354
PhysioNet,PhysioNet:f06,First Rest,Rest,1.0,-2.0,0.5994284749031067,0.5919477
PhysioNet,PhysioNet:f06,First Rest,Rest,1.0,-2.0,0.056729234755039215,0.36149895
PhysioNet,PhysioNet:f06,First Rest,Rest,1.0,-2.0,0.060850389301776886,0.08455791
PhysioNet,PhysioNet:f06,First Rest,Rest,1.0,-2.0,0.008133758790791035,0.063488685
PhysioNet,PhysioNet:f06,First Rest,Rest,1.0,-2.0,0.012619000859558582,0.068957
PhysioNet,PhysioNet:f06,First Rest,Rest,1.0,-2.0,0.01087044645100832,0.12348365
PhysioNet,PhysioNet:f06,First Rest,Rest,1.0,-2.0,0.013801509514451027,0.21718375
PhysioNet,PhysioNet:f06,First Rest,Rest,1.0,-2.0,0.07819037139415741,0.39076096
PhysioNet,PhysioNet:f06,First Rest,Rest,1.0,-2.0,0.12633652985095978,0.42750084
PhysioNet,PhysioNet:f06,First Rest,Rest,1.0,-2.0,0.023998692631721497,0.13434629
PhysioNet,PhysioNet:f06,First Rest,Rest,1.0,-2.0,0.010498498566448689,0.08094205
PhysioNet,PhysioNet:f06,First Rest,Rest,1.0,-2.0,0.010564127005636692,0.124290496
PhysioNet,PhysioNet:f06,First Rest,Rest,1.0,-2.0,0.013082673773169518,0.14247762
PhysioNet,PhysioNet:f06,First Rest,Rest,1.0,-2.0,0.03192435950040817,0.40509748
PhysioNet,PhysioNet:f06,First Rest,Rest,1.0,-2.0,0.10734331607818604,0.3703515
PhysioNet,PhysioNet:f06,First Rest,Rest,1.0,-2.0,0.5107956528663635,0.46154454
PhysioNet,PhysioNet:f06,First Rest,Rest,1.0,-2.0,0.07125992327928543,0.40971282
PhysioNet,PhysioNet:f06,First Rest,Rest,1.0,-2.0,0.21749147772789001,0.36593464
PhysioNet,PhysioNet:f06,Second Rest,Rest,1.0,-2.0,0.4725046753883362,0.31558478
PhysioNet,PhysioNet:f06,Second Rest,Rest,1.0,-2.0,0.2640582323074341,0.08078108
PhysioNet,PhysioNet:f06,Second Rest,Rest,1.0,-2.0,0.32138773798942566,0.079505116
PhysioNet,PhysioNet:f06,Second Rest,Rest,1.0,-2.0,0.15402407944202423,0.08885308
PhysioNet,PhysioNet:f06,Second Rest,Rest,1.0,-2.0,0.057953014969825745,0.09060174
PhysioNet,PhysioNet:f06,Second Rest,Rest,1.0,-2.0,0.016992563381791115,0.08456066
PhysioNet,PhysioNet:f06,Second Rest,Rest,1.0,-2.0,0.1426706314086914,0.23837836
PhysioNet,PhysioNet:f06,Second Rest,Rest,1.0,-2.0,0.01692500151693821,0.08351027
PhysioNet,PhysioNet:f06,Second Rest,Rest,1.0,-2.0,0.06410155445337296,0.12518722
PhysioNet,PhysioNet:f06,Second Rest,Rest,1.0,-2.0,0.11092662811279297,0.112157255
PhysioNet,PhysioNet:f06,Second Rest,Rest,1.0,-2.0,0.06047441437840462,0.22339745
PhysioNet,PhysioNet:f06,Second Rest,Rest,1.0,-2.0,0.4227105379104614,0.37569106
PhysioNet,PhysioNet:f06,Second Rest,Rest,1.0,-2.0,0.3082468509674072,0.55269456
PhysioNet,PhysioNet:f06,Second Rest,Rest,1.0,-2.0,0.12006553262472153,0.34802425
PhysioNet,PhysioNet:f06,Second Rest,Rest,1.0,-2.0,0.08066051453351974,0.08986051
PhysioNet,PhysioNet:f06,Second Rest,Rest,1.0,-2.0,0.0410657674074173,0.2505859
PhysioNet,PhysioNet:f06,Second Rest,Rest,1.0,-2.0,0.1808769553899765,0.28838956
PhysioNet,PhysioNet:f06,Second Rest,Rest,1.0,-2.0,0.2215302437543869,0.4531604
PhysioNet,PhysioNet:f06,Second Rest,Rest,1.0,-2.0,0.2424655556678772,0.4742462
PhysioNet,PhysioNet:f06,Second Rest,Rest,1.0,-2.0,0.07700184732675552,0.40745196
PhysioNet,PhysioNet:f06,Second Rest,Rest,1.0,-2.0,0.09410984814167023,0.3997698
PhysioNet,PhysioNet:f06,Second Rest,Rest,1.0,-2.0,0.6575580835342407,0.506416
PhysioNet,PhysioNet:f06,Second Rest,Rest,1.0,-2.0,0.20607751607894897,0.4752842
PhysioNet,PhysioNet:f06,Second Rest,Rest,1.0,-2.0,0.05332539230585098,0.4160698
PhysioNet,PhysioNet:f06,Second Rest,Rest,1.0,-2.0,0.3690974712371826,0.49833426
PhysioNet,PhysioNet:f06,Second Rest,Rest,1.0,-2.0,0.9657246470451355,0.8019574
PhysioNet,PhysioNet:f06,Second Rest,Rest,1.0,-2.0,0.607623815536499,0.71664834
PhysioNet,PhysioNet:f06,Second Rest,Rest,1.0,-2.0,0.12030993402004242,0.12888412
PhysioNet,PhysioNet:f06,Baseline,Baseline,3.0,0.0,0.013496981002390385,0.030129613
PhysioNet,PhysioNet:f06,Baseline,Baseline,3.0,0.0,0.007855487987399101,0.020380612
PhysioNet,PhysioNet:f06,Baseline,Baseline,3.0,0.0,0.3686155378818512,0.033307165
PhysioNet,PhysioNet:f06,Baseline,Baseline,3.0,0.0,0.03268691152334213,0.035818577
PhysioNet,PhysioNet:f06,Baseline,Baseline,3.0,0.0,0.055460233241319656,0.15372874
PhysioNet,PhysioNet:f07,TMCT,Stress,4.0,3.0,0.8899811506271362,0.934625
PhysioNet,PhysioNet:f07,TMCT,Stress,4.0,3.0,0.7606110572814941,0.93655825
PhysioNet,PhysioNet:f07,TMCT,Stress,4.0,3.0,0.6662314534187317,0.9036124
PhysioNet,PhysioNet:f07,TMCT,Stress,4.0,3.0,0.695732831954956,0.91020507
PhysioNet,PhysioNet:f07,TMCT,Stress,4.0,3.0,0.31052595376968384,0.8419371
PhysioNet,PhysioNet:f07,TMCT,Stress,4.0,3.0,0.24728970229625702,0.73308355
PhysioNet,PhysioNet:f07,TMCT,Stress,4.0,3.0,0.3288514018058777,0.69916844
PhysioNet,PhysioNet:f07,First Rest,Rest,1.0,0.0,0.5946763753890991,0.77167934
PhysioNet,PhysioNet:f07,First Rest,Rest,1.0,0.0,0.23891310393810272,0.6912809
PhysioNet,PhysioNet:f07,First Rest,Rest,1.0,0.0,0.17183947563171387,0.6635432
PhysioNet,PhysioNet:f07,First Rest,Rest,1.0,0.0,0.11676647514104843,0.57107973
PhysioNet,PhysioNet:f07,First Rest,Rest,1.0,0.0,0.18526238203048706,0.52479726
PhysioNet,PhysioNet:f07,First Rest,Rest,1.0,0.0,0.17804911732673645,0.47554272
PhysioNet,PhysioNet:f07,First Rest,Rest,1.0,0.0,0.13740715384483337,0.57429373
PhysioNet,PhysioNet:f07,First Rest,Rest,1.0,0.0,0.21304619312286377,0.623095
PhysioNet,PhysioNet:f07,First Rest,Rest,1.0,0.0,0.22491471469402313,0.5965588
PhysioNet,PhysioNet:f07,First Rest,Rest,1.0,0.0,0.3540077209472656,0.37466645
PhysioNet,PhysioNet:f07,First Rest,Rest,1.0,0.0,0.2519053518772125,0.46702906
PhysioNet,PhysioNet:f07,First Rest,Rest,1.0,0.0,0.3735986053943634,0.46666217
PhysioNet,PhysioNet:f07,First Rest,Rest,1.0,0.0,0.45277345180511475,0.508356
PhysioNet,PhysioNet:f07,First Rest,Rest,1.0,0.0,0.40727677941322327,0.42780545
PhysioNet,PhysioNet:f07,First Rest,Rest,1.0,0.0,0.3271147906780243,0.43091223
PhysioNet,PhysioNet:f07,First Rest,Rest,1.0,0.0,0.2092832326889038,0.3079309
PhysioNet,PhysioNet:f07,First Rest,Rest,1.0,0.0,0.19325368106365204,0.32977515
PhysioNet,PhysioNet:f07,First Rest,Rest,1.0,0.0,0.26568129658699036,0.31438097
PhysioNet,PhysioNet:f07,First Rest,Rest,1.0,0.0,0.21384641528129578,0.2408542
PhysioNet,PhysioNet:f07,First Rest,Rest,1.0,0.0,0.27971351146698,0.2618267
PhysioNet,PhysioNet:f07,First Rest,Rest,1.0,0.0,0.316304087638855,0.18684906
PhysioNet,PhysioNet:f07,First Rest,Rest,1.0,0.0,0.27747708559036255,0.18684906
PhysioNet,PhysioNet:f07,First Rest,Rest,1.0,0.0,0.3359558582305908,0.18684906
PhysioNet,PhysioNet:f07,First Rest,Rest,1.0,0.0,0.3577977418899536,0.13907444
PhysioNet,PhysioNet:f07,First Rest,Rest,1.0,0.0,0.3246602416038513,0.119337596
PhysioNet,PhysioNet:f07,First Rest,Rest,1.0,0.0,0.25955456495285034,0.10995042
PhysioNet,PhysioNet:f07,Second Rest,Rest,1.0,0.0,0.6172125935554504,0.8795003
PhysioNet,PhysioNet:f07,Second Rest,Rest,1.0,0.0,0.15314003825187683,0.6635432
PhysioNet,PhysioNet:f07,Second Rest,Rest,1.0,0.0,0.16037634015083313,0.5461743
PhysioNet,PhysioNet:f07,Second Rest,Rest,1.0,0.0,0.17904898524284363,0.6116899
PhysioNet,PhysioNet:f07,Second Rest,Rest,1.0,0.0,0.2529517412185669,0.629978
PhysioNet,PhysioNet:f07,Second Rest,Rest,1.0,0.0,0.22681966423988342,0.6488716
PhysioNet,PhysioNet:f07,Second Rest,Rest,1.0,0.0,0.18897196650505066,0.62564373
PhysioNet,PhysioNet:f07,Second Rest,Rest,1.0,0.0,0.12919633090496063,0.545081
PhysioNet,PhysioNet:f07,Second Rest,Rest,1.0,0.0,0.3648195266723633,0.6590568
PhysioNet,PhysioNet:f07,Second Rest,Rest,1.0,0.0,0.23314161598682404,0.59028244
PhysioNet,PhysioNet:f07,Second Rest,Rest,1.0,0.0,0.31185129284858704,0.31832132
PhysioNet,PhysioNet:f07,Second Rest,Rest,1.0,0.0,0.16252920031547546,0.23558535
PhysioNet,PhysioNet:f07,Second Rest,Rest,1.0,0.0,0.379387229681015,0.3804587
PhysioNet,PhysioNet:f07,Second Rest,Rest,1.0,0.0,0.35664963722229004,0.38051614
PhysioNet,PhysioNet:f07,Second Rest,Rest,1.0,0.0,0.3471778333187103,0.37484196
PhysioNet,PhysioNet:f07,Second Rest,Rest,1.0,0.0,0.5274039506912231,0.6179033
PhysioNet,PhysioNet:f07,Second Rest,Rest,1.0,0.0,0.633442223072052,0.57053846
PhysioNet,PhysioNet:f07,Second Rest,Rest,1.0,0.0,0.6631062030792236,0.76139945
PhysioNet,PhysioNet:f07,Second Rest,Rest,1.0,0.0,0.6631062030792236,0.7687414
PhysioNet,PhysioNet:f07,Second Rest,Rest,1.0,0.0,0.26993125677108765,0.62701416
PhysioNet,PhysioNet:f07,Second Rest,Rest,1.0,0.0,0.2720099091529846,0.61939
PhysioNet,PhysioNet:f07,Second Rest,Rest,1.0,0.0,0.22557593882083893,0.53524554
PhysioNet,PhysioNet:f07,Second Rest,Rest,1.0,0.0,0.2348271906375885,0.3130122
PhysioNet,PhysioNet:f07,Second Rest,Rest,1.0,0.0,0.383174866437912,0.43091223
PhysioNet,PhysioNet:f07,Second Rest,Rest,1.0,0.0,0.36469578742980957,0.55185133
PhysioNet,PhysioNet:f07,Second Rest,Rest,1.0,0.0,0.5009286999702454,0.611394
PhysioNet,PhysioNet:f07,Second Rest,Rest,1.0,0.0,0.48706331849098206,0.57092035
PhysioNet,PhysioNet:f07,Second Rest,Rest,1.0,0.0,0.8649019002914429,0.24137034
PhysioNet,PhysioNet:f07,Second Rest,Rest,1.0,0.0,0.8781577348709106,0.24837588
PhysioNet,PhysioNet:f07,Baseline,Baseline,1.0,0.0,0.34328633546829224,0.024623204
PhysioNet,PhysioNet:f07,Baseline,Baseline,1.0,0.0,0.21964269876480103,0.029846178
PhysioNet,PhysioNet:f07,Baseline,Baseline,1.0,0.0,0.3227175176143646,0.024233665
PhysioNet,PhysioNet:f07,Baseline,Baseline,1.0,0.0,0.46725139021873474,0.027894737
PhysioNet,PhysioNet:f07,Baseline,Baseline,1.0,0.0,0.49272260069847107,0.029461168
PhysioNet,PhysioNet:f08,TMCT,Stress,3.0,3.0,0.673795759677887,0.6495053
PhysioNet,PhysioNet:f08,TMCT,Stress,3.0,3.0,0.9781786799430847,0.93951154
PhysioNet,PhysioNet:f08,TMCT,Stress,3.0,3.0,0.9730808734893799,0.9469462
PhysioNet,PhysioNet:f08,TMCT,Stress,3.0,3.0,0.920849084854126,0.9620281
PhysioNet,PhysioNet:f08,TMCT,Stress,3.0,3.0,0.9559353590011597,0.96046907
PhysioNet,PhysioNet:f08,TMCT,Stress,3.0,3.0,0.6649490594863892,0.93523633
PhysioNet,PhysioNet:f08,TMCT,Stress,3.0,3.0,0.8612461090087891,0.92541015
PhysioNet,PhysioNet:f08,TMCT,Stress,3.0,3.0,0.6371437907218933,0.9379939
PhysioNet,PhysioNet:f08,First Rest,Rest,1.0,1.0,0.6813555359840393,0.9404
PhysioNet,PhysioNet:f08,First Rest,Rest,1.0,1.0,0.5542318820953369,0.8681475
PhysioNet,PhysioNet:f08,First Rest,Rest,1.0,1.0,0.28306543827056885,0.7085659
PhysioNet,PhysioNet:f08,First Rest,Rest,1.0,1.0,0.022811099886894226,0.23266722
PhysioNet,PhysioNet:f08,First Rest,Rest,1.0,1.0,0.013772055506706238,0.08316367
PhysioNet,PhysioNet:f08,First Rest,Rest,1.0,1.0,0.061095159500837326,0.23224917
PhysioNet,PhysioNet:f08,First Rest,Rest,1.0,1.0,0.2842969298362732,0.49630556
PhysioNet,PhysioNet:f08,First Rest,Rest,1.0,1.0,0.01926618255674839,0.077391975
PhysioNet,PhysioNet:f08,First Rest,Rest,1.0,1.0,0.0893578752875328,0.46571296
PhysioNet,PhysioNet:f08,First Rest,Rest,1.0,1.0,0.08057727664709091,0.39709395
PhysioNet,PhysioNet:f08,First Rest,Rest,1.0,1.0,0.013928040862083435,0.07712423
PhysioNet,PhysioNet:f08,First Rest,Rest,1.0,1.0,0.021765846759080887,0.17223798
PhysioNet,PhysioNet:f08,First Rest,Rest,1.0,1.0,0.13472260534763336,0.18130223
PhysioNet,PhysioNet:f08,First Rest,Rest,1.0,1.0,0.2665630280971527,0.75657636
PhysioNet,PhysioNet:f08,First Rest,Rest,1.0,1.0,0.6356798410415649,0.7142831
PhysioNet,PhysioNet:f08,First Rest,Rest,1.0,1.0,0.026273030787706375,0.37677726
PhysioNet,PhysioNet:f08,First Rest,Rest,1.0,1.0,0.014093789272010326,0.33847895
PhysioNet,PhysioNet:f08,First Rest,Rest,1.0,1.0,0.015572268515825272,0.40965265
PhysioNet,PhysioNet:f08,First Rest,Rest,1.0,1.0,0.20077864825725555,0.42909175
PhysioNet,PhysioNet:f08,First Rest,Rest,1.0,1.0,0.11050552874803543,0.45787865
PhysioNet,PhysioNet:f08,First Rest,Rest,1.0,1.0,0.04767022654414177,0.38105503
PhysioNet,PhysioNet:f08,First Rest,Rest,1.0,1.0,0.04469992220401764,0.3430557
PhysioNet,PhysioNet:f08,First Rest,Rest,1.0,1.0,0.06731864809989929,0.2747569
PhysioNet,PhysioNet:f08,First Rest,Rest,1.0,1.0,0.06464244425296783,0.23372224
PhysioNet,PhysioNet:f08,First Rest,Rest,1.0,1.0,0.06464244425296783,0.13625574
PhysioNet,PhysioNet:f08,First Rest,Rest,1.0,1.0,0.043553676456213,0.24163179
PhysioNet,PhysioNet:f08,First Rest,Rest,1.0,1.0,0.04556762054562569,0.16989732
PhysioNet,PhysioNet:f08,First Rest,Rest,1.0,1.0,0.22675111889839172,0.27196252
PhysioNet,PhysioNet:f08,Second Rest,Rest,1.0,1.0,0.848288357257843,0.8960819
PhysioNet,PhysioNet:f08,Second Rest,Rest,1.0,1.0,0.5534087419509888,0.5739953
PhysioNet,PhysioNet:f08,Second Rest,Rest,1.0,1.0,0.43575355410575867,0.2745632
PhysioNet,PhysioNet:f08,Second Rest,Rest,1.0,1.0,0.4722265601158142,0.56222624
PhysioNet,PhysioNet:f08,Second Rest,Rest,1.0,1.0,0.09340137243270874,0.2796092
PhysioNet,PhysioNet:f08,Second Rest,Rest,1.0,1.0,0.16593767702579498,0.4092769
PhysioNet,PhysioNet:f08,Second Rest,Rest,1.0,1.0,0.1372918337583542,0.39700162
PhysioNet,PhysioNet:f08,Second Rest,Rest,1.0,1.0,0.07852405309677124,0.19847591
PhysioNet,PhysioNet:f08,Second Rest,Rest,1.0,1.0,0.21488426625728607,0.20401394
PhysioNet,PhysioNet:f08,Second Rest,Rest,1.0,1.0,0.11032619327306747,0.16323236
PhysioNet,PhysioNet:f08,Second Rest,Rest,1.0,1.0,0.024431977421045303,0.12557997
PhysioNet,PhysioNet:f08,Second Rest,Rest,1.0,1.0,0.09112484008073807,0.16284633
PhysioNet,PhysioNet:f08,Second Rest,Rest,1.0,1.0,0.09753164649009705,0.19325113
PhysioNet,PhysioNet:f08,Second Rest,Rest,1.0,1.0,0.3844786286354065,0.0893232
PhysioNet,PhysioNet:f08,Second Rest,Rest,1.0,1.0,0.07213393598794937,0.12570968
PhysioNet,PhysioNet:f08,Second Rest,Rest,1.0,1.0,0.021040484309196472,0.05071483
PhysioNet,PhysioNet:f08,Second Rest,Rest,1.0,1.0,0.01229211688041687,0.024820276
PhysioNet,PhysioNet:f08,Second Rest,Rest,1.0,1.0,0.0176402498036623,0.037201945
PhysioNet,PhysioNet:f08,Second Rest,Rest,1.0,1.0,0.12776073813438416,0.16189799
PhysioNet,PhysioNet:f08,Second Rest,Rest,1.0,1.0,0.5239067077636719,0.5108143
PhysioNet,PhysioNet:f08,Second Rest,Rest,1.0,1.0,0.5207918286323547,0.4527739
PhysioNet,PhysioNet:f08,Baseline,Baseline,0.0,0.0,0.012058801017701626,0.18367359
PhysioNet,PhysioNet:f08,Baseline,Baseline,0.0,0.0,0.01117794681340456,0.18290879
PhysioNet,PhysioNet:f08,Baseline,Baseline,0.0,0.0,0.013840485364198685,0.13192381
PhysioNet,PhysioNet:f08,Baseline,Baseline,0.0,0.0,0.01886037550866604,0.16249144
PhysioNet,PhysioNet:f08,Baseline,Baseline,0.0,0.0,0.01986786350607872,0.19784725
PhysioNet,PhysioNet:f09,TMCT,Stress,6.0,1.0,0.10192447900772095,0.6219175
PhysioNet,PhysioNet:f09,TMCT,Stress,6.0,1.0,0.6321355104446411,0.6292058
PhysioNet,PhysioNet:f09,TMCT,Stress,6.0,1.0,0.929570734500885,0.79776716
PhysioNet,PhysioNet:f09,TMCT,Stress,6.0,1.0,0.5277138948440552,0.7601859
PhysioNet,PhysioNet:f09,TMCT,Stress,6.0,1.0,0.9800978899002075,0.9062203
PhysioNet,PhysioNet:f09,TMCT,Stress,6.0,1.0,0.971445620059967,0.92314655
PhysioNet,PhysioNet:f09,TMCT,Stress,6.0,1.0,0.9560528993606567,0.9245357
PhysioNet,PhysioNet:f09,First Rest,Rest,3.0,-2.0,0.6544936895370483,0.4735783
PhysioNet,PhysioNet:f09,First Rest,Rest,3.0,-2.0,0.4622851014137268,0.88364786
PhysioNet,PhysioNet:f09,First Rest,Rest,3.0,-2.0,0.12097843736410141,0.3903358
PhysioNet,PhysioNet:f09,First Rest,Rest,3.0,-2.0,0.12095359712839127,0.2285439
PhysioNet,PhysioNet:f09,First Rest,Rest,3.0,-2.0,0.09090597927570343,0.22262953
PhysioNet,PhysioNet:f09,First Rest,Rest,3.0,-2.0,0.43564167618751526,0.18784933
PhysioNet,PhysioNet:f09,First Rest,Rest,3.0,-2.0,0.013712726533412933,0.15740845
PhysioNet,PhysioNet:f09,First Rest,Rest,3.0,-2.0,0.016299603506922722,0.21385114
PhysioNet,PhysioNet:f09,First Rest,Rest,3.0,-2.0,0.19490206241607666,0.45799625
PhysioNet,PhysioNet:f09,First Rest,Rest,3.0,-2.0,0.15602059662342072,0.1990713
PhysioNet,PhysioNet:f09,First Rest,Rest,3.0,-2.0,0.13747310638427734,0.35143158
PhysioNet,PhysioNet:f09,First Rest,Rest,3.0,-2.0,0.08862623572349548,0.20799515
PhysioNet,PhysioNet:f09,First Rest,Rest,3.0,-2.0,0.42858392000198364,0.48219967
PhysioNet,PhysioNet:f09,First Rest,Rest,3.0,-2.0,0.010582933202385902,0.26161906
PhysioNet,PhysioNet:f09,First Rest,Rest,3.0,-2.0,0.008291617967188358,0.15710646
PhysioNet,PhysioNet:f09,First Rest,Rest,3.0,-2.0,0.09917626529932022,0.28779095
PhysioNet,PhysioNet:f09,First Rest,Rest,3.0,-2.0,0.16564436256885529,0.56491965
PhysioNet,PhysioNet:f09,First Rest,Rest,3.0,-2.0,0.5099320411682129,0.2962147
PhysioNet,PhysioNet:f09,First Rest,Rest,3.0,-2.0,0.13375334441661835,0.38820142
PhysioNet,PhysioNet:f09,First Rest,Rest,3.0,-2.0,0.027736475691199303,0.3890763
PhysioNet,PhysioNet:f09,First Rest,Rest,3.0,-2.0,0.16333967447280884,0.48817092
PhysioNet,PhysioNet:f09,First Rest,Rest,3.0,-2.0,0.6526607275009155,0.6033112
PhysioNet,PhysioNet:f09,First Rest,Rest,3.0,-2.0,0.1386195421218872,0.2592911
PhysioNet,PhysioNet:f09,First Rest,Rest,3.0,-2.0,0.013291955925524235,0.18317884
PhysioNet,PhysioNet:f09,First Rest,Rest,3.0,-2.0,0.008888221345841885,0.21255666
PhysioNet,PhysioNet:f09,First Rest,Rest,3.0,-2.0,0.053663257509469986,0.48065257
PhysioNet,PhysioNet:f09,Second Rest,Rest,3.0,-2.0,0.17213581502437592,0.8759726
PhysioNet,PhysioNet:f09,Second Rest,Rest,3.0,-2.0,0.04001355171203613,0.24721235
PhysioNet,PhysioNet:f09,Second Rest,Rest,3.0,-2.0,0.21436530351638794,0.5771125
PhysioNet,PhysioNet:f09,Second Rest,Rest,3.0,-2.0,0.05548155680298805,0.3854937
PhysioNet,PhysioNet:f09,Second Rest,Rest,3.0,-2.0,0.0831931084394455,0.16665843
PhysioNet,PhysioNet:f09,Second Rest,Rest,3.0,-2.0,0.03119276463985443,0.43795183
PhysioNet,PhysioNet:f09,Second Rest,Rest,3.0,-2.0,0.015324735082685947,0.19809236
PhysioNet,PhysioNet:f09,Second Rest,Rest,3.0,-2.0,0.06305263191461563,0.6669692
PhysioNet,PhysioNet:f09,Second Rest,Rest,3.0,-2.0,0.4841631054878235,0.78534955
PhysioNet,PhysioNet:f09,Second Rest,Rest,3.0,-2.0,0.2892264723777771,0.6611555
PhysioNet,PhysioNet:f09,Second Rest,Rest,3.0,-2.0,0.15002161264419556,0.67343354
PhysioNet,PhysioNet:f09,Second Rest,Rest,3.0,-2.0,0.0403936430811882,0.52135766
PhysioNet,PhysioNet:f09,Second Rest,Rest,3.0,-2.0,0.2616732120513916,0.60729426
PhysioNet,PhysioNet:f09,Second Rest,Rest,3.0,-2.0,0.27966877818107605,0.7102314
PhysioNet,PhysioNet:f09,Second Rest,Rest,3.0,-2.0,0.41960209608078003,0.74693036
PhysioNet,PhysioNet:f09,Second Rest,Rest,3.0,-2.0,0.26199910044670105,0.6373237
PhysioNet,PhysioNet:f09,Second Rest,Rest,3.0,-2.0,0.05046377703547478,0.5872782
PhysioNet,PhysioNet:f09,Second Rest,Rest,3.0,-2.0,0.061493199318647385,0.5667427
PhysioNet,PhysioNet:f09,Second Rest,Rest,3.0,-2.0,0.07092227041721344,0.36544266
PhysioNet,PhysioNet:f09,Second Rest,Rest,3.0,-2.0,0.10144613683223724,0.2978415
PhysioNet,PhysioNet:f09,Second Rest,Rest,3.0,-2.0,0.053426895290613174,0.6280391
PhysioNet,PhysioNet:f09,Second Rest,Rest,3.0,-2.0,0.28647056221961975,0.71893257
PhysioNet,PhysioNet:f09,Second Rest,Rest,3.0,-2.0,0.104225292801857,0.7309288
PhysioNet,PhysioNet:f09,Second Rest,Rest,3.0,-2.0,0.02377108670771122,0.4845031
PhysioNet,PhysioNet:f09,Second Rest,Rest,3.0,-2.0,0.24686194956302643,0.7953407
PhysioNet,PhysioNet:f09,Baseline,Baseline,5.0,0.0,0.04710661619901657,0.020861896
PhysioNet,PhysioNet:f09,Baseline,Baseline,5.0,0.0,0.03941882401704788,0.034136787
PhysioNet,PhysioNet:f09,Baseline,Baseline,5.0,0.0,0.025246718898415565,0.036170036
PhysioNet,PhysioNet:f09,Baseline,Baseline,5.0,0.0,0.02803773060441017,0.050566018
PhysioNet,PhysioNet:f09,Baseline,Baseline,5.0,0.0,0.129180446267128,0.18058823
PhysioNet,PhysioNet:f10,TMCT,Stress,8.0,2.0,0.1295488327741623,0.6251526
PhysioNet,PhysioNet:f10,TMCT,Stress,8.0,2.0,0.5923283696174622,0.7109139
PhysioNet,PhysioNet:f10,TMCT,Stress,8.0,2.0,0.8292198777198792,0.89613
PhysioNet,PhysioNet:f10,TMCT,Stress,8.0,2.0,0.8427214622497559,0.9299564
PhysioNet,PhysioNet:f10,TMCT,Stress,8.0,2.0,0.8839954733848572,0.9403185
PhysioNet,PhysioNet:f10,TMCT,Stress,8.0,2.0,0.1736259162425995,0.68826103
PhysioNet,PhysioNet:f10,TMCT,Stress,8.0,2.0,0.013978359289467335,0.7108221
PhysioNet,PhysioNet:f10,First Rest,Rest,5.0,-1.0,0.31467655301094055,0.9535448
PhysioNet,PhysioNet:f10,First Rest,Rest,5.0,-1.0,0.7885393500328064,0.8842378
PhysioNet,PhysioNet:f10,First Rest,Rest,5.0,-1.0,0.28341028094291687,0.35611174
PhysioNet,PhysioNet:f10,First Rest,Rest,5.0,-1.0,0.09524043649435043,0.5505795
PhysioNet,PhysioNet:f10,First Rest,Rest,5.0,-1.0,0.04406805709004402,0.40563115
PhysioNet,PhysioNet:f10,First Rest,Rest,5.0,-1.0,0.5760468244552612,0.73580176
PhysioNet,PhysioNet:f10,First Rest,Rest,5.0,-1.0,0.3496580421924591,0.6561101
PhysioNet,PhysioNet:f10,First Rest,Rest,5.0,-1.0,0.03120725043118,0.22999874
PhysioNet,PhysioNet:f10,First Rest,Rest,5.0,-1.0,0.055249445140361786,0.59584725
PhysioNet,PhysioNet:f10,First Rest,Rest,5.0,-1.0,0.09104638546705246,0.5395555
PhysioNet,PhysioNet:f10,First Rest,Rest,5.0,-1.0,0.10677801072597504,0.65966743
PhysioNet,PhysioNet:f10,First Rest,Rest,5.0,-1.0,0.659570038318634,0.86057836
PhysioNet,PhysioNet:f10,First Rest,Rest,5.0,-1.0,0.39451512694358826,0.7204731
PhysioNet,PhysioNet:f10,First Rest,Rest,5.0,-1.0,0.08589868992567062,0.544916
PhysioNet,PhysioNet:f10,First Rest,Rest,5.0,-1.0,0.04783640429377556,0.13261521
PhysioNet,PhysioNet:f10,First Rest,Rest,5.0,-1.0,0.018807299435138702,0.04668586
PhysioNet,PhysioNet:f10,First Rest,Rest,5.0,-1.0,0.02802979201078415,0.13825148
PhysioNet,PhysioNet:f10,First Rest,Rest,5.0,-1.0,0.021852072328329086,0.22174107
PhysioNet,PhysioNet:f10,First Rest,Rest,5.0,-1.0,0.009409829042851925,0.027705083
PhysioNet,PhysioNet:f10,First Rest,Rest,5.0,-1.0,0.024396346881985664,0.023728957
PhysioNet,PhysioNet:f10,First Rest,Rest,5.0,-1.0,0.034738630056381226,0.071982786
PhysioNet,PhysioNet:f10,First Rest,Rest,5.0,-1.0,0.055866774171590805,0.04340749
PhysioNet,PhysioNet:f10,First Rest,Rest,5.0,-1.0,0.1853501796722412,0.057300556
PhysioNet,PhysioNet:f10,First Rest,Rest,5.0,-1.0,0.030677203088998795,0.055862635
PhysioNet,PhysioNet:f10,First Rest,Rest,5.0,-1.0,0.00954984687268734,0.012495658
PhysioNet,PhysioNet:f10,First Rest,Rest,5.0,-1.0,0.03838185593485832,0.02859499
PhysioNet,PhysioNet:f10,First Rest,Rest,5.0,-1.0,0.1513829529285431,0.107726075
PhysioNet,PhysioNet:f10,Second Rest,Rest,4.0,-2.0,0.2198551446199417,0.3600787
PhysioNet,PhysioNet:f10,Second Rest,Rest,4.0,-2.0,0.28361913561820984,0.20674036
PhysioNet,PhysioNet:f10,Second Rest,Rest,4.0,-2.0,0.02845497615635395,0.06682038
PhysioNet,PhysioNet:f10,Second Rest,Rest,4.0,-2.0,0.008155700750648975,0.046273034
PhysioNet,PhysioNet:f10,Second Rest,Rest,4.0,-2.0,0.009562280029058456,0.064470015
PhysioNet,PhysioNet:f10,Second Rest,Rest,4.0,-2.0,0.010066124610602856,0.1400032
PhysioNet,PhysioNet:f10,Second Rest,Rest,4.0,-2.0,0.01084288302809,0.047774103
PhysioNet,PhysioNet:f10,Second Rest,Rest,4.0,-2.0,0.03132728114724159,0.1378113
PhysioNet,PhysioNet:f10,Second Rest,Rest,4.0,-2.0,0.023381298407912254,0.051425595
PhysioNet,PhysioNet:f10,Second Rest,Rest,4.0,-2.0,0.006559216883033514,0.049299296
PhysioNet,PhysioNet:f10,Second Rest,Rest,4.0,-2.0,0.007351295091211796,0.0387555
PhysioNet,PhysioNet:f10,Second Rest,Rest,4.0,-2.0,0.01426562387496233,0.034291185
PhysioNet,PhysioNet:f10,Second Rest,Rest,4.0,-2.0,0.02384466677904129,0.03402529
PhysioNet,PhysioNet:f10,Second Rest,Rest,4.0,-2.0,0.008582641370594501,0.013226256
PhysioNet,PhysioNet:f10,Second Rest,Rest,4.0,-2.0,0.0053095826879143715,0.017809978
PhysioNet,PhysioNet:f10,Second Rest,Rest,4.0,-2.0,0.027372177690267563,0.037865933
PhysioNet,PhysioNet:f10,Second Rest,Rest,4.0,-2.0,0.08169115334749222,0.08578393
PhysioNet,PhysioNet:f10,Second Rest,Rest,4.0,-2.0,0.06257414817810059,0.0851673
PhysioNet,PhysioNet:f10,Second Rest,Rest,4.0,-2.0,0.02312386967241764,0.038239658
PhysioNet,PhysioNet:f10,Second Rest,Rest,4.0,-2.0,0.017205558717250824,0.025799092
PhysioNet,PhysioNet:f10,Second Rest,Rest,4.0,-2.0,0.039778873324394226,0.033072464
PhysioNet,PhysioNet:f10,Second Rest,Rest,4.0,-2.0,0.04289001598954201,0.06549735
PhysioNet,PhysioNet:f10,Second Rest,Rest,4.0,-2.0,0.04410948604345322,0.05494207
PhysioNet,PhysioNet:f10,Second Rest,Rest,4.0,-2.0,0.08458532392978668,0.061421726
PhysioNet,PhysioNet:f10,Second Rest,Rest,4.0,-2.0,0.06405016779899597,0.14703669
PhysioNet,PhysioNet:f10,Baseline,Baseline,6.0,0.0,0.9205212593078613,0.9516236
PhysioNet,PhysioNet:f10,Baseline,Baseline,6.0,0.0,0.9827645421028137,0.95916206
PhysioNet,PhysioNet:f10,Baseline,Baseline,6.0,0.0,0.9843907952308655,0.9652934
PhysioNet,PhysioNet:f10,Baseline,Baseline,6.0,0.0,0.9317436218261719,0.9397102
PhysioNet,PhysioNet:f10,Baseline,Baseline,6.0,0.0,0.7025287747383118,0.88507426
PhysioNet,PhysioNet:f11,TMCT,Stress,9.0,4.0,0.3375370502471924,0.8827436
PhysioNet,PhysioNet:f11,TMCT,Stress,9.0,4.0,0.528351366519928,0.9508027
PhysioNet,PhysioNet:f11,TMCT,Stress,9.0,4.0,0.9186159372329712,0.9662179
PhysioNet,PhysioNet:f11,TMCT,Stress,9.0,4.0,0.8979747295379639,0.97319365
PhysioNet,PhysioNet:f11,TMCT,Stress,9.0,4.0,0.9756438136100769,0.9911509
PhysioNet,PhysioNet:f11,TMCT,Stress,9.0,4.0,0.9520710706710815,0.97078204
PhysioNet,PhysioNet:f11,TMCT,Stress,9.0,4.0,0.9421254992485046,0.92947835
PhysioNet,PhysioNet:f11,TMCT,Stress,9.0,4.0,0.9307378530502319,0.9683244
PhysioNet,PhysioNet:f11,First Rest,Rest,4.0,-1.0,0.587853729724884,0.9472471
PhysioNet,PhysioNet:f11,First Rest,Rest,4.0,-1.0,0.19338829815387726,0.5319324
PhysioNet,PhysioNet:f11,First Rest,Rest,4.0,-1.0,0.04118429496884346,0.09967412
PhysioNet,PhysioNet:f11,First Rest,Rest,4.0,-1.0,0.0248207189142704,0.2946906
PhysioNet,PhysioNet:f11,First Rest,Rest,4.0,-1.0,0.019402416422963142,0.39970207
PhysioNet,PhysioNet:f11,First Rest,Rest,4.0,-1.0,0.10492251813411713,0.6189984
PhysioNet,PhysioNet:f11,First Rest,Rest,4.0,-1.0,0.06682099401950836,0.38515875
PhysioNet,PhysioNet:f11,First Rest,Rest,4.0,-1.0,0.061055269092321396,0.50746906
PhysioNet,PhysioNet:f11,First Rest,Rest,4.0,-1.0,0.01877289079129696,0.20512299
PhysioNet,PhysioNet:f11,First Rest,Rest,4.0,-1.0,0.010443523526191711,0.32414016
PhysioNet,PhysioNet:f11,First Rest,Rest,4.0,-1.0,0.027428504079580307,0.08085423
PhysioNet,PhysioNet:f11,First Rest,Rest,4.0,-1.0,0.16314351558685303,0.5295593
PhysioNet,PhysioNet:f11,First Rest,Rest,4.0,-1.0,0.6077077984809875,0.89522547
PhysioNet,PhysioNet:f11,First Rest,Rest,4.0,-1.0,0.32473838329315186,0.84895384
PhysioNet,PhysioNet:f11,First Rest,Rest,4.0,-1.0,0.09096592664718628,0.3056653
PhysioNet,PhysioNet:f11,First Rest,Rest,4.0,-1.0,0.022122034803032875,0.06991429
PhysioNet,PhysioNet:f11,First Rest,Rest,4.0,-1.0,0.06651777029037476,0.09595486
PhysioNet,PhysioNet:f11,First Rest,Rest,4.0,-1.0,0.2642788589000702,0.19553888
PhysioNet,PhysioNet:f11,First Rest,Rest,4.0,-1.0,0.1342468559741974,0.21780522
PhysioNet,PhysioNet:f11,First Rest,Rest,4.0,-1.0,0.42266231775283813,0.6255617
PhysioNet,PhysioNet:f11,First Rest,Rest,4.0,-1.0,0.4358059763908386,0.7046917
PhysioNet,PhysioNet:f11,First Rest,Rest,4.0,-1.0,0.33684319257736206,0.68569154
PhysioNet,PhysioNet:f11,First Rest,Rest,4.0,-1.0,0.11027949303388596,0.6154215
PhysioNet,PhysioNet:f11,First Rest,Rest,4.0,-1.0,0.2344905585050583,0.48434705
PhysioNet,PhysioNet:f11,First Rest,Rest,4.0,-1.0,0.5059937834739685,0.51736206
PhysioNet,PhysioNet:f11,First Rest,Rest,4.0,-1.0,0.13361679017543793,0.074911416
PhysioNet,PhysioNet:f11,Second Rest,Rest,4.0,-1.0,0.4757296144962311,0.8722087
PhysioNet,PhysioNet:f11,Second Rest,Rest,4.0,-1.0,0.01313761342316866,0.053095892
PhysioNet,PhysioNet:f11,Second Rest,Rest,4.0,-1.0,0.015389514155685902,0.025738627
PhysioNet,PhysioNet:f11,Second Rest,Rest,4.0,-1.0,0.16893413662910461,0.15633623
PhysioNet,PhysioNet:f11,Second Rest,Rest,4.0,-1.0,0.036846522241830826,0.1549963
PhysioNet,PhysioNet:f11,Second Rest,Rest,4.0,-1.0,0.06065470725297928,0.09155468
PhysioNet,PhysioNet:f11,Second Rest,Rest,4.0,-1.0,0.008232270367443562,0.030336928
PhysioNet,PhysioNet:f11,Second Rest,Rest,4.0,-1.0,0.009282157756388187,0.018850707
PhysioNet,PhysioNet:f11,Second Rest,Rest,4.0,-1.0,0.021053630858659744,0.06584203
PhysioNet,PhysioNet:f11,Second Rest,Rest,4.0,-1.0,0.036337606608867645,0.045124978
PhysioNet,PhysioNet:f11,Second Rest,Rest,4.0,-1.0,0.031068792566657066,0.031311173
PhysioNet,PhysioNet:f11,Second Rest,Rest,4.0,-1.0,0.1636606752872467,0.091136515
PhysioNet,PhysioNet:f11,Second Rest,Rest,4.0,-1.0,0.1721647083759308,0.06981402
PhysioNet,PhysioNet:f11,Second Rest,Rest,4.0,-1.0,0.0267824474722147,0.068709806
PhysioNet,PhysioNet:f11,Second Rest,Rest,4.0,-1.0,0.013976506888866425,0.019739177
PhysioNet,PhysioNet:f11,Second Rest,Rest,4.0,-1.0,0.010838326998054981,0.012221877
PhysioNet,PhysioNet:f11,Second Rest,Rest,4.0,-1.0,0.011051831766963005,0.011957814
PhysioNet,PhysioNet:f11,Second Rest,Rest,4.0,-1.0,0.015295527875423431,0.00946954
PhysioNet,PhysioNet:f11,Second Rest,Rest,4.0,-1.0,0.04164448752999306,0.021437297
PhysioNet,PhysioNet:f11,Second Rest,Rest,4.0,-1.0,0.05508778244256973,0.03391711
PhysioNet,PhysioNet:f11,Second Rest,Rest,4.0,-1.0,0.025683371350169182,0.030213296
PhysioNet,PhysioNet:f11,Second Rest,Rest,4.0,-1.0,0.038621969521045685,0.06167621
PhysioNet,PhysioNet:f11,Second Rest,Rest,4.0,-1.0,0.012714103795588017,0.02503543
PhysioNet,PhysioNet:f11,Second Rest,Rest,4.0,-1.0,0.007859684526920319,0.00670602
PhysioNet,PhysioNet:f11,Second Rest,Rest,4.0,-1.0,0.03251511603593826,0.020331308
PhysioNet,PhysioNet:f11,Baseline,Baseline,5.0,0.0,0.42836594581604004,0.83925056
PhysioNet,PhysioNet:f11,Baseline,Baseline,5.0,0.0,0.46502065658569336,0.69484687
PhysioNet,PhysioNet:f11,Baseline,Baseline,5.0,0.0,0.2705305814743042,0.6427928
PhysioNet,PhysioNet:f11,Baseline,Baseline,5.0,0.0,0.08090727776288986,0.6933425
PhysioNet,PhysioNet:f11,Baseline,Baseline,5.0,0.0,0.17656657099723816,0.89770913
PhysioNet,PhysioNet:f12,TMCT,Stress,7.0,2.0,0.11921152472496033,0.32958114
PhysioNet,PhysioNet:f12,TMCT,Stress,7.0,2.0,0.031184300780296326,0.19527586
PhysioNet,PhysioNet:f12,TMCT,Stress,7.0,2.0,0.6766542196273804,0.60213876
PhysioNet,PhysioNet:f12,TMCT,Stress,7.0,2.0,0.7412726283073425,0.9729234
PhysioNet,PhysioNet:f12,TMCT,Stress,7.0,2.0,0.6245229244232178,0.8856582
PhysioNet,PhysioNet:f12,TMCT,Stress,7.0,2.0,0.5263209342956543,0.9330868
PhysioNet,PhysioNet:f12,TMCT,Stress,7.0,2.0,0.9064607620239258,0.95448977
PhysioNet,PhysioNet:f12,First Rest,Rest,1.0,-4.0,0.6003443598747253,0.92729795
PhysioNet,PhysioNet:f12,First Rest,Rest,1.0,-4.0,0.06458116322755814,0.48302943
PhysioNet,PhysioNet:f12,First Rest,Rest,1.0,-4.0,0.1905847042798996,0.29871544
PhysioNet,PhysioNet:f12,First Rest,Rest,1.0,-4.0,0.02357484959065914,0.19819629
PhysioNet,PhysioNet:f12,First Rest,Rest,1.0,-4.0,0.032495684921741486,0.12781857
PhysioNet,PhysioNet:f12,First Rest,Rest,1.0,-4.0,0.04005460813641548,0.16770524
PhysioNet,PhysioNet:f12,First Rest,Rest,1.0,-4.0,0.0327707901597023,0.17260647
PhysioNet,PhysioNet:f12,First Rest,Rest,1.0,-4.0,0.024479340761899948,0.14203052
PhysioNet,PhysioNet:f12,First Rest,Rest,1.0,-4.0,0.08112770318984985,0.16178676
PhysioNet,PhysioNet:f12,First Rest,Rest,1.0,-4.0,0.040495846420526505,0.17081484
PhysioNet,PhysioNet:f12,First Rest,Rest,1.0,-4.0,0.33121559023857117,0.49624905
PhysioNet,PhysioNet:f12,First Rest,Rest,1.0,-4.0,0.1402643620967865,0.6382748
PhysioNet,PhysioNet:f12,First Rest,Rest,1.0,-4.0,0.05369492620229721,0.14372633
PhysioNet,PhysioNet:f12,First Rest,Rest,1.0,-4.0,0.0276726633310318,0.18694134
PhysioNet,PhysioNet:f12,First Rest,Rest,1.0,-4.0,0.03311770781874657,0.4326984
PhysioNet,PhysioNet:f12,First Rest,Rest,1.0,-4.0,0.014636589214205742,0.13959984
PhysioNet,PhysioNet:f12,First Rest,Rest,1.0,-4.0,0.10278312116861343,0.23056006
PhysioNet,PhysioNet:f12,First Rest,Rest,1.0,-4.0,0.02999444119632244,0.5656099
PhysioNet,PhysioNet:f12,First Rest,Rest,1.0,-4.0,0.05285225808620453,0.47144777
PhysioNet,PhysioNet:f12,First Rest,Rest,1.0,-4.0,0.037921685725450516,0.46262792
PhysioNet,PhysioNet:f12,First Rest,Rest,1.0,-4.0,0.015220021829009056,0.313635
PhysioNet,PhysioNet:f12,First Rest,Rest,1.0,-4.0,0.01116829551756382,0.42823237
PhysioNet,PhysioNet:f12,First Rest,Rest,1.0,-4.0,0.028548773378133774,0.37606734
PhysioNet,PhysioNet:f12,First Rest,Rest,1.0,-4.0,0.028300408273935318,0.45722866
PhysioNet,PhysioNet:f12,First Rest,Rest,1.0,-4.0,0.03355751931667328,0.3534768
PhysioNet,PhysioNet:f12,First Rest,Rest,1.0,-4.0,0.029607368633151054,0.21769196
PhysioNet,PhysioNet:f12,First Rest,Rest,1.0,-4.0,0.02534673362970352,0.24875253
PhysioNet,PhysioNet:f12,Second Rest,Rest,2.0,-3.0,0.07223168760538101,0.095152155
PhysioNet,PhysioNet:f12,Second Rest,Rest,2.0,-3.0,0.22466254234313965,0.26079565
PhysioNet,PhysioNet:f12,Second Rest,Rest,2.0,-3.0,0.05343557894229889,0.16951318
PhysioNet,PhysioNet:f12,Second Rest,Rest,2.0,-3.0,0.09921729564666748,0.4241135
PhysioNet,PhysioNet:f12,Second Rest,Rest,2.0,-3.0,0.06213773414492607,0.35519928
PhysioNet,PhysioNet:f12,Second Rest,Rest,2.0,-3.0,0.25417086482048035,0.57562274
PhysioNet,PhysioNet:f12,Second Rest,Rest,2.0,-3.0,0.6733330488204956,0.73255235
PhysioNet,PhysioNet:f12,Second Rest,Rest,2.0,-3.0,0.8801242113113403,0.87752837
PhysioNet,PhysioNet:f12,Second Rest,Rest,2.0,-3.0,0.04505687206983566,0.44991246
PhysioNet,PhysioNet:f12,Second Rest,Rest,2.0,-3.0,0.004811334423720837,0.10687877
PhysioNet,PhysioNet:f12,Second Rest,Rest,2.0,-3.0,0.010143124498426914,0.2771281
PhysioNet,PhysioNet:f12,Second Rest,Rest,2.0,-3.0,0.017111491411924362,0.4640079
PhysioNet,PhysioNet:f12,Second Rest,Rest,2.0,-3.0,0.05681817978620529,0.4501554
PhysioNet,PhysioNet:f12,Second Rest,Rest,2.0,-3.0,0.1845843344926834,0.62436295
PhysioNet,PhysioNet:f12,Second Rest,Rest,2.0,-3.0,0.7540627717971802,0.77605534
PhysioNet,PhysioNet:f12,Second Rest,Rest,2.0,-3.0,0.742913007736206,0.7370034
PhysioNet,PhysioNet:f12,Second Rest,Rest,2.0,-3.0,0.08635317534208298,0.48676312
PhysioNet,PhysioNet:f12,Second Rest,Rest,2.0,-3.0,0.11233757436275482,0.60631996
PhysioNet,PhysioNet:f12,Second Rest,Rest,2.0,-3.0,0.3845064342021942,0.5874539
PhysioNet,PhysioNet:f12,Second Rest,Rest,2.0,-3.0,0.021814480423927307,0.49229014
PhysioNet,PhysioNet:f12,Second Rest,Rest,2.0,-3.0,0.12303841859102249,0.61462265
PhysioNet,PhysioNet:f12,Second Rest,Rest,2.0,-3.0,0.038542523980140686,0.47607657
PhysioNet,PhysioNet:f12,Second Rest,Rest,2.0,-3.0,0.030505310744047165,0.4530529
PhysioNet,PhysioNet:f12,Second Rest,Rest,2.0,-3.0,0.6444358229637146,0.60896957
PhysioNet,PhysioNet:f12,Second Rest,Rest,2.0,-3.0,0.8598301410675049,0.8439167
PhysioNet,PhysioNet:f12,Baseline,Baseline,5.0,0.0,0.021385127678513527,0.24868126
PhysioNet,PhysioNet:f12,Baseline,Baseline,5.0,0.0,0.08485081791877747,0.6265871
PhysioNet,PhysioNet:f12,Baseline,Baseline,5.0,0.0,0.033293917775154114,0.4740467
PhysioNet,PhysioNet:f12,Baseline,Baseline,5.0,0.0,0.24610450863838196,0.33373305
PhysioNet,PhysioNet:f12,Baseline,Baseline,5.0,0.0,0.24193929135799408,0.48168197
PhysioNet,PhysioNet:f14,Baseline,Baseline,1.0,0.0,0.03261012211441994,0.012000514
PhysioNet,PhysioNet:f14,Baseline,Baseline,1.0,0.0,0.08676030486822128,0.014411267
PhysioNet,PhysioNet:f14,Baseline,Baseline,1.0,0.0,0.10730907320976257,0.018034732
PhysioNet,PhysioNet:f14,Baseline,Baseline,1.0,0.0,0.6448057889938354,0.018837642
PhysioNet,PhysioNet:f14,Baseline,Baseline,1.0,0.0,0.8940922021865845,0.024045046
PhysioNet,PhysioNet:f14,TMCT,Stress,8.0,7.0,0.18857857584953308,0.018424196
PhysioNet,PhysioNet:f14,TMCT,Stress,8.0,7.0,0.10768288373947144,0.024732046
PhysioNet,PhysioNet:f14,TMCT,Stress,8.0,7.0,0.12585239112377167,0.121011876
PhysioNet,PhysioNet:f14,TMCT,Stress,8.0,7.0,0.7210315465927124,0.24532679
PhysioNet,PhysioNet:f14,TMCT,Stress,8.0,7.0,0.9270541667938232,0.74678814
PhysioNet,PhysioNet:f14,TMCT,Stress,8.0,7.0,0.7885633707046509,0.8399712
PhysioNet,PhysioNet:f14,TMCT,Stress,8.0,7.0,0.7591677904129028,0.86981726
PhysioNet,PhysioNet:f14,First Rest,Rest,2.0,1.0,0.6923912763595581,0.8680896
PhysioNet,PhysioNet:f14,First Rest,Rest,2.0,1.0,0.1029609963297844,0.57237905
PhysioNet,PhysioNet:f14,First Rest,Rest,2.0,1.0,0.04549407586455345,0.30927268
PhysioNet,PhysioNet:f14,First Rest,Rest,2.0,1.0,0.20330828428268433,0.33302468
PhysioNet,PhysioNet:f14,First Rest,Rest,2.0,1.0,0.08999795466661453,0.41098532
PhysioNet,PhysioNet:f14,First Rest,Rest,2.0,1.0,0.022279277443885803,0.44225436
PhysioNet,PhysioNet:f14,First Rest,Rest,2.0,1.0,0.04675095155835152,0.39903492
PhysioNet,PhysioNet:f14,First Rest,Rest,2.0,1.0,0.10761689394712448,0.2618569
PhysioNet,PhysioNet:f14,First Rest,Rest,2.0,1.0,0.11717936396598816,0.19329
PhysioNet,PhysioNet:f14,First Rest,Rest,2.0,1.0,0.06910336017608643,0.10369295
PhysioNet,PhysioNet:f14,First Rest,Rest,2.0,1.0,0.020998448133468628,0.111653596
PhysioNet,PhysioNet:f14,First Rest,Rest,2.0,1.0,0.052882298827171326,0.19963714
PhysioNet,PhysioNet:f14,First Rest,Rest,2.0,1.0,0.045423250645399094,0.24838866
PhysioNet,PhysioNet:f14,First Rest,Rest,2.0,1.0,0.04089951515197754,0.15571758
PhysioNet,PhysioNet:f14,First Rest,Rest,2.0,1.0,0.014893575571477413,0.0868567
PhysioNet,PhysioNet:f14,First Rest,Rest,2.0,1.0,0.004746076185256243,0.0222036
PhysioNet,PhysioNet:f14,First Rest,Rest,2.0,1.0,0.008426226675510406,0.03591024
PhysioNet,PhysioNet:f14,First Rest,Rest,2.0,1.0,0.009963766671717167,0.03501489
PhysioNet,PhysioNet:f14,First Rest,Rest,2.0,1.0,0.15752987563610077,0.02951775
PhysioNet,PhysioNet:f14,First Rest,Rest,2.0,1.0,0.15792864561080933,0.028372386
PhysioNet,PhysioNet:f14,First Rest,Rest,2.0,1.0,0.014588247053325176,0.023213597
PhysioNet,PhysioNet:f14,First Rest,Rest,2.0,1.0,0.01834886334836483,0.026939366
PhysioNet,PhysioNet:f14,Second Rest,Rest,1.0,0.0,0.24501197040081024,0.9433587
PhysioNet,PhysioNet:f14,Second Rest,Rest,1.0,0.0,0.35755494236946106,0.9401794
PhysioNet,PhysioNet:f14,Second Rest,Rest,1.0,0.0,0.566637396812439,0.9578393
PhysioNet,PhysioNet:f14,Second Rest,Rest,1.0,0.0,0.4761345088481903,0.8879478
PhysioNet,PhysioNet:f14,Second Rest,Rest,1.0,0.0,0.029468722641468048,0.21394974
PhysioNet,PhysioNet:f14,Second Rest,Rest,1.0,0.0,0.040686532855033875,0.13200325
PhysioNet,PhysioNet:f14,Second Rest,Rest,1.0,0.0,0.5499841570854187,0.3298138
PhysioNet,PhysioNet:f14,Second Rest,Rest,1.0,0.0,0.6477335095405579,0.37469906
PhysioNet,PhysioNet:f14,Second Rest,Rest,1.0,0.0,0.06928155571222305,0.07745066
PhysioNet,PhysioNet:f14,Second Rest,Rest,1.0,0.0,0.05217970535159111,0.08979981
PhysioNet,PhysioNet:f14,Second Rest,Rest,1.0,0.0,0.15780502557754517,0.53210765
PhysioNet,PhysioNet:f14,Second Rest,Rest,1.0,0.0,0.17706678807735443,0.5261018
PhysioNet,PhysioNet:f14,Second Rest,Rest,1.0,0.0,0.1545243114233017,0.5075355
PhysioNet,PhysioNet:f14,Second Rest,Rest,1.0,0.0,0.07400505989789963,0.38695797
PhysioNet,PhysioNet:f14,Second Rest,Rest,1.0,0.0,0.36638033390045166,0.10217772
PhysioNet,PhysioNet:f14,Second Rest,Rest,1.0,0.0,0.06343694776296616,0.1339201
PhysioNet,PhysioNet:f14,Second Rest,Rest,1.0,0.0,0.08448806405067444,0.24339035
PhysioNet,PhysioNet:f14,Second Rest,Rest,1.0,0.0,0.03958889842033386,0.4296571
PhysioNet,PhysioNet:f14,Second Rest,Rest,1.0,0.0,0.022331083193421364,0.27588555
PhysioNet,PhysioNet:f14,Second Rest,Rest,1.0,0.0,0.06713246554136276,0.3668028
PhysioNet,PhysioNet:f15,TMCT,Stress,7.0,3.0,0.6845552325248718,0.9352303
PhysioNet,PhysioNet:f15,TMCT,Stress,7.0,3.0,0.8452906012535095,0.9627545
PhysioNet,PhysioNet:f15,TMCT,Stress,7.0,3.0,0.9715895652770996,0.9648384
PhysioNet,PhysioNet:f15,TMCT,Stress,7.0,3.0,0.984298586845398,0.98614234
PhysioNet,PhysioNet:f15,TMCT,Stress,7.0,3.0,0.7191979289054871,0.98297197
PhysioNet,PhysioNet:f15,TMCT,Stress,7.0,3.0,0.6938096284866333,0.9752642
PhysioNet,PhysioNet:f15,TMCT,Stress,7.0,3.0,0.8049882650375366,0.9827642
PhysioNet,PhysioNet:f15,First Rest,Rest,3.0,-1.0,0.13011948764324188,0.8337945
PhysioNet,PhysioNet:f15,First Rest,Rest,3.0,-1.0,0.13070927560329437,0.55722487
PhysioNet,PhysioNet:f15,First Rest,Rest,3.0,-1.0,0.058031607419252396,0.5614845
PhysioNet,PhysioNet:f15,First Rest,Rest,3.0,-1.0,0.03774074837565422,0.119258344
PhysioNet,PhysioNet:f15,First Rest,Rest,3.0,-1.0,0.2062566876411438,0.35991055
PhysioNet,PhysioNet:f15,First Rest,Rest,3.0,-1.0,0.14746969938278198,0.14455004
PhysioNet,PhysioNet:f15,First Rest,Rest,3.0,-1.0,0.028966020792722702,0.34847024
PhysioNet,PhysioNet:f15,First Rest,Rest,3.0,-1.0,0.06255029141902924,0.4082106
PhysioNet,PhysioNet:f15,First Rest,Rest,3.0,-1.0,0.1246221512556076,0.62988067
PhysioNet,PhysioNet:f15,First Rest,Rest,3.0,-1.0,0.8758842349052429,0.89263976
PhysioNet,PhysioNet:f15,First Rest,Rest,3.0,-1.0,0.33216387033462524,0.6389296
PhysioNet,PhysioNet:f15,First Rest,Rest,3.0,-1.0,0.012758239172399044,0.060373798
PhysioNet,PhysioNet:f15,First Rest,Rest,3.0,-1.0,0.01471182331442833,0.028771492
PhysioNet,PhysioNet:f15,First Rest,Rest,3.0,-1.0,0.6321786046028137,0.2250285
PhysioNet,PhysioNet:f15,First Rest,Rest,3.0,-1.0,0.4962092638015747,0.5282682
PhysioNet,PhysioNet:f15,First Rest,Rest,3.0,-1.0,0.03742756322026253,0.09529346
PhysioNet,PhysioNet:f15,First Rest,Rest,3.0,-1.0,0.019329415634274483,0.12790866
PhysioNet,PhysioNet:f15,First Rest,Rest,3.0,-1.0,0.03769645094871521,0.33396047
PhysioNet,PhysioNet:f15,First Rest,Rest,3.0,-1.0,0.007514698430895805,0.11148133
PhysioNet,PhysioNet:f15,First Rest,Rest,3.0,-1.0,0.03271026536822319,0.054555062
PhysioNet,PhysioNet:f15,First Rest,Rest,3.0,-1.0,0.029972104355692863,0.06865805
PhysioNet,PhysioNet:f15,First Rest,Rest,3.0,-1.0,0.012871482409536839,0.026758024
PhysioNet,PhysioNet:f15,First Rest,Rest,3.0,-1.0,0.011769553646445274,0.025959352
PhysioNet,PhysioNet:f15,First Rest,Rest,3.0,-1.0,0.04276600852608681,0.039561305
PhysioNet,PhysioNet:f15,First Rest,Rest,3.0,-1.0,0.015087728388607502,0.035328645
PhysioNet,PhysioNet:f15,First Rest,Rest,3.0,-1.0,0.3371906578540802,0.5963279
PhysioNet,PhysioNet:f15,Second Rest,Rest,3.0,-1.0,0.07126650214195251,0.05619406
PhysioNet,PhysioNet:f15,Second Rest,Rest,3.0,-1.0,0.12148456275463104,0.11284012
PhysioNet,PhysioNet:f15,Second Rest,Rest,3.0,-1.0,0.012255155481398106,0.032797135
PhysioNet,PhysioNet:f15,Second Rest,Rest,3.0,-1.0,0.013260073028504848,0.01675781
PhysioNet,PhysioNet:f15,Second Rest,Rest,3.0,-1.0,0.04041518270969391,0.038660735
PhysioNet,PhysioNet:f15,Second Rest,Rest,3.0,-1.0,0.023397432640194893,0.10261019
PhysioNet,PhysioNet:f15,Second Rest,Rest,3.0,-1.0,0.11490032821893692,0.11455913
PhysioNet,PhysioNet:f15,Second Rest,Rest,3.0,-1.0,0.04526717588305473,0.08942719
PhysioNet,PhysioNet:f15,Second Rest,Rest,3.0,-1.0,0.11236888915300369,0.04394493
PhysioNet,PhysioNet:f15,Second Rest,Rest,3.0,-1.0,0.17628951370716095,0.078126974
PhysioNet,PhysioNet:f15,Second Rest,Rest,3.0,-1.0,0.13120438158512115,0.2187293
PhysioNet,PhysioNet:f15,Second Rest,Rest,3.0,-1.0,0.06405428797006607,0.047303524
PhysioNet,PhysioNet:f15,Second Rest,Rest,3.0,-1.0,0.35377755761146545,0.06554509
PhysioNet,PhysioNet:f15,Second Rest,Rest,3.0,-1.0,0.16558708250522614,0.050795954
PhysioNet,PhysioNet:f15,Second Rest,Rest,3.0,-1.0,0.1066095232963562,0.100899726
PhysioNet,PhysioNet:f15,Second Rest,Rest,3.0,-1.0,0.1701970249414444,0.13501066
PhysioNet,PhysioNet:f15,Second Rest,Rest,3.0,-1.0,0.019127128645777702,0.026308604
PhysioNet,PhysioNet:f15,Second Rest,Rest,3.0,-1.0,0.00985679216682911,0.022097446
PhysioNet,PhysioNet:f15,Second Rest,Rest,3.0,-1.0,0.05262592062354088,0.058887314
PhysioNet,PhysioNet:f15,Second Rest,Rest,3.0,-1.0,0.39583492279052734,0.3636805
PhysioNet,PhysioNet:f15,Subtract,Stress,5.0,1.0,0.5902406573295593,0.864364
PhysioNet,PhysioNet:f15,Baseline,Baseline,4.0,0.0,0.4719480276107788,0.8108761
PhysioNet,PhysioNet:f15,Baseline,Baseline,4.0,0.0,0.957883894443512,0.9703249
PhysioNet,PhysioNet:f15,Baseline,Baseline,4.0,0.0,0.9934050440788269,0.97851735
PhysioNet,PhysioNet:f15,Baseline,Baseline,4.0,0.0,0.6129119396209717,0.89897144
PhysioNet,PhysioNet:f15,Baseline,Baseline,4.0,0.0,0.5660138726234436,0.9233139
PhysioNet,PhysioNet:f16,TMCT,Stress,8.0,7.0,0.302494615316391,0.20476359
PhysioNet,PhysioNet:f16,TMCT,Stress,8.0,7.0,0.9506565928459167,0.25634626
PhysioNet,PhysioNet:f16,TMCT,Stress,8.0,7.0,0.9314457774162292,0.50900435
PhysioNet,PhysioNet:f16,TMCT,Stress,8.0,7.0,0.9364100098609924,0.52208185
PhysioNet,PhysioNet:f16,TMCT,Stress,8.0,7.0,0.9507433176040649,0.8988104
PhysioNet,PhysioNet:f16,TMCT,Stress,8.0,7.0,0.8708666563034058,0.90857935
PhysioNet,PhysioNet:f16,TMCT,Stress,8.0,7.0,0.9558029174804688,0.91865236
PhysioNet,PhysioNet:f16,First Rest,Rest,4.0,3.0,0.11379270255565643,0.8592154
PhysioNet,PhysioNet:f16,First Rest,Rest,4.0,3.0,0.09317095577716827,0.9002024
PhysioNet,PhysioNet:f16,First Rest,Rest,4.0,3.0,0.32689139246940613,0.82547724
PhysioNet,PhysioNet:f16,First Rest,Rest,4.0,3.0,0.15112216770648956,0.41892904
PhysioNet,PhysioNet:f16,First Rest,Rest,4.0,3.0,0.13220496475696564,0.6519171
PhysioNet,PhysioNet:f16,First Rest,Rest,4.0,3.0,0.21457691490650177,0.599573
PhysioNet,PhysioNet:f16,First Rest,Rest,4.0,3.0,0.18413810431957245,0.57018065
PhysioNet,PhysioNet:f16,First Rest,Rest,4.0,3.0,0.06576550751924515,0.25222126
PhysioNet,PhysioNet:f16,First Rest,Rest,4.0,3.0,0.029126670211553574,0.09570783
PhysioNet,PhysioNet:f16,First Rest,Rest,4.0,3.0,0.02329549379646778,0.23411468
PhysioNet,PhysioNet:f16,First Rest,Rest,4.0,3.0,0.07277120649814606,0.16947062
PhysioNet,PhysioNet:f16,First Rest,Rest,4.0,3.0,0.2610628008842468,0.29831252
PhysioNet,PhysioNet:f16,First Rest,Rest,4.0,3.0,0.29759708046913147,0.46980506
PhysioNet,PhysioNet:f16,First Rest,Rest,4.0,3.0,0.029222676530480385,0.37055486
PhysioNet,PhysioNet:f16,First Rest,Rest,4.0,3.0,0.01736268401145935,0.17420562
PhysioNet,PhysioNet:f16,First Rest,Rest,4.0,3.0,0.06997174769639969,0.141674
PhysioNet,PhysioNet:f16,First Rest,Rest,4.0,3.0,0.07860688865184784,0.0800909
PhysioNet,PhysioNet:f16,First Rest,Rest,4.0,3.0,0.017223387956619263,0.2872147
PhysioNet,PhysioNet:f16,First Rest,Rest,4.0,3.0,0.1219121590256691,0.530319
PhysioNet,PhysioNet:f16,First Rest,Rest,4.0,3.0,0.017214689403772354,0.49085787
PhysioNet,PhysioNet:f16,First Rest,Rest,4.0,3.0,0.0703941285610199,0.42697036
PhysioNet,PhysioNet:f16,First Rest,Rest,4.0,3.0,0.011455764062702656,0.34821945
PhysioNet,PhysioNet:f16,First Rest,Rest,4.0,3.0,0.014297147281467915,0.27689707
PhysioNet,PhysioNet:f16,First Rest,Rest,4.0,3.0,0.019273914396762848,0.38493022
PhysioNet,PhysioNet:f16,First Rest,Rest,4.0,3.0,0.021530622616410255,0.38207424
PhysioNet,PhysioNet:f16,First Rest,Rest,4.0,3.0,0.0343947634100914,0.36193407
PhysioNet,PhysioNet:f16,First Rest,Rest,4.0,3.0,0.02696296200156212,0.37053916
PhysioNet,PhysioNet:f16,First Rest,Rest,4.0,3.0,0.028615612536668777,0.34845418
PhysioNet,PhysioNet:f16,First Rest,Rest,4.0,3.0,0.08581029623746872,0.52577
PhysioNet,PhysioNet:f16,First Rest,Rest,4.0,3.0,0.09146469086408615,0.52577
PhysioNet,PhysioNet:f16,Second Rest,Rest,4.0,3.0,0.2821693420410156,0.55881506
PhysioNet,PhysioNet:f16,Second Rest,Rest,4.0,3.0,0.05976944416761398,0.04760672
PhysioNet,PhysioNet:f16,Second Rest,Rest,4.0,3.0,0.07105396687984467,0.1670473
PhysioNet,PhysioNet:f16,Second Rest,Rest,4.0,3.0,0.12296061217784882,0.14011484
PhysioNet,PhysioNet:f16,Second Rest,Rest,4.0,3.0,0.03377296030521393,0.12984832
PhysioNet,PhysioNet:f16,Second Rest,Rest,4.0,3.0,0.014056514948606491,0.12248751
PhysioNet,PhysioNet:f16,Second Rest,Rest,4.0,3.0,0.053690094500780106,0.41187772
PhysioNet,PhysioNet:f16,Second Rest,Rest,4.0,3.0,0.38837334513664246,0.6238208
PhysioNet,PhysioNet:f16,Second Rest,Rest,4.0,3.0,0.33766308426856995,0.48099288
PhysioNet,PhysioNet:f16,Second Rest,Rest,4.0,3.0,0.23292356729507446,0.63159347
PhysioNet,PhysioNet:f16,Second Rest,Rest,4.0,3.0,0.1468570977449417,0.505707
PhysioNet,PhysioNet:f16,Second Rest,Rest,4.0,3.0,0.07567931711673737,0.23393145
PhysioNet,PhysioNet:f16,Second Rest,Rest,4.0,3.0,0.032281097024679184,0.20236014
PhysioNet,PhysioNet:f16,Second Rest,Rest,4.0,3.0,0.01111579965800047,0.34598842
PhysioNet,PhysioNet:f16,Second Rest,Rest,4.0,3.0,0.019094889983534813,0.13077565
PhysioNet,PhysioNet:f16,Second Rest,Rest,4.0,3.0,0.00889420136809349,0.044587247
PhysioNet,PhysioNet:f16,Second Rest,Rest,4.0,3.0,0.01005693431943655,0.06826056
PhysioNet,PhysioNet:f16,Second Rest,Rest,4.0,3.0,0.7217190265655518,0.38954917
PhysioNet,PhysioNet:f16,Second Rest,Rest,4.0,3.0,0.8511150479316711,0.39805135
PhysioNet,PhysioNet:f16,Second Rest,Rest,4.0,3.0,0.8378772139549255,0.39291957
PhysioNet,PhysioNet:f16,Baseline,Baseline,1.0,0.0,0.014414430595934391,0.07044554
PhysioNet,PhysioNet:f16,Baseline,Baseline,1.0,0.0,0.011197660118341446,0.057743933
PhysioNet,PhysioNet:f16,Baseline,Baseline,1.0,0.0,0.008209588937461376,0.11086762
PhysioNet,PhysioNet:f16,Baseline,Baseline,1.0,0.0,0.10166123509407043,0.2731817
PhysioNet,PhysioNet:f16,Baseline,Baseline,1.0,0.0,0.12063316255807877,0.12568484
PhysioNet,PhysioNet:f17,TMCT,Stress,8.0,1.0,0.019885625690221786,0.428804
PhysioNet,PhysioNet:f17,TMCT,Stress,8.0,1.0,0.02328278124332428,0.3220986
PhysioNet,PhysioNet:f17,TMCT,Stress,8.0,1.0,0.5153639912605286,0.66669536
PhysioNet,PhysioNet:f17,TMCT,Stress,8.0,1.0,0.3790567219257355,0.43370062
PhysioNet,PhysioNet:f17,TMCT,Stress,8.0,1.0,0.1460471898317337,0.7530657
PhysioNet,PhysioNet:f17,TMCT,Stress,8.0,1.0,0.098856620490551,0.3503393
PhysioNet,PhysioNet:f17,TMCT,Stress,8.0,1.0,0.3262840807437897,0.53263855
PhysioNet,PhysioNet:f17,First Rest,Rest,6.0,-1.0,0.5715286135673523,0.77874744
PhysioNet,PhysioNet:f17,First Rest,Rest,6.0,-1.0,0.43514126539230347,0.7911812
PhysioNet,PhysioNet:f17,First Rest,Rest,6.0,-1.0,0.4666569232940674,0.6359937
PhysioNet,PhysioNet:f17,First Rest,Rest,6.0,-1.0,0.8116334080696106,0.39321944
PhysioNet,PhysioNet:f17,First Rest,Rest,6.0,-1.0,0.6809369325637817,0.32162005
PhysioNet,PhysioNet:f17,First Rest,Rest,6.0,-1.0,0.13554401695728302,0.36967966
PhysioNet,PhysioNet:f17,First Rest,Rest,6.0,-1.0,0.19138260185718536,0.5845374
PhysioNet,PhysioNet:f17,First Rest,Rest,6.0,-1.0,0.6492961049079895,0.86604285
PhysioNet,PhysioNet:f17,First Rest,Rest,6.0,-1.0,0.880997896194458,0.9118095
PhysioNet,PhysioNet:f17,First Rest,Rest,6.0,-1.0,0.8997786045074463,0.8188443
PhysioNet,PhysioNet:f17,First Rest,Rest,6.0,-1.0,0.12203508615493774,0.7162395
PhysioNet,PhysioNet:f17,First Rest,Rest,6.0,-1.0,0.05647137016057968,0.25827348
PhysioNet,PhysioNet:f17,First Rest,Rest,6.0,-1.0,0.2690809965133667,0.7770711
PhysioNet,PhysioNet:f17,First Rest,Rest,6.0,-1.0,0.1734580397605896,0.5867386
PhysioNet,PhysioNet:f17,First Rest,Rest,6.0,-1.0,0.022991076111793518,0.5175699
PhysioNet,PhysioNet:f17,First Rest,Rest,6.0,-1.0,0.8701186776161194,0.8721081
PhysioNet,PhysioNet:f17,First Rest,Rest,6.0,-1.0,0.8996910452842712,0.8828306
PhysioNet,PhysioNet:f17,First Rest,Rest,6.0,-1.0,0.6812198758125305,0.8195387
PhysioNet,PhysioNet:f17,First Rest,Rest,6.0,-1.0,0.29525038599967957,0.7182381
PhysioNet,PhysioNet:f17,First Rest,Rest,6.0,-1.0,0.02698644809424877,0.27222034
PhysioNet,PhysioNet:f17,First Rest,Rest,6.0,-1.0,0.1310461461544037,0.10491369
PhysioNet,PhysioNet:f17,First Rest,Rest,6.0,-1.0,0.3669947385787964,0.12687238
PhysioNet,PhysioNet:f17,First Rest,Rest,6.0,-1.0,0.02208082750439644,0.037031114
PhysioNet,PhysioNet:f17,First Rest,Rest,6.0,-1.0,0.025193575769662857,0.057967503
PhysioNet,PhysioNet:f17,First Rest,Rest,6.0,-1.0,0.5497414469718933,0.24184747
PhysioNet,PhysioNet:f17,First Rest,Rest,6.0,-1.0,0.8881212472915649,0.47150365
PhysioNet,PhysioNet:f17,Second Rest,Rest,6.0,-1.0,0.3399217426776886,0.035064705
PhysioNet,PhysioNet:f17,Second Rest,Rest,6.0,-1.0,0.04765322804450989,0.17248371
PhysioNet,PhysioNet:f17,Second Rest,Rest,6.0,-1.0,0.07799642533063889,0.34411645
PhysioNet,PhysioNet:f17,Second Rest,Rest,6.0,-1.0,0.025224637240171432,0.12884542
PhysioNet,PhysioNet:f17,Second Rest,Rest,6.0,-1.0,0.024440530687570572,0.17277388
PhysioNet,PhysioNet:f17,Second Rest,Rest,6.0,-1.0,0.031892433762550354,0.45225078
PhysioNet,PhysioNet:f17,Second Rest,Rest,6.0,-1.0,0.026156729087233543,0.30332804
PhysioNet,PhysioNet:f17,Second Rest,Rest,6.0,-1.0,0.01847665384411812,0.22449712
PhysioNet,PhysioNet:f17,Second Rest,Rest,6.0,-1.0,0.08072119206190109,0.58199626
PhysioNet,PhysioNet:f17,Second Rest,Rest,6.0,-1.0,0.0478387326002121,0.56016934
PhysioNet,PhysioNet:f17,Second Rest,Rest,6.0,-1.0,0.06377072632312775,0.5834032
PhysioNet,PhysioNet:f17,Second Rest,Rest,6.0,-1.0,0.8467996120452881,0.767556
PhysioNet,PhysioNet:f17,Second Rest,Rest,6.0,-1.0,0.16915662586688995,0.7089107
PhysioNet,PhysioNet:f17,Second Rest,Rest,6.0,-1.0,0.23292286694049835,0.6611562
PhysioNet,PhysioNet:f17,Second Rest,Rest,6.0,-1.0,0.23095735907554626,0.6074962
PhysioNet,PhysioNet:f17,Second Rest,Rest,6.0,-1.0,0.26313939690589905,0.2961033
PhysioNet,PhysioNet:f17,Second Rest,Rest,6.0,-1.0,0.132908433675766,0.15099227
PhysioNet,PhysioNet:f17,Second Rest,Rest,6.0,-1.0,0.07892340421676636,0.259931
PhysioNet,PhysioNet:f17,Second Rest,Rest,6.0,-1.0,0.08416266739368439,0.34635085
PhysioNet,PhysioNet:f17,Second Rest,Rest,6.0,-1.0,0.25881195068359375,0.8104299
PhysioNet,PhysioNet:f17,Second Rest,Rest,6.0,-1.0,0.0997449979186058,0.6087803
PhysioNet,PhysioNet:f17,Second Rest,Rest,6.0,-1.0,0.14284582436084747,0.6261957
PhysioNet,PhysioNet:f17,Second Rest,Rest,6.0,-1.0,0.05480479449033737,0.3736817
PhysioNet,PhysioNet:f17,Second Rest,Rest,6.0,-1.0,0.17990684509277344,0.6916431
PhysioNet,PhysioNet:f17,Second Rest,Rest,6.0,-1.0,0.8401504158973694,0.8764652
PhysioNet,PhysioNet:f17,Second Rest,Rest,6.0,-1.0,0.5529029965400696,0.80977786
PhysioNet,PhysioNet:f17,Baseline,Baseline,7.0,0.0,0.06491244584321976,0.20933692
PhysioNet,PhysioNet:f17,Baseline,Baseline,7.0,0.0,0.05291707068681717,0.2282369
PhysioNet,PhysioNet:f17,Baseline,Baseline,7.0,0.0,0.13070900738239288,0.46321946
PhysioNet,PhysioNet:f17,Baseline,Baseline,7.0,0.0,0.6504713296890259,0.6091281
PhysioNet,PhysioNet:f17,Baseline,Baseline,7.0,0.0,0.13264739513397217,0.4670375
PhysioNet,PhysioNet:f18,TMCT,Stress,7.0,4.0,0.019568029791116714,0.3334238
PhysioNet,PhysioNet:f18,TMCT,Stress,7.0,4.0,0.07814204692840576,0.77132803
PhysioNet,PhysioNet:f18,TMCT,Stress,7.0,4.0,0.7699071168899536,0.8840802
PhysioNet,PhysioNet:f18,TMCT,Stress,7.0,4.0,0.5826178789138794,0.816691
PhysioNet,PhysioNet:f18,TMCT,Stress,7.0,4.0,0.5720372200012207,0.75910115
PhysioNet,PhysioNet:f18,TMCT,Stress,7.0,4.0,0.19305309653282166,0.6090899
PhysioNet,PhysioNet:f18,First Rest,Rest,4.0,1.0,0.6858865022659302,0.87354743
PhysioNet,PhysioNet:f18,First Rest,Rest,4.0,1.0,0.47062867879867554,0.7356949
PhysioNet,PhysioNet:f18,First Rest,Rest,4.0,1.0,0.49305975437164307,0.5361424
PhysioNet,PhysioNet:f18,First Rest,Rest,4.0,1.0,0.02222893014550209,0.018828204
PhysioNet,PhysioNet:f18,First Rest,Rest,4.0,1.0,0.06392857432365417,0.14536719
PhysioNet,PhysioNet:f18,First Rest,Rest,4.0,1.0,0.5276480913162231,0.15483336
PhysioNet,PhysioNet:f18,First Rest,Rest,4.0,1.0,0.36138513684272766,0.13310106
PhysioNet,PhysioNet:f18,First Rest,Rest,4.0,1.0,0.062241051346063614,0.10914887
PhysioNet,PhysioNet:f18,First Rest,Rest,4.0,1.0,0.010398132726550102,0.104794145
PhysioNet,PhysioNet:f18,First Rest,Rest,4.0,1.0,0.010709180496633053,0.11321646
PhysioNet,PhysioNet:f18,First Rest,Rest,4.0,1.0,0.05302389711141586,0.109824866
PhysioNet,PhysioNet:f18,First Rest,Rest,4.0,1.0,0.008344285190105438,0.10814351
PhysioNet,PhysioNet:f18,First Rest,Rest,4.0,1.0,0.017272982746362686,0.11132274
PhysioNet,PhysioNet:f18,First Rest,Rest,4.0,1.0,0.03125452250242233,0.13959266
PhysioNet,PhysioNet:f18,First Rest,Rest,4.0,1.0,0.044014204293489456,0.22509639
PhysioNet,PhysioNet:f18,First Rest,Rest,4.0,1.0,0.15834569931030273,0.25245932
PhysioNet,PhysioNet:f18,First Rest,Rest,4.0,1.0,0.02887035720050335,0.1309163
PhysioNet,PhysioNet:f18,First Rest,Rest,4.0,1.0,0.6232965588569641,0.56015426
PhysioNet,PhysioNet:f18,First Rest,Rest,4.0,1.0,0.6208238005638123,0.51464456
PhysioNet,PhysioNet:f18,First Rest,Rest,4.0,1.0,0.02214791439473629,0.19031993
PhysioNet,PhysioNet:f18,First Rest,Rest,4.0,1.0,0.07527114450931549,0.21155557
PhysioNet,PhysioNet:f18,First Rest,Rest,4.0,1.0,0.04374225437641144,0.23563516
PhysioNet,PhysioNet:f18,First Rest,Rest,4.0,1.0,0.03112224116921425,0.3485799
PhysioNet,PhysioNet:f18,First Rest,Rest,4.0,1.0,0.02342202141880989,0.26036784
PhysioNet,PhysioNet:f18,Second Rest,Rest,2.0,-1.0,0.4001031517982483,0.16372478
PhysioNet,PhysioNet:f18,Second Rest,Rest,2.0,-1.0,0.16906696557998657,0.24611999
PhysioNet,PhysioNet:f18,Second Rest,Rest,2.0,-1.0,0.5690219402313232,0.5329107
PhysioNet,PhysioNet:f18,Second Rest,Rest,2.0,-1.0,0.49106475710868835,0.5414156
PhysioNet,PhysioNet:f18,Second Rest,Rest,2.0,-1.0,0.04987512528896332,0.28292587
PhysioNet,PhysioNet:f18,Second Rest,Rest,2.0,-1.0,0.11921155452728271,0.33126047
PhysioNet,PhysioNet:f18,Second Rest,Rest,2.0,-1.0,0.11163418740034103,0.30063576
PhysioNet,PhysioNet:f18,Second Rest,Rest,2.0,-1.0,0.1909620612859726,0.58967483
PhysioNet,PhysioNet:f18,Second Rest,Rest,2.0,-1.0,0.2014460265636444,0.4333558
PhysioNet,PhysioNet:f18,Second Rest,Rest,2.0,-1.0,0.2973032593727112,0.53524154
PhysioNet,PhysioNet:f18,Second Rest,Rest,2.0,-1.0,0.3290994167327881,0.5758824
PhysioNet,PhysioNet:f18,Second Rest,Rest,2.0,-1.0,0.0835791602730751,0.31936276
PhysioNet,PhysioNet:f18,Second Rest,Rest,2.0,-1.0,0.07825397700071335,0.6006755
PhysioNet,PhysioNet:f18,Second Rest,Rest,2.0,-1.0,0.013142936863005161,0.16629227
PhysioNet,PhysioNet:f18,Second Rest,Rest,2.0,-1.0,0.044564276933670044,0.446518
PhysioNet,PhysioNet:f18,Second Rest,Rest,2.0,-1.0,0.13852697610855103,0.46530733
PhysioNet,PhysioNet:f18,Second Rest,Rest,2.0,-1.0,0.1881246417760849,0.2683723
PhysioNet,PhysioNet:f18,Second Rest,Rest,2.0,-1.0,0.19860480725765228,0.748016
PhysioNet,PhysioNet:f18,Second Rest,Rest,2.0,-1.0,0.05901137739419937,0.53866917
PhysioNet,PhysioNet:f18,Second Rest,Rest,2.0,-1.0,0.07093769311904907,0.6984275
PhysioNet,PhysioNet:f18,Baseline,Baseline,3.0,0.0,0.08828847110271454,0.59861237
PhysioNet,PhysioNet:f18,Baseline,Baseline,3.0,0.0,0.15532511472702026,0.5656373
PhysioNet,PhysioNet:f18,Baseline,Baseline,3.0,0.0,0.14537939429283142,0.59114933
PhysioNet,PhysioNet:f18,Baseline,Baseline,3.0,0.0,0.05622173100709915,0.5454201
PhysioNet,PhysioNet:f18,Baseline,Baseline,3.0,0.0,0.08180105686187744,0.71193194
WESAD,WESAD:S10,baseline,Baseline,1.0,0.0,0.001744024339132011,0.14405335
WESAD,WESAD:S10,baseline,Baseline,1.0,0.0,0.00061332545010373,0.1616257
WESAD,WESAD:S10,baseline,Baseline,1.0,0.0,0.000944740604609251,0.2350965
WESAD,WESAD:S10,baseline,Baseline,1.0,0.0,0.000944740604609251,0.29269007
WESAD,WESAD:S10,baseline,Baseline,1.0,0.0,0.0014118258841335773,0.35501674
WESAD,WESAD:S10,baseline,Baseline,1.0,0.0,0.005882635246962309,0.12361598
WESAD,WESAD:S10,baseline,Baseline,1.0,0.0,0.0036731897853314877,0.14396186
WESAD,WESAD:S10,baseline,Baseline,1.0,0.0,0.0006139287143014371,0.098602764
WESAD,WESAD:S10,baseline,Baseline,1.0,0.0,0.007049428764730692,0.1198865
WESAD,WESAD:S10,baseline,Baseline,1.0,0.0,0.05219855159521103,0.40029037
WESAD,WESAD:S10,baseline,Baseline,1.0,0.0,0.0005972101353108883,0.28662336
WESAD,WESAD:S10,baseline,Baseline,1.0,0.0,0.0009674232569523156,0.24370544
WESAD,WESAD:S10,baseline,Baseline,1.0,0.0,0.0006570647237822413,0.25174847
WESAD,WESAD:S10,baseline,Baseline,1.0,0.0,0.02107277885079384,0.40941352
WESAD,WESAD:S10,baseline,Baseline,1.0,0.0,0.001401713932864368,0.3774739
WESAD,WESAD:S10,baseline,Baseline,1.0,0.0,0.0013870641123503447,0.47261894
WESAD,WESAD:S10,baseline,Baseline,1.0,0.0,0.001426557544618845,0.5512712
WESAD,WESAD:S10,baseline,Baseline,1.0,0.0,0.0013539883075281978,0.3335604
WESAD,WESAD:S10,baseline,Baseline,1.0,0.0,0.0014795291936025023,0.33492678
WESAD,WESAD:S10,baseline,Baseline,1.0,0.0,0.0008985658059827983,0.38227594
WESAD,WESAD:S10,baseline,Baseline,1.0,0.0,0.0009242143132723868,0.30374837
WESAD,WESAD:S10,baseline,Baseline,1.0,0.0,0.0045903935097157955,0.3148657
WESAD,WESAD:S10,baseline,Baseline,1.0,0.0,0.0008107635076157749,0.28526974
WESAD,WESAD:S10,baseline,Baseline,1.0,0.0,0.0009300856618210673,0.2418485
WESAD,WESAD:S10,baseline,Baseline,1.0,0.0,0.0009610948036424816,0.29936513
WESAD,WESAD:S10,baseline,Baseline,1.0,0.0,0.000632667273748666,0.2319919
WESAD,WESAD:S10,baseline,Baseline,1.0,0.0,0.02822653017938137,0.41315156
WESAD,WESAD:S10,baseline,Baseline,1.0,0.0,0.0005787494592368603,0.11343803
WESAD,WESAD:S10,baseline,Baseline,1.0,0.0,0.000977515708655119,0.05512611
WESAD,WESAD:S10,baseline,Baseline,1.0,0.0,0.002277456223964691,0.17887679
WESAD,WESAD:S10,baseline,Baseline,1.0,0.0,0.0021239875350147486,0.28200048
WESAD,WESAD:S10,baseline,Baseline,1.0,0.0,0.002517840825021267,0.23024346
WESAD,WESAD:S10,baseline,Baseline,1.0,0.0,0.0009627393446862698,0.359671
WESAD,WESAD:S10,baseline,Baseline,1.0,0.0,0.0008646778296679258,0.19900598
WESAD,WESAD:S10,baseline,Baseline,1.0,0.0,0.0012722918763756752,0.13924251
WESAD,WESAD:S10,baseline,Baseline,1.0,0.0,0.0009946376085281372,0.25232702
WESAD,WESAD:S10,baseline,Baseline,1.0,0.0,0.000923706276807934,0.24212065
WESAD,WESAD:S10,baseline,Baseline,1.0,0.0,0.0019181343959644437,0.64789945
WESAD,WESAD:S10,amusement,Amusement,1.0,0.0,0.0010917297331616282,0.39992213
WESAD,WESAD:S10,amusement,Amusement,1.0,0.0,0.0010100308572873473,0.25423273
WESAD,WESAD:S10,amusement,Amusement,1.0,0.0,0.0010034679435193539,0.20431748
WESAD,WESAD:S10,amusement,Amusement,1.0,0.0,0.0008925432339310646,0.18303998
WESAD,WESAD:S10,amusement,Amusement,1.0,0.0,0.0012940173037350178,0.14666127
WESAD,WESAD:S10,amusement,Amusement,1.0,0.0,0.0008610556833446026,0.10560789
WESAD,WESAD:S10,amusement,Amusement,1.0,0.0,0.0007996430504135787,0.124927595
WESAD,WESAD:S10,amusement,Amusement,1.0,0.0,0.0008610556833446026,0.09224263
WESAD,WESAD:S10,amusement,Amusement,1.0,0.0,0.0007535936892963946,0.11327563
WESAD,WESAD:S10,amusement,Amusement,1.0,0.0,0.0007008660468272865,0.12452731
WESAD,WESAD:S10,amusement,Amusement,1.0,0.0,0.0014616380212828517,0.11759318
WESAD,WESAD:S10,meditation,Meditation,,,0.0008206993225030601,0.22918674
WESAD,WESAD:S10,meditation,Meditation,,,0.0005301253404468298,0.18907718
WESAD,WESAD:S10,meditation,Meditation,,,0.000824986316729337,0.1616333
WESAD,WESAD:S10,meditation,Meditation,,,0.0008114726515486836,0.17625484
WESAD,WESAD:S10,meditation,Meditation,,,0.0007876971503719687,0.17214063
WESAD,WESAD:S10,meditation,Meditation,,,0.0007220226107165217,0.16891682
WESAD,WESAD:S10,meditation,Meditation,,,0.0006443457095883787,0.17494485
WESAD,WESAD:S10,meditation,Meditation,,,0.0004990728921256959,0.15301764
WESAD,WESAD:S10,meditation,Meditation,,,0.0004791060637217015,0.14960423
WESAD,WESAD:S10,meditation,Meditation,,,0.000529577664565295,0.15813479
WESAD,WESAD:S10,meditation,Meditation,,,0.0006048534996807575,0.1802988
WESAD,WESAD:S10,meditation,Meditation,,,0.0005537988035939634,0.1760451
WESAD,WESAD:S10,stress,Stress,3.0,2.0,0.9954769015312195,0.43145382
WESAD,WESAD:S10,stress,Stress,3.0,2.0,0.9781126379966736,0.41504434
WESAD,WESAD:S10,stress,Stress,3.0,2.0,0.9979689717292786,0.8503633
WESAD,WESAD:S10,stress,Stress,3.0,2.0,0.9969670176506042,0.63073087
WESAD,WESAD:S10,stress,Stress,3.0,2.0,0.9970884919166565,0.8548755
WESAD,WESAD:S10,stress,Stress,3.0,2.0,0.9960857629776001,0.7796843
WESAD,WESAD:S10,stress,Stress,3.0,2.0,0.9912055134773254,0.8355983
WESAD,WESAD:S10,stress,Stress,3.0,2.0,0.6556156873703003,0.61061543
WESAD,WESAD:S10,stress,Stress,3.0,2.0,0.9607956409454346,0.7892949
WESAD,WESAD:S10,stress,Stress,3.0,2.0,0.9962024092674255,0.8660019
WESAD,WESAD:S10,stress,Stress,3.0,2.0,0.9872574210166931,0.7786121
WESAD,WESAD:S10,stress,Stress,3.0,2.0,0.9920692443847656,0.8447986
WESAD,WESAD:S10,stress,Stress,3.0,2.0,0.967399001121521,0.81246936
WESAD,WESAD:S10,stress,Stress,3.0,2.0,0.9433073997497559,0.8586987
WESAD,WESAD:S10,stress,Stress,3.0,2.0,0.9844294786453247,0.7094512
WESAD,WESAD:S10,stress,Stress,3.0,2.0,0.9696095585823059,0.62858
WESAD,WESAD:S10,stress,Stress,3.0,2.0,0.9802425503730774,0.66071016
WESAD,WESAD:S10,stress,Stress,3.0,2.0,0.9217051267623901,0.5715172
WESAD,WESAD:S10,stress,Stress,3.0,2.0,0.30709806084632874,0.6057228
WESAD,WESAD:S10,stress,Stress,3.0,2.0,0.22134441137313843,0.769476
WESAD,WESAD:S10,stress,Stress,3.0,2.0,0.2669413387775421,0.71843666
WESAD,WESAD:S10,stress,Stress,3.0,2.0,0.4574163556098938,0.781001
WESAD,WESAD:S10,stress,Stress,3.0,2.0,0.018609710037708282,0.4628456
WESAD,WESAD:S10,meditation,Meditation,,,0.0043835933320224285,0.42908093
WESAD,WESAD:S10,meditation,Meditation,,,0.3216477930545807,0.36684018
WESAD,WESAD:S10,meditation,Meditation,,,0.3216477930545807,0.39458013
WESAD,WESAD:S10,meditation,Meditation,,,0.02781890332698822,0.40755346
WESAD,WESAD:S10,meditation,Meditation,,,0.02384033240377903,0.44449946
WESAD,WESAD:S10,meditation,Meditation,,,0.021946072578430176,0.41985983
WESAD,WESAD:S10,meditation,Meditation,,,0.02458280883729458,0.51591575
WESAD,WESAD:S10,meditation,Meditation,,,0.02757229655981064,0.4140194
WESAD,WESAD:S10,meditation,Meditation,,,0.02757229655981064,0.5483013
WESAD,WESAD:S10,meditation,Meditation,,,0.02757229655981064,0.5705634
WESAD,WESAD:S10,meditation,Meditation,,,0.02757229655981064,0.5598943
WESAD,WESAD:S10,meditation,Meditation,,,0.02757229655981064,0.63390815
WESAD,WESAD:S11,baseline,Baseline,1.0,0.0,0.014631460420787334,0.12649307
WESAD,WESAD:S11,baseline,Baseline,1.0,0.0,0.1020892783999443,0.29749343
WESAD,WESAD:S11,baseline,Baseline,1.0,0.0,0.06096876785159111,0.37450567
WESAD,WESAD:S11,baseline,Baseline,1.0,0.0,0.17340846359729767,0.5920969
WESAD,WESAD:S11,baseline,Baseline,1.0,0.0,0.23190687596797943,0.50310916
WESAD,WESAD:S11,baseline,Baseline,1.0,0.0,0.10193756967782974,0.26112923
WESAD,WESAD:S11,baseline,Baseline,1.0,0.0,0.8308104872703552,0.4271489
WESAD,WESAD:S11,baseline,Baseline,1.0,0.0,0.8105443716049194,0.47072026
WESAD,WESAD:S11,baseline,Baseline,1.0,0.0,0.08968787640333176,0.43945807
WESAD,WESAD:S11,baseline,Baseline,1.0,0.0,0.006148986984044313,0.443278
WESAD,WESAD:S11,baseline,Baseline,1.0,0.0,0.0017493480117991567,0.30426115
WESAD,WESAD:S11,baseline,Baseline,1.0,0.0,0.031236717477440834,0.8352323
WESAD,WESAD:S11,baseline,Baseline,1.0,0.0,0.04014696180820465,0.82295215
WESAD,WESAD:S11,baseline,Baseline,1.0,0.0,0.011945769190788269,0.71796227
WESAD,WESAD:S11,baseline,Baseline,1.0,0.0,0.0026748499367386103,0.40139347
WESAD,WESAD:S11,baseline,Baseline,1.0,0.0,0.0009593071881681681,0.6075242
WESAD,WESAD:S11,baseline,Baseline,1.0,0.0,0.0008120814454741776,0.45273533
WESAD,WESAD:S11,baseline,Baseline,1.0,0.0,0.0006159439799375832,0.3263963
WESAD,WESAD:S11,baseline,Baseline,1.0,0.0,0.000669985543936491,0.15600505
WESAD,WESAD:S11,baseline,Baseline,1.0,0.0,0.000800245616119355,0.16799076
WESAD,WESAD:S11,baseline,Baseline,1.0,0.0,0.002533735940232873,0.37333703
WESAD,WESAD:S11,baseline,Baseline,1.0,0.0,0.004418342839926481,0.26306507
WESAD,WESAD:S11,baseline,Baseline,1.0,0.0,0.00024185575603041798,0.19633506
WESAD,WESAD:S11,baseline,Baseline,1.0,0.0,0.0024981568567454815,0.3469209
WESAD,WESAD:S11,baseline,Baseline,1.0,0.0,0.0051596155390143394,0.29223737
WESAD,WESAD:S11,baseline,Baseline,1.0,0.0,0.007412876933813095,0.47858962
WESAD,WESAD:S11,baseline,Baseline,1.0,0.0,0.003187135560438037,0.4503599
WESAD,WESAD:S11,baseline,Baseline,1.0,0.0,0.001204288681037724,0.22839896
WESAD,WESAD:S11,baseline,Baseline,1.0,0.0,0.00038676592521369457,0.07548535
WESAD,WESAD:S11,baseline,Baseline,1.0,0.0,0.001319276518188417,0.09510335
WESAD,WESAD:S11,baseline,Baseline,1.0,0.0,0.006511703133583069,0.097290635
WESAD,WESAD:S11,baseline,Baseline,1.0,0.0,0.24185819923877716,0.25150552
WESAD,WESAD:S11,baseline,Baseline,1.0,0.0,0.00044142184196971357,0.09766818
WESAD,WESAD:S11,baseline,Baseline,1.0,0.0,0.00025018889573402703,0.05906013
WESAD,WESAD:S11,baseline,Baseline,1.0,0.0,0.00040957098826766014,0.08974986
WESAD,WESAD:S11,baseline,Baseline,1.0,0.0,0.00042996215051971376,0.043493137
WESAD,WESAD:S11,baseline,Baseline,1.0,0.0,0.0002688660752028227,0.045989197
WESAD,WESAD:S11,baseline,Baseline,1.0,0.0,0.0020953405182808638,0.09829909
WESAD,WESAD:S11,stress,Stress,1.0,0.0,0.9507560133934021,0.84170085
WESAD,WESAD:S11,stress,Stress,1.0,0.0,0.9544937014579773,0.84795064
WESAD,WESAD:S11,stress,Stress,1.0,0.0,0.11068394780158997,0.7181276
WESAD,WESAD:S11,stress,Stress,1.0,0.0,0.9359419345855713,0.8286041
WESAD,WESAD:S11,stress,Stress,1.0,0.0,0.9280220866203308,0.83353156
WESAD,WESAD:S11,stress,Stress,1.0,0.0,0.9717448949813843,0.84986013
WESAD,WESAD:S11,stress,Stress,1.0,0.0,0.7079594135284424,0.7354783
WESAD,WESAD:S11,stress,Stress,1.0,0.0,0.49030381441116333,0.72644037
WESAD,WESAD:S11,stress,Stress,1.0,0.0,0.887092113494873,0.8669507
WESAD,WESAD:S11,stress,Stress,1.0,0.0,0.9425170421600342,0.859572
WESAD,WESAD:S11,stress,Stress,1.0,0.0,0.8449973464012146,0.68969345
WESAD,WESAD:S11,stress,Stress,1.0,0.0,0.7178822755813599,0.6636943
WESAD,WESAD:S11,stress,Stress,1.0,0.0,0.8733839988708496,0.63816094
WESAD,WESAD:S11,stress,Stress,1.0,0.0,0.979286253452301,0.8402186
WESAD,WESAD:S11,stress,Stress,1.0,0.0,0.9953306913375854,0.8864943
WESAD,WESAD:S11,stress,Stress,1.0,0.0,0.998854398727417,0.9126659
WESAD,WESAD:S11,stress,Stress,1.0,0.0,0.9987480640411377,0.9095156
WESAD,WESAD:S11,stress,Stress,1.0,0.0,0.9977846741676331,0.9011833
WESAD,WESAD:S11,stress,Stress,1.0,0.0,0.9988439083099365,0.92891204
WESAD,WESAD:S11,stress,Stress,1.0,0.0,0.9980942606925964,0.9295546
WESAD,WESAD:S11,stress,Stress,1.0,0.0,0.989557683467865,0.9265038
WESAD,WESAD:S11,meditation,Meditation,,,0.02519814297556877,0.51494694
WESAD,WESAD:S11,meditation,Meditation,,,0.0014122744323685765,0.6949697
WESAD,WESAD:S11,meditation,Meditation,,,0.02672787755727768,0.74710387
WESAD,WESAD:S11,meditation,Meditation,,,0.0033815873321145773,0.5579086
WESAD,WESAD:S11,meditation,Meditation,,,0.0033815873321145773,0.5485507
WESAD,WESAD:S11,meditation,Meditation,,,0.0033815873321145773,0.4707172
WESAD,WESAD:S11,meditation,Meditation,,,0.004877780098468065,0.5617351
WESAD,WESAD:S11,meditation,Meditation,,,0.002169559709727764,0.5091762
WESAD,WESAD:S11,meditation,Meditation,,,0.03804133087396622,0.84655136
WESAD,WESAD:S11,meditation,Meditation,,,0.31245294213294983,0.84011936
WESAD,WESAD:S11,meditation,Meditation,,,0.03217427060008049,0.75937355
WESAD,WESAD:S11,meditation,Meditation,,,0.003096894361078739,0.50249404
WESAD,WESAD:S11,amusement,Amusement,1.0,0.0,0.0005130084464326501,0.22292024
WESAD,WESAD:S11,amusement,Amusement,1.0,0.0,0.000586841197218746,0.23732992
WESAD,WESAD:S11,amusement,Amusement,1.0,0.0,0.0005956607637926936,0.24987996
WESAD,WESAD:S11,amusement,Amusement,1.0,0.0,0.0005367271369323134,0.18543062
WESAD,WESAD:S11,amusement,Amusement,1.0,0.0,0.0004581477551255375,0.16454045
WESAD,WESAD:S11,amusement,Amusement,1.0,0.0,0.0002717371971812099,0.08190184
WESAD,WESAD:S11,amusement,Amusement,1.0,0.0,0.0007751904195174575,0.27257866
WESAD,WESAD:S11,amusement,Amusement,1.0,0.0,0.0018405793234705925,0.22734272
WESAD,WESAD:S11,amusement,Amusement,1.0,0.0,0.00045353121822699904,0.112435155
WESAD,WESAD:S11,amusement,Amusement,1.0,0.0,0.00041658361442387104,0.20217516
WESAD,WESAD:S11,amusement,Amusement,1.0,0.0,0.0003181281208526343,0.11938694
WESAD,WESAD:S11,meditation,Meditation,,,0.001784460968337953,0.38526848
WESAD,WESAD:S11,meditation,Meditation,,,0.001784460968337953,0.26699284
WESAD,WESAD:S11,meditation,Meditation,,,0.001784460968337953,0.17203915
WESAD,WESAD:S11,meditation,Meditation,,,0.001784460968337953,0.18225549
WESAD,WESAD:S11,meditation,Meditation,,,0.018477924168109894,0.17136055
WESAD,WESAD:S11,meditation,Meditation,,,0.0014703324995934963,0.047240775
WESAD,WESAD:S11,meditation,Meditation,,,0.0014703324995934963,0.0697483
WESAD,WESAD:S11,meditation,Meditation,,,0.001784460968337953,0.14387956
WESAD,WESAD:S11,meditation,Meditation,,,0.0018942514434456825,0.14239733
WESAD,WESAD:S11,meditation,Meditation,,,0.0018942514434456825,0.14239733
WESAD,WESAD:S11,meditation,Meditation,,,0.0018807020969688892,0.14387956
WESAD,WESAD:S11,meditation,Meditation,,,0.0018942514434456825,0.14239733
WESAD,WESAD:S13,baseline,Baseline,1.0,0.0,0.00841376930475235,0.33294734
WESAD,WESAD:S13,baseline,Baseline,1.0,0.0,0.004650492686778307,0.28137824
WESAD,WESAD:S13,baseline,Baseline,1.0,0.0,0.6257440447807312,0.4623906
WESAD,WESAD:S13,baseline,Baseline,1.0,0.0,0.01505233347415924,0.5047968
WESAD,WESAD:S13,baseline,Baseline,1.0,0.0,0.0040869633667171,0.40146163
WESAD,WESAD:S13,baseline,Baseline,1.0,0.0,0.00205951277166605,0.19800293
WESAD,WESAD:S13,baseline,Baseline,1.0,0.0,0.0008316363673657179,0.1354114
WESAD,WESAD:S13,baseline,Baseline,1.0,0.0,0.009814556688070297,0.5187699
WESAD,WESAD:S13,baseline,Baseline,1.0,0.0,0.006921111606061459,0.31469277
WESAD,WESAD:S13,baseline,Baseline,1.0,0.0,0.003102037822827697,0.24490678
WESAD,WESAD:S13,baseline,Baseline,1.0,0.0,0.0033888008911162615,0.28209847
WESAD,WESAD:S13,baseline,Baseline,1.0,0.0,0.0026464122347533703,0.20517308
WESAD,WESAD:S13,baseline,Baseline,1.0,0.0,0.0032653443049639463,0.37183285
WESAD,WESAD:S13,baseline,Baseline,1.0,0.0,0.0048548574559390545,0.75158966
WESAD,WESAD:S13,baseline,Baseline,1.0,0.0,0.0007472189608961344,0.69632965
WESAD,WESAD:S13,baseline,Baseline,1.0,0.0,0.00040815811371430755,0.34101254
WESAD,WESAD:S13,baseline,Baseline,1.0,0.0,0.0006371657364070415,0.3159261
WESAD,WESAD:S13,baseline,Baseline,1.0,0.0,0.00030729948775842786,0.1123308
WESAD,WESAD:S13,baseline,Baseline,1.0,0.0,0.0014640806475654244,0.46422443
WESAD,WESAD:S13,baseline,Baseline,1.0,0.0,0.0017752452986314893,0.35351947
WESAD,WESAD:S13,baseline,Baseline,1.0,0.0,0.0008432816830463707,0.11440101
WESAD,WESAD:S13,baseline,Baseline,1.0,0.0,0.11870899051427841,0.20190947
WESAD,WESAD:S13,baseline,Baseline,1.0,0.0,0.0007809604285284877,0.20536323
WESAD,WESAD:S13,baseline,Baseline,1.0,0.0,0.0004056917387060821,0.1488232
WESAD,WESAD:S13,baseline,Baseline,1.0,0.0,0.00030536812846548855,0.08557085
WESAD,WESAD:S13,baseline,Baseline,1.0,0.0,0.0004037406761199236,0.12496463
WESAD,WESAD:S13,baseline,Baseline,1.0,0.0,0.0006435476243495941,0.11508679
WESAD,WESAD:S13,baseline,Baseline,1.0,0.0,0.0006108114612288773,0.1295816
WESAD,WESAD:S13,baseline,Baseline,1.0,0.0,0.0002778388443402946,0.090489574
WESAD,WESAD:S13,baseline,Baseline,1.0,0.0,0.0002922380808740854,0.078584924
WESAD,WESAD:S13,baseline,Baseline,1.0,0.0,0.0002645181375555694,0.05342731
WESAD,WESAD:S13,baseline,Baseline,1.0,0.0,0.00045420179958455265,0.16001731
WESAD,WESAD:S13,baseline,Baseline,1.0,0.0,0.0006570246769115329,0.16530846
WESAD,WESAD:S13,baseline,Baseline,1.0,0.0,0.0005473070777952671,0.13706869
WESAD,WESAD:S13,baseline,Baseline,1.0,0.0,0.0005428292788565159,0.28470096
WESAD,WESAD:S13,baseline,Baseline,1.0,0.0,0.0005330972489900887,0.2976063
WESAD,WESAD:S13,baseline,Baseline,1.0,0.0,0.0005531847709789872,0.14878848
WESAD,WESAD:S13,baseline,Baseline,1.0,0.0,0.0003083227784372866,0.09801636
WESAD,WESAD:S13,amusement,Amusement,1.0,0.0,0.0005513654905371368,0.17370903
WESAD,WESAD:S13,amusement,Amusement,1.0,0.0,0.014175551943480968,0.6864587
WESAD,WESAD:S13,amusement,Amusement,1.0,0.0,0.08672022819519043,0.76222336
WESAD,WESAD:S13,amusement,Amusement,1.0,0.0,0.18540611863136292,0.76990074
WESAD,WESAD:S13,amusement,Amusement,1.0,0.0,0.003855907591059804,0.5703449
WESAD,WESAD:S13,amusement,Amusement,1.0,0.0,0.0015204462688416243,0.6156623
WESAD,WESAD:S13,amusement,Amusement,1.0,0.0,0.0008377805352210999,0.33148855
WESAD,WESAD:S13,amusement,Amusement,1.0,0.0,0.0011524106375873089,0.41053727
WESAD,WESAD:S13,amusement,Amusement,1.0,0.0,0.0004934234311804175,0.6371623
WESAD,WESAD:S13,amusement,Amusement,1.0,0.0,0.00031538819894194603,0.11201526
WESAD,WESAD:S13,amusement,Amusement,1.0,0.0,0.0006853985833004117,0.21137573
WESAD,WESAD:S13,meditation,Meditation,,,0.00045661264448426664,0.1629357
WESAD,WESAD:S13,meditation,Meditation,,,0.0007229569600895047,0.1396753
WESAD,WESAD:S13,meditation,Meditation,,,0.0006832952494733036,0.14943382
WESAD,WESAD:S13,meditation,Meditation,,,0.0004363695334177464,0.062918596
WESAD,WESAD:S13,meditation,Meditation,,,0.000416495866375044,0.07025107
WESAD,WESAD:S13,meditation,Meditation,,,0.00032359006581828,0.09442114
WESAD,WESAD:S13,meditation,Meditation,,,0.00032359006581828,0.0980209
WESAD,WESAD:S13,meditation,Meditation,,,0.0003068448568228632,0.05408994
WESAD,WESAD:S13,meditation,Meditation,,,0.00027337478240951896,0.083150275
WESAD,WESAD:S13,meditation,Meditation,,,0.00027337478240951896,0.08675368
WESAD,WESAD:S13,meditation,Meditation,,,0.00027337478240951896,0.08525294
WESAD,WESAD:S13,meditation,Meditation,,,0.00035222110454924405,0.14248917
WESAD,WESAD:S13,stress,Stress,3.0,2.0,0.9994251728057861,0.91822743
WESAD,WESAD:S13,stress,Stress,3.0,2.0,0.997580885887146,0.7958995
WESAD,WESAD:S13,stress,Stress,3.0,2.0,0.9974470138549805,0.84836704
WESAD,WESAD:S13,stress,Stress,3.0,2.0,0.9927391409873962,0.73501766
WESAD,WESAD:S13,stress,Stress,3.0,2.0,0.9992141723632812,0.88017255
WESAD,WESAD:S13,stress,Stress,3.0,2.0,0.9995611310005188,0.91101384
WESAD,WESAD:S13,stress,Stress,3.0,2.0,0.9995707869529724,0.94578254
WESAD,WESAD:S13,stress,Stress,3.0,2.0,0.9985290765762329,0.9342098
WESAD,WESAD:S13,stress,Stress,3.0,2.0,0.9991967082023621,0.95843935
WESAD,WESAD:S13,stress,Stress,3.0,2.0,0.9964607357978821,0.93734133
WESAD,WESAD:S13,stress,Stress,3.0,2.0,0.9713446497917175,0.81527036
WESAD,WESAD:S13,stress,Stress,3.0,2.0,0.9991232752799988,0.9470193
WESAD,WESAD:S13,stress,Stress,3.0,2.0,0.9993870258331299,0.9465982
WESAD,WESAD:S13,stress,Stress,3.0,2.0,0.9945350885391235,0.9144982
WESAD,WESAD:S13,stress,Stress,3.0,2.0,0.9960753321647644,0.9127108
WESAD,WESAD:S13,stress,Stress,3.0,2.0,0.9994906187057495,0.9526487
WESAD,WESAD:S13,stress,Stress,3.0,2.0,0.979548454284668,0.7790797
WESAD,WESAD:S13,stress,Stress,3.0,2.0,0.998104453086853,0.8663842
WESAD,WESAD:S13,stress,Stress,3.0,2.0,0.9970998764038086,0.7456328
WESAD,WESAD:S13,stress,Stress,3.0,2.0,0.8094518184661865,0.6868387
WESAD,WESAD:S13,stress,Stress,3.0,2.0,0.9939316511154175,0.8508189
WESAD,WESAD:S13,meditation,Meditation,,,0.00046998256584629416,0.12004387
WESAD,WESAD:S13,meditation,Meditation,,,0.000444192934082821,0.19270329
WESAD,WESAD:S13,meditation,Meditation,,,0.0003951730323024094,0.20693517
WESAD,WESAD:S13,meditation,Meditation,,,0.0004456850583665073,0.21890338
WESAD,WESAD:S13,meditation,Meditation,,,0.0004456850583665073,0.14648844
WESAD,WESAD:S13,meditation,Meditation,,,0.0003951730323024094,0.14769101
WESAD,WESAD:S13,meditation,Meditation,,,0.0003951730323024094,0.22406602
WESAD,WESAD:S13,meditation,Meditation,,,0.0004456850583665073,0.16451849
WESAD,WESAD:S13,meditation,Meditation,,,0.0005328927654772997,0.13423584
WESAD,WESAD:S13,meditation,Meditation,,,0.0004832906706724316,0.11653393
WESAD,WESAD:S13,meditation,Meditation,,,0.0005524625885300338,0.21681115
WESAD,WESAD:S13,meditation,Meditation,,,0.0004758749564643949,0.40867314
WESAD,WESAD:S14,baseline,Baseline,1.0,0.0,0.012643800117075443,0.42917454
WESAD,WESAD:S14,baseline,Baseline,1.0,0.0,0.0006966411601752043,0.13949347
WESAD,WESAD:S14,baseline,Baseline,1.0,0.0,0.00041229609632864594,0.12612437
WESAD,WESAD:S14,baseline,Baseline,1.0,0.0,0.0004572634061332792,0.07792936
WESAD,WESAD:S14,baseline,Baseline,1.0,0.0,0.2038334757089615,0.17424652
WESAD,WESAD:S14,baseline,Baseline,1.0,0.0,0.036034855991601944,0.10947333
WESAD,WESAD:S14,baseline,Baseline,1.0,0.0,0.0007723195594735444,0.0103582395
WESAD,WESAD:S14,baseline,Baseline,1.0,0.0,0.0006447130581364036,0.02686415
WESAD,WESAD:S14,baseline,Baseline,1.0,0.0,0.0005400785012170672,0.017243618
WESAD,WESAD:S14,baseline,Baseline,1.0,0.0,0.0006819258560426533,0.012366103
WESAD,WESAD:S14,baseline,Baseline,1.0,0.0,0.000453404791187495,0.016436215
WESAD,WESAD:S14,baseline,Baseline,1.0,0.0,0.0008300031768158078,0.015997922
WESAD,WESAD:S14,baseline,Baseline,1.0,0.0,0.0005281691555865109,0.0138715515
WESAD,WESAD:S14,baseline,Baseline,1.0,0.0,0.0004931022995151579,0.021553358
WESAD,WESAD:S14,baseline,Baseline,1.0,0.0,0.0008609658689238131,0.014622003
WESAD,WESAD:S14,baseline,Baseline,1.0,0.0,0.001934534520842135,0.025772404
WESAD,WESAD:S14,baseline,Baseline,1.0,0.0,0.0009010822395794094,0.1430833
WESAD,WESAD:S14,baseline,Baseline,1.0,0.0,0.001564960926771164,0.10920713
WESAD,WESAD:S14,baseline,Baseline,1.0,0.0,0.0011786967515945435,0.049955264
WESAD,WESAD:S14,baseline,Baseline,1.0,0.0,0.0014407220296561718,0.02176013
WESAD,WESAD:S14,baseline,Baseline,1.0,0.0,0.0006467223865911365,0.027975515
WESAD,WESAD:S14,baseline,Baseline,1.0,0.0,0.000621626793872565,0.097209595
WESAD,WESAD:S14,baseline,Baseline,1.0,0.0,0.0008968653855845332,0.0697424
WESAD,WESAD:S14,baseline,Baseline,1.0,0.0,0.0025720898993313313,0.2840249
WESAD,WESAD:S14,baseline,Baseline,1.0,0.0,0.0005479985265992582,0.23218817
WESAD,WESAD:S14,baseline,Baseline,1.0,0.0,0.0003197006299160421,0.11726324
WESAD,WESAD:S14,baseline,Baseline,1.0,0.0,0.0050783646292984486,0.16706844
WESAD,WESAD:S14,baseline,Baseline,1.0,0.0,0.010863568633794785,0.13536231
WESAD,WESAD:S14,baseline,Baseline,1.0,0.0,0.002078856574371457,0.13313445
WESAD,WESAD:S14,baseline,Baseline,1.0,0.0,0.002225774573162198,0.18944645
WESAD,WESAD:S14,baseline,Baseline,1.0,0.0,0.013786109164357185,0.39052892
WESAD,WESAD:S14,baseline,Baseline,1.0,0.0,0.00771660590544343,0.47837305
WESAD,WESAD:S14,baseline,Baseline,1.0,0.0,0.0015339215751737356,0.35443878
WESAD,WESAD:S14,baseline,Baseline,1.0,0.0,0.002902590436860919,0.28443342
WESAD,WESAD:S14,baseline,Baseline,1.0,0.0,0.0019338175188750029,0.27035496
WESAD,WESAD:S14,baseline,Baseline,1.0,0.0,0.002973716240376234,0.14193726
WESAD,WESAD:S14,baseline,Baseline,1.0,0.0,0.002887401496991515,0.20242219
WESAD,WESAD:S14,baseline,Baseline,1.0,0.0,0.0025219975505024195,0.14943902
WESAD,WESAD:S14,stress,Stress,2.0,1.0,0.9921017289161682,0.78208333
WESAD,WESAD:S14,stress,Stress,2.0,1.0,0.9876720905303955,0.7449122
WESAD,WESAD:S14,stress,Stress,2.0,1.0,0.9964231848716736,0.73327214
WESAD,WESAD:S14,stress,Stress,2.0,1.0,0.9979910850524902,0.8100142
WESAD,WESAD:S14,stress,Stress,2.0,1.0,0.9956299066543579,0.6587835
WESAD,WESAD:S14,stress,Stress,2.0,1.0,0.9812953472137451,0.7005607
WESAD,WESAD:S14,stress,Stress,2.0,1.0,0.9104622602462769,0.6312845
WESAD,WESAD:S14,stress,Stress,2.0,1.0,0.9991762042045593,0.7873887
WESAD,WESAD:S14,stress,Stress,2.0,1.0,0.9975742697715759,0.8200637
WESAD,WESAD:S14,stress,Stress,2.0,1.0,0.9968690276145935,0.87273145
WESAD,WESAD:S14,stress,Stress,2.0,1.0,0.9906527996063232,0.88397396
WESAD,WESAD:S14,stress,Stress,2.0,1.0,0.9537509679794312,0.8332379
WESAD,WESAD:S14,stress,Stress,2.0,1.0,0.8907991051673889,0.8308157
WESAD,WESAD:S14,stress,Stress,2.0,1.0,0.9371703267097473,0.9161736
WESAD,WESAD:S14,stress,Stress,2.0,1.0,0.8786357641220093,0.9682671
WESAD,WESAD:S14,stress,Stress,2.0,1.0,0.9416310787200928,0.97153217
WESAD,WESAD:S14,stress,Stress,2.0,1.0,0.9731550216674805,0.9716868
WESAD,WESAD:S14,stress,Stress,2.0,1.0,0.9879856705665588,0.9607117
WESAD,WESAD:S14,stress,Stress,2.0,1.0,0.734505832195282,0.9327812
WESAD,WESAD:S14,stress,Stress,2.0,1.0,0.9799474477767944,0.85416937
WESAD,WESAD:S14,stress,Stress,2.0,1.0,0.971007227897644,0.79265255
WESAD,WESAD:S14,meditation,Meditation,,,0.001893146545626223,0.2514078
WESAD,WESAD:S14,meditation,Meditation,,,0.0019197892397642136,0.30087048
WESAD,WESAD:S14,meditation,Meditation,,,0.0015658903867006302,0.42793506
WESAD,WESAD:S14,meditation,Meditation,,,0.002443052129819989,0.6039223
WESAD,WESAD:S14,meditation,Meditation,,,0.002318907994776964,0.3789145
WESAD,WESAD:S14,meditation,Meditation,,,0.0017852544551715255,0.31975132
WESAD,WESAD:S14,meditation,Meditation,,,0.0012136850273236632,0.27162895
WESAD,WESAD:S14,meditation,Meditation,,,0.002123016631230712,0.32997
WESAD,WESAD:S14,meditation,Meditation,,,0.0017016894416883588,0.34841955
WESAD,WESAD:S14,meditation,Meditation,,,0.0022838199511170387,0.25046137
WESAD,WESAD:S14,meditation,Meditation,,,0.0014715279685333371,0.35013613
WESAD,WESAD:S14,meditation,Meditation,,,0.0016402587061747909,0.39509434
WESAD,WESAD:S14,amusement,Amusement,1.0,0.0,0.18859760463237762,0.7335217
WESAD,WESAD:S14,amusement,Amusement,1.0,0.0,0.0022442855406552553,0.6224506
WESAD,WESAD:S14,amusement,Amusement,1.0,0.0,0.04731852561235428,0.67410225
WESAD,WESAD:S14,amusement,Amusement,1.0,0.0,0.002825761679559946,0.25571665
WESAD,WESAD:S14,amusement,Amusement,1.0,0.0,0.0017061348771676421,0.38422403
WESAD,WESAD:S14,amusement,Amusement,1.0,0.0,0.0010962177766487002,0.33126652
WESAD,WESAD:S14,amusement,Amusement,1.0,0.0,0.0014646385097876191,0.65281564
WESAD,WESAD:S14,amusement,Amusement,1.0,0.0,0.0013319123536348343,0.646197
WESAD,WESAD:S14,amusement,Amusement,1.0,0.0,0.000979061471298337,0.4798742
WESAD,WESAD:S14,amusement,Amusement,1.0,0.0,0.0016402587061747909,0.3585181
WESAD,WESAD:S14,amusement,Amusement,1.0,0.0,0.0009038902935571969,0.34442434
WESAD,WESAD:S14,meditation,Meditation,,,0.0019845454953610897,0.4221705
WESAD,WESAD:S14,meditation,Meditation,,,0.002091696485877037,0.2947683
WESAD,WESAD:S14,meditation,Meditation,,,0.0014771859860047698,0.44460416
WESAD,WESAD:S14,meditation,Meditation,,,0.0009041520534083247,0.32265452
WESAD,WESAD:S14,meditation,Meditation,,,0.0016395687125623226,0.50377566
WESAD,WESAD:S14,meditation,Meditation,,,0.0013976064510643482,0.45013046
WESAD,WESAD:S14,meditation,Meditation,,,0.0010402383049950004,0.27696595
WESAD,WESAD:S14,meditation,Meditation,,,0.000884507317095995,0.33514735
WESAD,WESAD:S14,meditation,Meditation,,,0.0006872814265079796,0.40158638
WESAD,WESAD:S14,meditation,Meditation,,,0.0011221333406865597,0.30863217
WESAD,WESAD:S14,meditation,Meditation,,,0.0019005772192031145,0.31259915
WESAD,WESAD:S14,meditation,Meditation,,,0.0017016894416883588,0.2655188
WESAD,WESAD:S15,baseline,Baseline,1.0,0.0,0.010658659040927887,0.30457798
WESAD,WESAD:S15,baseline,Baseline,1.0,0.0,0.09492991864681244,0.2494999
WESAD,WESAD:S15,baseline,Baseline,1.0,0.0,0.0018067859346047044,0.29988813
WESAD,WESAD:S15,baseline,Baseline,1.0,0.0,0.0002290100819664076,0.1961313
WESAD,WESAD:S15,baseline,Baseline,1.0,0.0,0.0025421399623155594,0.2294886
WESAD,WESAD:S15,baseline,Baseline,1.0,0.0,0.002664331579580903,0.29630223
WESAD,WESAD:S15,baseline,Baseline,1.0,0.0,0.002664331579580903,0.3014344
WESAD,WESAD:S15,baseline,Baseline,1.0,0.0,0.0018067859346047044,0.26600114
WESAD,WESAD:S15,baseline,Baseline,1.0,0.0,0.0021881943102926016,0.26233545
WESAD,WESAD:S15,baseline,Baseline,1.0,0.0,0.0025421399623155594,0.30196217
WESAD,WESAD:S15,baseline,Baseline,1.0,0.0,0.0018067859346047044,0.24990919
WESAD,WESAD:S15,baseline,Baseline,1.0,0.0,0.002664331579580903,0.298172
WESAD,WESAD:S15,baseline,Baseline,1.0,0.0,0.000918623642064631,0.120147005
WESAD,WESAD:S15,baseline,Baseline,1.0,0.0,0.03447612002491951,0.22058357
WESAD,WESAD:S15,baseline,Baseline,1.0,0.0,0.11893223226070404,0.2422086
WESAD,WESAD:S15,baseline,Baseline,1.0,0.0,0.017316583544015884,0.28641984
WESAD,WESAD:S15,baseline,Baseline,1.0,0.0,0.002664331579580903,0.2569839
WESAD,WESAD:S15,baseline,Baseline,1.0,0.0,0.0038029709830880165,0.30157298
WESAD,WESAD:S15,baseline,Baseline,1.0,0.0,0.0025421399623155594,0.298172
WESAD,WESAD:S15,baseline,Baseline,1.0,0.0,0.0005132309743203223,0.34897053
WESAD,WESAD:S15,baseline,Baseline,1.0,0.0,0.00031656696228310466,0.10152103
WESAD,WESAD:S15,baseline,Baseline,1.0,0.0,0.0025421399623155594,0.2826
WESAD,WESAD:S15,baseline,Baseline,1.0,0.0,0.0025421399623155594,0.381237
WESAD,WESAD:S15,baseline,Baseline,1.0,0.0,0.00024196531740017235,0.22206946
WESAD,WESAD:S15,baseline,Baseline,1.0,0.0,0.0023466774728149176,0.2204695
WESAD,WESAD:S15,baseline,Baseline,1.0,0.0,0.0025421399623155594,0.2803244
WESAD,WESAD:S15,baseline,Baseline,1.0,0.0,0.0038029709830880165,0.3394009
WESAD,WESAD:S15,baseline,Baseline,1.0,0.0,0.0024755652993917465,0.39377892
WESAD,WESAD:S15,baseline,Baseline,1.0,0.0,0.002498718909919262,0.4105763
WESAD,WESAD:S15,baseline,Baseline,1.0,0.0,0.0635308101773262,0.38969785
WESAD,WESAD:S15,baseline,Baseline,1.0,0.0,0.054586149752140045,0.35565358
WESAD,WESAD:S15,baseline,Baseline,1.0,0.0,0.01866818591952324,0.4537089
WESAD,WESAD:S15,baseline,Baseline,1.0,0.0,0.05050630122423172,0.46463493
WESAD,WESAD:S15,baseline,Baseline,1.0,0.0,0.11033149808645248,0.45761818
WESAD,WESAD:S15,baseline,Baseline,1.0,0.0,0.12407136708498001,0.473862
WESAD,WESAD:S15,baseline,Baseline,1.0,0.0,0.13446617126464844,0.3586623
WESAD,WESAD:S15,baseline,Baseline,1.0,0.0,0.03964003548026085,0.30320612
WESAD,WESAD:S15,baseline,Baseline,1.0,0.0,0.0020062928088009357,0.3215894
WESAD,WESAD:S15,amusement,Amusement,1.0,0.0,0.9921452403068542,0.8264294
WESAD,WESAD:S15,amusement,Amusement,1.0,0.0,0.9905721545219421,0.8285847
WESAD,WESAD:S15,amusement,Amusement,1.0,0.0,0.919478178024292,0.62347114
WESAD,WESAD:S15,amusement,Amusement,1.0,0.0,0.9544965028762817,0.35631624
WESAD,WESAD:S15,amusement,Amusement,1.0,0.0,0.13509051501750946,0.42445436
WESAD,WESAD:S15,amusement,Amusement,1.0,0.0,0.10323914885520935,0.414985
WESAD,WESAD:S15,amusement,Amusement,1.0,0.0,0.053709596395492554,0.2954305
WESAD,WESAD:S15,amusement,Amusement,1.0,0.0,0.007134603802114725,0.40278023
WESAD,WESAD:S15,amusement,Amusement,1.0,0.0,0.009567045606672764,0.42503577
WESAD,WESAD:S15,amusement,Amusement,1.0,0.0,0.004990332294255495,0.50750256
WESAD,WESAD:S15,amusement,Amusement,1.0,0.0,0.004990332294255495,0.57061607
WESAD,WESAD:S15,meditation,Meditation,,,0.0012851267820224166,0.093574874
WESAD,WESAD:S15,meditation,Meditation,,,0.0003081168106291443,0.083898306
WESAD,WESAD:S15,meditation,Meditation,,,0.0003771178890019655,0.13025892
WESAD,WESAD:S15,meditation,Meditation,,,0.003229838563129306,0.38171536
WESAD,WESAD:S15,meditation,Meditation,,,0.00045507465256378055,0.14904213
WESAD,WESAD:S15,meditation,Meditation,,,0.00032000953797250986,0.0922877
WESAD,WESAD:S15,meditation,Meditation,,,0.00030903585138730705,0.08645343
WESAD,WESAD:S15,meditation,Meditation,,,0.00032000953797250986,0.06759362
WESAD,WESAD:S15,meditation,Meditation,,,0.0002590816584415734,0.07279351
WESAD,WESAD:S15,meditation,Meditation,,,0.0003296994837000966,0.07064498
WESAD,WESAD:S15,meditation,Meditation,,,0.0004491797008085996,0.1295191
WESAD,WESAD:S15,meditation,Meditation,,,0.0004491797008085996,0.20692767
WESAD,WESAD:S15,stress,Stress,3.0,2.0,0.9985771179199219,0.8995812
WESAD,WESAD:S15,stress,Stress,3.0,2.0,0.9994710087776184,0.91573334
WESAD,WESAD:S15,stress,Stress,3.0,2.0,0.9994345307350159,0.91394675
WESAD,WESAD:S15,stress,Stress,3.0,2.0,0.9995885491371155,0.9021706
WESAD,WESAD:S15,stress,Stress,3.0,2.0,0.9924606680870056,0.8801713
WESAD,WESAD:S15,stress,Stress,3.0,2.0,0.9990549683570862,0.94400674
WESAD,WESAD:S15,stress,Stress,3.0,2.0,0.9990912675857544,0.9322255
WESAD,WESAD:S15,stress,Stress,3.0,2.0,0.9991482496261597,0.9146788
WESAD,WESAD:S15,stress,Stress,3.0,2.0,0.9973387122154236,0.91034824
WESAD,WESAD:S15,stress,Stress,3.0,2.0,0.9986138343811035,0.82327497
WESAD,WESAD:S15,stress,Stress,3.0,2.0,0.998839795589447,0.9106815
WESAD,WESAD:S15,stress,Stress,3.0,2.0,0.989431619644165,0.8584084
WESAD,WESAD:S15,stress,Stress,3.0,2.0,0.9986674785614014,0.81593084
WESAD,WESAD:S15,stress,Stress,3.0,2.0,0.9695716500282288,0.9297751
WESAD,WESAD:S15,stress,Stress,3.0,2.0,0.8831456899642944,0.8622963
WESAD,WESAD:S15,stress,Stress,3.0,2.0,0.8652534484863281,0.893656
WESAD,WESAD:S15,stress,Stress,3.0,2.0,0.9899716377258301,0.9240186
WESAD,WESAD:S15,stress,Stress,3.0,2.0,0.9880010485649109,0.949815
WESAD,WESAD:S15,stress,Stress,3.0,2.0,0.9960606694221497,0.8217107
WESAD,WESAD:S15,stress,Stress,3.0,2.0,0.40061864256858826,0.56502056
WESAD,WESAD:S15,stress,Stress,3.0,2.0,0.9977301955223083,0.781847
WESAD,WESAD:S15,meditation,Meditation,,,0.08502272516489029,0.63190985
WESAD,WESAD:S15,meditation,Meditation,,,0.08502272516489029,0.63190985
WESAD,WESAD:S15,meditation,Meditation,,,0.663921058177948,0.30642858
WESAD,WESAD:S15,meditation,Meditation,,,0.8905900120735168,0.42859268
WESAD,WESAD:S15,meditation,Meditation,,,0.006895437836647034,0.37253806
WESAD,WESAD:S15,meditation,Meditation,,,0.009735502302646637,0.37803605
WESAD,WESAD:S15,meditation,Meditation,,,0.006146449130028486,0.41333282
WESAD,WESAD:S15,meditation,Meditation,,,0.801639199256897,0.6857601
WESAD,WESAD:S15,meditation,Meditation,,,0.24651634693145752,0.65184426
WESAD,WESAD:S15,meditation,Meditation,,,0.0005322188953869045,0.1947453
WESAD,WESAD:S15,meditation,Meditation,,,0.0005885986611247063,0.22460243
WESAD,WESAD:S15,meditation,Meditation,,,0.0065155355259776115,0.515806
WESAD,WESAD:S16,baseline,Baseline,1.0,0.0,0.0005105106392875314,0.22856525
WESAD,WESAD:S16,baseline,Baseline,1.0,0.0,0.0005309812841005623,0.3441361
WESAD,WESAD:S16,baseline,Baseline,1.0,0.0,0.0005383315728977323,0.232477
WESAD,WESAD:S16,baseline,Baseline,1.0,0.0,0.00035584461875259876,0.13215832
WESAD,WESAD:S16,baseline,Baseline,1.0,0.0,0.0003018748830072582,0.17772649
WESAD,WESAD:S16,baseline,Baseline,1.0,0.0,0.0009701881790533662,0.31876156
WESAD,WESAD:S16,baseline,Baseline,1.0,0.0,0.0005460132961161435,0.20400073
WESAD,WESAD:S16,baseline,Baseline,1.0,0.0,0.0002698661119211465,0.13002223
WESAD,WESAD:S16,baseline,Baseline,1.0,0.0,0.00033530761720612645,0.1800182
WESAD,WESAD:S16,baseline,Baseline,1.0,0.0,0.0005275334697216749,0.20724882
WESAD,WESAD:S16,baseline,Baseline,1.0,0.0,0.0002981318102683872,0.14342113
WESAD,WESAD:S16,baseline,Baseline,1.0,0.0,0.0003637415647972375,0.1044298
WESAD,WESAD:S16,baseline,Baseline,1.0,0.0,0.0006044745678082108,0.112771764
WESAD,WESAD:S16,baseline,Baseline,1.0,0.0,0.0005727002280764282,0.113192484
WESAD,WESAD:S16,baseline,Baseline,1.0,0.0,0.0005574123351834714,0.20629837
WESAD,WESAD:S16,baseline,Baseline,1.0,0.0,0.0008652399410493672,0.2733196
WESAD,WESAD:S16,baseline,Baseline,1.0,0.0,0.0007196800434030592,0.1021829
WESAD,WESAD:S16,baseline,Baseline,1.0,0.0,0.00033252278808504343,0.13507879
WESAD,WESAD:S16,baseline,Baseline,1.0,0.0,0.0034701626282185316,0.23153691
WESAD,WESAD:S16,baseline,Baseline,1.0,0.0,0.0019165402045473456,0.3104471
WESAD,WESAD:S16,baseline,Baseline,1.0,0.0,0.0002180762676289305,0.115728535
WESAD,WESAD:S16,baseline,Baseline,1.0,0.0,0.0005141125293448567,0.26827362
WESAD,WESAD:S16,baseline,Baseline,1.0,0.0,0.0007836120203137398,0.22916383
WESAD,WESAD:S16,baseline,Baseline,1.0,0.0,0.0013571861200034618,0.17600954
WESAD,WESAD:S16,baseline,Baseline,1.0,0.0,0.0005534909432753921,0.1778159
WESAD,WESAD:S16,baseline,Baseline,1.0,0.0,0.0003840507415588945,0.13771436
WESAD,WESAD:S16,baseline,Baseline,1.0,0.0,0.0005674379062838852,0.12960671
WESAD,WESAD:S16,baseline,Baseline,1.0,0.0,0.000621651706751436,0.16503541
WESAD,WESAD:S16,baseline,Baseline,1.0,0.0,0.00128166435752064,0.23189957
WESAD,WESAD:S16,baseline,Baseline,1.0,0.0,0.08387403935194016,0.45371065
WESAD,WESAD:S16,baseline,Baseline,1.0,0.0,0.023563304916024208,0.40109283
WESAD,WESAD:S16,baseline,Baseline,1.0,0.0,0.0006559760659001768,0.14205162
WESAD,WESAD:S16,baseline,Baseline,1.0,0.0,0.0005697976448573172,0.09572557
WESAD,WESAD:S16,baseline,Baseline,1.0,0.0,0.0003660971124190837,0.09822834
WESAD,WESAD:S16,baseline,Baseline,1.0,0.0,0.0005871735047549009,0.19046211
WESAD,WESAD:S16,baseline,Baseline,1.0,0.0,0.03613873943686485,0.41055107
WESAD,WESAD:S16,baseline,Baseline,1.0,0.0,0.0017513876082375646,0.2923495
WESAD,WESAD:S16,baseline,Baseline,1.0,0.0,0.0005727002280764282,0.22030161
WESAD,WESAD:S16,stress,Stress,3.0,2.0,0.9962430000305176,0.8536364
WESAD,WESAD:S16,stress,Stress,3.0,2.0,0.9958003163337708,0.8084053
WESAD,WESAD:S16,stress,Stress,3.0,2.0,0.9969007968902588,0.888924
WESAD,WESAD:S16,stress,Stress,3.0,2.0,0.9969007968902588,0.87909627
WESAD,WESAD:S16,stress,Stress,3.0,2.0,0.9985264539718628,0.950721
WESAD,WESAD:S16,stress,Stress,3.0,2.0,0.9991785883903503,0.9376948
WESAD,WESAD:S16,stress,Stress,3.0,2.0,0.9982378482818604,0.8545237
WESAD,WESAD:S16,stress,Stress,3.0,2.0,0.9987484216690063,0.90562296
WESAD,WESAD:S16,stress,Stress,3.0,2.0,0.9986269474029541,0.8957002
WESAD,WESAD:S16,stress,Stress,3.0,2.0,0.9989870190620422,0.92866224
WESAD,WESAD:S16,stress,Stress,3.0,2.0,0.9951601624488831,0.9035428
WESAD,WESAD:S16,stress,Stress,3.0,2.0,0.9683502316474915,0.76250374
WESAD,WESAD:S16,stress,Stress,3.0,2.0,0.9603530764579773,0.2817217
WESAD,WESAD:S16,stress,Stress,3.0,2.0,0.9832525253295898,0.3718545
WESAD,WESAD:S16,stress,Stress,3.0,2.0,0.9838894605636597,0.3352255
WESAD,WESAD:S16,stress,Stress,3.0,2.0,0.9950960278511047,0.42180717
WESAD,WESAD:S16,stress,Stress,3.0,2.0,0.9918416738510132,0.42588478
WESAD,WESAD:S16,stress,Stress,3.0,2.0,0.9938483834266663,0.48511294
WESAD,WESAD:S16,stress,Stress,3.0,2.0,0.9984641075134277,0.5152154
WESAD,WESAD:S16,stress,Stress,3.0,2.0,0.9946069121360779,0.48767212
WESAD,WESAD:S16,stress,Stress,3.0,2.0,0.9973438382148743,0.7323244
WESAD,WESAD:S16,meditation,Meditation,,,0.0018069010693579912,0.4222641
WESAD,WESAD:S16,meditation,Meditation,,,0.0038658841513097286,0.30698055
WESAD,WESAD:S16,meditation,Meditation,,,0.0025019512977451086,0.5910497
WESAD,WESAD:S16,meditation,Meditation,,,0.0030623641796410084,0.5100926
WESAD,WESAD:S16,meditation,Meditation,,,0.0005360200884751976,0.28780305
WESAD,WESAD:S16,meditation,Meditation,,,0.0003185414825566113,0.3295603
WESAD,WESAD:S16,meditation,Meditation,,,0.0007979205111041665,0.67671895
WESAD,WESAD:S16,meditation,Meditation,,,0.000497473287396133,0.56523657
WESAD,WESAD:S16,meditation,Meditation,,,0.0006149702239781618,0.5960086
WESAD,WESAD:S16,meditation,Meditation,,,0.0007418331224471331,0.61951303
WESAD,WESAD:S16,meditation,Meditation,,,0.0006633770535700023,0.618642
WESAD,WESAD:S16,meditation,Meditation,,,0.0007062433869577944,0.7051648
WESAD,WESAD:S16,amusement,Amusement,1.0,0.0,0.014543614350259304,0.4377911
WESAD,WESAD:S16,amusement,Amusement,1.0,0.0,0.035243481397628784,0.52868795
WESAD,WESAD:S16,amusement,Amusement,1.0,0.0,0.011659701354801655,0.47283226
WESAD,WESAD:S16,amusement,Amusement,1.0,0.0,0.0022839524317532778,0.45651266
WESAD,WESAD:S16,amusement,Amusement,1.0,0.0,0.02730179764330387,0.5358341
WESAD,WESAD:S16,amusement,Amusement,1.0,0.0,0.2765752375125885,0.5969225
WESAD,WESAD:S16,amusement,Amusement,1.0,0.0,0.09753057360649109,0.37725177
WESAD,WESAD:S16,amusement,Amusement,1.0,0.0,0.014813113957643509,0.3840882
WESAD,WESAD:S16,amusement,Amusement,1.0,0.0,0.010481477715075016,0.4164833
WESAD,WESAD:S16,amusement,Amusement,1.0,0.0,0.0022839524317532778,0.42469794
WESAD,WESAD:S16,amusement,Amusement,1.0,0.0,0.8246442079544067,0.868911
WESAD,WESAD:S16,meditation,Meditation,,,0.008433958515524864,0.35982737
WESAD,WESAD:S16,meditation,Meditation,,,0.010525345802307129,0.4629972
WESAD,WESAD:S16,meditation,Meditation,,,0.0008534843218512833,0.7848608
WESAD,WESAD:S16,meditation,Meditation,,,0.0017848782008513808,0.74911696
WESAD,WESAD:S16,meditation,Meditation,,,0.000522629648912698,0.64853454
WESAD,WESAD:S16,meditation,Meditation,,,0.00032779580214992166,0.4661726
WESAD,WESAD:S16,meditation,Meditation,,,0.00030898666591383517,0.47457018
WESAD,WESAD:S16,meditation,Meditation,,,0.00039018705138005316,0.39893347
WESAD,WESAD:S16,meditation,Meditation,,,0.0003460914012975991,0.3583864
WESAD,WESAD:S16,meditation,Meditation,,,0.0004361212777439505,0.45841238
WESAD,WESAD:S16,meditation,Meditation,,,0.00047021935461089015,0.20072547
WESAD,WESAD:S16,meditation,Meditation,,,0.0005390915321186185,0.25543645
WESAD,WESAD:S17,baseline,Baseline,1.0,0.0,0.12772420048713684,0.30362022
WESAD,WESAD:S17,baseline,Baseline,1.0,0.0,0.015654072165489197,0.32004207
WESAD,WESAD:S17,baseline,Baseline,1.0,0.0,0.03299541771411896,0.40667647
WESAD,WESAD:S17,baseline,Baseline,1.0,0.0,0.23219920694828033,0.5001627
WESAD,WESAD:S17,baseline,Baseline,1.0,0.0,0.11663277447223663,0.288726
WESAD,WESAD:S17,baseline,Baseline,1.0,0.0,0.04898903891444206,0.3578875
WESAD,WESAD:S17,baseline,Baseline,1.0,0.0,0.06182320788502693,0.36402804
WESAD,WESAD:S17,baseline,Baseline,1.0,0.0,0.06005151569843292,0.34215245
WESAD,WESAD:S17,baseline,Baseline,1.0,0.0,0.06406170129776001,0.25217703
WESAD,WESAD:S17,baseline,Baseline,1.0,0.0,0.036598920822143555,0.19235338
WESAD,WESAD:S17,baseline,Baseline,1.0,0.0,0.051857586950063705,0.35456207
WESAD,WESAD:S17,baseline,Baseline,1.0,0.0,0.19040200114250183,0.49460596
WESAD,WESAD:S17,baseline,Baseline,1.0,0.0,0.1801491379737854,0.31154683
WESAD,WESAD:S17,baseline,Baseline,1.0,0.0,0.2002711296081543,0.26837853
WESAD,WESAD:S17,baseline,Baseline,1.0,0.0,0.2002711296081543,0.2241014
WESAD,WESAD:S17,baseline,Baseline,1.0,0.0,0.3655712902545929,0.4325789
WESAD,WESAD:S17,baseline,Baseline,1.0,0.0,0.5218678116798401,0.4920314
WESAD,WESAD:S17,baseline,Baseline,1.0,0.0,0.4336128234863281,0.52887493
WESAD,WESAD:S17,baseline,Baseline,1.0,0.0,0.01204049400985241,0.29566365
WESAD,WESAD:S17,baseline,Baseline,1.0,0.0,0.0018087003845721483,0.15836199
WESAD,WESAD:S17,baseline,Baseline,1.0,0.0,0.0026724417693912983,0.23640153
WESAD,WESAD:S17,baseline,Baseline,1.0,0.0,0.0017744157230481505,0.24727784
WESAD,WESAD:S17,baseline,Baseline,1.0,0.0,0.001388541772030294,0.2904248
WESAD,WESAD:S17,baseline,Baseline,1.0,0.0,0.0055614374577999115,0.5112542
WESAD,WESAD:S17,baseline,Baseline,1.0,0.0,0.005815411917865276,0.4153426
WESAD,WESAD:S17,baseline,Baseline,1.0,0.0,0.0008140160352922976,0.13971753
WESAD,WESAD:S17,baseline,Baseline,1.0,0.0,0.026688899844884872,0.4010802
WESAD,WESAD:S17,baseline,Baseline,1.0,0.0,0.017762312665581703,0.23347835
WESAD,WESAD:S17,baseline,Baseline,1.0,0.0,0.0005066525773145258,0.217408
WESAD,WESAD:S17,baseline,Baseline,1.0,0.0,0.00023788442194927484,0.51481974
WESAD,WESAD:S17,baseline,Baseline,1.0,0.0,0.0006116715958341956,0.6463473
WESAD,WESAD:S17,baseline,Baseline,1.0,0.0,0.000716976763214916,0.6188969
WESAD,WESAD:S17,baseline,Baseline,1.0,0.0,0.00040067124064080417,0.54188937
WESAD,WESAD:S17,baseline,Baseline,1.0,0.0,0.0002443786070216447,0.49117818
WESAD,WESAD:S17,baseline,Baseline,1.0,0.0,0.00020995334489271045,0.18679532
WESAD,WESAD:S17,baseline,Baseline,1.0,0.0,0.0023073358461260796,0.3723036
WESAD,WESAD:S17,baseline,Baseline,1.0,0.0,0.0019077338511124253,0.5080536
WESAD,WESAD:S17,baseline,Baseline,1.0,0.0,0.0004895991878584027,0.41641182
WESAD,WESAD:S17,amusement,Amusement,1.0,0.0,0.0028925416991114616,0.5221732
WESAD,WESAD:S17,amusement,Amusement,1.0,0.0,0.019032800570130348,0.47816685
WESAD,WESAD:S17,amusement,Amusement,1.0,0.0,0.019032800570130348,0.46714464
WESAD,WESAD:S17,amusement,Amusement,1.0,0.0,0.0038863590452820063,0.5795646
WESAD,WESAD:S17,amusement,Amusement,1.0,0.0,0.0028925416991114616,0.52670413
WESAD,WESAD:S17,amusement,Amusement,1.0,0.0,0.0028925416991114616,0.52670413
WESAD,WESAD:S17,amusement,Amusement,1.0,0.0,0.002230758313089609,0.5221732
WESAD,WESAD:S17,amusement,Amusement,1.0,0.0,0.000900966813787818,0.6107656
WESAD,WESAD:S17,amusement,Amusement,1.0,0.0,0.0038863590452820063,0.51148397
WESAD,WESAD:S17,amusement,Amusement,1.0,0.0,0.0038863590452820063,0.5013719
WESAD,WESAD:S17,amusement,Amusement,1.0,0.0,0.0038863590452820063,0.45026955
WESAD,WESAD:S17,meditation,Meditation,,,0.010017399676144123,0.19332036
WESAD,WESAD:S17,meditation,Meditation,,,0.00022560857178177685,0.049809497
WESAD,WESAD:S17,meditation,Meditation,,,0.0002602412714622915,0.10471037
WESAD,WESAD:S17,meditation,Meditation,,,0.0006037041894160211,0.090583295
WESAD,WESAD:S17,meditation,Meditation,,,0.0006108271772973239,0.06029042
WESAD,WESAD:S17,meditation,Meditation,,,0.000557379680685699,0.06959026
WESAD,WESAD:S17,meditation,Meditation,,,0.00023912740289233625,0.08147046
WESAD,WESAD:S17,meditation,Meditation,,,0.0006410983041860163,0.07814272
WESAD,WESAD:S17,meditation,Meditation,,,0.0005446935538202524,0.06453702
WESAD,WESAD:S17,meditation,Meditation,,,0.0006761539843864739,0.033685017
WESAD,WESAD:S17,stress,Stress,5.0,4.0,0.045947227627038956,0.5715065
WESAD,WESAD:S17,stress,Stress,5.0,4.0,0.08617888391017914,0.68883723
WESAD,WESAD:S17,stress,Stress,5.0,4.0,0.5499669313430786,0.8017714
WESAD,WESAD:S17,stress,Stress,5.0,4.0,0.43536537885665894,0.77359766
WESAD,WESAD:S17,stress,Stress,5.0,4.0,0.013202453963458538,0.33822185
WESAD,WESAD:S17,stress,Stress,5.0,4.0,0.0020837399642914534,0.44506532
WESAD,WESAD:S17,stress,Stress,5.0,4.0,0.0072617013938724995,0.615632
WESAD,WESAD:S17,stress,Stress,5.0,4.0,0.0031585339456796646,0.44308704
WESAD,WESAD:S17,stress,Stress,5.0,4.0,0.04683780297636986,0.47879565
WESAD,WESAD:S17,stress,Stress,5.0,4.0,0.33125796914100647,0.6667255
WESAD,WESAD:S17,stress,Stress,5.0,4.0,0.06552445888519287,0.47461727
WESAD,WESAD:S17,stress,Stress,5.0,4.0,0.0006587753305211663,0.675393
WESAD,WESAD:S17,stress,Stress,5.0,4.0,0.41002964973449707,0.5985024
WESAD,WESAD:S17,stress,Stress,5.0,4.0,0.6451306939125061,0.5794643
WESAD,WESAD:S17,stress,Stress,5.0,4.0,0.7200324535369873,0.6376726
WESAD,WESAD:S17,stress,Stress,5.0,4.0,0.7930792570114136,0.76299804
WESAD,WESAD:S17,stress,Stress,5.0,4.0,0.8270569443702698,0.6742454
WESAD,WESAD:S17,stress,Stress,5.0,4.0,0.5060858726501465,0.6097628
WESAD,WESAD:S17,stress,Stress,5.0,4.0,0.8300491571426392,0.7366817
WESAD,WESAD:S17,stress,Stress,5.0,4.0,0.8194034099578857,0.8729453
WESAD,WESAD:S17,stress,Stress,5.0,4.0,0.3926223814487457,0.77681005
WESAD,WESAD:S17,stress,Stress,5.0,4.0,0.008615429513156414,0.5531193
WESAD,WESAD:S17,stress,Stress,5.0,4.0,0.007982710376381874,0.41849005
WESAD,WESAD:S17,meditation,Meditation,,,0.005330728832632303,0.39194623
WESAD,WESAD:S17,meditation,Meditation,,,0.0018572182161733508,0.18759342
WESAD,WESAD:S17,meditation,Meditation,,,0.00021742747048847377,0.041726112
WESAD,WESAD:S17,meditation,Meditation,,,0.0012505935737863183,0.10335079
WESAD,WESAD:S17,meditation,Meditation,,,0.007158981170505285,0.1711046
WESAD,WESAD:S17,meditation,Meditation,,,0.023694908246397972,0.29424915
WESAD,WESAD:S17,meditation,Meditation,,,0.0009673254680819809,0.028738866
WESAD,WESAD:S17,meditation,Meditation,,,0.00022560857178177685,0.038322657
WESAD,WESAD:S17,meditation,Meditation,,,0.0005198456929065287,0.046533715
WESAD,WESAD:S17,meditation,Meditation,,,0.0005866705905646086,0.039093684
WESAD,WESAD:S17,meditation,Meditation,,,0.0005761659704148769,0.021642527
WESAD,WESAD:S17,meditation,Meditation,,,0.0012001101858913898,0.018437034
WESAD,WESAD:S2,baseline,Baseline,1.0,0.0,0.9946092367172241,0.7310012
WESAD,WESAD:S2,baseline,Baseline,1.0,0.0,0.9940407872200012,0.6926627
WESAD,WESAD:S2,baseline,Baseline,1.0,0.0,0.8495821952819824,0.5582228
WESAD,WESAD:S2,baseline,Baseline,1.0,0.0,0.024733545258641243,0.18101422
WESAD,WESAD:S2,baseline,Baseline,1.0,0.0,0.8906330466270447,0.44451186
WESAD,WESAD:S2,baseline,Baseline,1.0,0.0,0.9858691692352295,0.5905574
WESAD,WESAD:S2,baseline,Baseline,1.0,0.0,0.3785545229911804,0.57195663
WESAD,WESAD:S2,baseline,Baseline,1.0,0.0,0.017879240214824677,0.32806385
WESAD,WESAD:S2,baseline,Baseline,1.0,0.0,0.001689096912741661,0.35792214
WESAD,WESAD:S2,baseline,Baseline,1.0,0.0,0.0049116709269583225,0.3841114
WESAD,WESAD:S2,baseline,Baseline,1.0,0.0,0.0053078955970704556,0.38546667
WESAD,WESAD:S2,baseline,Baseline,1.0,0.0,0.011167341843247414,0.4582262
WESAD,WESAD:S2,baseline,Baseline,1.0,0.0,0.010393301025032997,0.3973633
WESAD,WESAD:S2,baseline,Baseline,1.0,0.0,0.0011479940731078386,0.24418971
WESAD,WESAD:S2,baseline,Baseline,1.0,0.0,0.0002792532613966614,0.36564714
WESAD,WESAD:S2,baseline,Baseline,1.0,0.0,0.0024722174275666475,0.45922077
WESAD,WESAD:S2,baseline,Baseline,1.0,0.0,0.0006025229231454432,0.33771664
WESAD,WESAD:S2,baseline,Baseline,1.0,0.0,0.0003047393693123013,0.33695084
WESAD,WESAD:S2,baseline,Baseline,1.0,0.0,0.00033674552105367184,0.20037952
WESAD,WESAD:S2,baseline,Baseline,1.0,0.0,0.00041901832446455956,0.39679834
WESAD,WESAD:S2,baseline,Baseline,1.0,0.0,0.000314752891426906,0.40743843
WESAD,WESAD:S2,baseline,Baseline,1.0,0.0,0.0002686789957806468,0.23639882
WESAD,WESAD:S2,baseline,Baseline,1.0,0.0,0.0002686789957806468,0.17144951
WESAD,WESAD:S2,baseline,Baseline,1.0,0.0,0.0006727614090777934,0.22996782
WESAD,WESAD:S2,baseline,Baseline,1.0,0.0,0.0006211127620190382,0.23037075
WESAD,WESAD:S2,baseline,Baseline,1.0,0.0,0.00031700730323791504,0.21906585
WESAD,WESAD:S2,baseline,Baseline,1.0,0.0,0.00035501716774888337,0.10646755
WESAD,WESAD:S2,baseline,Baseline,1.0,0.0,0.00045624046470038593,0.092130534
WESAD,WESAD:S2,baseline,Baseline,1.0,0.0,0.000615669006947428,0.1805102
WESAD,WESAD:S2,baseline,Baseline,1.0,0.0,0.0010321257868781686,0.20017135
WESAD,WESAD:S2,baseline,Baseline,1.0,0.0,0.00031543811201117933,0.18561153
WESAD,WESAD:S2,baseline,Baseline,1.0,0.0,0.0003197786572854966,0.15870458
WESAD,WESAD:S2,baseline,Baseline,1.0,0.0,0.0003893109387718141,0.20306885
WESAD,WESAD:S2,baseline,Baseline,1.0,0.0,0.000525684270542115,0.20312385
WESAD,WESAD:S2,baseline,Baseline,1.0,0.0,0.0006357163074426353,0.39331415
WESAD,WESAD:S2,baseline,Baseline,1.0,0.0,0.0010101593798026443,0.3776521
WESAD,WESAD:S2,baseline,Baseline,1.0,0.0,0.4472889006137848,0.46165594
WESAD,WESAD:S2,stress,Stress,3.0,2.0,0.9974175691604614,0.5378518
WESAD,WESAD:S2,stress,Stress,3.0,2.0,0.9984397292137146,0.48018384
WESAD,WESAD:S2,stress,Stress,3.0,2.0,0.9976039528846741,0.49967334
WESAD,WESAD:S2,stress,Stress,3.0,2.0,0.9966187477111816,0.63397264
WESAD,WESAD:S2,stress,Stress,3.0,2.0,0.9924325942993164,0.53172255
WESAD,WESAD:S2,stress,Stress,3.0,2.0,0.9991533756256104,0.86610043
WESAD,WESAD:S2,stress,Stress,3.0,2.0,0.99883633852005,0.90059155
WESAD,WESAD:S2,stress,Stress,3.0,2.0,0.9995978474617004,0.87291104
WESAD,WESAD:S2,stress,Stress,3.0,2.0,0.9990360736846924,0.9190007
WESAD,WESAD:S2,stress,Stress,3.0,2.0,0.9992424249649048,0.9377926
WESAD,WESAD:S2,stress,Stress,3.0,2.0,0.9994811415672302,0.94859374
WESAD,WESAD:S2,stress,Stress,3.0,2.0,0.999372661113739,0.9482071
WESAD,WESAD:S2,stress,Stress,3.0,2.0,0.9990113973617554,0.93923646
WESAD,WESAD:S2,stress,Stress,3.0,2.0,0.9992491602897644,0.94302994
WESAD,WESAD:S2,stress,Stress,3.0,2.0,0.9988523721694946,0.9079158
WESAD,WESAD:S2,stress,Stress,3.0,2.0,0.9990862607955933,0.93679065
WESAD,WESAD:S2,stress,Stress,3.0,2.0,0.9992257356643677,0.92839336
WESAD,WESAD:S2,stress,Stress,3.0,2.0,0.995699405670166,0.9376818
WESAD,WESAD:S2,stress,Stress,3.0,2.0,0.9956957101821899,0.9320665
WESAD,WESAD:S2,meditation,Meditation,,,0.016457797959446907,0.33823538
WESAD,WESAD:S2,meditation,Meditation,,,0.0003249370201956481,0.15754265
WESAD,WESAD:S2,meditation,Meditation,,,0.0003066863282583654,0.1263596
WESAD,WESAD:S2,meditation,Meditation,,,0.0003622604417614639,0.14744699
WESAD,WESAD:S2,meditation,Meditation,,,0.0006126798689365387,0.13911663
WESAD,WESAD:S2,meditation,Meditation,,,0.000543892034329474,0.17771395
WESAD,WESAD:S2,meditation,Meditation,,,0.00032019996433518827,0.14081128
WESAD,WESAD:S2,meditation,Meditation,,,0.00029891618760302663,0.13234699
WESAD,WESAD:S2,meditation,Meditation,,,0.00025857429136522114,0.24188922
WESAD,WESAD:S2,meditation,Meditation,,,0.000592618715018034,0.39348215
WESAD,WESAD:S2,meditation,Meditation,,,0.00039514023228548467,0.29909608
WESAD,WESAD:S2,meditation,Meditation,,,0.0003209086717106402,0.19262363
WESAD,WESAD:S2,amusement,Amusement,2.0,1.0,0.027028989046812057,0.56234634
WESAD,WESAD:S2,amusement,Amusement,2.0,1.0,0.0054499441757798195,0.56538963
WESAD,WESAD:S2,amusement,Amusement,2.0,1.0,0.007033724803477526,0.48868755
WESAD,WESAD:S2,amusement,Amusement,2.0,1.0,0.4821247458457947,0.60505307
WESAD,WESAD:S2,amusement,Amusement,2.0,1.0,0.009262279607355595,0.23988359
WESAD,WESAD:S2,amusement,Amusement,2.0,1.0,0.0007677627145312726,0.17376803
WESAD,WESAD:S2,amusement,Amusement,2.0,1.0,0.0002650270762387663,0.18802787
WESAD,WESAD:S2,amusement,Amusement,2.0,1.0,0.0059799132868647575,0.45367378
WESAD,WESAD:S2,amusement,Amusement,2.0,1.0,0.003161270637065172,0.3603713
WESAD,WESAD:S2,amusement,Amusement,2.0,1.0,0.005632665473967791,0.3557084
WESAD,WESAD:S2,amusement,Amusement,2.0,1.0,0.0780489593744278,0.43576115
WESAD,WESAD:S2,meditation,Meditation,,,0.15534153580665588,0.30944294
WESAD,WESAD:S2,meditation,Meditation,,,0.003906979225575924,0.14249457
WESAD,WESAD:S2,meditation,Meditation,,,0.00030986397177912295,0.15429713
WESAD,WESAD:S2,meditation,Meditation,,,0.0003622604417614639,0.15588818
WESAD,WESAD:S2,meditation,Meditation,,,0.0003622604417614639,0.2532978
WESAD,WESAD:S2,meditation,Meditation,,,0.0003988589742220938,0.21534598
WESAD,WESAD:S2,meditation,Meditation,,,0.0006817682879045606,0.12620936
WESAD,WESAD:S2,meditation,Meditation,,,0.0006891427910886705,0.13043565
WESAD,WESAD:S2,meditation,Meditation,,,0.00041039937059395015,0.11030902
WESAD,WESAD:S2,meditation,Meditation,,,0.00038972310721874237,0.09049827
WESAD,WESAD:S2,meditation,Meditation,,,0.00038972310721874237,0.0826249
WESAD,WESAD:S3,baseline,Baseline,1.0,0.0,0.8873761296272278,0.398638
WESAD,WESAD:S3,baseline,Baseline,1.0,0.0,0.1946212649345398,0.37662902
WESAD,WESAD:S3,baseline,Baseline,1.0,0.0,0.9969070553779602,0.80108654
WESAD,WESAD:S3,baseline,Baseline,1.0,0.0,0.9953501224517822,0.82674885
WESAD,WESAD:S3,baseline,Baseline,1.0,0.0,0.22328251600265503,0.43513137
WESAD,WESAD:S3,baseline,Baseline,1.0,0.0,0.006850888952612877,0.11752287
WESAD,WESAD:S3,baseline,Baseline,1.0,0.0,0.03098408319056034,0.14909022
WESAD,WESAD:S3,baseline,Baseline,1.0,0.0,0.026728402823209763,0.24937806
WESAD,WESAD:S3,baseline,Baseline,1.0,0.0,0.009863756597042084,0.47878104
WESAD,WESAD:S3,baseline,Baseline,1.0,0.0,0.00711808493360877,0.49985877
WESAD,WESAD:S3,baseline,Baseline,1.0,0.0,0.0031007640063762665,0.44536528
WESAD,WESAD:S3,baseline,Baseline,1.0,0.0,0.005236081313341856,0.22461696
WESAD,WESAD:S3,baseline,Baseline,1.0,0.0,0.0012743354309350252,0.1692734
WESAD,WESAD:S3,baseline,Baseline,1.0,0.0,0.001225935877300799,0.24126993
WESAD,WESAD:S3,baseline,Baseline,1.0,0.0,0.002502867951989174,0.37436014
WESAD,WESAD:S3,baseline,Baseline,1.0,0.0,0.5288034081459045,0.6160131
WESAD,WESAD:S3,baseline,Baseline,1.0,0.0,0.0060154045931994915,0.45057017
WESAD,WESAD:S3,baseline,Baseline,1.0,0.0,0.006420776713639498,0.2774643
WESAD,WESAD:S3,baseline,Baseline,1.0,0.0,0.0235602930188179,0.46936148
WESAD,WESAD:S3,baseline,Baseline,1.0,0.0,0.4990943372249603,0.4295317
WESAD,WESAD:S3,baseline,Baseline,1.0,0.0,0.001978054642677307,0.108903676
WESAD,WESAD:S3,baseline,Baseline,1.0,0.0,0.0003904953191522509,0.33993134
WESAD,WESAD:S3,baseline,Baseline,1.0,0.0,0.0005020243697799742,0.33651116
WESAD,WESAD:S3,baseline,Baseline,1.0,0.0,0.0021652088034898043,0.28378445
WESAD,WESAD:S3,baseline,Baseline,1.0,0.0,0.0010082676308229566,0.3910705
WESAD,WESAD:S3,baseline,Baseline,1.0,0.0,0.000323241954902187,0.2934573
WESAD,WESAD:S3,baseline,Baseline,1.0,0.0,0.0003571542911231518,0.28431177
WESAD,WESAD:S3,baseline,Baseline,1.0,0.0,0.0002881154359783977,0.20226322
WESAD,WESAD:S3,baseline,Baseline,1.0,0.0,0.0011751658748835325,0.23174901
WESAD,WESAD:S3,baseline,Baseline,1.0,0.0,0.0009624876547604799,0.20975879
WESAD,WESAD:S3,baseline,Baseline,1.0,0.0,0.0002881154359783977,0.18819588
WESAD,WESAD:S3,baseline,Baseline,1.0,0.0,0.00036376932985149324,0.21336702
WESAD,WESAD:S3,baseline,Baseline,1.0,0.0,0.00047879217891022563,0.18447392
WESAD,WESAD:S3,baseline,Baseline,1.0,0.0,0.0004740989825222641,0.14834467
WESAD,WESAD:S3,baseline,Baseline,1.0,0.0,0.00031457500881515443,0.15125033
WESAD,WESAD:S3,baseline,Baseline,1.0,0.0,0.00041053397580981255,0.10349166
WESAD,WESAD:S3,baseline,Baseline,1.0,0.0,0.0005467857117764652,0.081122234
WESAD,WESAD:S3,stress,Stress,4.0,3.0,0.04125482216477394,0.8415455
WESAD,WESAD:S3,stress,Stress,4.0,3.0,0.11672777682542801,0.46629113
WESAD,WESAD:S3,stress,Stress,4.0,3.0,0.9286550283432007,0.9743842
WESAD,WESAD:S3,stress,Stress,4.0,3.0,0.9956483244895935,0.966891
WESAD,WESAD:S3,stress,Stress,4.0,3.0,0.9993575215339661,0.91185796
WESAD,WESAD:S3,stress,Stress,4.0,3.0,0.9995579123497009,0.92437804
WESAD,WESAD:S3,stress,Stress,4.0,3.0,0.9993127584457397,0.97706085
WESAD,WESAD:S3,stress,Stress,4.0,3.0,0.9993077516555786,0.939286
WESAD,WESAD:S3,stress,Stress,4.0,3.0,0.998318076133728,0.93881595
WESAD,WESAD:S3,stress,Stress,4.0,3.0,0.9990053772926331,0.8629558
WESAD,WESAD:S3,stress,Stress,4.0,3.0,0.9925262928009033,0.7997401
WESAD,WESAD:S3,stress,Stress,4.0,3.0,0.9890478253364563,0.43117216
WESAD,WESAD:S3,stress,Stress,4.0,3.0,0.9941205382347107,0.3661254
WESAD,WESAD:S3,stress,Stress,4.0,3.0,0.7963479161262512,0.3728996
WESAD,WESAD:S3,stress,Stress,4.0,3.0,0.9495565891265869,0.42007077
WESAD,WESAD:S3,stress,Stress,4.0,3.0,0.12306267768144608,0.45549643
WESAD,WESAD:S3,stress,Stress,4.0,3.0,0.006986697670072317,0.38083673
WESAD,WESAD:S3,stress,Stress,4.0,3.0,0.004450584761798382,0.4258521
WESAD,WESAD:S3,stress,Stress,4.0,3.0,0.004506563302129507,0.42737386
WESAD,WESAD:S3,stress,Stress,4.0,3.0,0.006148625630885363,0.42737386
WESAD,WESAD:S3,meditation,Meditation,,,0.0005194100667722523,0.15288998
WESAD,WESAD:S3,meditation,Meditation,,,0.0004288011696189642,0.15491502
WESAD,WESAD:S3,meditation,Meditation,,,0.0005727389943785965,0.14607443
WESAD,WESAD:S3,meditation,Meditation,,,0.0005711120902560651,0.17872821
WESAD,WESAD:S3,meditation,Meditation,,,0.00041053397580981255,0.13028747
WESAD,WESAD:S3,meditation,Meditation,,,0.0004288011696189642,0.23508675
WESAD,WESAD:S3,meditation,Meditation,,,0.00028049590764567256,0.18660174
WESAD,WESAD:S3,meditation,Meditation,,,0.0003075753047596663,0.17826732
WESAD,WESAD:S3,meditation,Meditation,,,0.0004748287028633058,0.07787649
WESAD,WESAD:S3,meditation,Meditation,,,0.0004949753638356924,0.09321873
WESAD,WESAD:S3,meditation,Meditation,,,0.0004959552898071706,0.21008086
WESAD,WESAD:S3,meditation,Meditation,,,0.00030030298512429,0.25501862
WESAD,WESAD:S3,amusement,Amusement,1.0,0.0,0.0045209829695522785,0.26728797
WESAD,WESAD:S3,amusement,Amusement,1.0,0.0,0.0012536747381091118,0.3912739
WESAD,WESAD:S3,amusement,Amusement,1.0,0.0,0.000331744144205004,0.38444516
WESAD,WESAD:S3,amusement,Amusement,1.0,0.0,0.003322214586660266,0.34171408
WESAD,WESAD:S3,amusement,Amusement,1.0,0.0,0.004575301893055439,0.370152
WESAD,WESAD:S3,amusement,Amusement,1.0,0.0,0.00022785183682572097,0.26001513
WESAD,WESAD:S3,amusement,Amusement,1.0,0.0,0.00026972772320732474,0.19566946
WESAD,WESAD:S3,amusement,Amusement,1.0,0.0,0.0002738639304880053,0.16508083
WESAD,WESAD:S3,amusement,Amusement,1.0,0.0,0.0004740989825222641,0.07934559
WESAD,WESAD:S3,amusement,Amusement,1.0,0.0,0.0004740989825222641,0.19771595
WESAD,WESAD:S3,amusement,Amusement,1.0,0.0,0.0005071823834441602,0.21923108
WESAD,WESAD:S3,meditation,Meditation,,,0.001010995008982718,0.12726998
WESAD,WESAD:S3,meditation,Meditation,,,0.00025823552277870476,0.08654518
WESAD,WESAD:S3,meditation,Meditation,,,0.0002621955645736307,0.053645123
WESAD,WESAD:S3,meditation,Meditation,,,0.0012536747381091118,0.32984385
WESAD,WESAD:S3,meditation,Meditation,,,0.0012536747381091118,0.3260178
WESAD,WESAD:S3,meditation,Meditation,,,0.0012536747381091118,0.3117188
WESAD,WESAD:S3,meditation,Meditation,,,0.0012536747381091118,0.3117188
WESAD,WESAD:S3,meditation,Meditation,,,0.0012536747381091118,0.3206677
WESAD,WESAD:S3,meditation,Meditation,,,0.0012536747381091118,0.3117188
WESAD,WESAD:S3,meditation,Meditation,,,0.0012536747381091118,0.3206677
WESAD,WESAD:S3,meditation,Meditation,,,0.0012536747381091118,0.3117188
WESAD,WESAD:S4,baseline,Baseline,2.0,0.0,0.002091671572998166,0.6227849
WESAD,WESAD:S4,baseline,Baseline,2.0,0.0,0.00038399561890400946,0.19902812
WESAD,WESAD:S4,baseline,Baseline,2.0,0.0,0.0003932901890948415,0.16764255
WESAD,WESAD:S4,baseline,Baseline,2.0,0.0,0.0007782098255120218,0.4235491
WESAD,WESAD:S4,baseline,Baseline,2.0,0.0,0.0007271593785844743,0.4086783
WESAD,WESAD:S4,baseline,Baseline,2.0,0.0,0.0007782098255120218,0.28336787
WESAD,WESAD:S4,baseline,Baseline,2.0,0.0,0.0007489830604754388,0.23898318
WESAD,WESAD:S4,baseline,Baseline,2.0,0.0,0.0008669589296914637,0.17442243
WESAD,WESAD:S4,baseline,Baseline,2.0,0.0,0.0008669589296914637,0.19985256
WESAD,WESAD:S4,baseline,Baseline,2.0,0.0,0.0007489830604754388,0.19867063
WESAD,WESAD:S4,baseline,Baseline,2.0,0.0,0.0009016392286866903,0.14488603
WESAD,WESAD:S4,baseline,Baseline,2.0,0.0,0.0009016392286866903,0.23557597
WESAD,WESAD:S4,baseline,Baseline,2.0,0.0,0.0009591600392013788,0.324318
WESAD,WESAD:S4,baseline,Baseline,2.0,0.0,0.0005289248656481504,0.2444485
WESAD,WESAD:S4,baseline,Baseline,2.0,0.0,0.0005289248656481504,0.07984421
WESAD,WESAD:S4,baseline,Baseline,2.0,0.0,0.0005569173954427242,0.13256687
WESAD,WESAD:S4,baseline,Baseline,2.0,0.0,0.0005138065898790956,0.14639165
WESAD,WESAD:S4,baseline,Baseline,2.0,0.0,0.0006919776205904782,0.19103678
WESAD,WESAD:S4,baseline,Baseline,2.0,0.0,0.00027482150471769273,0.20821874
WESAD,WESAD:S4,baseline,Baseline,2.0,0.0,0.0002599610306788236,0.34824097
WESAD,WESAD:S4,baseline,Baseline,2.0,0.0,0.00040890445234254,0.15054625
WESAD,WESAD:S4,baseline,Baseline,2.0,0.0,0.000453944259788841,0.217079
WESAD,WESAD:S4,baseline,Baseline,2.0,0.0,0.0008222930482588708,0.18483336
WESAD,WESAD:S4,baseline,Baseline,2.0,0.0,0.0007275794632732868,0.15495996
WESAD,WESAD:S4,baseline,Baseline,2.0,0.0,0.0007275794632732868,0.19382693
WESAD,WESAD:S4,baseline,Baseline,2.0,0.0,0.0005138065898790956,0.17727077
WESAD,WESAD:S4,baseline,Baseline,2.0,0.0,0.000642790284473449,0.15354575
WESAD,WESAD:S4,baseline,Baseline,2.0,0.0,0.0006689397851005197,0.19097832
WESAD,WESAD:S4,baseline,Baseline,2.0,0.0,0.000498832028824836,0.17308787
WESAD,WESAD:S4,baseline,Baseline,2.0,0.0,0.0005089071346446872,0.0892699
WESAD,WESAD:S4,baseline,Baseline,2.0,0.0,0.0006648666458204389,0.32718894
WESAD,WESAD:S4,baseline,Baseline,2.0,0.0,0.0005476207006722689,0.36493865
WESAD,WESAD:S4,baseline,Baseline,2.0,0.0,0.000276903243502602,0.38371837
WESAD,WESAD:S4,baseline,Baseline,2.0,0.0,0.00028081139316782355,0.16671607
WESAD,WESAD:S4,baseline,Baseline,2.0,0.0,0.00037682466791011393,0.15359643
WESAD,WESAD:S4,baseline,Baseline,2.0,0.0,0.00037682466791011393,0.15633124
WESAD,WESAD:S4,baseline,Baseline,2.0,0.0,0.0006108717061579227,0.22124402
WESAD,WESAD:S4,amusement,Amusement,1.0,-1.0,0.0007489830604754388,0.19516602
WESAD,WESAD:S4,amusement,Amusement,1.0,-1.0,0.0008543886942788959,0.16809422
WESAD,WESAD:S4,amusement,Amusement,1.0,-1.0,0.0024848401080816984,0.33189216
WESAD,WESAD:S4,amusement,Amusement,1.0,-1.0,0.0037814390379935503,0.2806844
WESAD,WESAD:S4,amusement,Amusement,1.0,-1.0,0.0010314446408301592,0.24668874
WESAD,WESAD:S4,amusement,Amusement,1.0,-1.0,0.0006704917177557945,0.14196546
WESAD,WESAD:S4,amusement,Amusement,1.0,-1.0,0.0006704917177557945,0.129816
WESAD,WESAD:S4,amusement,Amusement,1.0,-1.0,0.0007114859181456268,0.10174246
WESAD,WESAD:S4,amusement,Amusement,1.0,-1.0,0.0006711265305057168,0.19993752
WESAD,WESAD:S4,amusement,Amusement,1.0,-1.0,0.000611522700637579,0.21925218
WESAD,WESAD:S4,amusement,Amusement,1.0,-1.0,0.0006711265305057168,0.3280665
WESAD,WESAD:S4,meditation,Meditation,,,0.0005565952742472291,0.17272513
WESAD,WESAD:S4,meditation,Meditation,,,0.0004989161971025169,0.34455636
WESAD,WESAD:S4,meditation,Meditation,,,0.0007209163159132004,0.45141074
WESAD,WESAD:S4,meditation,Meditation,,,0.0009016392286866903,0.3609946
WESAD,WESAD:S4,meditation,Meditation,,,0.0009016392286866903,0.32438907
WESAD,WESAD:S4,meditation,Meditation,,,0.000835265323985368,0.2713661
WESAD,WESAD:S4,meditation,Meditation,,,0.000885486719198525,0.26382026
WESAD,WESAD:S4,meditation,Meditation,,,0.008088881149888039,0.4411283
WESAD,WESAD:S4,meditation,Meditation,,,0.007203435525298119,0.33913174
WESAD,WESAD:S4,meditation,Meditation,,,0.0005565952742472291,0.14187242
WESAD,WESAD:S4,meditation,Meditation,,,0.0005289248656481504,0.19694346
WESAD,WESAD:S4,meditation,Meditation,,,0.000540778273716569,0.18587518
WESAD,WESAD:S4,stress,Stress,3.0,1.0,0.9972553849220276,0.87712586
WESAD,WESAD:S4,stress,Stress,3.0,1.0,0.9984366297721863,0.9195221
WESAD,WESAD:S4,stress,Stress,3.0,1.0,0.9978381991386414,0.9397636
WESAD,WESAD:S4,stress,Stress,3.0,1.0,0.9985910058021545,0.9411959
WESAD,WESAD:S4,stress,Stress,3.0,1.0,0.9978309273719788,0.952519
WESAD,WESAD:S4,stress,Stress,3.0,1.0,0.9961473941802979,0.90763485
WESAD,WESAD:S4,stress,Stress,3.0,1.0,0.9928069114685059,0.87382
WESAD,WESAD:S4,stress,Stress,3.0,1.0,0.9935774207115173,0.8285647
WESAD,WESAD:S4,stress,Stress,3.0,1.0,0.9978432655334473,0.84196705
WESAD,WESAD:S4,stress,Stress,3.0,1.0,0.9972243309020996,0.945453
WESAD,WESAD:S4,stress,Stress,3.0,1.0,0.9987094402313232,0.9752295
WESAD,WESAD:S4,stress,Stress,3.0,1.0,0.9983518123626709,0.9331854
WESAD,WESAD:S4,stress,Stress,3.0,1.0,0.9770218729972839,0.9410673
WESAD,WESAD:S4,stress,Stress,3.0,1.0,0.962838351726532,0.90423375
WESAD,WESAD:S4,stress,Stress,3.0,1.0,0.9551616907119751,0.893729
WESAD,WESAD:S4,stress,Stress,3.0,1.0,0.9937946796417236,0.79561937
WESAD,WESAD:S4,stress,Stress,3.0,1.0,0.9937946796417236,0.8020653
WESAD,WESAD:S4,stress,Stress,3.0,1.0,0.9978432655334473,0.7912542
WESAD,WESAD:S4,stress,Stress,3.0,1.0,0.99882572889328,0.9072002
WESAD,WESAD:S4,stress,Stress,3.0,1.0,0.9967063069343567,0.76091313
WESAD,WESAD:S4,meditation,Meditation,,,0.0004138678777962923,0.41374677
WESAD,WESAD:S4,meditation,Meditation,,,0.00087712676031515,0.365787
WESAD,WESAD:S4,meditation,Meditation,,,0.0007128544966690242,0.3193086
WESAD,WESAD:S4,meditation,Meditation,,,0.0004138678777962923,0.30061972
WESAD,WESAD:S4,meditation,Meditation,,,0.0004180121177341789,0.18038781
WESAD,WESAD:S4,meditation,Meditation,,,0.00034355439129285514,0.15251906
WESAD,WESAD:S4,meditation,Meditation,,,0.0006168322288431227,0.19878557
WESAD,WESAD:S4,meditation,Meditation,,,0.0005690866382792592,0.22891554
WESAD,WESAD:S4,meditation,Meditation,,,0.0006707052234560251,0.3311344
WESAD,WESAD:S4,meditation,Meditation,,,0.0009619691991247237,0.32581007
WESAD,WESAD:S4,meditation,Meditation,,,0.0009128772653639317,0.39615154
WESAD,WESAD:S4,meditation,Meditation,,,0.0028834613040089607,0.42409456
WESAD,WESAD:S5,baseline,Baseline,1.0,0.0,0.13664880394935608,0.52967864
WESAD,WESAD:S5,baseline,Baseline,1.0,0.0,0.5655751824378967,0.7325585
WESAD,WESAD:S5,baseline,Baseline,1.0,0.0,0.2333219200372696,0.41409713
WESAD,WESAD:S5,baseline,Baseline,1.0,0.0,0.01971416547894478,0.4592146
WESAD,WESAD:S5,baseline,Baseline,1.0,0.0,0.2869446873664856,0.3945733
WESAD,WESAD:S5,baseline,Baseline,1.0,0.0,0.11891695111989975,0.41849005
WESAD,WESAD:S5,baseline,Baseline,1.0,0.0,0.0005684764473699033,0.16956046
WESAD,WESAD:S5,baseline,Baseline,1.0,0.0,0.00044857978355139494,0.17610803
WESAD,WESAD:S5,baseline,Baseline,1.0,0.0,0.0006082803010940552,0.15973486
WESAD,WESAD:S5,baseline,Baseline,1.0,0.0,0.0038342769257724285,0.29152885
WESAD,WESAD:S5,baseline,Baseline,1.0,0.0,0.002672022208571434,0.3683477
WESAD,WESAD:S5,baseline,Baseline,1.0,0.0,0.0024417811073362827,0.39572138
WESAD,WESAD:S5,baseline,Baseline,1.0,0.0,0.0002624316548462957,0.12659852
WESAD,WESAD:S5,baseline,Baseline,1.0,0.0,0.0024417811073362827,0.36728093
WESAD,WESAD:S5,baseline,Baseline,1.0,0.0,0.00025317398831248283,0.21652277
WESAD,WESAD:S5,baseline,Baseline,1.0,0.0,0.0004434798320289701,0.10436513
WESAD,WESAD:S5,baseline,Baseline,1.0,0.0,0.00030419250833801925,0.09414543
WESAD,WESAD:S5,baseline,Baseline,1.0,0.0,0.00025119396741501987,0.1685787
WESAD,WESAD:S5,baseline,Baseline,1.0,0.0,0.00023881708330009133,0.14464286
WESAD,WESAD:S5,baseline,Baseline,1.0,0.0,0.0002910371986217797,0.16321965
WESAD,WESAD:S5,baseline,Baseline,1.0,0.0,0.00031031836988404393,0.13305376
WESAD,WESAD:S5,baseline,Baseline,1.0,0.0,0.00037768814945593476,0.15175301
WESAD,WESAD:S5,baseline,Baseline,1.0,0.0,0.0022956272587180138,0.32503197
WESAD,WESAD:S5,baseline,Baseline,1.0,0.0,0.00017921549442689866,0.21754774
WESAD,WESAD:S5,baseline,Baseline,1.0,0.0,0.0019455862930044532,0.22445436
WESAD,WESAD:S5,baseline,Baseline,1.0,0.0,0.003414002014324069,0.3510788
WESAD,WESAD:S5,baseline,Baseline,1.0,0.0,0.002643803134560585,0.4114337
WESAD,WESAD:S5,baseline,Baseline,1.0,0.0,0.0025484045036137104,0.36184075
WESAD,WESAD:S5,baseline,Baseline,1.0,0.0,0.0025484045036137104,0.3603123
WESAD,WESAD:S5,baseline,Baseline,1.0,0.0,0.0004083939711563289,0.21591444
WESAD,WESAD:S5,baseline,Baseline,1.0,0.0,0.000624056498054415,0.13090946
WESAD,WESAD:S5,baseline,Baseline,1.0,0.0,0.0005442197434604168,0.17576705
WESAD,WESAD:S5,baseline,Baseline,1.0,0.0,0.0005350520368665457,0.09629935
WESAD,WESAD:S5,baseline,Baseline,1.0,0.0,0.00037768814945593476,0.14174037
WESAD,WESAD:S5,baseline,Baseline,1.0,0.0,0.0002642693289089948,0.15923432
WESAD,WESAD:S5,baseline,Baseline,1.0,0.0,0.00029151426861062646,0.09167077
WESAD,WESAD:S5,baseline,Baseline,1.0,0.0,0.0003619475173763931,0.101644315
WESAD,WESAD:S5,baseline,Baseline,1.0,0.0,0.00024690284044481814,0.13256834
WESAD,WESAD:S5,amusement,Amusement,1.0,0.0,0.0014822452794760466,0.28194878
WESAD,WESAD:S5,amusement,Amusement,1.0,0.0,0.004634787794202566,0.5735815
WESAD,WESAD:S5,amusement,Amusement,1.0,0.0,0.033224258571863174,0.6548173
WESAD,WESAD:S5,amusement,Amusement,1.0,0.0,0.002182787051424384,0.3296441
WESAD,WESAD:S5,amusement,Amusement,1.0,0.0,0.0009276390774175525,0.29759398
WESAD,WESAD:S5,amusement,Amusement,1.0,0.0,0.0007348056533373892,0.4207964
WESAD,WESAD:S5,amusement,Amusement,1.0,0.0,0.0008604692411608994,0.36070198
WESAD,WESAD:S5,amusement,Amusement,1.0,0.0,0.0009231911972165108,0.35415402
WESAD,WESAD:S5,amusement,Amusement,1.0,0.0,0.0007565027917735279,0.40251276
WESAD,WESAD:S5,amusement,Amusement,1.0,0.0,0.000427323131589219,0.111474715
WESAD,WESAD:S5,amusement,Amusement,1.0,0.0,0.00043575683957897127,0.12089617
WESAD,WESAD:S5,meditation,Meditation,,,0.11101928353309631,0.19489327
WESAD,WESAD:S5,meditation,Meditation,,,0.05427762493491173,0.29544526
WESAD,WESAD:S5,meditation,Meditation,,,0.03823591396212578,0.32406718
WESAD,WESAD:S5,meditation,Meditation,,,0.046826064586639404,0.27999383
WESAD,WESAD:S5,meditation,Meditation,,,0.009723423980176449,0.27986398
WESAD,WESAD:S5,meditation,Meditation,,,0.011687671765685081,0.32750392
WESAD,WESAD:S5,meditation,Meditation,,,0.006439759396016598,0.36212593
WESAD,WESAD:S5,meditation,Meditation,,,0.004410785157233477,0.38789135
WESAD,WESAD:S5,meditation,Meditation,,,0.004410785157233477,0.45470467
WESAD,WESAD:S5,meditation,Meditation,,,0.004065983928740025,0.42491665
WESAD,WESAD:S5,meditation,Meditation,,,0.004065983928740025,0.46880242
WESAD,WESAD:S5,meditation,Meditation,,,0.003896113717928529,0.5391303
WESAD,WESAD:S5,stress,Stress,1.0,0.0,0.9966548681259155,0.8807566
WESAD,WESAD:S5,stress,Stress,1.0,0.0,0.9979104399681091,0.88147444
WESAD,WESAD:S5,stress,Stress,1.0,0.0,0.9968016147613525,0.7136602
WESAD,WESAD:S5,stress,Stress,1.0,0.0,0.9982879757881165,0.8664461
WESAD,WESAD:S5,stress,Stress,1.0,0.0,0.9978616833686829,0.9193242
WESAD,WESAD:S5,stress,Stress,1.0,0.0,0.998554527759552,0.9459896
WESAD,WESAD:S5,stress,Stress,1.0,0.0,0.9984954595565796,0.9542754
WESAD,WESAD:S5,stress,Stress,1.0,0.0,0.999176561832428,0.9424917
WESAD,WESAD:S5,stress,Stress,1.0,0.0,0.9876483678817749,0.6990191
WESAD,WESAD:S5,stress,Stress,1.0,0.0,0.9906104207038879,0.80015695
WESAD,WESAD:S5,stress,Stress,1.0,0.0,0.9993300437927246,0.9209755
WESAD,WESAD:S5,stress,Stress,1.0,0.0,0.9992801547050476,0.93966067
WESAD,WESAD:S5,stress,Stress,1.0,0.0,0.9981426000595093,0.8418736
WESAD,WESAD:S5,stress,Stress,1.0,0.0,0.9987233281135559,0.925889
WESAD,WESAD:S5,stress,Stress,1.0,0.0,0.9983805418014526,0.95628786
WESAD,WESAD:S5,stress,Stress,1.0,0.0,0.9983038902282715,0.9304829
WESAD,WESAD:S5,stress,Stress,1.0,0.0,0.9970864653587341,0.91181356
WESAD,WESAD:S5,stress,Stress,1.0,0.0,0.9950651526451111,0.91181356
WESAD,WESAD:S5,stress,Stress,1.0,0.0,0.9954238533973694,0.9220211
WESAD,WESAD:S5,stress,Stress,1.0,0.0,0.9932217597961426,0.8159511
WESAD,WESAD:S5,meditation,Meditation,,,0.010922404937446117,0.37379202
WESAD,WESAD:S5,meditation,Meditation,,,0.006439759396016598,0.34767693
WESAD,WESAD:S5,meditation,Meditation,,,0.004335734061896801,0.37667042
WESAD,WESAD:S5,meditation,Meditation,,,0.004145721904933453,0.49087915
WESAD,WESAD:S5,meditation,Meditation,,,0.0052193282172083855,0.4493456
WESAD,WESAD:S5,meditation,Meditation,,,0.0043264273554086685,0.47526383
WESAD,WESAD:S5,meditation,Meditation,,,0.0043264273554086685,0.43722335
WESAD,WESAD:S5,meditation,Meditation,,,0.007071628700941801,0.4171003
WESAD,WESAD:S5,meditation,Meditation,,,0.006777042523026466,0.43722335
WESAD,WESAD:S5,meditation,Meditation,,,0.0074651287868618965,0.45801654
WESAD,WESAD:S5,meditation,Meditation,,,0.0074651287868618965,0.45801654
WESAD,WESAD:S5,meditation,Meditation,,,0.0074651287868618965,0.43558335
WESAD,WESAD:S6,baseline,Baseline,1.0,0.0,0.010935057885944843,0.5485697
WESAD,WESAD:S6,baseline,Baseline,1.0,0.0,0.0032093008048832417,0.22333102
WESAD,WESAD:S6,baseline,Baseline,1.0,0.0,0.0011888665612787008,0.21772486
WESAD,WESAD:S6,baseline,Baseline,1.0,0.0,0.0007596322102472186,0.46031666
WESAD,WESAD:S6,baseline,Baseline,1.0,0.0,0.0005960338748991489,0.16004471
WESAD,WESAD:S6,baseline,Baseline,1.0,0.0,0.0004996436182409525,0.10779352
WESAD,WESAD:S6,baseline,Baseline,1.0,0.0,0.0005158925196155906,0.14583623
WESAD,WESAD:S6,baseline,Baseline,1.0,0.0,0.0004388340166769922,0.12451217
WESAD,WESAD:S6,baseline,Baseline,1.0,0.0,0.0002836558560375124,0.10389282
WESAD,WESAD:S6,baseline,Baseline,1.0,0.0,0.00021946652850601822,0.14080407
WESAD,WESAD:S6,baseline,Baseline,1.0,0.0,0.00031761598074808717,0.14588968
WESAD,WESAD:S6,baseline,Baseline,1.0,0.0,0.0003326708683744073,0.18046011
WESAD,WESAD:S6,baseline,Baseline,1.0,0.0,0.0002935795928351581,0.13027215
WESAD,WESAD:S6,baseline,Baseline,1.0,0.0,0.0002935795928351581,0.124029495
WESAD,WESAD:S6,baseline,Baseline,1.0,0.0,0.00035680647124536335,0.076900005
WESAD,WESAD:S6,baseline,Baseline,1.0,0.0,0.0013783356407657266,0.10895352
WESAD,WESAD:S6,baseline,Baseline,1.0,0.0,0.002181317890062928,0.070417635
WESAD,WESAD:S6,baseline,Baseline,1.0,0.0,0.000442006450612098,0.10636752
WESAD,WESAD:S6,baseline,Baseline,1.0,0.0,0.0004657308745663613,0.07233561
WESAD,WESAD:S6,baseline,Baseline,1.0,0.0,0.0003883483004756272,0.08972786
WESAD,WESAD:S6,baseline,Baseline,1.0,0.0,0.00044008030090481043,0.14228654
WESAD,WESAD:S6,baseline,Baseline,1.0,0.0,0.0002655640710145235,0.15238884
WESAD,WESAD:S6,baseline,Baseline,1.0,0.0,0.0010385796194896102,0.14470783
WESAD,WESAD:S6,baseline,Baseline,1.0,0.0,0.000368372886441648,0.284163
WESAD,WESAD:S6,baseline,Baseline,1.0,0.0,0.0056967707350850105,0.463388
WESAD,WESAD:S6,baseline,Baseline,1.0,0.0,0.001801874372176826,0.19682504
WESAD,WESAD:S6,baseline,Baseline,1.0,0.0,0.00036865886067971587,0.09961748
WESAD,WESAD:S6,baseline,Baseline,1.0,0.0,0.0004010122793260962,0.13168414
WESAD,WESAD:S6,baseline,Baseline,1.0,0.0,0.023137453943490982,0.14763041
WESAD,WESAD:S6,baseline,Baseline,1.0,0.0,0.0007797427824698389,0.08802684
WESAD,WESAD:S6,baseline,Baseline,1.0,0.0,0.011926879175007343,0.11679038
WESAD,WESAD:S6,baseline,Baseline,1.0,0.0,0.01347863208502531,0.58114
WESAD,WESAD:S6,baseline,Baseline,1.0,0.0,0.008701392449438572,0.376968
WESAD,WESAD:S6,baseline,Baseline,1.0,0.0,0.0003718002699315548,0.21799794
WESAD,WESAD:S6,baseline,Baseline,1.0,0.0,0.0003718002699315548,0.11350458
WESAD,WESAD:S6,baseline,Baseline,1.0,0.0,0.0004583288391586393,0.12307617
WESAD,WESAD:S6,baseline,Baseline,1.0,0.0,0.0008398823556490242,0.21798544
WESAD,WESAD:S6,baseline,Baseline,1.0,0.0,0.0002871977922040969,0.0868896
WESAD,WESAD:S6,stress,Stress,1.0,0.0,0.9990049004554749,0.90352744
WESAD,WESAD:S6,stress,Stress,1.0,0.0,0.9994931221008301,0.9169436
WESAD,WESAD:S6,stress,Stress,1.0,0.0,0.9982786178588867,0.91889095
WESAD,WESAD:S6,stress,Stress,1.0,0.0,0.9979017972946167,0.87092525
WESAD,WESAD:S6,stress,Stress,1.0,0.0,0.9993473887443542,0.9557181
WESAD,WESAD:S6,stress,Stress,1.0,0.0,0.9995561242103577,0.96123636
WESAD,WESAD:S6,stress,Stress,1.0,0.0,0.9987938404083252,0.87575877
WESAD,WESAD:S6,stress,Stress,1.0,0.0,0.9960556030273438,0.7740396
WESAD,WESAD:S6,stress,Stress,1.0,0.0,0.9995725750923157,0.93855304
WESAD,WESAD:S6,stress,Stress,1.0,0.0,0.9993473887443542,0.9580199
WESAD,WESAD:S6,stress,Stress,1.0,0.0,0.9986019730567932,0.7818321
WESAD,WESAD:S6,stress,Stress,1.0,0.0,0.9990841150283813,0.8841116
WESAD,WESAD:S6,stress,Stress,1.0,0.0,0.9980689883232117,0.8590759
WESAD,WESAD:S6,stress,Stress,1.0,0.0,0.9988947510719299,0.91509396
WESAD,WESAD:S6,stress,Stress,1.0,0.0,0.9960094690322876,0.9683652
WESAD,WESAD:S6,stress,Stress,1.0,0.0,0.9965225458145142,0.78342825
WESAD,WESAD:S6,stress,Stress,1.0,0.0,0.9991661310195923,0.93117696
WESAD,WESAD:S6,stress,Stress,1.0,0.0,0.9991394281387329,0.93142164
WESAD,WESAD:S6,stress,Stress,1.0,0.0,0.9964115023612976,0.77213407
WESAD,WESAD:S6,stress,Stress,1.0,0.0,0.994419276714325,0.47900245
WESAD,WESAD:S6,meditation,Meditation,,,0.0005011666216887534,0.19669858
WESAD,WESAD:S6,meditation,Meditation,,,0.00042066461173817515,0.19430585
WESAD,WESAD:S6,meditation,Meditation,,,0.0003962715563829988,0.3335824
WESAD,WESAD:S6,meditation,Meditation,,,0.0004968915600329638,0.15499692
WESAD,WESAD:S6,meditation,Meditation,,,0.0005399961373768747,0.20507477
WESAD,WESAD:S6,meditation,Meditation,,,0.0005399961373768747,0.4178595
WESAD,WESAD:S6,meditation,Meditation,,,0.0005155631806701422,0.36201265
WESAD,WESAD:S6,meditation,Meditation,,,0.00043156996252946556,0.3555997
WESAD,WESAD:S6,meditation,Meditation,,,0.004697843920439482,0.6255736
WESAD,WESAD:S6,meditation,Meditation,,,0.0022915168665349483,0.2571287
WESAD,WESAD:S6,meditation,Meditation,,,0.0004328777431510389,0.20975854
WESAD,WESAD:S6,meditation,Meditation,,,0.0003672720049507916,0.26490563
WESAD,WESAD:S6,amusement,Amusement,2.0,1.0,0.20062100887298584,0.23003976
WESAD,WESAD:S6,amusement,Amusement,2.0,1.0,0.040861066430807114,0.46277016
WESAD,WESAD:S6,amusement,Amusement,2.0,1.0,0.7764288783073425,0.5070162
WESAD,WESAD:S6,amusement,Amusement,2.0,1.0,0.04086172580718994,0.53159964
WESAD,WESAD:S6,amusement,Amusement,2.0,1.0,0.1665651500225067,0.543966
WESAD,WESAD:S6,amusement,Amusement,2.0,1.0,0.044551871716976166,0.5177876
WESAD,WESAD:S6,amusement,Amusement,2.0,1.0,0.0004977410426363349,0.20889628
WESAD,WESAD:S6,amusement,Amusement,2.0,1.0,0.005381905008107424,0.36747625
WESAD,WESAD:S6,amusement,Amusement,2.0,1.0,0.0007192951161414385,0.23934813
WESAD,WESAD:S6,amusement,Amusement,2.0,1.0,0.0004832203558180481,0.208725
WESAD,WESAD:S6,amusement,Amusement,2.0,1.0,0.0008576309774070978,0.23044477
WESAD,WESAD:S6,meditation,Meditation,,,0.8530608415603638,0.5779292
WESAD,WESAD:S6,meditation,Meditation,,,0.1738102287054062,0.15636234
WESAD,WESAD:S6,meditation,Meditation,,,0.00582098588347435,0.10082047
WESAD,WESAD:S6,meditation,Meditation,,,0.004621522501111031,0.10574045
WESAD,WESAD:S6,meditation,Meditation,,,0.0023793354630470276,0.13324821
WESAD,WESAD:S6,meditation,Meditation,,,0.0018060876755043864,0.11120962
WESAD,WESAD:S6,meditation,Meditation,,,0.004828060511499643,0.07347547
WESAD,WESAD:S6,meditation,Meditation,,,0.00048079947009682655,0.06913115
WESAD,WESAD:S6,meditation,Meditation,,,0.6735198497772217,0.5150975
WESAD,WESAD:S6,meditation,Meditation,,,0.020957816392183304,0.29413256
WESAD,WESAD:S6,meditation,Meditation,,,0.0011624874314293265,0.40962833
WESAD,WESAD:S6,meditation,Meditation,,,0.0006495595443993807,0.5561657
WESAD,WESAD:S7,baseline,Baseline,1.0,0.0,0.7396180629730225,0.59902984
WESAD,WESAD:S7,baseline,Baseline,1.0,0.0,0.30017998814582825,0.44310877
WESAD,WESAD:S7,baseline,Baseline,1.0,0.0,0.005679825786501169,0.38901544
WESAD,WESAD:S7,baseline,Baseline,1.0,0.0,0.003905040677636862,0.5735093
WESAD,WESAD:S7,baseline,Baseline,1.0,0.0,0.014661167748272419,0.5058429
WESAD,WESAD:S7,baseline,Baseline,1.0,0.0,0.0024145678617060184,0.31179392
WESAD,WESAD:S7,baseline,Baseline,1.0,0.0,0.0017419271171092987,0.58236104
WESAD,WESAD:S7,baseline,Baseline,1.0,0.0,0.006123857572674751,0.7828796
WESAD,WESAD:S7,baseline,Baseline,1.0,0.0,0.0035237916745245457,0.6345331
WESAD,WESAD:S7,baseline,Baseline,1.0,0.0,0.0005572121008299291,0.47358516
WESAD,WESAD:S7,baseline,Baseline,1.0,0.0,0.0006325997528620064,0.5210194
WESAD,WESAD:S7,baseline,Baseline,1.0,0.0,0.0008166066254489124,0.31971484
WESAD,WESAD:S7,baseline,Baseline,1.0,0.0,0.004293721169233322,0.58593607
WESAD,WESAD:S7,baseline,Baseline,1.0,0.0,0.009118638001382351,0.62728584
WESAD,WESAD:S7,baseline,Baseline,1.0,0.0,0.0013058852637186646,0.18100715
WESAD,WESAD:S7,baseline,Baseline,1.0,0.0,0.001141275861300528,0.16318347
WESAD,WESAD:S7,baseline,Baseline,1.0,0.0,0.013216446153819561,0.34219834
WESAD,WESAD:S7,baseline,Baseline,1.0,0.0,0.01126387994736433,0.4218469
WESAD,WESAD:S7,baseline,Baseline,1.0,0.0,0.002618368249386549,0.43727717
WESAD,WESAD:S7,baseline,Baseline,1.0,0.0,0.0005354507593438029,0.6520151
WESAD,WESAD:S7,baseline,Baseline,1.0,0.0,0.0013268409529700875,0.5659675
WESAD,WESAD:S7,baseline,Baseline,1.0,0.0,0.001122243469581008,0.5482141
WESAD,WESAD:S7,baseline,Baseline,1.0,0.0,0.0005200791056267917,0.58982205
WESAD,WESAD:S7,baseline,Baseline,1.0,0.0,0.0033036358654499054,0.4596157
WESAD,WESAD:S7,baseline,Baseline,1.0,0.0,0.000539403292350471,0.07305563
WESAD,WESAD:S7,baseline,Baseline,1.0,0.0,0.0008508802275173366,0.050855774
WESAD,WESAD:S7,baseline,Baseline,1.0,0.0,0.0052117551676929,0.17485599
WESAD,WESAD:S7,baseline,Baseline,1.0,0.0,0.0010256852256134152,0.104756236
WESAD,WESAD:S7,baseline,Baseline,1.0,0.0,0.0008035501232370734,0.3958094
WESAD,WESAD:S7,baseline,Baseline,1.0,0.0,0.002915546065196395,0.38506058
WESAD,WESAD:S7,baseline,Baseline,1.0,0.0,0.0005024672136642039,0.43631145
WESAD,WESAD:S7,baseline,Baseline,1.0,0.0,0.0006069949013181031,0.3511624
WESAD,WESAD:S7,baseline,Baseline,1.0,0.0,0.0022433088161051273,0.50850326
WESAD,WESAD:S7,baseline,Baseline,1.0,0.0,0.010990440845489502,0.22624347
WESAD,WESAD:S7,baseline,Baseline,1.0,0.0,0.0006539348978549242,0.11472257
WESAD,WESAD:S7,baseline,Baseline,1.0,0.0,0.0002856137871276587,0.13033018
WESAD,WESAD:S7,baseline,Baseline,1.0,0.0,0.0009122233605012298,0.09988474
WESAD,WESAD:S7,baseline,Baseline,1.0,0.0,0.0005812622839584947,0.058542687
WESAD,WESAD:S7,amusement,Amusement,1.0,0.0,0.0028629330918192863,0.22454244
WESAD,WESAD:S7,amusement,Amusement,1.0,0.0,0.029456771910190582,0.2268182
WESAD,WESAD:S7,amusement,Amusement,1.0,0.0,0.04408297687768936,0.43133152
WESAD,WESAD:S7,amusement,Amusement,1.0,0.0,0.0011951676569879055,0.18309055
WESAD,WESAD:S7,amusement,Amusement,1.0,0.0,0.0006686016567982733,0.1491504
WESAD,WESAD:S7,amusement,Amusement,1.0,0.0,0.0003377591201569885,0.16211875
WESAD,WESAD:S7,amusement,Amusement,1.0,0.0,0.0003971905680373311,0.13552319
WESAD,WESAD:S7,amusement,Amusement,1.0,0.0,0.0004135076014790684,0.10952251
WESAD,WESAD:S7,amusement,Amusement,1.0,0.0,0.00025194953195750713,0.08797871
WESAD,WESAD:S7,amusement,Amusement,1.0,0.0,0.00030347323627211154,0.06372064
WESAD,WESAD:S7,amusement,Amusement,1.0,0.0,0.00026041152887046337,0.086842105
WESAD,WESAD:S7,meditation,Meditation,,,0.00022186354908626527,0.1700681
WESAD,WESAD:S7,meditation,Meditation,,,0.0004135076014790684,0.094072334
WESAD,WESAD:S7,meditation,Meditation,,,0.0004955583717674017,0.09632992
WESAD,WESAD:S7,meditation,Meditation,,,0.0002902524429373443,0.08955002
WESAD,WESAD:S7,meditation,Meditation,,,0.0002902524429373443,0.122731835
WESAD,WESAD:S7,meditation,Meditation,,,0.0005108109908178449,0.14032862
WESAD,WESAD:S7,meditation,Meditation,,,0.00046180898789316416,0.11320077
WESAD,WESAD:S7,meditation,Meditation,,,0.00020935724023729563,0.1109382
WESAD,WESAD:S7,meditation,Meditation,,,0.00021905780886299908,0.11151574
WESAD,WESAD:S7,meditation,Meditation,,,0.00020915752975270152,0.14672269
WESAD,WESAD:S7,meditation,Meditation,,,0.00019352052186150104,0.122237325
WESAD,WESAD:S7,meditation,Meditation,,,0.0002017705119214952,0.120983794
WESAD,WESAD:S7,stress,Stress,3.0,2.0,0.9989432692527771,0.96572924
WESAD,WESAD:S7,stress,Stress,3.0,2.0,0.999035120010376,0.96549094
WESAD,WESAD:S7,stress,Stress,3.0,2.0,0.9984784722328186,0.9163501
WESAD,WESAD:S7,stress,Stress,3.0,2.0,0.9975348711013794,0.87251925
WESAD,WESAD:S7,stress,Stress,3.0,2.0,0.998286783695221,0.9210462
WESAD,WESAD:S7,stress,Stress,3.0,2.0,0.9967935681343079,0.84447575
WESAD,WESAD:S7,stress,Stress,3.0,2.0,0.9949700236320496,0.8702212
WESAD,WESAD:S7,stress,Stress,3.0,2.0,0.997901439666748,0.92720777
WESAD,WESAD:S7,stress,Stress,3.0,2.0,0.9970508813858032,0.8515916
WESAD,WESAD:S7,stress,Stress,3.0,2.0,0.9981672763824463,0.91943866
WESAD,WESAD:S7,stress,Stress,3.0,2.0,0.9994358420372009,0.94664913
WESAD,WESAD:S7,stress,Stress,3.0,2.0,0.9979879856109619,0.86527276
WESAD,WESAD:S7,stress,Stress,3.0,2.0,0.999150276184082,0.93643385
WESAD,WESAD:S7,stress,Stress,3.0,2.0,0.9993664622306824,0.9092363
WESAD,WESAD:S7,stress,Stress,3.0,2.0,0.9194034934043884,0.83006084
WESAD,WESAD:S7,stress,Stress,3.0,2.0,0.9954574108123779,0.8647123
WESAD,WESAD:S7,stress,Stress,3.0,2.0,0.9991858601570129,0.87921095
WESAD,WESAD:S7,stress,Stress,3.0,2.0,0.9993316531181335,0.8988565
WESAD,WESAD:S7,stress,Stress,3.0,2.0,0.9962100982666016,0.8367305
WESAD,WESAD:S7,stress,Stress,3.0,2.0,0.9978691339492798,0.7083874
WESAD,WESAD:S7,meditation,Meditation,,,0.0035903719253838062,0.5391303
WESAD,WESAD:S7,meditation,Meditation,,,0.0040665557608008385,0.59141153
WESAD,WESAD:S7,meditation,Meditation,,,0.003628702601417899,0.58435166
WESAD,WESAD:S7,meditation,Meditation,,,0.0005868473090231419,0.3004092
WESAD,WESAD:S7,meditation,Meditation,,,0.0003799071710091084,0.28375036
WESAD,WESAD:S7,meditation,Meditation,,,0.00037507727392949164,0.31178424
WESAD,WESAD:S7,meditation,Meditation,,,0.0003291445318609476,0.30099085
WESAD,WESAD:S7,meditation,Meditation,,,0.00034321279963478446,0.2241468
WESAD,WESAD:S7,meditation,Meditation,,,0.00026685543707571924,0.2957014
WESAD,WESAD:S7,meditation,Meditation,,,0.00026926342980004847,0.31688923
WESAD,WESAD:S7,meditation,Meditation,,,0.00034650720772333443,0.32406393
WESAD,WESAD:S7,meditation,Meditation,,,0.0015005962923169136,0.31962094
WESAD,WESAD:S8,baseline,Baseline,2.0,0.0,0.018417850136756897,0.07103066
WESAD,WESAD:S8,baseline,Baseline,2.0,0.0,0.0035971691831946373,0.13073109
WESAD,WESAD:S8,baseline,Baseline,2.0,0.0,0.001438560662791133,0.09948907
WESAD,WESAD:S8,baseline,Baseline,2.0,0.0,0.003947073128074408,0.06194763
WESAD,WESAD:S8,baseline,Baseline,2.0,0.0,0.0013528990093618631,0.047324773
WESAD,WESAD:S8,baseline,Baseline,2.0,0.0,0.0013379972660914063,0.065812066
WESAD,WESAD:S8,baseline,Baseline,2.0,0.0,0.0009602843201719224,0.10966777
WESAD,WESAD:S8,baseline,Baseline,2.0,0.0,0.0006949562230147421,0.05564796
WESAD,WESAD:S8,baseline,Baseline,2.0,0.0,0.0009563650237396359,0.23305474
WESAD,WESAD:S8,baseline,Baseline,2.0,0.0,0.0007431293488480151,0.3180356
WESAD,WESAD:S8,baseline,Baseline,2.0,0.0,0.0006907997885718942,0.42245197
WESAD,WESAD:S8,baseline,Baseline,2.0,0.0,0.0008432619506493211,0.4358797
WESAD,WESAD:S8,baseline,Baseline,2.0,0.0,0.00037439458537846804,0.28548074
WESAD,WESAD:S8,baseline,Baseline,2.0,0.0,0.0002988936612382531,0.18532266
WESAD,WESAD:S8,baseline,Baseline,2.0,0.0,0.00045691351988352835,0.45950612
WESAD,WESAD:S8,baseline,Baseline,2.0,0.0,0.0014723044587299228,0.8407043
WESAD,WESAD:S8,baseline,Baseline,2.0,0.0,0.0013276346726343036,0.56065863
WESAD,WESAD:S8,baseline,Baseline,2.0,0.0,0.0003867240739054978,0.28395584
WESAD,WESAD:S8,baseline,Baseline,2.0,0.0,0.00039524800376966596,0.13825458
WESAD,WESAD:S8,baseline,Baseline,2.0,0.0,0.0002974762173835188,0.2648113
WESAD,WESAD:S8,baseline,Baseline,2.0,0.0,0.0014478430384770036,0.44018915
WESAD,WESAD:S8,baseline,Baseline,2.0,0.0,0.0021083371248096228,0.2908586
WESAD,WESAD:S8,baseline,Baseline,2.0,0.0,0.0010253520449623466,0.4648374
WESAD,WESAD:S8,baseline,Baseline,2.0,0.0,0.0020804270170629025,0.60357994
WESAD,WESAD:S8,baseline,Baseline,2.0,0.0,0.0007641136180609465,0.6217847
WESAD,WESAD:S8,baseline,Baseline,2.0,0.0,0.0009037046111188829,0.260984
WESAD,WESAD:S8,baseline,Baseline,2.0,0.0,0.0011050649918615818,0.47292578
WESAD,WESAD:S8,baseline,Baseline,2.0,0.0,0.0005119274137541652,0.5509446
WESAD,WESAD:S8,baseline,Baseline,2.0,0.0,0.00029589503537863493,0.36959794
WESAD,WESAD:S8,baseline,Baseline,2.0,0.0,0.00026635901303961873,0.34528658
WESAD,WESAD:S8,baseline,Baseline,2.0,0.0,0.0002221560716861859,0.30048776
WESAD,WESAD:S8,baseline,Baseline,2.0,0.0,0.00023413381131831557,0.23203503
WESAD,WESAD:S8,baseline,Baseline,2.0,0.0,0.00023282352776732296,0.21562031
WESAD,WESAD:S8,baseline,Baseline,2.0,0.0,0.0002401743404334411,0.22527003
WESAD,WESAD:S8,baseline,Baseline,2.0,0.0,0.0002529413904994726,0.2351929
WESAD,WESAD:S8,baseline,Baseline,2.0,0.0,0.00024255545577034354,0.18133569
WESAD,WESAD:S8,baseline,Baseline,2.0,0.0,0.0001732139935484156,0.11156396
WESAD,WESAD:S8,amusement,Amusement,1.0,-1.0,0.00015064481704030186,0.14332727
WESAD,WESAD:S8,amusement,Amusement,1.0,-1.0,0.0016118698986247182,0.11638983
WESAD,WESAD:S8,amusement,Amusement,1.0,-1.0,0.0018884814344346523,0.16746965
WESAD,WESAD:S8,amusement,Amusement,1.0,-1.0,0.0003091100952588022,0.13978906
WESAD,WESAD:S8,amusement,Amusement,1.0,-1.0,0.001944326562806964,0.18805476
WESAD,WESAD:S8,amusement,Amusement,1.0,-1.0,0.0024874829687178135,0.25632116
WESAD,WESAD:S8,amusement,Amusement,1.0,-1.0,0.002298015868291259,0.17871699
WESAD,WESAD:S8,amusement,Amusement,1.0,-1.0,0.00023350892297457904,0.23360583
WESAD,WESAD:S8,amusement,Amusement,1.0,-1.0,0.00024174462305381894,0.21615092
WESAD,WESAD:S8,amusement,Amusement,1.0,-1.0,0.00018119836749974638,0.1922174
WESAD,WESAD:S8,amusement,Amusement,1.0,-1.0,0.000277419836493209,0.18125165
WESAD,WESAD:S8,meditation,Meditation,,,0.002703815931454301,0.18837336
WESAD,WESAD:S8,meditation,Meditation,,,0.00028323696460574865,0.1347403
WESAD,WESAD:S8,meditation,Meditation,,,0.0002738730690907687,0.13924073
WESAD,WESAD:S8,meditation,Meditation,,,0.00023574192891828716,0.19416437
WESAD,WESAD:S8,meditation,Meditation,,,0.00015087395149748772,0.17983998
WESAD,WESAD:S8,meditation,Meditation,,,0.0002221260074293241,0.20138206
WESAD,WESAD:S8,meditation,Meditation,,,0.00023390933347400278,0.16997363
WESAD,WESAD:S8,meditation,Meditation,,,0.00018779061792884022,0.20666523
WESAD,WESAD:S8,meditation,Meditation,,,0.00018779061792884022,0.22814533
WESAD,WESAD:S8,meditation,Meditation,,,0.0002770601131487638,0.17257595
WESAD,WESAD:S8,meditation,Meditation,,,0.0006895244587212801,0.19511184
WESAD,WESAD:S8,meditation,Meditation,,,0.0002514453371986747,0.1427221
WESAD,WESAD:S8,stress,Stress,3.0,1.0,0.9874520897865295,0.7717952
WESAD,WESAD:S8,stress,Stress,3.0,1.0,0.9969416260719299,0.8754376
WESAD,WESAD:S8,stress,Stress,3.0,1.0,0.9987185001373291,0.9192466
WESAD,WESAD:S8,stress,Stress,3.0,1.0,0.9986069798469543,0.91389465
WESAD,WESAD:S8,stress,Stress,3.0,1.0,0.9979089498519897,0.8344835
WESAD,WESAD:S8,stress,Stress,3.0,1.0,0.9976229071617126,0.880911
WESAD,WESAD:S8,stress,Stress,3.0,1.0,0.9983997941017151,0.92164814
WESAD,WESAD:S8,stress,Stress,3.0,1.0,0.9988390803337097,0.9689168
WESAD,WESAD:S8,stress,Stress,3.0,1.0,0.9984985589981079,0.93722373
WESAD,WESAD:S8,stress,Stress,3.0,1.0,0.9973574280738831,0.8671582
WESAD,WESAD:S8,stress,Stress,3.0,1.0,0.995751142501831,0.84980804
WESAD,WESAD:S8,stress,Stress,3.0,1.0,0.9955028891563416,0.8204621
WESAD,WESAD:S8,stress,Stress,3.0,1.0,0.9961326122283936,0.80446684
WESAD,WESAD:S8,stress,Stress,3.0,1.0,0.9988971948623657,0.94164294
WESAD,WESAD:S8,stress,Stress,3.0,1.0,0.9992341995239258,0.9322717
WESAD,WESAD:S8,stress,Stress,3.0,1.0,0.9987437129020691,0.9379249
WESAD,WESAD:S8,stress,Stress,3.0,1.0,0.9983192086219788,0.8920117
WESAD,WESAD:S8,stress,Stress,3.0,1.0,0.9685229659080505,0.5880065
WESAD,WESAD:S8,stress,Stress,3.0,1.0,0.9960274696350098,0.7585911
WESAD,WESAD:S8,stress,Stress,3.0,1.0,0.9983204007148743,0.8609003
WESAD,WESAD:S8,stress,Stress,3.0,1.0,0.998531699180603,0.90091354
WESAD,WESAD:S8,meditation,Meditation,,,0.0007327777566388249,0.37128034
WESAD,WESAD:S8,meditation,Meditation,,,0.0008664779015816748,0.28994268
WESAD,WESAD:S8,meditation,Meditation,,,0.0004598548111971468,0.17824946
WESAD,WESAD:S8,meditation,Meditation,,,0.000315977493301034,0.17053433
WESAD,WESAD:S8,meditation,Meditation,,,0.000315977493301034,0.42109823
WESAD,WESAD:S8,meditation,Meditation,,,0.00021043392189312726,0.3638431
WESAD,WESAD:S8,meditation,Meditation,,,0.00020639099238906056,0.23709352
WESAD,WESAD:S8,meditation,Meditation,,,0.00021536852000281215,0.24899296
WESAD,WESAD:S8,meditation,Meditation,,,0.0003656766493804753,0.40740985
WESAD,WESAD:S8,meditation,Meditation,,,0.0003736016515176743,0.3958386
WESAD,WESAD:S8,meditation,Meditation,,,0.0006798633257858455,0.4237352
WESAD,WESAD:S8,meditation,Meditation,,,0.016330167651176453,0.7867934
WESAD,WESAD:S9,baseline,Baseline,1.0,0.0,0.005962125491350889,0.21991338
WESAD,WESAD:S9,baseline,Baseline,1.0,0.0,0.0016234887298196554,0.1635546
WESAD,WESAD:S9,baseline,Baseline,1.0,0.0,0.0011240296298637986,0.32825738
WESAD,WESAD:S9,baseline,Baseline,1.0,0.0,0.0004588544834405184,0.21221377
WESAD,WESAD:S9,baseline,Baseline,1.0,0.0,0.0008726539672352374,0.20752701
WESAD,WESAD:S9,baseline,Baseline,1.0,0.0,0.0006451217923313379,0.12035575
WESAD,WESAD:S9,baseline,Baseline,1.0,0.0,0.0003617603797465563,0.21023828
WESAD,WESAD:S9,baseline,Baseline,1.0,0.0,0.00031951599521562457,0.2003552
WESAD,WESAD:S9,baseline,Baseline,1.0,0.0,0.0001974975602934137,0.27559084
WESAD,WESAD:S9,baseline,Baseline,1.0,0.0,0.0003022106538992375,0.111563265
WESAD,WESAD:S9,baseline,Baseline,1.0,0.0,0.0006395676755346358,0.09185003
WESAD,WESAD:S9,baseline,Baseline,1.0,0.0,0.00044408353278413415,0.11808791
WESAD,WESAD:S9,baseline,Baseline,1.0,0.0,0.00032015630858950317,0.13921426
WESAD,WESAD:S9,baseline,Baseline,1.0,0.0,0.00026961666299030185,0.15873608
WESAD,WESAD:S9,baseline,Baseline,1.0,0.0,0.00034903871710412204,0.18021086
WESAD,WESAD:S9,baseline,Baseline,1.0,0.0,0.0007558214711025357,0.07892557
WESAD,WESAD:S9,baseline,Baseline,1.0,0.0,0.001875889953225851,0.16483006
WESAD,WESAD:S9,baseline,Baseline,1.0,0.0,0.2787494659423828,0.30514833
WESAD,WESAD:S9,baseline,Baseline,1.0,0.0,0.0008803424425423145,0.15572809
WESAD,WESAD:S9,baseline,Baseline,1.0,0.0,0.0003471832606010139,0.1865671
WESAD,WESAD:S9,baseline,Baseline,1.0,0.0,0.002247139345854521,0.18671669
WESAD,WESAD:S9,baseline,Baseline,1.0,0.0,0.006682378705590963,0.21952765
WESAD,WESAD:S9,baseline,Baseline,1.0,0.0,0.001270930515602231,0.13463333
WESAD,WESAD:S9,baseline,Baseline,1.0,0.0,0.00018867471953853965,0.108955584
WESAD,WESAD:S9,baseline,Baseline,1.0,0.0,0.00019531456928234547,0.14495523
WESAD,WESAD:S9,baseline,Baseline,1.0,0.0,0.0011405276600271463,0.15654764
WESAD,WESAD:S9,baseline,Baseline,1.0,0.0,0.001088928896933794,0.09181652
WESAD,WESAD:S9,baseline,Baseline,1.0,0.0,0.0009602042846381664,0.081307575
WESAD,WESAD:S9,baseline,Baseline,1.0,0.0,0.0012721149250864983,0.09720491
WESAD,WESAD:S9,baseline,Baseline,1.0,0.0,0.0002780102950055152,0.09442595
WESAD,WESAD:S9,baseline,Baseline,1.0,0.0,0.00023673410760238767,0.09428067
WESAD,WESAD:S9,baseline,Baseline,1.0,0.0,0.002208386780694127,0.0924672
WESAD,WESAD:S9,baseline,Baseline,1.0,0.0,0.0027680734638124704,0.10877374
WESAD,WESAD:S9,baseline,Baseline,1.0,0.0,0.00020271501853130758,0.09076205
WESAD,WESAD:S9,baseline,Baseline,1.0,0.0,0.00027370965108275414,0.0914335
WESAD,WESAD:S9,baseline,Baseline,1.0,0.0,0.0003195071476511657,0.123466656
WESAD,WESAD:S9,baseline,Baseline,1.0,0.0,0.003670864040032029,0.2430594
WESAD,WESAD:S9,baseline,Baseline,1.0,0.0,0.007323752623051405,0.5616143
WESAD,WESAD:S9,stress,Stress,2.0,1.0,0.9791492819786072,0.79992676
WESAD,WESAD:S9,stress,Stress,2.0,1.0,0.9953792095184326,0.8491538
WESAD,WESAD:S9,stress,Stress,2.0,1.0,0.9994931221008301,0.9193679
WESAD,WESAD:S9,stress,Stress,2.0,1.0,0.9994931221008301,0.9110101
WESAD,WESAD:S9,stress,Stress,2.0,1.0,0.9988343119621277,0.93935686
WESAD,WESAD:S9,stress,Stress,2.0,1.0,0.9987534284591675,0.9145725
WESAD,WESAD:S9,stress,Stress,2.0,1.0,0.9982041120529175,0.9113148
WESAD,WESAD:S9,stress,Stress,2.0,1.0,0.9991018772125244,0.9465812
WESAD,WESAD:S9,stress,Stress,2.0,1.0,0.9982119798660278,0.91645545
WESAD,WESAD:S9,stress,Stress,2.0,1.0,0.9939327836036682,0.8861162
WESAD,WESAD:S9,stress,Stress,2.0,1.0,0.9898273944854736,0.8481266
WESAD,WESAD:S9,stress,Stress,2.0,1.0,0.9939045310020447,0.9289115
WESAD,WESAD:S9,stress,Stress,2.0,1.0,0.9260554909706116,0.8229464
WESAD,WESAD:S9,stress,Stress,2.0,1.0,0.6962868571281433,0.59001005
WESAD,WESAD:S9,stress,Stress,2.0,1.0,0.9330919981002808,0.738691
WESAD,WESAD:S9,stress,Stress,2.0,1.0,0.9581144452095032,0.87734264
WESAD,WESAD:S9,stress,Stress,2.0,1.0,0.9881311655044556,0.8841783
WESAD,WESAD:S9,stress,Stress,2.0,1.0,0.9912785887718201,0.83492345
WESAD,WESAD:S9,stress,Stress,2.0,1.0,0.9918084740638733,0.7536134
WESAD,WESAD:S9,stress,Stress,2.0,1.0,0.5898002982139587,0.728635
WESAD,WESAD:S9,meditation,Meditation,,,0.0005360111827030778,0.16205354
WESAD,WESAD:S9,meditation,Meditation,,,0.0004644033615477383,0.12441151
WESAD,WESAD:S9,meditation,Meditation,,,0.0006119057070463896,0.13754186
WESAD,WESAD:S9,meditation,Meditation,,,0.0005947372410446405,0.14901976
WESAD,WESAD:S9,meditation,Meditation,,,0.0007710566278547049,0.142235
WESAD,WESAD:S9,meditation,Meditation,,,0.0007834765128791332,0.1085515
WESAD,WESAD:S9,meditation,Meditation,,,0.0006861452711746097,0.14388172
WESAD,WESAD:S9,meditation,Meditation,,,0.0006192818400450051,0.14773382
WESAD,WESAD:S9,meditation,Meditation,,,0.0010155858471989632,0.35494858
WESAD,WESAD:S9,meditation,Meditation,,,0.001186820794828236,0.3485791
WESAD,WESAD:S9,meditation,Meditation,,,0.0005070419865660369,0.17467152
WESAD,WESAD:S9,meditation,Meditation,,,0.000772832368966192,0.24004701
WESAD,WESAD:S9,amusement,Amusement,1.0,0.0,0.0012604119256138802,0.7845223
WESAD,WESAD:S9,amusement,Amusement,1.0,0.0,0.0009591541020199656,0.74203056
WESAD,WESAD:S9,amusement,Amusement,1.0,0.0,0.05216958001255989,0.8776255
WESAD,WESAD:S9,amusement,Amusement,1.0,0.0,0.034070760011672974,0.7320539
WESAD,WESAD:S9,amusement,Amusement,1.0,0.0,0.020030133426189423,0.7151608
WESAD,WESAD:S9,amusement,Amusement,1.0,0.0,0.058528315275907516,0.8889621
WESAD,WESAD:S9,amusement,Amusement,1.0,0.0,0.03473931550979614,0.9136481
WESAD,WESAD:S9,amusement,Amusement,1.0,0.0,0.07868427038192749,0.9345156
WESAD,WESAD:S9,amusement,Amusement,1.0,0.0,0.07262769341468811,0.9555831
WESAD,WESAD:S9,amusement,Amusement,1.0,0.0,0.03473931550979614,0.92605233
WESAD,WESAD:S9,amusement,Amusement,1.0,0.0,0.03933129459619522,0.89204603
WESAD,WESAD:S9,meditation,Meditation,,,0.0004611416661646217,0.098183416
WESAD,WESAD:S9,meditation,Meditation,,,0.00043258548248559237,0.09308363
WESAD,WESAD:S9,meditation,Meditation,,,0.0005637900903820992,0.080451906
WESAD,WESAD:S9,meditation,Meditation,,,0.0010382235050201416,0.08862481
WESAD,WESAD:S9,meditation,Meditation,,,0.000907416979316622,0.06995436
WESAD,WESAD:S9,meditation,Meditation,,,0.0011116781970486045,0.09388139
WESAD,WESAD:S9,meditation,Meditation,,,0.0011467448202893138,0.08762295
WESAD,WESAD:S9,meditation,Meditation,,,0.001481357729062438,0.1296688
WESAD,WESAD:S9,meditation,Meditation,,,0.0011467448202893138,0.15951683
WESAD,WESAD:S9,meditation,Meditation,,,0.0011873133480548859,0.17460346
WESAD,WESAD:S9,meditation,Meditation,,,0.0004800329334102571,0.108408004
WESAD,WESAD:S9,meditation,Meditation,,,0.0003846714389510453,0.16250317
