window_id,p_cond3_exercise,p_cond3_Hyperventilation,p_cond3_UBFC Control task,p_cond3_Campanella Manual task,p_cond3_EPM Fear,p_cond3_EPM Anger
0,0.26997132748365404,0.12342302575707435,0.12922302708029748,0.10944970101118087,0.13199451565742493,0.11340826079249382
1,0.2577139973640442,0.11076755821704865,0.12645699232816696,0.14321456104516983,0.12936807721853255,0.12515965849161148
2,0.3866597950458527,0.18128592222929002,0.19291481524705886,0.21790111660957337,0.20516554713249208,0.2030900776386261
3,0.5095185339450836,0.29638344049453735,0.29694475829601286,0.34713850617408754,0.328730171918869,0.31978373825550077
4,0.6155486822128295,0.444273042678833,0.3619555652141571,0.4629024267196655,0.3878911554813385,0.41977172493934634
5,0.2671380192041397,0.11921763718128205,0.13267624527215957,0.14851401299238204,0.1410069465637207,0.1234310284256935
6,0.1827644497156143,0.10069244801998138,0.10540747344493866,0.13295980542898178,0.10186715424060822,0.10642005354166031
7,0.20281626284122467,0.08767049610614777,0.09363499879837037,0.11605021506547927,0.11027716100215912,0.09417206794023514
8,0.23450024127960206,0.10897527933120728,0.12341268509626388,0.12890343368053436,0.1440195173025131,0.12037653625011444
9,0.5002361536026001,0.37050712704658506,0.35220017433166506,0.3582571089267731,0.4254885852336884,0.3809771597385406
10,0.3705367028713226,0.20259880721569062,0.1699223831295967,0.23487952649593352,0.2211953207850456,0.19732978641986848
11,0.4732047140598297,0.2885647118091583,0.2765316367149353,0.3336629867553711,0.3214321553707123,0.30343666672706604
12,0.4757473230361938,0.3166583180427551,0.29277404248714445,0.38970099687576293,0.3394241988658905,0.3025073826313019
13,0.5168991565704346,0.39441007375717163,0.39621261358261106,0.36310839653015137,0.4539534091949463,0.4074018061161041
14,0.5921394467353821,0.3622962415218353,0.34083652794361113,0.4051819622516632,0.40326906442642213,0.3865916132926941
15,0.6337980985641479,0.516478168964386,0.4993687629699707,0.545632392168045,0.5182005584239959,0.5178507745265961
16,0.6316002488136292,0.5554999768733978,0.541261863708496,0.5617621541023254,0.5898375630378723,0.5866750955581665
17,0.4295306921005249,0.2718402773141861,0.2847615391016006,0.318507781624794,0.26629151999950407,0.2956200838088989
18,0.42197108268737793,0.28234589993953707,0.28938167095184325,0.30001731514930724,0.2939334064722061,0.30063748359680176
19,0.44308074116706847,0.3098248511552811,0.2792956382036209,0.3201214671134949,0.30611567497253417,0.31810800433158876
20,0.37159389853477476,0.22998449206352234,0.22148353457450867,0.2469050645828247,0.2400318294763565,0.23066866099834443
21,0.376313304901123,0.2631354659795761,0.26181111931800843,0.3081715375185013,0.26649669110774993,0.2826767176389694
22,0.3776947855949402,0.2365344524383545,0.2410656914114952,0.2772232204675674,0.2404626876115799,0.23533083349466324
23,0.30087069272994993,0.18340330719947814,0.1585700586438179,0.21676880717277527,0.20645844042301179,0.1905829429626465
24,0.33653162121772767,0.21022561192512512,0.208183716237545,0.25078568458557127,0.23176990896463395,0.22708919793367385
25,0.3276877760887146,0.18980225473642348,0.17768678963184356,0.2113646000623703,0.19252971708774566,0.1882029414176941
26,0.5416517555713654,0.41713457703590395,0.4025596261024475,0.3731393814086914,0.45294074416160585,0.4256002247333527
27,0.1864398241043091,0.10695229917764663,0.11650895178318024,0.1288905292749405,0.10273015648126602,0.11190821528434754
28,0.12781801968812942,0.05086409747600555,0.055178682506084445,0.07030588462948799,0.052324648946523666,0.052290760725736615
29,0.31572977900505067,0.21658425331115722,0.20526390373706818,0.25295992791652677,0.2097260445356369,0.21129265427589417
30,0.41211875677108767,0.3004565864801407,0.2794800192117691,0.30612973868846893,0.25886604487895964,0.28697645366191865
31,0.43225666880607605,0.24897151291370392,0.2366991475224495,0.25401243269443513,0.2304534301161766,0.2465113639831543
32,0.5516064286231994,0.34382660388946534,0.2982052266597748,0.37041707932949064,0.28571417927742004,0.3352282702922821
33,0.32345624566078185,0.1712411567568779,0.1426374137401581,0.20068425834178924,0.17567577660083772,0.16874048709869385
34,0.3215288996696472,0.16103100031614304,0.14928199201822281,0.18844412863254548,0.16860539764165877,0.17402587980031967
35,0.415578281879425,0.24725240468978882,0.25070159435272216,0.28924132585525514,0.22178724110126496,0.2639890044927597
36,0.4208188712596893,0.24289771616458894,0.2486541211605072,0.27923191487789156,0.25938567221164704,0.2582189440727234
37,0.6612126946449279,0.5265369653701782,0.47397996187210084,0.5194029033184051,0.45554344058036805,0.5101875960826874
38,0.3556195557117462,0.2910606175661087,0.2574365437030792,0.33075831532478334,0.2097608357667923,0.2594649732112885
39,0.24324808716773988,0.15998247563838958,0.15218801498413087,0.17852144539356232,0.13539739996194838,0.14539343267679214
40,0.23432766497135163,0.15740934312343596,0.15061546564102174,0.15525870621204377,0.15247087478637694,0.1585482120513916
41,0.22618722319602966,0.14573391526937485,0.12204421013593673,0.14397475123405457,0.10629051253199577,0.1345369726419449
42,0.19701655954122543,0.09753579497337342,0.10027666091918945,0.10901910066604614,0.10918583646416664,0.09685283452272415
43,0.17400024831295013,0.0846634067595005,0.08343325927853584,0.09950011074543,0.07339210286736489,0.08052493780851364
44,0.1802254796028137,0.09642689526081086,0.09879215508699417,0.1171278178691864,0.0887046605348587,0.09794164076447487
45,0.1653947874903679,0.06435838341712952,0.0752877026796341,0.0804284743964672,0.0733541078865528,0.06581391021609306
46,0.16897255629301072,0.07219197154045105,0.077398831397295,0.09710468500852584,0.06928803473711014,0.07212058752775193
47,0.16236464083194732,0.07542752623558044,0.08072900474071502,0.09618643000721931,0.07122048139572143,0.07014805004000664
48,0.18466448783874512,0.08785171583294868,0.08693264871835708,0.1067882314324379,0.08623624294996261,0.09098367840051651
49,0.2274554044008255,0.17438127100467682,0.14532241225242615,0.18398583233356475,0.14777205586433412,0.1446993663907051
50,0.184294992685318,0.13476756513118743,0.12536895424127578,0.14704047590494157,0.1221233382821083,0.12501145899295807
51,0.20339505970478058,0.137896391749382,0.13602274507284165,0.14448452591896058,0.12463537752628326,0.12663330361247063
52,0.21106706708669662,0.1149201214313507,0.11516115963459014,0.12496345192193985,0.12168977111577987,0.11017118617892266
53,0.17531120479106904,0.08466479778289795,0.09723531603813171,0.10711217671632767,0.09618993550539016,0.08699634522199631
54,0.19796749353408813,0.13470378518104553,0.12181390374898911,0.15316583812236786,0.10876681208610535,0.12317459434270858
55,0.22851715385913848,0.14814475327730178,0.13758247792720796,0.1542516231536865,0.12999581843614577,0.14037662744522095
56,0.23019660711288453,0.15381055772304536,0.1392175853252411,0.1573396474123001,0.12048670649528503,0.12443218976259232
57,0.23045730590820312,0.14430003464221955,0.1294979691505432,0.1413094162940979,0.11908335834741593,0.11404792964458466
58,0.2276110827922821,0.1558339238166809,0.1363939017057419,0.1537739545106888,0.12080259174108506,0.12719252407550813
59,0.18371739387512206,0.10352092683315277,0.10506900995969773,0.13287101238965987,0.09087336212396621,0.10143495947122574
60,0.18879227042198182,0.11751534193754196,0.11279016882181167,0.1390693500638008,0.10112201124429702,0.10908567160367966
61,0.7452324867248535,0.6724979877471924,0.6553687810897827,0.6262996554374695,0.6567553758621216,0.6483736872673035
62,0.7278450131416321,0.655242919921875,0.642057728767395,0.6130029559135437,0.6507336735725403,0.6324707508087158
63,0.8949466347694397,0.9063077092170715,0.8974992394447326,0.8781262278556824,0.8850753545761109,0.9018304944038391
64,0.3684370219707489,0.7516133427619934,0.8070480108261109,0.8011455655097961,0.803630256652832,0.775789201259613
65,0.7936610102653503,0.9407888293266297,0.9587538480758667,0.9345754504203796,0.9509107112884522,0.9499350905418396
66,0.9302384972572326,0.867729640007019,0.8688737630844117,0.8836326360702514,0.8780815720558166,0.8724854469299317
67,0.9011888265609741,0.8036469101905823,0.7943176984786987,0.768425714969635,0.8332774758338928,0.7991979837417602
68,0.8265421986579895,0.6339527130126953,0.6742668509483337,0.6853816270828247,0.6936872959136963,0.6768749594688416
69,0.9071283102035522,0.8630770206451416,0.8705599904060364,0.8908673167228699,0.8848074913024903,0.8556391835212708
70,0.9464591979980469,0.9305793762207031,0.931842589378357,0.9206777215003967,0.9286722540855408,0.9301514148712158
71,0.9045065879821778,0.8786033034324646,0.8918488144874572,0.8846615076065063,0.8705809712409973,0.8848887920379639
72,0.9189636826515197,0.907991349697113,0.9081214904785156,0.9095643520355224,0.9116181612014771,0.9083572149276733
73,0.908425760269165,0.8839282393455505,0.8746414542198181,0.8894301891326905,0.8824013113975525,0.8752124428749084
74,0.9229066610336304,0.9199141144752503,0.9183624148368835,0.8942733645439148,0.9129194498062134,0.9087034940719605
75,0.8618065118789673,0.8516137838363648,0.8487123966217041,0.8319951176643372,0.7936524748802185,0.8148436188697815
76,0.8478597283363343,0.7467435359954834,0.75417058467865,0.7375336050987243,0.6922306060791016,0.7115410566329956
77,0.7954333901405335,0.7465219259262085,0.7247701406478881,0.7373026132583618,0.6230722784996032,0.7123287916183472
78,0.75396648645401,0.5962434768676758,0.6132836937904358,0.6332029342651367,0.5186658561229706,0.6002116322517395
79,0.7489700675010681,0.5971156835556031,0.577596926689148,0.6311909437179566,0.5046693861484528,0.586229395866394
80,0.7795325636863708,0.7548579931259155,0.7043572783470153,0.7361478567123413,0.64397634267807,0.7049524664878846
81,0.7425168514251709,0.7192983388900757,0.6399980425834656,0.7145193815231323,0.6146132290363312,0.6886011838912964
82,0.8224680304527283,0.7616673350334168,0.7301762700080872,0.800027596950531,0.6707310795783996,0.7615144848823547
83,0.6627655863761902,0.44123268127441406,0.4576589524745941,0.5254309058189393,0.40759664177894595,0.4361889481544495
84,0.4757261395454407,0.37984047532081605,0.4280835032463074,0.46605120301246644,0.41635275483131406,0.4063876211643219
85,0.6243412733078003,0.40954849123954773,0.42320278882980344,0.376684832572937,0.41378227472305296,0.3967005550861359
86,0.6288762569427491,0.4114452600479126,0.4061004936695099,0.35011397004127504,0.4367903172969818,0.41013212203979493
87,0.6309123158454895,0.4120694279670715,0.41382145285606386,0.3583639323711395,0.4496981382369995,0.41661969423294065
88,0.6419929146766663,0.43655799627304076,0.45745894908905027,0.3937062442302704,0.46863991022109985,0.4309276282787323
89,0.6040960550308228,0.38562771677970886,0.409773463010788,0.34833444356918336,0.419946676492691,0.38713027238845826
90,0.6636035084724426,0.4786852955818176,0.5098696529865265,0.43106614947319033,0.5237252712249756,0.48585106134414674
91,0.6088483572006226,0.3950760543346405,0.4198780179023743,0.3582714259624481,0.42961073517799375,0.3889829456806183
92,0.6750298976898194,0.5025526523590088,0.5566577732563018,0.4704777240753174,0.5707361698150635,0.5192990481853486
93,0.6981640219688415,0.5245160281658172,0.5648346781730652,0.4427768588066101,0.5910737752914429,0.5430961966514587
94,0.7024013042449951,0.516908872127533,0.5509559988975525,0.43530531525611876,0.5950008273124695,0.550801569223404
95,0.7361759066581726,0.5683948636054993,0.5910721182823181,0.4898821175098419,0.6337228178977966,0.578554344177246
0,0.19699323177337646,0.06847389787435532,0.05074233189225197,0.07329410314559937,0.08035868406295776,0.04833218827843666
1,0.2703017592430115,0.10224580019712448,0.12380723655223846,0.13190127909183502,0.11246242374181747,0.1061231717467308
2,0.477374404668808,0.21359533071517944,0.2088279277086258,0.25156351923942566,0.3236929774284363,0.2235451638698578
3,0.6700407862663269,0.44448980689048767,0.5100869536399841,0.6504932045936584,0.4888060688972473,0.5232977867126465
4,0.6719608902931213,0.5747961401939392,0.47492802143096924,0.6063927412033081,0.5396136045455933,0.4821613132953644
5,0.3870036005973816,0.19946324825286865,0.23971590399742126,0.15251709520816803,0.2006201446056366,0.15962527692317963
6,0.6637119054794312,0.4347470700740814,0.3539831042289734,0.5771130323410034,0.45690980553627014,0.461345374584198
7,0.7045906186103821,0.5036183595657349,0.4073841869831085,0.6047588586807251,0.4439254403114319,0.47181791067123413
8,0.6598066091537476,0.36130058765411377,0.39377492666244507,0.393562912940979,0.377758264541626,0.4473351538181305
9,0.5441882610321045,0.29806187748908997,0.325678288936615,0.3380874991416931,0.32817643880844116,0.32217660546302795
10,0.5432955026626587,0.28510114550590515,0.3322962820529938,0.3815010190010071,0.29329657554626465,0.3736339509487152
11,0.9049541354179382,0.8740784525871277,0.8673930168151855,0.8429551124572754,0.8395937085151672,0.8912065029144287
12,0.835597813129425,0.8069654107093811,0.8398374319076538,0.7492101788520813,0.8010697960853577,0.8287598490715027
13,0.7702239751815796,0.6587188243865967,0.6838045716285706,0.6683326363563538,0.6551049947738647,0.6640287637710571
14,0.379109650850296,0.3174859285354614,0.34631893038749695,0.3072921633720398,0.37202325463294983,0.3584473729133606
15,0.47795405983924866,0.45876023173332214,0.4596673846244812,0.4827517867088318,0.44571810960769653,0.5124804973602295
16,0.42019590735435486,0.3457507789134979,0.41358673572540283,0.42269888520240784,0.2938501238822937,0.35307350754737854
17,0.33696451783180237,0.3002510070800781,0.30464985966682434,0.23547714948654175,0.2632693946361542,0.20472434163093567
18,0.2685195505619049,0.14897921681404114,0.16201715171337128,0.18151284754276276,0.144146129488945,0.1403532773256302
19,0.35857993364334106,0.19409780204296112,0.1778908520936966,0.30000466108322144,0.24790208041667938,0.21697911620140076
20,0.43300363421440125,0.34242314100265503,0.31877171993255615,0.3816777765750885,0.390266478061676,0.3161226809024811
21,0.44904428720474243,0.22336158156394958,0.2854342758655548,0.20268061757087708,0.2224445939064026,0.2259902060031891
22,0.3677706718444824,0.120534747838974,0.15622268617153168,0.12262001633644104,0.1716802567243576,0.12636685371398926
23,0.2885511815547943,0.24774552881717682,0.25127875804901123,0.26166126132011414,0.2528436481952667,0.24804100394248962
24,0.27853360772132874,0.16235090792179108,0.17804120481014252,0.14833925664424896,0.1641598492860794,0.19718168675899506
25,0.47220703959465027,0.39571553468704224,0.3633480966091156,0.30876481533050537,0.3597319424152374,0.37940889596939087
26,0.5013158321380615,0.3914164900779724,0.4433474540710449,0.3041805028915405,0.3695598542690277,0.3846125900745392
27,0.28813907504081726,0.18894225358963013,0.19170421361923218,0.23374731838703156,0.19229282438755035,0.23901183903217316
28,0.13144861161708832,0.07097280770540237,0.06967169046401978,0.07123537361621857,0.06711101531982422,0.0832110047340393
29,0.1637110412120819,0.05272302031517029,0.06820622831583023,0.057523827999830246,0.05258943885564804,0.060257211327552795
30,0.1919047087430954,0.09923140704631805,0.0861944705247879,0.1126583069562912,0.08834712952375412,0.10040289163589478
31,0.2313414067029953,0.30794253945350647,0.32879748940467834,0.49905669689178467,0.23620736598968506,0.32335302233695984
32,0.22972583770751953,0.12341418117284775,0.11217496544122696,0.12441924214363098,0.11838856339454651,0.10022224485874176
33,0.056044530123472214,0.026335537433624268,0.045939262956380844,0.030188119038939476,0.035331178456544876,0.032339803874492645
34,0.06729277223348618,0.038721054792404175,0.03870746120810509,0.039008885622024536,0.04025718942284584,0.04099379852414131
35,0.07258757948875427,0.029900675639510155,0.031804732978343964,0.033146508038043976,0.03973385691642761,0.03296468406915665
36,0.050574008375406265,0.024508530274033546,0.025903863832354546,0.037675224244594574,0.025632837787270546,0.030231671407818794
37,0.0791584700345993,0.09400719404220581,0.056643594056367874,0.08698587864637375,0.06097780168056488,0.06823952496051788
38,0.8512107729911804,0.8361307382583618,0.848838210105896,0.6940141916275024,0.839230477809906,0.8436817526817322
39,0.8575477004051208,0.8536866307258606,0.8628147840499878,0.7591809630393982,0.8501372933387756,0.8622115850448608
40,0.7178153395652771,0.6944602727890015,0.6870964169502258,0.6664475798606873,0.7061454057693481,0.6907080411911011
41,0.828833818435669,0.8435695767402649,0.8427342772483826,0.6879547238349915,0.8362390398979187,0.8294461965560913
42,0.828833818435669,0.8511860370635986,0.8501296043395996,0.7043203115463257,0.8462708592414856,0.8411120176315308
43,0.881956934928894,0.8983982801437378,0.8797156810760498,0.7683709859848022,0.8886537551879883,0.8906270861625671
44,0.78966224193573,0.7873140573501587,0.7336556315422058,0.5895113945007324,0.7059542536735535,0.7363117933273315
45,0.7621737718582153,0.7597624063491821,0.7220807075500488,0.6020830869674683,0.7317596673965454,0.7159215211868286
46,0.888146698474884,0.914425253868103,0.9008700251579285,0.8075816035270691,0.9098455905914307,0.9030933976173401
47,0.889543890953064,0.9080749750137329,0.8956722021102905,0.7866582870483398,0.910973846912384,0.904267430305481
48,0.7729429602622986,0.7203689217567444,0.7163185477256775,0.5350304841995239,0.7526548504829407,0.7446357607841492
49,0.8601897954940796,0.8084397912025452,0.8049165606498718,0.67366623878479,0.7954843044281006,0.8294839262962341
50,0.8395652174949646,0.7800351977348328,0.7905008792877197,0.6515390872955322,0.7661440968513489,0.7942264080047607
51,0.8995727896690369,0.8921492099761963,0.8736823797225952,0.8066666722297668,0.8857517242431641,0.9073455929756165
52,0.9160835146903992,0.9090297222137451,0.8918277621269226,0.8233423829078674,0.9034803509712219,0.919628381729126
53,0.9188039898872375,0.927238404750824,0.9311037659645081,0.8490949273109436,0.9109541773796082,0.9382004737854004
54,0.9282801747322083,0.9335821270942688,0.9357603788375854,0.9073208570480347,0.9237737059593201,0.9397192597389221
55,0.9239156246185303,0.9318013787269592,0.9480789303779602,0.9336119294166565,0.9452303051948547,0.9498188495635986
56,0.9079254865646362,0.9502285122871399,0.9556632041931152,0.9499762058258057,0.9582686424255371,0.9542837142944336
57,0.9196957945823669,0.9542887210845947,0.9599655270576477,0.9400314092636108,0.9713867902755737,0.9607611298561096
58,0.915692925453186,0.9280350208282471,0.9582662582397461,0.941712498664856,0.9677937626838684,0.9541680812835693
59,0.6281599402427673,0.3760647475719452,0.3749486207962036,0.3373339772224426,0.40056559443473816,0.389169842004776
60,0.7529928684234619,0.5667147636413574,0.5226778984069824,0.6014460921287537,0.5101567506790161,0.5768746137619019
61,0.8039063811302185,0.6823875308036804,0.6754524111747742,0.79096519947052,0.6805116534233093,0.7455082535743713
62,0.6919228434562683,0.5415109395980835,0.5348114967346191,0.43318885564804077,0.5475746393203735,0.5033076405525208
63,0.684196949005127,0.5607585310935974,0.6092179417610168,0.49050793051719666,0.5663327574729919,0.5503109097480774
64,0.6695888042449951,0.4868867099285126,0.4563070237636566,0.3753245770931244,0.4925585985183716,0.4353027641773224
65,0.7103313207626343,0.5981760621070862,0.5614546537399292,0.48128998279571533,0.5849186778068542,0.4898446798324585
66,0.6394014358520508,0.46545708179473877,0.4499044120311737,0.37772756814956665,0.4865504205226898,0.4464155435562134
67,0.6905609369277954,0.48428720235824585,0.4167861342430115,0.6017626523971558,0.3416033685207367,0.47113439440727234
68,0.4388030171394348,0.5767902731895447,0.49487438797950745,0.6992170810699463,0.545256495475769,0.5287955403327942
69,0.6158036589622498,0.3513789474964142,0.24140217900276184,0.4284283518791199,0.24948856234550476,0.39668986201286316
70,0.55655437707901,0.4309992790222168,0.4095609188079834,0.4122408926486969,0.43595561385154724,0.36075925827026367
71,0.25191330909729004,0.2156161367893219,0.24113716185092926,0.21774955093860626,0.1972689926624298,0.23147065937519073
72,0.27849408984184265,0.24976752698421478,0.26062408089637756,0.2685106098651886,0.22886551916599274,0.2663266360759735
73,0.29727792739868164,0.3279372751712799,0.25495368242263794,0.2406737357378006,0.23496632277965546,0.26737046241760254
74,0.2568129003047943,0.18088817596435547,0.174221932888031,0.18178361654281616,0.12658679485321045,0.19156332314014435
75,0.1524582952260971,0.07388290762901306,0.10352373868227005,0.0942799523472786,0.0782589316368103,0.09648851305246353
76,0.13229624927043915,0.05008435249328613,0.06404038518667221,0.04862651601433754,0.05912500247359276,0.062361184507608414
77,0.26304131746292114,0.1515568047761917,0.19146138429641724,0.1989806443452835,0.15970049798488617,0.17110751569271088
78,0.3071664273738861,0.2277737408876419,0.22032485902309418,0.27485373616218567,0.20348826050758362,0.2254457175731659
79,0.16495485603809357,0.06744515895843506,0.07004892826080322,0.0846017599105835,0.07537902891635895,0.0717630535364151
80,0.18362969160079956,0.09696263819932938,0.11431668698787689,0.15381675958633423,0.08276776224374771,0.10664477199316025
81,0.15694844722747803,0.04718479886651039,0.05882500857114792,0.048547375947237015,0.05653546750545502,0.04733498394489288
82,0.3651876747608185,0.29233402013778687,0.30332550406455994,0.28838446736335754,0.3283310532569885,0.31980228424072266
83,0.31211522221565247,0.17661301791667938,0.1817043274641037,0.145290806889534,0.21269872784614563,0.19730597734451294
84,0.18577030301094055,0.10474171489477158,0.10908232629299164,0.08434251695871353,0.11329253762960434,0.10253874957561493
85,0.1862553507089615,0.11818842589855194,0.13904041051864624,0.10041870176792145,0.12537819147109985,0.11256692558526993
86,0.17309759557247162,0.09000705927610397,0.08827719837427139,0.1226070299744606,0.0594625324010849,0.11233360320329666
87,0.11688411235809326,0.05674353241920471,0.07006771117448807,0.0705803781747818,0.057187341153621674,0.04415193572640419
88,0.08852087706327438,0.05216043069958687,0.049983855336904526,0.057604242116212845,0.03449610248208046,0.039329078048467636
89,0.18437916040420532,0.12835583090782166,0.1437581181526184,0.10041870176792145,0.13511769473552704,0.12520158290863037
90,0.18441040813922882,0.1223505437374115,0.13081572949886322,0.1011594757437706,0.1292039304971695,0.1235051155090332
91,0.19204510748386383,0.12969017028808594,0.13226483762264252,0.10057420283555984,0.15399910509586334,0.14187666773796082
92,0.18437916040420532,0.12312143296003342,0.13841024041175842,0.10662402957677841,0.12261393666267395,0.12429837882518768
93,0.22659194469451904,0.13795645534992218,0.13965456187725067,0.11240793019533157,0.14113232493400574,0.13852450251579285
0,0.5322820196549097,0.4059946785370509,0.3505723426739375,0.2751120825608571,0.3984815527995427,0.38635532061258954
1,0.4603147357702255,0.2845988969008128,0.2721908713380496,0.2229838271935781,0.27051863074302673,0.282105731467406
2,0.7036226590474447,0.46122334400812787,0.4812996983528137,0.3657550513744354,0.462128942211469,0.4616042822599411
3,0.6165526707967123,0.4859442263841629,0.5011394172906876,0.48648802439371747,0.4646713634332021,0.4911020944515864
4,0.45684804022312164,0.28337035079797107,0.29430849601825076,0.32565901676813763,0.32148971656958264,0.2810734957456589
5,0.23440864433844885,0.12219016378124554,0.11786971613764763,0.1256424772242705,0.14442852636178335,0.13339435930053392
6,0.1973385587334633,0.1073613887031873,0.10450459520022075,0.09675789624452591,0.12065774202346802,0.10993025203545888
7,0.5674996872742971,0.49762219687302905,0.4784515053033829,0.45516633490721387,0.48221610486507416,0.48485750953356427
8,0.4397270679473877,0.26153022050857544,0.25315385063489276,0.25930794576803845,0.2722199832399686,0.26551992694536847
9,0.3331484893957774,0.1740426147977511,0.19289388010899225,0.16095426678657532,0.19781780739625296,0.18042324235041937
10,0.47102130949497223,0.24202040334542593,0.22066553185383478,0.27442842225233716,0.258867084980011,0.2474367618560791
11,0.2379725898305575,0.11313480511307716,0.13216063131888708,0.09306813900669415,0.12088047837217648,0.11353723953167598
12,0.37803082168102264,0.24913261085748672,0.235284353295962,0.1980363205075264,0.25804514934619266,0.23555817703406015
13,0.6491415699323019,0.5976893802483877,0.6146461764971415,0.6340482036272684,0.5982062717278799,0.594878633817037
14,0.6170506229003271,0.5026756276686987,0.5019977539777756,0.5073622663815817,0.517966498931249,0.48753338555494946
15,0.3268945241967837,0.1942997140189012,0.19940882300337157,0.23266984025637308,0.1838697368899981,0.19019313777486482
16,0.28422068804502487,0.1561169239381949,0.15617691973845163,0.18948868413766226,0.15079488356908163,0.15552201370398203
17,0.12829447661836943,0.05630741020043691,0.05628323368728161,0.06245498607556025,0.06064093920091788,0.05318699683994055
18,0.5207131405671438,0.3791105697552363,0.3431906004746755,0.3641916910807292,0.38984576364358264,0.3572116245826085
19,0.45454177260398865,0.34191227207581204,0.2907758553822835,0.3219938576221466,0.3425949588418007,0.3181726907690366
20,0.1765715703368187,0.08040123991668224,0.0827994557718436,0.05882698607941469,0.07473695961137612,0.07188924960792065
21,0.3734030971924464,0.1872941516339779,0.19809389611085257,0.1478643355270227,0.2042576720317205,0.17725405097007751
22,0.31426316996415454,0.12562486280997595,0.13244541361927986,0.15943047776818275,0.1207026777168115,0.10490052402019501
23,0.16366537536183992,0.061215429877241455,0.06666275734702747,0.09004731973012288,0.06599353129665057,0.05815967607001463
24,0.09966083616018295,0.038932280304531254,0.043966452280680336,0.059713211531440415,0.04431568862249454,0.03531345476706823
25,0.16809803247451782,0.061061788350343704,0.06836939478913943,0.0746234158674876,0.07162225308517615,0.06865807839979728
26,0.18553955604632696,0.06581898033618927,0.06974780994156997,0.07039887892703216,0.07538615477581818,0.06418355368077755
27,0.22466600437959036,0.08721492687861125,0.07778059442838033,0.08625014374653499,0.09214049267272155,0.09148637267450492
28,0.11453087007006009,0.0680416685839494,0.06049576215445995,0.06917728669941425,0.06187291070818901,0.06691146641969681
29,0.07919748065372308,0.05371546310683092,0.05375410430133343,0.047229813101390995,0.051991824681560196,0.05351829590896765
30,0.06958276654283206,0.03621850566317638,0.035801948979496956,0.040519921109080315,0.03949009068310261,0.03807580377906561
31,0.2841303075353305,0.11750213118890922,0.11236468516290188,0.10322083470722039,0.11295194861789544,0.1153066052744786
32,0.29818395028511685,0.1352923922240734,0.13183211038510004,0.13763119528690973,0.1344672292470932,0.15514742210507393
33,0.22948458790779114,0.10102929795781772,0.10042932691673438,0.09715644580622514,0.1029381745805343,0.10681755592425664
34,0.3366560786962509,0.21489746371905008,0.21208160867293677,0.22372797255714735,0.20694840947786966,0.2425070876876513
35,0.3483479867378871,0.2212089548508326,0.2255397836367289,0.21149023870627084,0.22410376742482185,0.23721365382273993
36,0.24712792287270227,0.10911415331065655,0.09782781700293224,0.09400980733335018,0.10515318562587102,0.10748752082387607
37,0.1222361388305823,0.08880962307254474,0.09683214252193768,0.10027313170333703,0.08359672129154205,0.09153536334633827
38,0.18357211475570998,0.10945597663521767,0.11761654789249103,0.13649392500519753,0.11011223743359248,0.1181065837542216
39,0.6312647660573324,0.5593358327945074,0.6098789970080057,0.6807601849238077,0.577847013870875,0.6454110145568848
40,0.7557664513587952,0.5826156685749689,0.6365860203901926,0.727680116891861,0.6490724384784698,0.6721389393011729
41,0.8326554596424103,0.6909986833731333,0.6949182649453481,0.7162551780541738,0.6674195130666097,0.6909799873828888
42,0.6473699907461802,0.46956933041413623,0.4828144957621892,0.45972350239753723,0.40645350019137066,0.4903361052274704
43,0.6565978030363718,0.5816628237565359,0.5522152334451675,0.5348692486683527,0.5240994890530905,0.5789874891440073
44,0.42787134647369385,0.3035092403491338,0.2899697969357173,0.29606059441963833,0.331158384680748,0.3010023931662242
45,0.3753042668104172,0.26413601140181225,0.2912595520416896,0.2588481530547142,0.287165567278862,0.2579896152019501
46,0.4858885755141576,0.37168548504511517,0.3597616230448087,0.3091182013352712,0.3650135050217311,0.35728337119023007
47,0.11024827510118484,0.06435601723690827,0.06672008521854877,0.0677309837192297,0.07494133648773034,0.06742341319719951
48,0.17860635245839754,0.11414701864123344,0.12454044446349144,0.13017907490332922,0.12296705196301143,0.11495130509138107
49,0.1596344585220019,0.09158484265208244,0.09664773692687352,0.1178661659359932,0.1139712246755759,0.09735664663215478
50,0.14490026732285818,0.07709782384335995,0.08427248088022073,0.09220091998577118,0.07812878924111526,0.07756737805902958
51,0.1503806176284949,0.0749841220676899,0.08062371859947841,0.10085491898159187,0.07576324107746284,0.0822489783167839
52,0.094733410825332,0.0286358588685592,0.03324006901433071,0.03358885056028763,0.03265525524814924,0.03050794918090105
53,0.09468877439697583,0.027797743988533814,0.033337264942626156,0.03738960282256206,0.03636855849375328,0.03242568299174309
54,0.11599323774377505,0.05752806800107161,0.06098853920896848,0.06334896385669708,0.05780895985662937,0.057936410730083786
55,0.10795784989992778,0.04269257001578808,0.05259002620975176,0.05240615954001745,0.051010038082798324,0.04946607972184817
56,0.07877699782450993,0.025544281117618084,0.03581335302442312,0.031479467948277794,0.029412513909240563,0.027185616083443165
57,0.09691512584686279,0.038117255394657455,0.04448657048245271,0.04460939454535643,0.040549625332156815,0.03957397614916166
58,0.0951375129322211,0.0469918337961038,0.059387873858213425,0.05699663298825423,0.057467001800735794,0.050320910289883614
59,0.09262100793421268,0.04519162264962991,0.05097739864140749,0.05279651346306006,0.05507283781965574,0.048479088271657624
60,0.1468592844903469,0.08539347909390926,0.08440960322817166,0.10108619059125583,0.09845098728934924,0.09163809133072694
61,0.9345385730266571,0.935169925292333,0.9355839788913727,0.8973311881224314,0.9312801361083984,0.9400626321633657
62,0.8891383210817972,0.8701767226060232,0.8610868155956268,0.8715848326683044,0.8387024104595184,0.8870215813318888
63,0.7703330417474111,0.8526556094487509,0.8468758265177408,0.8195058107376099,0.8325027028719584,0.8571838736534119
64,0.7418684363365173,0.8023607929547628,0.8152228991190592,0.8244551618893942,0.8041629095872244,0.8188643554846445
65,0.9192674060662588,0.9209447006384531,0.921360194683075,0.9013116161028544,0.9194023907184601,0.9246205190817515
66,0.9465754230817159,0.9362970888614655,0.9341034094492594,0.9196266432603201,0.942944198846817,0.9401086270809174
67,0.9577004512151083,0.9648301800092062,0.966331680615743,0.948039710521698,0.9717353383700053,0.9643313189347585
68,0.9535002807776133,0.9739245573679606,0.9730568627516428,0.9597324629624685,0.9677278399467468,0.9693901737531027
69,0.9658011198043823,0.9820040067036947,0.981718122959137,0.9733719925085703,0.9776312112808228,0.9803572098414103
70,0.9638783733050028,0.9710753560066223,0.969413826862971,0.961534450451533,0.9713274538516998,0.9674837291240692
71,0.853682816028595,0.8237448235352834,0.8323128422101339,0.8128950496514639,0.8461926579475403,0.8170342942078909
72,0.9496181408564249,0.9711884260177612,0.9728916684786478,0.9568634629249573,0.9748112161954244,0.972628096739451
73,0.9531993965307871,0.9719604154427847,0.9741140504678091,0.9575734436511993,0.9750256935755411,0.9737046658992767
74,0.3939324617385864,0.9723933736483256,0.9699216584364573,0.9611997902393341,0.9708071053028107,0.9688285291194916
75,0.922689417997996,0.9725326895713806,0.9663581848144531,0.9591476420561472,0.9664289156595866,0.9668602446715037
76,0.9583741029103597,0.9744400680065155,0.9737395544846853,0.9571741918722788,0.9766656458377838,0.9745507538318634
77,0.8989488879839579,0.8865572909514109,0.8868117729822794,0.8509738246599833,0.8825531601905823,0.8789472679297129
78,0.9190233250459036,0.9507265587647756,0.9513733784357706,0.929310937722524,0.9578969379266103,0.9507448871930441
79,0.6800748904546102,0.8667195538679758,0.8874258001645406,0.8818185130755106,0.8727032045523325,0.8845196664333344
80,0.863670418659846,0.7968678871790568,0.796308696269989,0.804519365231196,0.8073074618975321,0.788370688756307
81,0.9356349507967631,0.9181524813175201,0.9203402598698934,0.9212562839190165,0.9202479918797811,0.9134905139605204
82,0.20182385047276816,0.09312428844471772,0.107402420292298,0.14022271459301314,0.09588089771568775,0.09388942395647366
83,0.21721639732519785,0.1295585868259271,0.15389666085441908,0.1808647116025289,0.1384280895193418,0.14493045459191004
84,0.17307288199663162,0.12773554027080536,0.15236965318520865,0.16315829753875732,0.15154476712147394,0.13790514568487802
85,0.19922690466046333,0.11802405615647633,0.13596385841568312,0.16313130035996437,0.13185381268461546,0.12189379086097081
86,0.18335806081692377,0.1023758016526699,0.11226666594545047,0.1430052692691485,0.10188117685417335,0.1089588205019633
87,0.13847953081130981,0.0854038620988528,0.10710187753041585,0.1164443554977576,0.09106809459626675,0.09193751588463783
88,0.20418710013230643,0.1298370510339737,0.14504488557577133,0.1560032032430172,0.13815911983450255,0.12206330647071202
89,0.2003303493062655,0.10140192632873853,0.12635218352079391,0.14531567941109338,0.10925307994087537,0.11357534676790237
90,0.18517564237117767,0.0845668086161216,0.10322183929383755,0.11784439037243526,0.09524983105560143,0.09140619014700253
91,0.15747706467906633,0.08611891604959965,0.08311283464233081,0.10028809495270252,0.09103797065714996,0.08153462409973145
92,0.18992786357800165,0.12630261604984602,0.1357278749346733,0.15583270539840063,0.13324405501286188,0.12578663354118666
93,0.3227098410328229,0.27649860580762226,0.2855236728986104,0.3007004037499428,0.26643450061480206,0.267956988265117
0,0.364096412062645,0.32123284935951235,0.2987904280424118,0.25251351296901703,0.3427180588245392,0.3142654597759247
1,0.1606788530945778,0.10245128720998764,0.12377108186483383,0.10285377278923988,0.10619173869490624,0.09749654158949853
2,0.16594937592744827,0.08152464181184768,0.08907960876822471,0.07325442805886269,0.08099307417869568,0.0802980288863182
3,0.10537497401237488,0.05595222897827625,0.06635916829109192,0.05109467953443527,0.05255293697118759,0.05326791331171989
4,0.25677824318408965,0.10469420850276948,0.1083823099732399,0.13508637398481368,0.09927265271544457,0.1199978955090046
5,0.17312771677970887,0.07336253821849822,0.0687885083258152,0.10655170232057572,0.07179450690746307,0.091283617913723
6,0.03571001989766955,0.01852800343185663,0.018178478069603442,0.020461487211287023,0.01606712993234396,0.019390436168760062
7,0.03933021705597639,0.02022057371214032,0.021803291607648136,0.02576136775314808,0.020868859626352786,0.023302904888987543
8,0.03796519273892045,0.01770577747374773,0.01703977109864354,0.021026665065437555,0.016300552897155283,0.019202546030282975
9,0.026857130602002142,0.018870271928608417,0.019383525010198355,0.02369953729212284,0.019199075177311897,0.02158762440085411
10,0.029944071918725966,0.023615984246134758,0.02559994366019964,0.032661627233028415,0.026240107044577597,0.02773460131138563
11,0.027651122584939004,0.025589519925415517,0.0238071046769619,0.034367810562253,0.02769535407423973,0.029526523128151894
12,0.02991613820195198,0.017131226044148205,0.016592627763748168,0.023800890892744064,0.01584908375516534,0.019674659054726363
13,0.03722782228142023,0.022032441291958093,0.023039694782346486,0.02946813441812992,0.02397249387577176,0.024761073105037213
14,0.0506791265681386,0.026115448866039514,0.022446557227522135,0.0351642269641161,0.026282427180558444,0.02912704264745116
15,0.09786510467529297,0.04344566576182842,0.046704713627696036,0.057459375262260436,0.051373592019081114,0.04574618637561798
16,0.17434130012989044,0.1147230714559555,0.1323610797524452,0.12130004018545151,0.11493068635463714,0.11470900475978851
17,0.15809343457221986,0.09781989306211472,0.09726209938526154,0.10606348663568496,0.09602689594030381,0.0989739567041397
18,0.0654512245208025,0.04449653178453446,0.046803345903754234,0.04998554512858391,0.0425945021212101,0.046157189458608625
19,0.053357867524027824,0.02146417712792754,0.02417918648570776,0.02960604690015316,0.02122609307989478,0.023922643065452574
20,0.057507680356502534,0.028193433955311775,0.026057222858071327,0.034755700081586835,0.03180397227406502,0.028854749724268915
21,0.1301226571202278,0.06291795372962952,0.061700960248708726,0.08559606745839118,0.06130082979798317,0.06003895923495293
22,0.12500255554914474,0.0513057641685009,0.058572936058044436,0.0626082293689251,0.059148314595222476,0.05274718701839447
23,0.22466420531272888,0.147120700776577,0.16120519936084748,0.17202643752098085,0.16827787458896637,0.1408881351351738
24,0.16818897277116776,0.11754050254821777,0.12956838086247444,0.11916559785604477,0.12507879436016084,0.10920543149113655
25,0.1328827291727066,0.06286153085529804,0.0627559632062912,0.07875295951962472,0.06462780497968197,0.06584059298038483
26,0.2914406329393387,0.1548859402537346,0.1311837315559387,0.12585142999887466,0.12828813195228578,0.15478088110685348
27,0.2082173377275467,0.1102146863937378,0.09996517300605774,0.10167618095874786,0.10555915683507919,0.10654321461915969
28,0.19455782175064087,0.06982239037752151,0.0673501469194889,0.0725342497229576,0.07024048194289208,0.06911760084331035
29,0.23802172839641572,0.11982858628034591,0.1167946070432663,0.1519218474626541,0.1164724811911583,0.12154455482959747
30,0.5529157936573028,0.3179175317287445,0.23312050700187684,0.3295605003833771,0.25862123668193815,0.2968213528394699
31,0.5322309195995331,0.3413190245628357,0.25781110525131223,0.37546596527099607,0.3189552515745163,0.3148031115531921
32,0.38349937200546264,0.24820899367332458,0.2504996836185455,0.3319227367639542,0.24461206793785095,0.25231273770332335
33,0.3689865946769714,0.22803026139736177,0.22345437705516816,0.22267609536647798,0.2419556647539139,0.2347404420375824
34,0.40270234942436217,0.23043743371963502,0.22416284382343293,0.2862303137779236,0.25468997061252596,0.22995368540287017
35,0.2412818878889084,0.10415319502353668,0.10231527388095855,0.150735479593277,0.12105436474084855,0.11234099119901657
36,0.3033294975757599,0.15990892946720123,0.17654345631599427,0.1776183307170868,0.1871970295906067,0.17982863187789916
37,0.32329184710979464,0.17944974154233934,0.19659299552440643,0.21520192325115203,0.18499912470579147,0.1828961193561554
38,0.8246179938316345,0.800133740901947,0.8094068169593811,0.7397616386413575,0.8463501691818237,0.8295073747634888
39,0.8548772692680359,0.7790074706077575,0.773171579837799,0.7255966305732727,0.7845805883407593,0.7759080171585083
40,0.8734853625297546,0.8179152131080627,0.8162497282028198,0.7724990010261535,0.8328776478767395,0.8226104617118836
41,0.8972217559814453,0.8671714305877686,0.8543995261192322,0.8217125415802002,0.8698321342468261,0.8659782886505127
42,0.8503230452537537,0.8015671610832215,0.7946702122688294,0.7899889349937439,0.8239658832550049,0.818929123878479
43,0.6411389946937561,0.8448064804077149,0.8653143167495727,0.8537574887275696,0.7809327840805054,0.8390725731849671
44,0.819806432723999,0.7009922862052917,0.7219139695167541,0.7546366810798645,0.7561584353446961,0.7152240395545959
45,0.8914904594421387,0.8253104567527771,0.8281006932258606,0.8518848061561585,0.8454090356826782,0.8239071846008301
46,0.9103821635246276,0.8911279082298279,0.8990436911582946,0.8798596262931824,0.9214894413948059,0.8851128339767456
47,0.9106094241142273,0.9070541262626648,0.9099065780639648,0.8880312442779541,0.9225192666053772,0.9063892483711242
48,0.7165287733078003,0.8840498447418212,0.9114315748214722,0.8819274306297302,0.909607219696045,0.8931572794914245
49,0.2921347051858902,0.8002003192901611,0.8727895379066467,0.9033989906311035,0.8904655933380127,0.8217718482017518
50,0.5763269782066345,0.8842274188995362,0.8915319204330444,0.9212174534797668,0.9172335863113403,0.8916542053222656
51,0.7559391498565674,0.8702834963798523,0.8803696990013122,0.8868980407714844,0.9121117115020752,0.8732971310615539
52,0.8912405014038086,0.9503466844558716,0.9461623430252075,0.9527916550636292,0.9555610537528991,0.9521094560623169
53,0.9129132151603698,0.966622531414032,0.9655864477157593,0.9648784160614013,0.9750084042549133,0.969011664390564
54,0.9064410924911499,0.9724516630172729,0.9630914807319642,0.960137403011322,0.9700229287147522,0.9668673038482666
55,0.9085816264152526,0.9481208920478821,0.9371330142021179,0.9326754927635192,0.9432688593864441,0.9449577569961548
56,0.8732551693916321,0.9120780825614929,0.9056820392608642,0.9074693202972413,0.889983880519867,0.9044821858406067
57,0.894646430015564,0.8957391500473022,0.8510235190391541,0.8964145541191101,0.8736703634262085,0.8791454672813416
58,0.9040036916732788,0.8440046072006225,0.8171563625335694,0.8328887701034546,0.8174002170562744,0.8438454031944275
59,0.38219891786575316,0.22660766243934632,0.2173846632242203,0.30350511372089384,0.21207912266254425,0.22088412940502167
60,0.3823231816291809,0.24547286927700043,0.23228771090507508,0.28928553462028506,0.2576879858970642,0.24416404068470002
61,0.5626636564731597,0.4033083915710449,0.41926676630973814,0.4443251430988312,0.4375542223453522,0.41122936010360717
62,0.6518428921699524,0.528652012348175,0.5402153909206391,0.5692915737628936,0.5609469771385193,0.5490449726581573
63,0.46854608654975893,0.30346113443374634,0.29831634759902953,0.33767434358596804,0.3191792964935303,0.29747919738292694
64,0.46722646355628966,0.32956663966178895,0.29513290524482727,0.3259058654308319,0.31926203370094297,0.31073414385318754
65,0.4067097842693329,0.21530078649520873,0.20661881566047668,0.22282033860683442,0.22664679288864137,0.206312695145607
66,0.4358253598213196,0.2878524512052536,0.25520971715450286,0.31038376986980437,0.29350036978721616,0.29009614884853363
67,0.4663870811462402,0.3046427309513092,0.29577766060829164,0.31450850069522857,0.30715384483337405,0.2810589760541916
68,0.3930160939693451,0.22262513637542725,0.21615869998931886,0.24563495218753814,0.22530917227268218,0.2200679063796997
69,0.4862267017364502,0.2862536311149597,0.3047504127025604,0.34536710381507874,0.28382754921913145,0.3211249828338623
70,0.552516371011734,0.3680128574371338,0.33293095231056213,0.4078817665576935,0.3350216865539551,0.3627293646335602
71,0.784893810749054,0.6497606992721557,0.6842646360397339,0.6617926120758056,0.6846645712852478,0.6925954580307007
72,0.692543888092041,0.6089756608009338,0.6040597200393677,0.6302808284759521,0.5950109124183655,0.6021628975868225
73,0.7930736660957336,0.6595604062080384,0.6445077657699585,0.6570376753807068,0.6696783542633057,0.6582827806472779
74,0.4460706114768982,0.26930849254131317,0.2520190566778183,0.27849442660808565,0.27805425226688385,0.2710325837135315
75,0.5665600299835205,0.34871300458908083,0.3316775321960449,0.32286318838596345,0.3440647006034851,0.31447621881961824
76,0.4924670398235321,0.2946391314268112,0.2953971982002258,0.3476086139678955,0.32116014063358306,0.3034638315439224
77,0.6639832496643067,0.6129592418670654,0.5925804495811462,0.6435703277587891,0.5816272914409637,0.6060947179794312
78,0.6250865936279297,0.5536134362220764,0.5573127686977386,0.5880822896957397,0.566607677936554,0.5725294589996338
79,0.5836294889450073,0.4933179557323456,0.47150256037712096,0.497704941034317,0.47167701125144956,0.4753490507602692
80,0.5120977878570556,0.2875892609357834,0.26714142262935636,0.26928851902484896,0.2838595449924469,0.27768332064151763
81,0.48624408841133115,0.226018226146698,0.2222511887550354,0.23598799109458923,0.2572114020586014,0.22903853356838227
82,0.47307868003845216,0.3198471009731293,0.2979513734579086,0.35721552968025205,0.32647729218006133,0.3032955497503281
83,0.37774773240089415,0.23897142708301544,0.2520927578210831,0.29726347923278806,0.24951213896274566,0.24837158024311065
84,0.450974041223526,0.3402615189552307,0.3371984899044037,0.3911925196647644,0.3479202151298523,0.34752791523933413
85,0.3711000859737396,0.2525070309638977,0.24796950221061706,0.30519492626190187,0.24637369215488433,0.26253648698329923
86,0.45795047879219053,0.3388236939907074,0.323318350315094,0.38392981290817263,0.35104316771030425,0.346159827709198
87,0.4721227765083313,0.3298501342535019,0.3213233560323715,0.39929854273796084,0.3889578998088837,0.37994615733623505
88,0.37464883327484133,0.2099083885550499,0.19001123756170274,0.23648909777402877,0.20557482689619064,0.21075237840414046
89,0.4076073944568634,0.26000373661518095,0.25271827578544614,0.3116640865802765,0.2551723659038544,0.27398947477340696
90,0.5276886880397796,0.3697728395462036,0.3608836054801941,0.3887661755084991,0.3816417336463928,0.380977725982666
91,0.48848875164985656,0.29487411081790926,0.28241194486618043,0.3042445212602615,0.30839448869228364,0.2840491563081741
92,0.4372613787651062,0.26467254757881165,0.24950191378593445,0.292061784863472,0.2986248344182968,0.26572896242141725
93,0.4108217298984528,0.22258462905883789,0.2223220407962799,0.27103361785411834,0.2412630021572113,0.23102757930755616
0,0.3079288105169932,0.18999275068442026,0.19147761662801108,0.15692299604415894,0.23396403094132742,0.1947176307439804
1,0.3869342605272929,0.25885125001271564,0.2365525464216868,0.2124930421511332,0.28463565309842426,0.2524593671162923
2,0.2345550855000814,0.167769526441892,0.1583954095840454,0.11943272997935613,0.1849105010430018,0.1598514417807261
3,0.07455198466777802,0.06414290145039558,0.07594482849041621,0.06227555374304453,0.06530485550562541,0.06379530703028043
4,0.2538173794746399,0.14872333904107413,0.1532759666442871,0.11465210964282353,0.17531968653202057,0.14142236858606339
5,0.2967514395713806,0.16996452709039053,0.18008257945378622,0.16026388108730316,0.200296089053154,0.18980187674363455
6,0.25294216970602673,0.15901354451974234,0.1509525030851364,0.11287375291188557,0.175811176498731,0.15189582606156668
7,0.23889065782229105,0.13656798750162125,0.13450819750626883,0.10773319502671559,0.16004088521003723,0.14285005132357279
8,0.25664228697617847,0.14595633745193481,0.15013759831587473,0.10718757162491481,0.1835507849852244,0.1388355145851771
9,0.22327616810798645,0.14036858081817627,0.1376869132121404,0.09819119920333226,0.16047688821951547,0.1351648767789205
10,0.23447601993878683,0.13849623998006186,0.13820434858401617,0.11883899072806041,0.15176674723625183,0.14206018298864365
11,0.24941763281822205,0.16170033315817514,0.1614628384510676,0.11267238358656566,0.17770463228225708,0.15745800733566284
12,0.12121074398358662,0.06989878912766774,0.08331480373938878,0.06247368082404137,0.06952063118418057,0.07820956905682881
13,0.33703384796778363,0.1974069724480311,0.20952899754047394,0.14762732883294424,0.21648281812667847,0.19516669710477194
14,0.35626283288002014,0.2074000984430313,0.21512503425280252,0.17817991971969604,0.2341564248005549,0.22449499368667603
15,0.38406407833099365,0.2730058630307515,0.2583809246619542,0.22680184245109558,0.31080107887585956,0.2895999848842621
16,0.21462163825829825,0.1137697771191597,0.11078249166409175,0.09187482545773189,0.13397430131832758,0.11622694383064906
17,0.3068125049273173,0.20068941016991934,0.21331015725930533,0.16848818957805634,0.20984006424744925,0.2213348795970281
18,0.2543769031763077,0.16382956008116403,0.1614628384510676,0.11600278814633687,0.1809079498052597,0.15926428139209747
19,0.3119555910428365,0.15495027601718903,0.14064289877812067,0.1363864615559578,0.16630378117163977,0.14846780399481455
20,0.14756958186626434,0.06046637644370397,0.07721108570694923,0.06995461632808049,0.07218429570396741,0.07279125973582268
21,0.2651999493439992,0.143954465786616,0.14119761437177658,0.11544533322254817,0.17727472384770712,0.1570290724436442
22,0.3568829894065857,0.24119232098261514,0.25635094940662384,0.1936027556657791,0.27603255212306976,0.25117457409699756
23,0.1827386866013209,0.10952319204807281,0.11063051720460255,0.09500713149706523,0.10489348570505778,0.10007089128096898
24,0.31597911318143207,0.18058174848556519,0.16606283684571585,0.12818083415428796,0.18556212882200876,0.20003466804822287
25,0.244324192404747,0.1376455475886663,0.1399287631114324,0.1080619345108668,0.16032609343528748,0.14596788585186005
26,0.30033772190411884,0.16279722253481546,0.1660724331935247,0.14789877086877823,0.20454585552215576,0.1899056782325109
27,0.34069223205248517,0.2515507712960243,0.24294068664312363,0.19556212425231934,0.2745758543411891,0.2486928105354309
28,0.3457465668519338,0.2907908658186595,0.2741339256366094,0.2110923578341802,0.2889327307542165,0.2694830596446991
29,0.48771323760350543,0.38329073786735535,0.3578048050403595,0.27784593403339386,0.35902105768521625,0.39518216252326965
30,0.46520064274470013,0.30519138276576996,0.3038847396771113,0.23497474690278372,0.33253781994183856,0.30848509073257446
31,0.42601944009462994,0.31546097497145337,0.3188361128171285,0.2515776256720225,0.3515131175518036,0.3226717859506607
32,0.5308733880519867,0.4200904071331024,0.4099046190579732,0.34161481261253357,0.43648284673690796,0.43509821097056073
33,0.5359036525090536,0.39094362656275433,0.3989417354265849,0.30839234590530396,0.411992609500885,0.41585059960683185
34,0.5493215719858805,0.43979746103286743,0.4368365208307902,0.35397814710934955,0.4398285547892253,0.46712087591489154
35,0.4873332977294922,0.3348075995842616,0.33116287489732105,0.24562813838322958,0.3332441598176956,0.3557940026124318
36,0.39891067147254944,0.25007212658723194,0.2557391971349716,0.16254806518554688,0.24323882162570953,0.24436315894126892
37,0.38640912373860675,0.23611021041870117,0.24547067284584045,0.17709358036518097,0.2525140295426051,0.24989261229832968
38,0.897754450639089,0.873677929242452,0.8716468413670858,0.8080620964368185,0.8868329127629598,0.8593700130780538
39,0.8943383495012919,0.8825943271319071,0.8957826693852743,0.8319474856058756,0.8812343875567118,0.8947805762290955
40,0.8117573658625284,0.7126157085100809,0.7281226913134257,0.6103047529856364,0.713819662729899,0.7333681583404541
41,0.6375667850176493,0.43896276752154034,0.4731189509232839,0.3898329834143321,0.4720592300097148,0.4606292446454366
42,0.6112779577573141,0.3493533730506897,0.3334830403327942,0.30527788400650024,0.37476053833961487,0.3604113658269246
43,0.6759211619695028,0.47706902027130127,0.46770431598027545,0.3966168165206909,0.4984561304251353,0.4577332337697347
44,0.480301171541214,0.2605414142211278,0.23686018586158752,0.18998455007870993,0.29161157210667926,0.2656340499718984
45,0.5818509658177694,0.3310377597808838,0.31660444537798565,0.24461021522680917,0.3755040268103282,0.32326821486155194
46,0.5987259149551392,0.3426521122455597,0.3471396466096242,0.27249637246131897,0.39368531107902527,0.34013282259305316
47,0.6082846323649088,0.39211342732111615,0.4026295840740204,0.299856036901474,0.4627972940603892,0.3963753680388133
48,0.614583432674408,0.4532089630762736,0.44315479199091595,0.36388178666432697,0.5001558760801951,0.443519393603007
49,0.2247546116511027,0.08325354258219402,0.09595020612080891,0.10274145752191544,0.09361059963703156,0.08475164075692494
50,0.10565356413523357,0.04725444813569387,0.04966738695899645,0.05562203501661619,0.054934309174617134,0.050200858463843666
51,0.16554959118366241,0.09346226851145427,0.08926046639680862,0.0820528045296669,0.08765661716461182,0.0808561344941457
52,0.4945584138234456,0.26120451589425403,0.2685527702172597,0.1815339575211207,0.29173417886098224,0.2806938787301381
53,0.1410490944981575,0.07392945140600204,0.08120588834087054,0.0926612988114357,0.08354818572600682,0.07953755557537079
54,0.15748157848914465,0.089356929063797,0.08882970611254375,0.085935078561306,0.07582851499319077,0.07363235950469971
55,0.140328881641229,0.054258098204930626,0.06364649285872777,0.06543328116337459,0.060237474739551544,0.06190764158964157
56,0.1242237240076065,0.03991564984122912,0.04763411854704221,0.0487217071155707,0.04648527751366297,0.049489960074424744
57,0.1287718042731285,0.05160190910100937,0.05844744543234507,0.0524296872317791,0.04816003516316414,0.05682268676658472
58,0.11257455746332805,0.04264940756062666,0.04734847446282705,0.04777119681239128,0.04810540253917376,0.04381077674527963
59,0.1468143363793691,0.07118135193983714,0.08007100721200307,0.08402578408519427,0.0674523947139581,0.08648823325832684
60,0.18739297489325205,0.0939483568072319,0.08560521900653839,0.10563377290964127,0.08788284659385681,0.08044511824846268
61,0.9138316710789999,0.9314280152320862,0.9395692149798075,0.8712146878242493,0.9299698869387308,0.9369983673095703
62,0.9228583574295044,0.94012979666392,0.9465486605962118,0.8842816154162089,0.9407138824462891,0.9436606367429098
63,0.9157625238100687,0.9357942144076029,0.9432031313578287,0.9139687220255533,0.9295911391576132,0.9390114744504293
64,0.9338237643241882,0.9484697580337524,0.9471205671628317,0.9161817034085592,0.950156589349111,0.9477378129959106
65,0.9398107727368673,0.9136645595232645,0.906853457291921,0.9141336679458618,0.9272633790969849,0.9227429429690043
66,0.9626324971516927,0.9656203985214233,0.9671684106191,0.9570446014404297,0.9681825439135233,0.9642086625099182
67,0.960631271203359,0.9639824032783508,0.962766687075297,0.9550649126370748,0.9674057165781657,0.9629847407341003
68,0.9418819944063822,0.9661514560381571,0.9674203395843506,0.9550191760063171,0.9726673563321432,0.9641143083572388
69,0.9496656854947408,0.9674977858861288,0.9692954023679098,0.9561749696731567,0.9712654153505961,0.9652763406435648
70,0.9150394598642985,0.9468480745951334,0.9442200263341268,0.9248823126157125,0.9472530682881674,0.9348100026448568
71,0.9572430650393168,0.9722318649291992,0.9759783943494161,0.9657132029533386,0.9756710728009542,0.9763095180193583
72,0.9306973814964294,0.9166312019030253,0.9198234677314758,0.8837958772977194,0.9246188600858053,0.9113092223803202
73,0.9009524385134379,0.9264626900355021,0.9316376447677612,0.9126661022504171,0.93905641635259,0.9281853437423706
74,0.9147658149401346,0.9547712206840515,0.9546456734339396,0.925224761168162,0.9438208937644958,0.9433830579121908
75,0.8915504614512125,0.8881250421206156,0.867438534895579,0.8598653276761373,0.858108659585317,0.8709482153256735
76,0.9188330173492432,0.9217815597852071,0.900700052579244,0.908585766951243,0.9177915851275126,0.9137854973475138
77,0.9332325259844462,0.96069864432017,0.9442462722460429,0.9407159288724264,0.9533196091651917,0.9549560944239298
78,0.944599429766337,0.952732523282369,0.9537251194318136,0.9526604811350504,0.9584271113077799,0.9536483883857727
79,0.905877411365509,0.9338130950927734,0.9351032574971517,0.9009522795677185,0.9296865065892538,0.9269482890764872
80,0.7464912335077921,0.6527557770411173,0.6548981467882792,0.6390999952952067,0.6621783773104349,0.6532288988431295
81,0.8953940073649088,0.908293346563975,0.9017053445180258,0.8867243925730387,0.9173149069150289,0.9044105013211569
82,0.6810600956281027,0.4977813462416331,0.5144180258115133,0.47164581219355267,0.5394860704739889,0.5146581629912058
83,0.6849866310755411,0.49113548795382184,0.5079323252042135,0.4788910746574402,0.5235158999760946,0.5252059797445933
84,0.6093408266703287,0.3608867923418681,0.42780983448028564,0.30372082193692523,0.4214441974957784,0.3878951569398244
85,0.5851106842358907,0.44032342235247296,0.45802541573842365,0.3034439484278361,0.4798692762851715,0.42727088928222656
86,0.5320420662562052,0.3087618549664815,0.28671132028102875,0.2050562103589376,0.33905887603759766,0.2860747774442037
87,0.6215256651242574,0.36856575806935626,0.37636566162109375,0.266020933787028,0.41708677013715106,0.35316359996795654
88,0.6493021249771118,0.40959953268369037,0.42601363857587177,0.3085873027642568,0.4576518734296163,0.42729395627975464
89,0.7331890066464742,0.5942260424296061,0.5973024368286133,0.5458192825317383,0.6578678687413534,0.6070073843002319
90,0.751886785030365,0.5546027421951294,0.5929255485534668,0.5438727736473083,0.6160937349001566,0.5379083752632141
91,0.26262159645557404,0.16604991257190704,0.1548831562201182,0.15098499755064645,0.16233537594477335,0.14709041515986124
92,0.2760557532310486,0.15479894106586775,0.17685091743866602,0.1719064712524414,0.1712870461245378,0.15295590460300446
93,0.6609343687693278,0.4712255497773488,0.49695026874542236,0.38027089834213257,0.51283860206604,0.47217658162117004
0,0.23612396667400995,0.1522268752257029,0.15837268282969794,0.16993689288695654,0.14223673194646835,0.14597215503454208
1,0.2157430499792099,0.23815668871005377,0.2798460895816485,0.31700411190589267,0.2288245682915052,0.23634803295135498
2,0.2145642191171646,0.1290385772784551,0.12864580502112707,0.13311362887422243,0.12085772181550662,0.12722648680210114
3,0.14104527359207472,0.0747818114856879,0.08169999718666077,0.08356032272179921,0.08133851612607639,0.07591595314443111
4,0.1839023381471634,0.10152499626080196,0.10966101909677188,0.12120263651013374,0.10554863015810649,0.10718371470769246
5,0.2446139728029569,0.20152752349774042,0.21386894086996713,0.2649025668700536,0.20102942983309427,0.20338361710309982
6,0.21547090510527292,0.12644040708740553,0.13415119548638663,0.14831573888659477,0.13041927789648375,0.13498922561605772
7,0.11551543449362119,0.055131128057837486,0.05972155245641867,0.06456492779155572,0.05260803612569968,0.055954678605000176
8,0.1597325454155604,0.08151191969712575,0.0833084446688493,0.09819478044907252,0.08916478604078293,0.08466134717067082
9,0.17614687234163284,0.09687478219469388,0.10446688905358315,0.11424742887417476,0.09612319370110829,0.09351179127891858
10,0.12374134361743927,0.06547640139857928,0.07014395048220952,0.07321568888922532,0.059943316504359245,0.0687307280798753
11,0.11025811359286308,0.056540933748086296,0.0626873467117548,0.06775690987706184,0.058763119081656136,0.06022651866078377
12,0.1280698962509632,0.0633888201167186,0.070653119434913,0.06369997064272563,0.06895220403869946,0.06557318350921075
13,0.1737228731314341,0.08170936008294423,0.08818460876742999,0.10129679863651593,0.08031646410624187,0.0842138472944498
14,0.23866159468889236,0.1294416549305121,0.13812464972337088,0.16602710882822672,0.1408319634695848,0.13416579738259315
15,0.3169057716925939,0.20167887955904007,0.20363755027453104,0.24439978847901025,0.21673413117726645,0.20185908923546472
16,0.10868429268399875,0.04037933237850666,0.04511048054943482,0.05133259855210781,0.045716596146424614,0.04299885965883732
17,0.12202990924318631,0.0625398891667525,0.06475756441553433,0.07055575090150039,0.055286504328250885,0.06434332827727
18,0.32181407511234283,0.22524742782115936,0.24615415434042612,0.245096854865551,0.2329389825463295,0.24708437422911325
19,0.269642968972524,0.2821652938922246,0.29357144484917325,0.36533600588639575,0.2771591618657112,0.28568079819281894
20,0.11245573436220486,0.05253130632142226,0.05797718713680903,0.059252992272377014,0.0474217738956213,0.05750943347811699
21,0.21028892695903778,0.131898100177447,0.13880353048443794,0.16282353301843008,0.13562227909763655,0.13568060224254927
22,0.23812848826249441,0.11138941223422687,0.11467751550177734,0.1352657452225685,0.11690279344717662,0.10987934842705727
23,0.21957326928774515,0.11830552791555722,0.13433729484677315,0.15003067006667456,0.1283144156138102,0.12218801925579707
24,0.14864976704120636,0.07857586319247882,0.08557025467356046,0.09780552859107654,0.08550302435954411,0.08126693281034629
25,0.146292582154274,0.08878725891311963,0.08954913541674614,0.10121635968486468,0.09918616339564323,0.09003998711705208
26,0.15088177472352982,0.09212877849737804,0.08480606103936832,0.09884774560729663,0.09553175047039986,0.08531975870331128
27,0.18193654716014862,0.10877318183581035,0.12365725760658582,0.14034329975644746,0.11579114198684692,0.11394586910804112
28,0.23819405088822046,0.16501984000205994,0.16833583762248358,0.1839042529463768,0.15287298212448755,0.1788017749786377
29,0.5403927713632584,0.42843811710675556,0.4418593794107437,0.39886220296223956,0.4739576776822408,0.4588919331630071
30,0.5023408432801565,0.3944198290506999,0.40580441306034726,0.3599524721503258,0.4247143119573593,0.40459132691224414
31,0.17980023473501205,0.08812402064601581,0.09529406577348709,0.11804923663536708,0.0899817372361819,0.08987470964590709
32,0.09517012909054756,0.04236168911059698,0.04078811810662349,0.044980461709201336,0.04117682141562303,0.043031967555483185
33,0.099853515625,0.04337150417268276,0.04560982435941696,0.04753203131258488,0.046998092283805214,0.046835734198490776
34,0.20349727819363275,0.13563508292039236,0.133143184085687,0.16346931084990501,0.14160729323824248,0.13842434187730154
35,0.5033234556516012,0.3869137366612752,0.39148979882399243,0.3639893854657809,0.4224727302789688,0.40222612023353577
36,0.3575057238340378,0.21212546775738397,0.1892309139172236,0.2370687002936999,0.18789620697498322,0.21206657588481903
37,0.24655904124180475,0.13547914599378905,0.14080868909756342,0.1569750631848971,0.14298967768748602,0.1381615847349167
38,0.31929345428943634,0.921938955783844,0.933751384417216,0.9415290256341299,0.8965777158737183,0.9277693430582682
39,0.6780173778533936,0.8910289804140726,0.9058564702669779,0.9047060608863831,0.8860090374946594,0.9015557070573171
40,0.9031970798969269,0.9372473855813345,0.9485913117726644,0.9339760939280192,0.9376651644706726,0.947851320107778
41,0.9163277943929037,0.9620002408822378,0.9667441447575887,0.9565032422542572,0.9711350401242574,0.9658216337362925
42,0.9614144464333853,0.9799594779809316,0.981924444437027,0.9685976604620615,0.9822898705800375,0.9808945457140604
43,0.9599431157112122,0.9771088361740112,0.9762056271235148,0.9586435755093893,0.9779608448346456,0.9766968588034312
44,0.9166368146737417,0.9522653718789419,0.952273041009903,0.9242849051952362,0.9569333891073862,0.9510977069536845
45,0.9341260890165964,0.947358618179957,0.9476372599601746,0.917065848906835,0.9599127272764841,0.9495322406291962
46,0.948377271493276,0.9500697056452433,0.9484936495622,0.9206723868846893,0.9498491187890371,0.9463973641395569
47,0.949767659107844,0.9649533728758494,0.9680598874886831,0.9443929890791575,0.9712983965873718,0.9668882290522257
48,0.902016798655192,0.9406019449234009,0.9404037098089854,0.9170980254809061,0.9529397288958231,0.9457249244054159
49,0.8528299828370413,0.8862108886241913,0.8715829650561014,0.8202065428098043,0.8802543381849924,0.8823733627796173
50,0.751941035191218,0.5328695625066757,0.5301593790451685,0.48312010367711383,0.5545519789059957,0.5210427790880203
51,0.7604138851165771,0.6180183639129003,0.6073304712772369,0.563434491554896,0.5704667021830877,0.6104681491851807
52,0.7402433256308237,0.5981436272462209,0.5930497447649637,0.5735619366168976,0.5906084080537161,0.586756298939387
53,0.7168961564699808,0.5920226673285166,0.5811308721701304,0.5590327034393946,0.5976573824882507,0.5961943864822388
54,0.7568771541118622,0.6689592997233073,0.6697737773259481,0.6007997890313467,0.6737334926923116,0.6534447570641836
55,0.78131303191185,0.7221442659695944,0.713792105515798,0.6936762730280558,0.7350237568219503,0.7215503255526224
56,0.7682855129241943,0.6863730450471243,0.6497761011123657,0.6586299240589142,0.6818751990795135,0.68942258755366
57,0.755576878786087,0.6774770120779673,0.6462272306283315,0.642264743645986,0.6645029882589976,0.6702661017576853
58,0.87296923995018,0.8308374981085459,0.8362055321534475,0.7874075770378113,0.8484462002913157,0.8315585652987162
59,0.5633511145909628,0.30663896600405377,0.3126728336016337,0.3065213163693746,0.31779912610848743,0.3145006050666173
60,0.4588174521923065,0.19747814536094666,0.19773152470588684,0.18949024627606073,0.20713029305140176,0.2045281951626142
61,0.6287833054860433,0.36699045201142627,0.37751762568950653,0.42651983598868054,0.37020551164944965,0.3798387472828229
62,0.5474196672439575,0.2986963366468747,0.3003998150428136,0.3482137496272723,0.29490896314382553,0.31484001129865646
63,0.39633500079313916,0.18111503372589746,0.18655021861195564,0.1869897904495398,0.16872683788339296,0.16316253071029982
64,0.271463746825854,0.14139988273382187,0.1459890715777874,0.13903839141130447,0.13949695229530334,0.13956312338511148
65,0.5649750083684921,0.42689983546733856,0.41226310034592945,0.4379237542549769,0.40125134587287903,0.4314415107170741
66,0.4866260041793187,0.30600711206595105,0.3042764316002528,0.35754358768463135,0.2748050441344579,0.3401014829675357
67,0.5437206625938416,0.36856560160716373,0.3708962599436442,0.43113069981336594,0.372749259074529,0.3653773367404938
68,0.5489678730567297,0.37641101827224094,0.35224389533201855,0.40900906920433044,0.35128742704788846,0.3773885394136111
69,0.5504516810178757,0.3242238263289134,0.3160133312145869,0.3855059693257014,0.30135108282168704,0.353202556570371
70,0.6064718961715698,0.3918684919675191,0.38078002134958905,0.4533597379922867,0.3793567717075348,0.4184465954701106
71,0.5585790822903315,0.38239990174770355,0.39028235524892807,0.3324144383271535,0.4066848208506902,0.38029055297374725
72,0.6088911791642507,0.44092240432898205,0.45476650695006055,0.389570951461792,0.49800215164820355,0.44637193779150647
73,0.5089923789103826,0.3162955542405446,0.3338837077220281,0.2801554749409358,0.37370626628398895,0.32115298757950467
74,0.4439556548992793,0.252661074201266,0.26304225623607635,0.23103263477484384,0.2883354350924492,0.2643350462118785
75,0.6089013616243998,0.4552765240271886,0.4727882891893387,0.3963246742884318,0.5086622883876165,0.4497094402710597
76,0.6705754200617472,0.5624469021956126,0.5717043876647949,0.47944993277390796,0.6108298798402151,0.5717162191867828
77,0.60250390569369,0.34396781027317047,0.3910386065642039,0.29470616827408475,0.40691760182380676,0.34943436086177826
78,0.4977526267369588,0.3086007684469223,0.3150406777858734,0.23738772422075272,0.34519681831200916,0.29931338628133136
79,0.4419680635134379,0.24941667169332504,0.25722243388493854,0.21986094117164612,0.2572268297274907,0.2532870943347613
80,0.41250758866469067,0.2345565284291903,0.2310782993833224,0.21553588410218558,0.25981449087460834,0.24711382140715918
81,0.6601590911547343,0.7249237895011902,0.7244539558887482,0.7147788107395172,0.719665507475535,0.7264744639396667
82,0.41816489895184833,0.24338129411141077,0.2413208062450091,0.1844673976302147,0.22804994384447733,0.22827665756146112
83,0.5370138982931772,0.3706046963731448,0.36974171300729114,0.34338711698849994,0.3870205581188202,0.3717072010040283
84,0.621497705578804,0.5373992969592413,0.5248036235570908,0.5023258129755656,0.5368191798528036,0.5341944545507431
85,0.6197529435157776,0.4779212176799774,0.48002368708451587,0.48167217274506885,0.4830262213945389,0.4790945549805959
86,0.5493815143903097,0.34361079583565396,0.33956678460041684,0.4046104575196902,0.32987747093041736,0.3688158690929413
87,0.4206877400477727,0.24822572618722916,0.23538362979888916,0.26295903821786243,0.2531573524077733,0.2427941138545672
88,0.43520235021909076,0.2564406792322795,0.24575868000586829,0.2551984464128812,0.27260181804498035,0.25575285653273266
89,0.29031144579251605,0.18230227629343668,0.18676686535278955,0.18010399987300238,0.175681933760643,0.18086135884126028
90,0.298076959947745,0.17624037464459738,0.1806001253426075,0.18761427700519562,0.17911010856429735,0.16692739725112915
91,0.32202913363774616,0.2091288516918818,0.20852145552635193,0.22762942810853323,0.21055273214975992,0.22037000209093094
92,0.15414110074440637,0.08896290759245555,0.09359785914421082,0.10506284361084302,0.09602511053284009,0.09019367521007855
93,0.175020361940066,0.11325010781486829,0.12486828118562698,0.14933320879936218,0.1311074992020925,0.11035708089669545
0,0.04565580515190959,0.23670532181859016,0.27895406633615494,0.35715461522340775,0.26502785459160805,0.22978561371564865
1,0.429605171084404,0.1988167054951191,0.17219455912709236,0.23716241493821144,0.20470432937145233,0.19971074536442757
2,0.5845566019415855,0.30584969371557236,0.31521467864513397,0.3250085264444351,0.3222082629799843,0.3315226621925831
3,0.6784446686506271,0.5176408961415291,0.42995280027389526,0.4252551943063736,0.46763984113931656,0.4433112218976021
4,0.40517137944698334,0.2078934647142887,0.17989571765065193,0.19375987723469734,0.21115021407604218,0.17692642286419868
5,0.4324159249663353,0.2335587926208973,0.21567968651652336,0.23145832866430283,0.24640804901719093,0.21191959083080292
6,0.4095400869846344,0.21273333951830864,0.19285745173692703,0.22880080714821815,0.254959799349308,0.20072661340236664
7,0.4198923632502556,0.24930636957287788,0.19311807677149773,0.24033015966415405,0.2637137286365032,0.2271154522895813
8,0.40064772963523865,0.17266974598169327,0.1604412980377674,0.1890210434794426,0.20581695437431335,0.16592388972640038
9,0.36762720346450806,0.1609016563743353,0.1561625897884369,0.17947906255722046,0.17889485508203506,0.15460635721683502
10,0.5269782617688179,0.316741157323122,0.293851088732481,0.33457889407873154,0.35108956694602966,0.3196360841393471
11,0.6556053459644318,0.4956137016415596,0.5221807733178139,0.5224786996841431,0.5264745801687241,0.5037031471729279
12,0.491210512816906,0.33285725861787796,0.3494868651032448,0.36879193782806396,0.31619221717119217,0.3398684784770012
13,0.5025085806846619,0.29989445954561234,0.30648163333535194,0.4002942144870758,0.32437846437096596,0.327942069619894
14,0.4797334149479866,0.2507699802517891,0.25030895695090294,0.2895517274737358,0.2628296762704849,0.27089326083660126
15,0.5340722650289536,0.41413212567567825,0.4052202180027962,0.3950497433543205,0.39998709410429,0.41018929332494736
16,0.6857236176729202,0.5267076939344406,0.5058288797736168,0.569257915019989,0.5059153139591217,0.5191638842225075
17,0.6314638406038284,0.5412284582853317,0.5571456402540207,0.55637326836586,0.5217371061444283,0.5440872460603714
18,0.42475756257772446,0.31209325045347214,0.2939845658838749,0.31936825066804886,0.3478959947824478,0.3391338139772415
19,0.2462940365076065,0.11261183954775333,0.11883961223065853,0.12740838155150414,0.12979929521679878,0.12132349610328674
20,0.2924334779381752,0.1507651023566723,0.15642481669783592,0.15524641424417496,0.15325911715626717,0.17142760381102562
21,0.3281518444418907,0.17178615182638168,0.17036019265651703,0.1824333332479,0.17901059240102768,0.17385157570242882
22,0.4180428832769394,0.2221243754029274,0.22979771345853806,0.2364455871284008,0.22882653400301933,0.21954817324876785
23,0.6301041841506958,0.48705189675092697,0.479114294052124,0.4298137053847313,0.4226612150669098,0.4916576147079468
24,0.6149557083845139,0.4720245599746704,0.42671117931604385,0.4225184917449951,0.38572319597005844,0.4419010356068611
25,0.26662376523017883,0.12076540477573872,0.11959733255207539,0.133215619251132,0.14025890082120895,0.13520271703600883
26,0.5823690891265869,0.40910767018795013,0.4167967364192009,0.4123240038752556,0.43446049094200134,0.41367876529693604
27,0.4852186143398285,0.25799788907170296,0.2737906612455845,0.23960759118199348,0.31759370118379593,0.2856370285153389
28,0.38723713904619217,0.2152269147336483,0.24094558507204056,0.26084616035223007,0.24322713166475296,0.23626860976219177
29,0.5755023062229156,0.5057199224829674,0.493196576833725,0.5101664215326309,0.5106432065367699,0.5059928297996521
30,0.6367114633321762,0.6449379026889801,0.6362904459238052,0.6591750532388687,0.6138986498117447,0.6312568187713623
31,0.6253326088190079,0.6333792358636856,0.6142246574163437,0.65816330909729,0.6101840883493423,0.6169598996639252
32,0.4255419000983238,0.42850468307733536,0.3935849294066429,0.4189979285001755,0.4111821949481964,0.3934837654232979
33,0.45077814906835556,0.3774758651852608,0.368802048265934,0.3997860327363014,0.3712107017636299,0.3608992025256157
34,0.1969398707151413,0.10415806621313095,0.11408952437341213,0.11774463579058647,0.11343761160969734,0.11087466590106487
35,0.48850948363542557,0.26966517791152,0.26665976643562317,0.23899883031845093,0.2809824123978615,0.2517356798052788
36,0.653886467218399,0.4024505540728569,0.3841286450624466,0.4005785435438156,0.4328409433364868,0.39099327474832535
37,0.5257221832871437,0.3889899104833603,0.3881823346018791,0.3942652493715286,0.3451823741197586,0.39818985015153885
38,0.598256066441536,0.49273330718278885,0.5098614618182182,0.4330649599432945,0.5136263221502304,0.49747035652399063
39,0.6101828813552856,0.4729323610663414,0.489193856716156,0.41035522520542145,0.48690608888864517,0.47459879517555237
40,0.59792660176754,0.4590674340724945,0.47557302564382553,0.4066973552107811,0.482580803334713,0.4585086703300476
41,0.6378594934940338,0.536220371723175,0.547950454056263,0.47140929102897644,0.5472752749919891,0.5408188030123711
42,0.6119319498538971,0.5222989991307259,0.550571471452713,0.47859420627355576,0.5472963601350784,0.5319247245788574
43,0.6005350202322006,0.5231622755527496,0.5517235025763512,0.4600473865866661,0.5447818040847778,0.528632253408432
44,0.6130425333976746,0.5392726138234138,0.5549639165401459,0.4914325028657913,0.5629989206790924,0.5429212749004364
45,0.5716370642185211,0.5677448138594627,0.5834413915872574,0.5917510390281677,0.5090065076947212,0.5356834754347801
46,0.6231269836425781,0.520063117146492,0.5456009060144424,0.4520917385816574,0.5291557163000107,0.5341484472155571
47,0.6225900053977966,0.523651510477066,0.550808921456337,0.4608503133058548,0.5400008261203766,0.5449354723095894
48,0.59025439620018,0.48815084993839264,0.5140010565519333,0.42348986119031906,0.5304207801818848,0.4977123960852623
49,0.32075901329517365,0.16352620348334312,0.15312713384628296,0.1708698756992817,0.1373158860951662,0.18147804588079453
50,0.07604210171848536,0.03514411114156246,0.03788119833916426,0.03669983707368374,0.037111186888068914,0.036229003220796585
51,0.0863954396918416,0.049782021436840296,0.058774543926119804,0.060518475249409676,0.05224868655204773,0.0467650443315506
52,0.08853987418115139,0.046237876173108816,0.06307241041213274,0.05515451356768608,0.045281666330993176,0.043313165195286274
53,0.0826805206015706,0.04186494741588831,0.04767648037523031,0.044787108432501554,0.036659576930105686,0.04040610697120428
54,0.12577848508954048,0.040944697335362434,0.047316321171820164,0.04978657979518175,0.04043311066925526,0.040551308542490005
55,0.1552002727985382,0.049375273287296295,0.05876122135668993,0.058805299922823906,0.05095341894775629,0.04938825499266386
56,0.14836782962083817,0.06796856829896569,0.07162319589406252,0.07675052713602781,0.05355452559888363,0.06064760638400912
57,0.1059119738638401,0.03881930373609066,0.04356717970222235,0.04918539058417082,0.03980123298242688,0.040268341079354286
58,0.05614861845970154,0.019306101137772202,0.02528974786400795,0.024387300247326493,0.01882944884710014,0.0199856823310256
59,0.7006125599145889,0.5948857069015503,0.5784055590629578,0.4521782696247101,0.5559998974204063,0.593312993645668
60,0.7814320921897888,0.6987805515527725,0.6843808442354202,0.5436834990978241,0.6627122759819031,0.687383621931076
61,0.8669947236776352,0.822814553976059,0.8023845553398132,0.7235044836997986,0.8107413500547409,0.8099239468574524
62,0.825515940785408,0.7953470796346664,0.7704489678144455,0.6286259740591049,0.7965314388275146,0.7858623266220093
63,0.5212369337677956,0.313276007771492,0.32649604976177216,0.20070930197834969,0.35621166229248047,0.3275638744235039
64,0.5927182585000992,0.3257797062397003,0.33099066466093063,0.3671986535191536,0.34144827723503113,0.31408294290304184
65,0.7546923458576202,0.5822098702192307,0.5835499167442322,0.5968319624662399,0.572714775800705,0.6111865937709808
66,0.661526158452034,0.3764783963561058,0.3277481496334076,0.36446381360292435,0.35365381836891174,0.3558717221021652
67,0.6497000902891159,0.5322243273258209,0.515137068927288,0.45923543721437454,0.5140828788280487,0.5500256568193436
68,0.7770894020795822,0.6382308304309845,0.6662087142467499,0.537253849208355,0.6745895147323608,0.6742924600839615
69,0.6340918242931366,0.4182378277182579,0.4213927090167999,0.2810782417654991,0.4378194287419319,0.42830798774957657
70,0.6625289171934128,0.5130179896950722,0.4963885322213173,0.5743525326251984,0.5510368198156357,0.5148975774645805
71,0.6282035559415817,0.6362308114767075,0.6101678386330605,0.6607156246900558,0.5681842863559723,0.6005915701389313
72,0.7192339152097702,0.5725586414337158,0.5968950837850571,0.47897956520318985,0.543299987912178,0.5820204019546509
73,0.7601356506347656,0.5672226995229721,0.5726717412471771,0.4904174655675888,0.5618213936686516,0.5734352469444275
74,0.7132614105939865,0.7241578251123428,0.7464187741279602,0.6577271372079849,0.7197285741567612,0.7569927126169205
75,0.5719699338078499,0.7710291743278503,0.7731388211250305,0.6995090544223785,0.7943881452083588,0.7640638947486877
76,0.38771631568670273,0.5038770884275436,0.515088751912117,0.3881744220852852,0.547707311809063,0.5021587535738945
77,0.7817290723323822,0.6650645881891251,0.6796924024820328,0.5121157392859459,0.7050990909337997,0.6887567043304443
78,0.10586692579090595,0.8936786949634552,0.9109179824590683,0.9137731790542603,0.8743879348039627,0.8873996585607529
79,0.04079127823933959,0.7756524235010147,0.8186331242322922,0.8625646233558655,0.779621884226799,0.7800581455230713
80,0.6861005574464798,0.48679355531930923,0.5225335136055946,0.4456966817378998,0.5579448863863945,0.5090498477220535
81,0.5283281207084656,0.30655645579099655,0.3241196274757385,0.24542604014277458,0.33156904578208923,0.306906595826149
82,0.3445645049214363,0.2318202741444111,0.20850564911961555,0.3250385597348213,0.21952593699097633,0.2580058239400387
83,0.2081039547920227,0.09341741725802422,0.09732797928154469,0.10619233176112175,0.09045259095728397,0.09538357518613338
84,0.06438527628779411,0.02880567265674472,0.030724001582711935,0.030628681182861328,0.03236353164538741,0.029039802961051464
85,0.1151879783719778,0.0770815247669816,0.08168706391006708,0.07546579092741013,0.076603046618402,0.0722851911559701
86,0.25476932525634766,0.16952495276927948,0.16104141250252724,0.1481867041438818,0.17635906860232353,0.16315390914678574
87,0.36166999489068985,0.2686781957745552,0.25887013226747513,0.22737163677811623,0.27793721482157707,0.2722488157451153
88,0.041509320959448814,0.02859005704522133,0.03484636312350631,0.04231386259198189,0.04275031993165612,0.029761620797216892
89,0.05357133597135544,0.027098057325929403,0.029370698612183332,0.031657030805945396,0.029476376250386238,0.026369879487901926
90,0.06571581494063139,0.0342000680975616,0.034907057881355286,0.038428531028330326,0.03216245025396347,0.03188691847026348
91,0.0650923028588295,0.03671961836516857,0.04088003234937787,0.0426435936242342,0.03419161727651954,0.03718679817393422
92,0.04324634652584791,0.020442616660147905,0.02585030160844326,0.02526258770376444,0.021837974898517132,0.019806213676929474
93,0.050990086048841476,0.01785375294275582,0.021570560056716204,0.027001245878636837,0.020235631614923477,0.020167748210951686
0,0.3743412017822266,0.7703372478485108,0.8107871413230896,0.8136175394058227,0.809021818637848,0.8070752501487732
1,0.8294580936431885,0.8616675972938538,0.8223687529563903,0.8629664063453675,0.8668909788131713,0.8243754029273986
2,0.800787091255188,0.6936060070991517,0.6779033899307251,0.7330650925636292,0.6325755834579467,0.7003971815109253
3,0.5202909052371979,0.23877885639667512,0.2546172171831131,0.29446308612823485,0.16871799826622008,0.24421895444393157
4,0.7168539762496948,0.4465526342391968,0.4401287198066711,0.4624966084957123,0.4214051067829132,0.4820894420146942
5,0.8089720726013183,0.7568477869033814,0.7641972780227662,0.7405601859092712,0.7228149890899658,0.7435335397720337
6,0.7594428062438965,0.5285741209983825,0.5514962077140808,0.5210034191608429,0.49473259449005125,0.5490978479385376
7,0.5658167779445649,0.28852592706680297,0.3075494647026062,0.34964677691459656,0.29392990469932556,0.3042494773864746
8,0.4182893455028534,0.2802136778831482,0.2398280084133148,0.26287018954753877,0.23279305100440978,0.2765257239341736
9,0.5671411097049713,0.29289151430130006,0.3056687444448471,0.31557505428791044,0.31508244276046754,0.3028660923242569
10,0.5238041520118714,0.2738333731889725,0.30014420449733736,0.2404191941022873,0.28720231652259826,0.27963841557502744
11,0.6071449518203735,0.3349482655525208,0.34301050901412966,0.33051899671554563,0.3003015905618668,0.32086641192436216
12,0.5480021893978119,0.24689316153526306,0.23320649266242982,0.2638978987932205,0.22367480099201204,0.2318362146615982
13,0.20833812654018402,0.13829028457403184,0.14267341196537017,0.14983111172914504,0.1432042881846428,0.1373412638902664
14,0.3341249763965607,0.1695970132946968,0.158219051361084,0.1734745681285858,0.158698570728302,0.16555391252040863
15,0.476120662689209,0.38674984574317933,0.38526161909103396,0.368364155292511,0.36120608150959016,0.3838607668876648
16,0.37146865129470824,0.22435084283351897,0.22392161190509796,0.21585626304149627,0.205916228890419,0.21697142720222473
17,0.20829302966594695,0.11802465915679931,0.11903070509433747,0.14347655177116395,0.12489604055881501,0.13855177015066147
18,0.16624667048454284,0.07257006615400315,0.07894446104764938,0.10247371792793274,0.07362517416477203,0.08428811430931091
19,0.3182648241519928,0.17215000987052917,0.17650182843208312,0.18202391266822815,0.18729008138179778,0.1691220611333847
20,0.3216725468635559,0.14850013554096222,0.16173438727855682,0.16760056912899018,0.15913004279136658,0.149912491440773
21,0.18514677584171296,0.07794605121016503,0.07901680171489715,0.08221491724252701,0.07606984749436378,0.0819979578256607
22,0.16190517842769622,0.0819951392710209,0.08906824514269829,0.07793834358453751,0.07338023409247399,0.0810466781258583
23,0.1537856176495552,0.09615752100944519,0.10885663703083992,0.09117914214730263,0.08323523551225662,0.09669493362307549
24,0.13289627730846404,0.08739487901329994,0.09845081567764283,0.0941373124718666,0.09537468999624252,0.09174350798130035
25,0.12297513633966446,0.07030870318412781,0.07626589760184288,0.08317323327064514,0.07634600400924682,0.07759626060724259
26,0.09815348982810974,0.04400432929396629,0.04944455847144127,0.050008828192949294,0.05015364736318588,0.04611321240663528
27,0.09142463654279709,0.041877930983901024,0.0469220906496048,0.043173576891422275,0.04517810791730881,0.04241835102438927
28,0.17495984733104705,0.10507751256227493,0.10775566697120667,0.10637310147285461,0.10624651461839676,0.10146606713533401
29,0.2054421603679657,0.12508103996515274,0.1327532187104225,0.12426980584859848,0.12225717604160309,0.11426212340593338
30,0.12607632875442504,0.0578470341861248,0.062135642021894456,0.07030336260795593,0.06628391295671462,0.06754577904939651
31,0.11617294698953629,0.058970749378204346,0.058886002749204636,0.06836378574371338,0.06658909246325492,0.06414537653326988
32,0.1282566338777542,0.09782277196645736,0.10745458602905274,0.09222746044397354,0.09011509716510772,0.09689813256263732
33,0.1906164050102234,0.11158674061298371,0.11245580315589905,0.10633996576070785,0.10267356634140015,0.12126944661140442
34,0.3531476199626923,0.19023470282554628,0.20007092952728273,0.22733792066574096,0.17729998081922532,0.2142760783433914
35,0.4482640981674194,0.30758805871009826,0.28777896165847777,0.38372663855552674,0.2954240918159485,0.3250220865011215
36,0.5228721559047699,0.4148337423801422,0.4586156904697418,0.47853612899780273,0.42246617674827575,0.44009202122688296
37,0.7638921022415162,0.6890956282615661,0.6722995638847351,0.6629810810089112,0.6476097345352173,0.6914814591407776
38,0.7527061939239502,0.5912270665168762,0.5971303820610047,0.5969125151634216,0.580142366886139,0.6044885277748108
39,0.7756700992584229,0.6201037049293519,0.6393361330032349,0.5750956535339355,0.65737966299057,0.648099672794342
40,0.7896573781967163,0.6656838774681091,0.6717615723609924,0.5938665986061096,0.6783352017402648,0.6740766167640686
41,0.7552554965019226,0.5994919657707214,0.624354088306427,0.5428853034973145,0.5861635446548462,0.6058732032775879
42,0.9139317154884339,0.8845027565956116,0.879525876045227,0.8136678457260131,0.886419928073883,0.8861750364303589
43,0.9319053292274475,0.9276341199874878,0.9281043171882629,0.8791817784309387,0.9237799763679504,0.9268245220184326
44,0.9312522172927856,0.9060428261756897,0.8923656105995178,0.8544490098953247,0.9016829013824463,0.8987263798713684
45,0.9458196878433227,0.9513708472251892,0.9545780420303345,0.9335962414741517,0.9500927805900574,0.9567460417747498
46,0.9525493383407593,0.9630681037902832,0.9628001093864441,0.9464604377746582,0.9652338147163391,0.9655570387840271
47,0.9593425512313842,0.9739792466163635,0.9731092929840088,0.9569001078605652,0.9767450809478759,0.9727420091629029
48,0.9595595598220825,0.9748077630996704,0.9751660943031311,0.9582017421722412,0.9766562581062317,0.9733777284622193
49,0.9484693527221679,0.9708774209022522,0.9708301544189453,0.9540152311325073,0.9737432718276977,0.9690401315689087
50,0.9510080337524414,0.9710345029830932,0.9719793319702148,0.9554588079452515,0.9738499522209167,0.9694620251655579
51,0.935421884059906,0.9468551754951477,0.9512931108474731,0.9248558878898621,0.955785620212555,0.9459311842918396
52,0.9592001080513001,0.9745004892349243,0.9745896935462952,0.9577671408653259,0.976583731174469,0.9721203923225403
53,0.9549319028854371,0.9733026027679443,0.9726969242095947,0.9556658506393433,0.9759859919548035,0.9711615085601807
54,0.9447837352752686,0.9651785492897034,0.9649056196212769,0.9401848196983338,0.97040696144104,0.960504674911499
55,0.9465869545936585,0.9662086606025696,0.9683783888816834,0.9462363004684449,0.9698063850402832,0.9650604009628296
56,0.4795046985149384,0.20735844671726228,0.19878582954406737,0.18118196427822114,0.2319132536649704,0.20997127890586853
57,0.11826760023832321,0.06511806100606918,0.06485833153128624,0.07868959456682205,0.07002920061349868,0.06539723500609398
58,0.11003136783838272,0.04779081717133522,0.04886817112565041,0.06754283979535103,0.046054243296384814,0.04851469770073891
59,0.12178445756435394,0.05838284194469452,0.0625100426375866,0.08128503113985061,0.058326034992933276,0.05811447948217392
60,0.1378306642174721,0.06666858494281769,0.06695409789681435,0.07795620262622834,0.06282074078917503,0.06088528335094452
61,0.15223402976989747,0.06849568262696266,0.0672326885163784,0.08549153655767441,0.06653661206364632,0.06405460685491562
62,0.1167613223195076,0.050451473146677014,0.057323262095451355,0.07438727617263793,0.05227378904819489,0.05840238258242607
63,0.11174493879079819,0.04658614173531532,0.04821333736181259,0.06176822632551193,0.043921086192131045,0.05066528469324112
64,0.20798093378543853,0.09543100148439407,0.1002667635679245,0.11824610531330108,0.09176789224147797,0.10821408033370972
65,0.45533243417739866,0.2490004062652588,0.2519072204828262,0.2494295746088028,0.24595871865749358,0.2535984039306641
66,0.36611374020576476,0.18019882440567017,0.1946572631597519,0.18633754551410675,0.18357771039009094,0.1787695288658142
67,0.18464537262916564,0.06731001138687134,0.07732493355870247,0.08745731860399246,0.08014888018369674,0.07293549552559853
68,0.5316745460033416,0.5095042586326599,0.5893546164035797,0.5946356296539307,0.486871075630188,0.49910842180252074
69,0.4724559485912323,0.5119477093219758,0.5470872163772583,0.641213881969452,0.47237826585769654,0.5022369384765625
70,0.4567019999027252,0.37036479115486143,0.3504657089710236,0.3807425081729889,0.37301175594329833,0.3441924870014191
71,0.6506129503250122,0.5669264435768128,0.5709747195243835,0.49747389554977417,0.585233724117279,0.5549916744232177
72,0.23544956147670745,0.16089648604393006,0.14038369357585906,0.15998913049697877,0.14668815433979035,0.15019154399633408
73,0.1660875290632248,0.10514115691184997,0.09965216964483262,0.10989120453596116,0.0951858714222908,0.09507393091917038
74,0.14732272922992706,0.07511617839336396,0.07716401070356368,0.09079794436693192,0.08400589004158973,0.07450809627771378
75,0.5670024335384369,0.4099820613861084,0.3484515309333801,0.3865428984165192,0.4112356185913086,0.4077452003955841
76,0.5171590268611908,0.2800872057676315,0.22498565316200256,0.2964817941188812,0.31023765802383424,0.286925008893013
77,0.3567540943622589,0.2645496666431427,0.309538859128952,0.3367562770843506,0.3053983271121979,0.2783434599637985
78,0.5343246340751648,0.417304664850235,0.4813039839267731,0.5174825668334961,0.43889337182044985,0.41717538237571716
79,0.5755879163742066,0.32065610885620116,0.34752456545829774,0.27284474670886993,0.3787217795848846,0.32743155360221865
80,0.1609404757618904,0.08822883367538452,0.07789144217967987,0.0781971737742424,0.09711952954530716,0.09214478880167007
81,0.13138954043388368,0.07253723293542862,0.07602443024516106,0.07706785947084427,0.07468411400914192,0.07361751645803452
82,0.1418191283941269,0.06640253365039825,0.07029756903648376,0.08700744956731796,0.0637099377810955,0.07178900241851807
83,0.18309224545955657,0.11320856958627701,0.12226176708936691,0.13398032486438752,0.12100523561239243,0.11677008867263794
84,0.18031297028064727,0.1034137949347496,0.11043483763933182,0.13598467409610748,0.11174367517232894,0.09776192158460617
85,0.14609130918979646,0.06515858024358749,0.06364909112453461,0.08265943601727485,0.06404117792844773,0.05770047456026077
86,0.14687944799661637,0.06812162175774575,0.05716163069009781,0.07835418581962586,0.061862993985414505,0.055047019571065905
87,0.12861513793468476,0.050962412357330324,0.049721726775169374,0.06526343822479248,0.04922683760523796,0.04373034536838531
88,0.1513493001461029,0.05176872983574867,0.0591730859130621,0.07318630814552307,0.05497690737247467,0.052805520221591
89,0.1151509553194046,0.04072134047746658,0.039946483448147774,0.056199336796998976,0.03556919693946838,0.039520418643951415
0,0.23095005936920643,0.3358018323779106,0.34748127683997154,0.4294483885169029,0.2447575405240059,0.3340758979320526
1,0.5818380862474442,0.2719138562679291,0.3111541420221329,0.37613987922668457,0.24594096094369888,0.28548331931233406
2,0.897794097661972,0.8618574738502502,0.8609717935323715,0.8352982550859451,0.8438593596220016,0.838371992111206
3,0.917672336101532,0.9260016679763794,0.9223116934299469,0.9021202623844147,0.9190586060285568,0.9235045164823532
4,0.6843230426311493,0.49698225408792496,0.4875655621290207,0.480775885283947,0.49064870178699493,0.4674380198121071
5,0.3019351214170456,0.1459949966520071,0.15211929008364677,0.1939515769481659,0.1251884512603283,0.1451171450316906
6,0.3580075278878212,0.17246519029140472,0.16331202164292336,0.18855895102024078,0.1789805367588997,0.16762350499629974
7,0.480371356010437,0.24328681826591492,0.23061998561024666,0.24228894338011742,0.247234795242548,0.23242196440696716
8,0.6480731964111328,0.45846090465784073,0.425408199429512,0.417534701526165,0.4125559404492378,0.40434782952070236
9,0.6636797338724136,0.4623791500926018,0.45134299993515015,0.4296827092766762,0.417899951338768,0.4274718090891838
10,0.5995391458272934,0.4072774276137352,0.39538395404815674,0.3937241733074188,0.38416554778814316,0.4057323709130287
11,0.4015795961022377,0.17824305593967438,0.186924047768116,0.17808187752962112,0.18657563626766205,0.20180826634168625
12,0.3467588573694229,0.17050054669380188,0.1631983406841755,0.17986799031496048,0.17148303985595703,0.17191243916749954
13,0.38239553570747375,0.19326892867684364,0.21940655633807182,0.23935285210609436,0.21393368765711784,0.2025417536497116
14,0.5346070975065231,0.263925701379776,0.25967008993029594,0.2619139850139618,0.2422161102294922,0.23784137517213821
15,0.6898813843727112,0.47845548391342163,0.501073457300663,0.5278209671378136,0.4326760098338127,0.4842865392565727
16,0.6353411376476288,0.37214985489845276,0.3188149333000183,0.3263296000659466,0.31381355598568916,0.30480341613292694
17,0.40242190659046173,0.1827017441391945,0.20252224057912827,0.2124970369040966,0.19722529500722885,0.1954815536737442
18,0.6425493508577347,0.4011118784546852,0.4129336252808571,0.3753994479775429,0.39701152592897415,0.3907158896327019
19,0.5853454619646072,0.36456556618213654,0.3682163506746292,0.2513714134693146,0.3845231384038925,0.3636823296546936
20,0.18038767203688622,0.0765722431242466,0.07497642561793327,0.09617970697581768,0.08894772827625275,0.07208636403083801
21,0.24726245924830437,0.15202470496296883,0.16637148521840572,0.19864341244101524,0.1846272312104702,0.14687716774642467
22,0.26020345091819763,0.18627455085515976,0.20889068022370338,0.24122224003076553,0.21518924459815025,0.19565295800566673
23,0.29623981192708015,0.1639767549932003,0.16517667099833488,0.17503172159194946,0.15739340521395206,0.17560599371790886
24,0.2737344652414322,0.21223406866192818,0.20199894160032272,0.2540234737098217,0.19412373378872871,0.18977108970284462
25,0.3108241632580757,0.19422734528779984,0.22339462116360664,0.23857850953936577,0.21885330975055695,0.22224930115044117
26,0.3142951764166355,0.21101918816566467,0.21826668083667755,0.2529350817203522,0.2124638669192791,0.2262341883033514
27,0.1447417140007019,0.07594379410147667,0.08198812790215015,0.10803529620170593,0.07801329344511032,0.08029866311699152
28,0.22561676800251007,0.09222708363085985,0.11548144370317459,0.12743416242301464,0.098899370059371,0.09739304427057505
29,0.2019333615899086,0.0902177793905139,0.10061758197844028,0.11567673459649086,0.08991248346865177,0.09436121955513954
30,0.1252352688461542,0.06823192909359932,0.06544001679867506,0.07410922087728977,0.06580920238047838,0.06696419510990381
31,0.13899220526218414,0.08791091665625572,0.07481069583445787,0.1032586507499218,0.07612535450607538,0.08578738011419773
32,0.13228616677224636,0.08112979866564274,0.0625920295715332,0.0953625962138176,0.07110096421092749,0.0718284472823143
33,0.1279376596212387,0.056991806253790855,0.0497379070147872,0.07064754702150822,0.05409982055425644,0.05226162914186716
34,0.10594066046178341,0.051014618948102,0.044840925838798285,0.051703921519219875,0.040499521885067225,0.04784316476434469
35,0.10096700489521027,0.04653886612504721,0.04367093462496996,0.058338641189038754,0.043025316670536995,0.042783815413713455
36,0.11012494750320911,0.040825729724019766,0.029082760214805603,0.042098539881408215,0.028070090804249048,0.0351405618712306
37,0.4329482465982437,0.7164358496665955,0.7705400288105011,0.789567768573761,0.795215979218483,0.745255321264267
38,0.561144232749939,0.40903140604496,0.39808424562215805,0.3482215479016304,0.4302201271057129,0.41437654197216034
39,0.7767850160598755,0.9681865721940994,0.9640917927026749,0.9519385695457458,0.9667787104845047,0.9667176008224487
40,0.8229634314775467,0.967994824051857,0.964898094534874,0.9618854373693466,0.9745657742023468,0.9679879546165466
41,0.8544048815965652,0.9383257329463959,0.9397796988487244,0.9210333079099655,0.9365723580121994,0.9440155923366547
42,0.9345485121011734,0.9623822569847107,0.9608231335878372,0.9484151154756546,0.9603015631437302,0.9641622751951218
43,0.9368743151426315,0.9852068275213242,0.9866840094327927,0.9844599068164825,0.9892702698707581,0.9853135943412781
44,0.9308760911226273,0.9709202498197556,0.9713824689388275,0.9641594290733337,0.9679988324642181,0.9712939709424973
45,0.9343182146549225,0.9707129746675491,0.9714365452528,0.962649405002594,0.9691141694784164,0.9710355699062347
46,0.9163617044687271,0.9529456198215485,0.9505557715892792,0.9298125952482224,0.9547757208347321,0.9463062435388565
47,0.906126543879509,0.9321750551462173,0.9262132346630096,0.8887014985084534,0.9318851977586746,0.9186088740825653
48,0.7800516486167908,0.6794945597648621,0.6782054603099823,0.6542287766933441,0.6814172565937042,0.634673610329628
49,0.7373567968606949,0.614436149597168,0.6215865164995193,0.6021822243928909,0.6128930151462555,0.6112128645181656
50,0.641533762216568,0.4407021254301071,0.4044104143977165,0.461785688996315,0.4347013458609581,0.44941136986017227
51,0.685171514749527,0.49007682502269745,0.5002248212695122,0.49372151494026184,0.490334115922451,0.47573719173669815
52,0.6563629060983658,0.4560825452208519,0.46956077218055725,0.40828201174736023,0.4625116288661957,0.459645040333271
53,0.581732913851738,0.35454902052879333,0.3293863534927368,0.30539967864751816,0.35909494012594223,0.36229774355888367
54,0.5795856192708015,0.35182126611471176,0.34973715618252754,0.2976841852068901,0.36094725131988525,0.3700489103794098
55,0.5652790069580078,0.32591041922569275,0.34254447743296623,0.29150017350912094,0.353810153901577,0.3559631109237671
56,0.5569179803133011,0.3129550665616989,0.325125552713871,0.28002268075942993,0.33070439100265503,0.33365608751773834
57,0.11857650056481361,0.06467999890446663,0.057304639369249344,0.07156747858971357,0.04867492709308863,0.05904743913561106
58,0.1252953987568617,0.06720323208719492,0.052110095508396626,0.08354564011096954,0.05148316081613302,0.0568549670279026
59,0.1115563903003931,0.05579300969839096,0.05217334534972906,0.07402793783694506,0.04891815688461065,0.0512368930503726
60,0.14073346555233002,0.07727306708693504,0.0697903074324131,0.10401628538966179,0.07341901306062937,0.06984946690499783
61,0.10803737118840218,0.05427409801632166,0.044310539960861206,0.06368840578943491,0.04398154653608799,0.04679659102112055
62,0.14902236126363277,0.10104053094983101,0.08121890015900135,0.11824706196784973,0.09383279457688332,0.07428165059536695
63,0.13061455637216568,0.08861140348017216,0.09071604069322348,0.10216352343559265,0.0761946914717555,0.08567590825259686
64,0.12160951644182205,0.06972148735076189,0.06232784781605005,0.08117162249982357,0.055435461923480034,0.062001475133001804
65,0.07873297482728958,0.02917639072984457,0.02622034028172493,0.03499521594494581,0.02362936921417713,0.027075870893895626
66,0.078047557733953,0.03153585363179445,0.026416450273245573,0.034798938781023026,0.03026682138442993,0.027712348382920027
67,0.13758882693946362,0.07860291469842196,0.06882082670927048,0.10117384046316147,0.06994125340133905,0.07266831211745739
68,0.14462414011359215,0.09157194010913372,0.0737752104178071,0.10275010764598846,0.07847213558852673,0.07920666038990021
69,0.5390160083770752,0.2860121838748455,0.27246230468153954,0.34536295384168625,0.31640084087848663,0.28393423557281494
70,0.3164603039622307,0.22463809326291084,0.21469604596495628,0.21149421483278275,0.23997795954346657,0.22561195865273476
71,0.22788703441619873,0.17596450075507164,0.18418339639902115,0.24784158170223236,0.1573550533503294,0.1583846379071474
72,0.3319203108549118,0.19954944215714931,0.2246983926743269,0.2141487430781126,0.23986958339810371,0.20832408778369427
73,0.36315343528985977,0.23477070778608322,0.24198221787810326,0.23838064819574356,0.27562206238508224,0.23210155963897705
74,0.22135337442159653,0.1139611266553402,0.1231017205864191,0.1317380778491497,0.10606413148343563,0.11397978104650974
75,0.16429353505373,0.0803454602137208,0.0829203873872757,0.10341727361083031,0.07643766514956951,0.08188395388424397
76,0.12360481545329094,0.07062096148729324,0.07265593018382788,0.09970488864928484,0.06836062204092741,0.07244250923395157
77,0.0925262849777937,0.037853649351745844,0.03057499462738633,0.04441105900332332,0.030557287391275167,0.03193562710657716
78,0.15309001505374908,0.08677469566464424,0.06911611370742321,0.10081583634018898,0.08607643004506826,0.0695755910128355
79,0.13710004277527332,0.08496378548443317,0.06998636294156313,0.09657340124249458,0.07687032595276833,0.06629761308431625
80,0.10977335646748543,0.07916046865284443,0.06880046799778938,0.0943284472450614,0.0719118295237422,0.07309535518288612
81,0.09288960322737694,0.040275740902870893,0.03983762161806226,0.04969027219340205,0.043092147912830114,0.03554834658280015
82,0.07789278030395508,0.027303703129291534,0.03072921116836369,0.03827731590718031,0.03249633917585015,0.027234557084739208
83,0.30145855993032455,0.19076548889279366,0.19803443923592567,0.19334405474364758,0.22778872400522232,0.20845728740096092
84,0.28801921755075455,0.17890635505318642,0.17226490005850792,0.1617482379078865,0.1912512481212616,0.17527401447296143
85,0.2604498527944088,0.18204499408602715,0.16253592818975449,0.1576213762164116,0.19898725301027298,0.17115240171551704
86,0.2538921609520912,0.17880769073963165,0.16414593160152435,0.15695077553391457,0.18842262402176857,0.17909105494618416
87,0.26616548746824265,0.17824267968535423,0.16414593160152435,0.15920303761959076,0.18842262402176857,0.18185227364301682
88,0.2555582597851753,0.1830049604177475,0.16561581939458847,0.15695077553391457,0.19342369213700294,0.1785569004714489
89,0.2688852623105049,0.1830049604177475,0.16561581939458847,0.15695077553391457,0.19342369213700294,0.1785569004714489
90,0.24739324674010277,0.17880769073963165,0.16414593160152435,0.15920303761959076,0.18842262402176857,0.18428654596209526
0,0.5399154871702194,0.29508253931999207,0.3121686428785324,0.31589341908693314,0.2821076139807701,0.2925873026251793
1,0.24783003330230713,0.12707962468266487,0.14263454265892506,0.14657974056899548,0.12259379401803017,0.13852190598845482
2,0.16197150200605392,0.12847412936389446,0.12594367004930973,0.13142677210271358,0.1161214355379343,0.1384416799992323
3,0.3207627534866333,0.22336328402161598,0.25840067118406296,0.2774668224155903,0.22954319790005684,0.2576214633882046
4,0.3678456246852875,0.3378467261791229,0.32795512676239014,0.3374618887901306,0.3449838012456894,0.33437732607126236
5,0.21058457344770432,0.14892857894301414,0.16191112622618675,0.1693522445857525,0.17701399326324463,0.16752147302031517
6,0.1930776983499527,0.13500019907951355,0.14400069788098335,0.15840532630681992,0.14666667953133583,0.15018566697835922
7,0.13245343044400215,0.08353695087134838,0.08237147517502308,0.09363993257284164,0.07608911395072937,0.08976578898727894
8,0.14941471256315708,0.101676344871521,0.0998346358537674,0.1006211619824171,0.09677921794354916,0.10562809370458126
9,0.1810639575123787,0.11075269803404808,0.13245087303221226,0.1361229121685028,0.12033387087285519,0.12736308760941029
10,0.13649673014879227,0.09999120235443115,0.11042358353734016,0.11740767769515514,0.09579730220139027,0.1053951345384121
11,0.19597260281443596,0.14317118003964424,0.12408969923853874,0.16596197336912155,0.14297611266374588,0.14351579174399376
12,0.30695703625679016,0.2122239414602518,0.21212033554911613,0.23606924153864384,0.20479688420891762,0.21493766829371452
13,0.28541968017816544,0.1720222570002079,0.1933135986328125,0.20084689930081367,0.1707804948091507,0.18182996287941933
14,0.10912228375673294,0.05206875316798687,0.06390010379254818,0.061331503093242645,0.053408040665090084,0.05317142233252525
15,0.17848213948309422,0.09438389912247658,0.08545272890478373,0.1126562962308526,0.0917664086446166,0.08704972546547651
16,0.16633085906505585,0.09306612052023411,0.09553973004221916,0.10101443156599998,0.10071216337382793,0.1083267405629158
17,0.1602436602115631,0.08707313798367977,0.09411410242319107,0.09817378595471382,0.10095594078302383,0.09347211569547653
18,0.23450173810124397,0.12024926766753197,0.14727795869112015,0.14331523701548576,0.1279161162674427,0.1335525829344988
19,0.3549065589904785,0.18323565647006035,0.19713976606726646,0.2000151053071022,0.17990388348698616,0.19013897702097893
20,0.1653971541672945,0.09911119192838669,0.10056832060217857,0.11409811861813068,0.08618303760886192,0.10061288438737392
21,0.20241884887218475,0.13309798203408718,0.14354538917541504,0.14586867578327656,0.12374732084572315,0.12938278168439865
22,0.16636688634753227,0.11848161183297634,0.11884848400950432,0.11702132038772106,0.11326852440834045,0.11700434982776642
23,0.14278234913945198,0.07000370230525732,0.07448803260922432,0.09274697303771973,0.08419892378151417,0.07283780723810196
24,0.20636463165283203,0.12528045289218426,0.1343461163341999,0.13697099313139915,0.12957879155874252,0.13089968264102936
25,0.17614831775426865,0.09717341512441635,0.10134916938841343,0.11622980795800686,0.10019705817103386,0.1073301862925291
26,0.18118587881326675,0.10927725583314896,0.11707019247114658,0.13875621929764748,0.11730891838669777,0.12425840646028519
27,0.1903981901705265,0.12093972973525524,0.12815970927476883,0.12821770459413528,0.11482704430818558,0.1203580480068922
28,0.15490205772221088,0.10147991590201855,0.10805838368833065,0.11017616838216782,0.09126018546521664,0.10338986478745937
29,0.12571960501372814,0.07713374681770802,0.061046249233186245,0.07523163687437773,0.06624944787472486,0.06408084835857153
30,0.3440397307276726,0.1616203412413597,0.1538247987627983,0.18558748811483383,0.15482047013938427,0.15239964425563812
31,0.41646188497543335,0.2922995127737522,0.3068440780043602,0.30199820548295975,0.2873179391026497,0.30770915001630783
32,0.3499792143702507,0.253898736089468,0.2683187201619148,0.2791111543774605,0.285824928432703,0.2613690346479416
33,0.15952856838703156,0.09673500433564186,0.10067510232329369,0.11138714477419853,0.11235848255455494,0.11330194771289825
34,0.18924212083220482,0.09825674444437027,0.09803876467049122,0.11804341711103916,0.10196654871106148,0.09981539472937584
35,0.1936386488378048,0.11259912885725498,0.11584298312664032,0.1314354483038187,0.09876907244324684,0.1133686974644661
36,0.1614246480166912,0.11495882086455822,0.1241638083010912,0.12463587149977684,0.1227381993085146,0.11691796220839024
37,0.19560321047902107,0.12138525396585464,0.13225525058805943,0.1518923155963421,0.1403967309743166,0.12905331887304783
38,0.217204712331295,0.13770300149917603,0.1315092984586954,0.15643020905554295,0.15040204487740993,0.1471190433949232
39,0.325381375849247,0.2134828232228756,0.21850867569446564,0.2555437423288822,0.23442592099308968,0.21448084712028503
40,0.264252632856369,0.2042032666504383,0.17801900953054428,0.21383828297257423,0.19099995121359825,0.19973958656191826
41,0.24616291746497154,0.16200343519449234,0.171615868806839,0.20585495606064796,0.16934126429259777,0.15832918882369995
42,0.14904498681426048,0.07439100928604603,0.08312717918306589,0.09962689504027367,0.08837377279996872,0.07510879542678595
43,0.1467287242412567,0.07411358784884214,0.08967536129057407,0.0991901382803917,0.09297688119113445,0.08643663488328457
44,0.1414279993623495,0.06210735719650984,0.06912355963140726,0.08400734141469002,0.06826006714254618,0.06389257032424212
45,0.18160636350512505,0.09013396687805653,0.11829431168735027,0.1083424724638462,0.13144233264029026,0.10194997675716877
46,0.20641895197331905,0.10215433314442635,0.12547476217150688,0.14403164200484753,0.13491308875381947,0.10766400210559368
47,0.2752334773540497,0.2071048617362976,0.22150932252407074,0.23487642407417297,0.24369869753718376,0.20700248330831528
48,0.15017720125615597,0.0973373893648386,0.10345074906945229,0.09607403539121151,0.09649203345179558,0.09916307032108307
49,0.34106306731700897,0.2599714361131191,0.2687261626124382,0.2570852153003216,0.2981266863644123,0.2648446187376976
50,0.3977779969573021,0.3382622227072716,0.34097448736429214,0.3672609180212021,0.3584895431995392,0.3528883457183838
51,0.3543637692928314,0.2664203383028507,0.29449494928121567,0.3244427591562271,0.26072536408901215,0.2814663164317608
52,0.2834606468677521,0.19292043522000313,0.21797211095690727,0.25836722552776337,0.19438892975449562,0.20225552842020988
53,0.30788156390190125,0.19188214093446732,0.22117912769317627,0.2583436891436577,0.1966487094759941,0.2083231508731842
54,0.28874193876981735,0.18365646339952946,0.19347887858748436,0.21549035981297493,0.19081411883234978,0.1836259737610817
55,0.486159011721611,0.21202075853943825,0.24451234564185143,0.24593626335263252,0.18831538408994675,0.2179631106555462
56,0.29774925112724304,0.13750060461461544,0.1795869581401348,0.1880106795579195,0.1469521950930357,0.15330157615244389
57,0.1484671849757433,0.09198421239852905,0.09666164964437485,0.0976133905351162,0.09461204148828983,0.09450205788016319
58,0.2207619696855545,0.13592769391834736,0.13751493208110332,0.1462056990712881,0.13207817450165749,0.13691261783242226
59,0.18173254281282425,0.12402790784835815,0.13004254177212715,0.13944890536367893,0.13792503625154495,0.1260912138968706
60,0.922457680106163,0.9019849896430969,0.9147219508886337,0.894540399312973,0.8968697786331177,0.9114719182252884
61,0.9493919312953949,0.9573557674884796,0.9638573527336121,0.9573533684015274,0.9528395980596542,0.9667311459779739
62,0.9473167806863785,0.9627751559019089,0.968427449464798,0.9565723389387131,0.9706561863422394,0.9656621813774109
63,0.9530755281448364,0.9773941785097122,0.979325920343399,0.9665435403585434,0.9798392653465271,0.9775719791650772
64,0.9598206877708435,0.9809153228998184,0.9816801100969315,0.973024383187294,0.9756266176700592,0.9780306071043015
65,0.9253554493188858,0.9641759693622589,0.9581097364425659,0.9525781571865082,0.961341068148613,0.9632118940353394
66,0.9146292954683304,0.9365526437759399,0.9476926326751709,0.9335541874170303,0.9421200752258301,0.9419790059328079
67,0.9063477516174316,0.929627850651741,0.9384246319532394,0.9144903272390366,0.9444529563188553,0.9351750761270523
68,0.9154776632785797,0.9385886490345001,0.9353290498256683,0.9146510362625122,0.9479299783706665,0.9329764544963837
69,0.9626833200454712,0.9749305099248886,0.9720265716314316,0.9624840170145035,0.9740691632032394,0.9754260629415512
70,0.9510391503572464,0.9862236529588699,0.9861834943294525,0.9776529967784882,0.9882209450006485,0.9865116029977798
71,0.8986159861087799,0.9664067178964615,0.9630110710859299,0.952434167265892,0.9736178815364838,0.9661926329135895
72,0.9059033244848251,0.9512987583875656,0.954919621348381,0.9270392060279846,0.9508612006902695,0.9488954246044159
73,0.8724599033594131,0.9288329035043716,0.9212802946567535,0.9230975806713104,0.9364778250455856,0.9181511849164963
74,0.868528425693512,0.943151444196701,0.9430114179849625,0.9362644106149673,0.9385055005550385,0.9374265372753143
75,0.9059019088745117,0.9129391759634018,0.9184388071298599,0.8856616467237473,0.9339111000299454,0.9113188683986664
76,0.9088237583637238,0.9077323377132416,0.9179532378911972,0.8889308720827103,0.9343787729740143,0.9122571647167206
77,0.894407644867897,0.8740785717964172,0.8832219988107681,0.8710716813802719,0.9119583517313004,0.8843223452568054
78,0.9407246559858322,0.9406035244464874,0.9481232762336731,0.9330307692289352,0.9569295793771744,0.948446124792099
79,0.9034834057092667,0.921701967716217,0.9233759790658951,0.9106086194515228,0.9417314827442169,0.9261616170406342
80,0.4075578600168228,0.2583707347512245,0.283556267619133,0.2572730779647827,0.2761220782995224,0.28466054797172546
81,0.2750527746975422,0.22596599161624908,0.21856247261166573,0.23909083381295204,0.21518534421920776,0.22137095779180527
82,0.33970870822668076,0.19869083166122437,0.20288637280464172,0.23101069778203964,0.183695949614048,0.21129369735717773
83,0.3589692860841751,0.20239995792508125,0.20073521882295609,0.22027498111128807,0.21254530176520348,0.20395487546920776
84,0.17398006841540337,0.11955548822879791,0.11628133989870548,0.12120252661406994,0.13417432457208633,0.13322593830525875
85,0.1655424702912569,0.10298609733581543,0.10239310935139656,0.11438130214810371,0.11042522825300694,0.11741481348872185
86,0.2104986235499382,0.14079976081848145,0.1442212127149105,0.1466350257396698,0.16867217049002647,0.15389294177293777
87,0.19406988099217415,0.1294365804642439,0.15122196078300476,0.14073772355914116,0.16286769323050976,0.1543259471654892
88,0.2566937394440174,0.18801363930106163,0.21886388957500458,0.20413260161876678,0.23214822635054588,0.19751860573887825
89,0.2866732254624367,0.19236497208476067,0.20296987146139145,0.20420622825622559,0.20334222167730331,0.21468926593661308
90,0.32835306972265244,0.24987193197011948,0.2566746436059475,0.25655143707990646,0.2859520986676216,0.266314972192049
91,0.44506117701530457,0.2981106825172901,0.322189562022686,0.318609282374382,0.32401659339666367,0.30743885785341263
0,0.697455033659935,0.621085911989212,0.6055833697319031,0.45077158510684967,0.6496908962726593,0.5908941552042961
1,0.8085029572248459,0.789804607629776,0.7719162404537201,0.642613410949707,0.7974125742912292,0.7881167829036713
2,0.627062976360321,0.5375690758228302,0.5308622792363167,0.3544986695051193,0.5447265803813934,0.4909197464585304
3,0.5448275581002235,0.28347547352313995,0.30072132870554924,0.3515477776527405,0.301996573805809,0.27734412252902985
4,0.5112335681915283,0.3563978597521782,0.36992470920085907,0.2612088471651077,0.38414398580789566,0.3440523147583008
5,0.5248895883560181,0.39058105647563934,0.412940576672554,0.31735437735915184,0.43679509311914444,0.39241110533475876
6,0.12428386136889458,0.08297821041196585,0.0764658022671938,0.08431984577327967,0.08425625413656235,0.08482571970671415
7,0.12451174110174179,0.0730490842834115,0.0719578480347991,0.06522612739354372,0.08213915582746267,0.07822599075734615
8,0.11873278021812439,0.060987659730017185,0.05733625032007694,0.059202671982347965,0.061730588786304,0.06009370926767588
9,0.3435070514678955,0.18649947270751,0.1943161692470312,0.13618143275380135,0.21485372260212898,0.1848452351987362
10,0.38834672421216965,0.2779688499867916,0.27719901129603386,0.2050165943801403,0.27313998341560364,0.2813958115875721
11,0.3586876690387726,0.27816833555698395,0.2719521224498749,0.23880617320537567,0.2802681662142277,0.2948479726910591
12,0.12459410913288593,0.05842026136815548,0.06339538190513849,0.07086137216538191,0.05634754616767168,0.06581868883222342
13,0.3829663172364235,0.2755131274461746,0.27403002232313156,0.21009676903486252,0.2811528965830803,0.2993685267865658
14,0.15650486573576927,0.1083005741238594,0.08354444429278374,0.10082599334418774,0.10702854208648205,0.11800242960453033
15,0.11088980082422495,0.045956315007060766,0.04494770523160696,0.05120342830196023,0.05324682826176286,0.047947191167622805
16,0.10990671906620264,0.041736883111298084,0.038880687672644854,0.04708475572988391,0.044879026245325804,0.056306347250938416
17,0.13511710613965988,0.07193036191165447,0.0691424636170268,0.07636222802102566,0.0718288030475378,0.08349750097841024
18,0.11461748462170362,0.0558798611164093,0.0564243383705616,0.06934613548219204,0.06811254192143679,0.061382108367979527
19,0.12239554151892662,0.06047544768080115,0.05601093079894781,0.07106165587902069,0.05903783766552806,0.057009823620319366
20,0.123478252440691,0.06338733341544867,0.05570031609386206,0.06665126048028469,0.06882175616919994,0.07196152582764626
21,0.10453492309898138,0.048772248439490795,0.04743013437837362,0.055329812690615654,0.057339008897542953,0.06019734824076295
22,0.3932293877005577,0.283424686640501,0.2670740410685539,0.21913601458072662,0.30232537537813187,0.26643695682287216
23,0.15034759975969791,0.10355093516409397,0.10217562690377235,0.09417971689254045,0.11165557987987995,0.1067934650927782
24,0.19092231430113316,0.09768851846456528,0.09324787929654121,0.10606311913579702,0.10156111884862185,0.10506975837051868
25,0.4094470739364624,0.2472931519150734,0.2429947592318058,0.278234027326107,0.25956941395998,0.2356244921684265
26,0.37745528668165207,0.25458450242877007,0.24606705829501152,0.22118394821882248,0.28282375261187553,0.23247328400611877
27,0.37484027445316315,0.26511042192578316,0.2657177485525608,0.20050746574997902,0.2724692225456238,0.2892010323703289
28,0.38823874294757843,0.2568626441061497,0.24732019007205963,0.18633927404880524,0.2688783332705498,0.2635033503174782
29,0.1990114562213421,0.1520239394158125,0.13277212157845497,0.13677518628537655,0.15640459395945072,0.15316866897046566
30,0.20547468401491642,0.07785588130354881,0.08411108981817961,0.0829378729686141,0.07382120564579964,0.06994628999382257
31,0.27372436970472336,0.12113557942211628,0.12532990984618664,0.15631249360740185,0.1414319183677435,0.12323586642742157
32,0.09809954650700092,0.038602075073868036,0.03220866899937391,0.04334706347435713,0.03737105382606387,0.03724596067331731
33,0.12389643304049969,0.06151343695819378,0.06125715374946594,0.06252485793083906,0.06735045649111271,0.06258337665349245
34,0.12095792591571808,0.06263058818876743,0.057787347584962845,0.07071604020893574,0.06850851234048605,0.06887632748112082
35,0.08904225192964077,0.03412300534546375,0.03561352984979749,0.04135106597095728,0.037005113903433084,0.03656609682366252
36,0.10589471366256475,0.04682806134223938,0.04217991605401039,0.051834650337696075,0.0506299720145762,0.05278144730255008
37,0.11743873357772827,0.058577800169587135,0.05517762526869774,0.07161259278655052,0.06351526686921716,0.06634090933948755
38,0.4084259644150734,0.2647191546857357,0.235609482973814,0.22609294205904007,0.23926418274641037,0.2343927100300789
39,0.6919479519128799,0.4519899934530258,0.4400419220328331,0.46407532691955566,0.4119916632771492,0.4595772549510002
40,0.7710132151842117,0.600751668214798,0.5833423584699631,0.6813720315694809,0.5703848153352737,0.5882612317800522
41,0.4105966314673424,0.21101246401667595,0.18705709278583527,0.18010829016566277,0.1974516212940216,0.22497167438268661
42,0.35308903455734253,0.1954607255756855,0.1801709160208702,0.1737116277217865,0.19327042996883392,0.20115210115909576
43,0.36623045802116394,0.2727137580513954,0.2590300217270851,0.26575903967022896,0.28233587741851807,0.2583114206790924
44,0.3462747596204281,0.17595812678337097,0.16949580609798431,0.1847330667078495,0.16046722047030926,0.16322734951972961
45,0.3876456096768379,0.19405781291425228,0.2035372592508793,0.18537757731974125,0.19886444322764874,0.1989217847585678
46,0.39580322802066803,0.22006214782595634,0.2367601878941059,0.2056592032313347,0.21888788416981697,0.2107238881289959
47,0.1321411393582821,0.0718214837834239,0.07786306086927652,0.06812934298068285,0.09428936755284667,0.07147335633635521
48,0.15404106676578522,0.08255896624177694,0.08626105543226004,0.0889708548784256,0.09402638766914606,0.08099647797644138
49,0.5142810419201851,0.24656270816922188,0.24807734787464142,0.197471484541893,0.27165449783205986,0.2566818296909332
50,0.4800915941596031,0.28650887310504913,0.25655219703912735,0.20394596830010414,0.29079461842775345,0.28184597194194794
51,0.47730427980422974,0.26526229456067085,0.25088658928871155,0.18667901307344437,0.286633737385273,0.27149803191423416
52,0.44235368072986603,0.24438368901610374,0.24037018790841103,0.17348584160208702,0.2715217359364033,0.2526252269744873
53,0.42683064192533493,0.24698897451162338,0.2356170043349266,0.1599014736711979,0.26716719940304756,0.2577962428331375
54,0.42647941410541534,0.2265438474714756,0.21563515067100525,0.14485369622707367,0.2518586441874504,0.22118068113923073
55,0.4353052154183388,0.23461591452360153,0.23869803547859192,0.16671466082334518,0.2696571350097656,0.24149277806282043
56,0.4851546436548233,0.30414654314517975,0.2972704693675041,0.22606449201703072,0.34849466383457184,0.3040503039956093
57,0.5319385603070259,0.3818603381514549,0.37319133430719376,0.27015041932463646,0.4029540792107582,0.39796601980924606
58,0.5292442142963409,0.3774024546146393,0.3637980669736862,0.2664584554731846,0.40155333280563354,0.39112405478954315
59,0.5220977216959,0.382856622338295,0.3656112849712372,0.276455856859684,0.3938620761036873,0.3923819288611412
60,0.545407772064209,0.39354367554187775,0.37310126423835754,0.33167195320129395,0.3971201032400131,0.38230593502521515
61,0.9223136603832245,0.9139058589935303,0.9218427240848541,0.8605881184339523,0.9169836044311523,0.9205982387065887
62,0.2943229451775551,0.9651370495557785,0.9565207213163376,0.9388727396726608,0.9390428811311722,0.9584232419729233
63,0.861314207315445,0.8448363840579987,0.828107938170433,0.7775222361087799,0.8243360966444016,0.8659897297620773
64,0.9297854155302048,0.9368149638175964,0.9333855956792831,0.8786501288414001,0.9263477921485901,0.9470217972993851
65,0.9399666786193848,0.952105239033699,0.952732190489769,0.9342184364795685,0.9534160643815994,0.9587980955839157
66,0.9536811709403992,0.9645267874002457,0.9679001569747925,0.9534260034561157,0.970809280872345,0.9709645807743073
67,0.9629419595003128,0.9756090342998505,0.979400247335434,0.9623199254274368,0.9799784272909164,0.97853584587574
68,0.9606945961713791,0.9767348617315292,0.9751639664173126,0.9592278152704239,0.9781604558229446,0.9759354889392853
69,0.8974644541740417,0.8648253977298737,0.8629874140024185,0.8239219039678574,0.863659530878067,0.8643185198307037
70,0.9121552407741547,0.9049268960952759,0.9018093049526215,0.86447374522686,0.9135469794273376,0.9058426469564438
71,0.952482670545578,0.9658113270998001,0.9653651565313339,0.949749231338501,0.9722237586975098,0.9649251699447632
72,0.9608603566884995,0.9671674072742462,0.9688708037137985,0.9474123567342758,0.9758357256650925,0.9700729101896286
73,0.9208107590675354,0.941221758723259,0.9403120875358582,0.9196964502334595,0.9526745080947876,0.9483184665441513
74,0.825763002038002,0.9695765376091003,0.9717487692832947,0.9616804867982864,0.9630956500768661,0.9720862507820129
75,0.9587731659412384,0.974210798740387,0.9791035801172256,0.9674164950847626,0.9789287000894547,0.9794184863567352
76,0.9078259170055389,0.9510976225137711,0.9605840146541595,0.9516447186470032,0.9613697826862335,0.958798348903656
77,0.8958225101232529,0.9365837424993515,0.936340719461441,0.9179874360561371,0.9494033604860306,0.9252776503562927
78,0.8879034072160721,0.9218228906393051,0.9344222098588943,0.9159494936466217,0.9427294880151749,0.9179382771253586
79,0.9067867547273636,0.9354353249073029,0.9413741677999496,0.9292613714933395,0.9521340429782867,0.9304597228765488
80,0.8646149933338165,0.8830352127552032,0.884296178817749,0.831714853644371,0.9059128314256668,0.8924219906330109
81,0.4480297639966011,0.24185091629624367,0.2483815960586071,0.18788975477218628,0.2849312424659729,0.24379340186715126
82,0.44683297723531723,0.23647534102201462,0.24197079613804817,0.1645689271390438,0.27484312653541565,0.2467634603381157
83,0.40304235368967056,0.24371981993317604,0.2399732694029808,0.18334046006202698,0.2847025766968727,0.26241151988506317
84,0.528672032058239,0.4020037353038788,0.39096757024526596,0.2984416149556637,0.4400450512766838,0.4140990674495697
85,0.5616161972284317,0.4674939513206482,0.4393634870648384,0.37381522357463837,0.4730665013194084,0.4228070378303528
86,0.5587204992771149,0.4243221655488014,0.39656922221183777,0.3037351742386818,0.4410339519381523,0.41249726712703705
87,0.49062733352184296,0.3425004482269287,0.3478137254714966,0.2726103626191616,0.3707791343331337,0.3485332503914833
88,0.4660630449652672,0.3328222259879112,0.32684845477342606,0.2329840138554573,0.33359963446855545,0.3289564549922943
89,0.4696365147829056,0.33314477652311325,0.32513436675071716,0.26798127219080925,0.37220121175050735,0.3350873664021492
90,0.5729540139436722,0.44458017498254776,0.4209095984697342,0.3417673334479332,0.46422407031059265,0.44492054730653763
91,0.5423031151294708,0.40283671766519547,0.39239104092121124,0.305898517370224,0.45505712926387787,0.4163738414645195
92,0.49517058581113815,0.34458767622709274,0.33157365769147873,0.28588538244366646,0.37348219752311707,0.3510361388325691
0,0.6279080271720886,0.41057623624801637,0.42218959927558897,0.393241947889328,0.37051586508750917,0.4468127489089966
1,0.2719437748193741,0.12854421734809876,0.14387045949697494,0.12395108044147492,0.137756584584713,0.1340076968073845
2,0.3532352030277252,0.18363913744688035,0.21638176441192628,0.1957576185464859,0.21477562487125396,0.1982553094625473
3,0.575581568479538,0.3609836041927338,0.3901474356651306,0.3647252142429352,0.3829871892929077,0.3427207827568054
4,0.18582673370838165,0.08497357070446014,0.08871536925435067,0.09237367361783981,0.09699452966451645,0.07966668829321862
5,0.09654671549797059,0.047830329090356824,0.04814886748790741,0.04797399118542671,0.05739341005682945,0.05290660113096237
6,0.1568134531378746,0.06597179099917412,0.0576712004840374,0.05790803208947182,0.07502854242920876,0.0596614308655262
7,0.1364917054772377,0.04989348165690899,0.056397707760334016,0.06290660575032234,0.06969465017318725,0.05206887274980545
8,0.10932270437479019,0.0414224661886692,0.04199060872197151,0.06582988426089287,0.04838436171412468,0.042406840994954106
9,0.14171914905309677,0.06879921481013299,0.06858025714755059,0.08738352283835411,0.07391007468104363,0.058175576478242876
10,0.09873284846544265,0.05148747190833092,0.05171633139252663,0.06147203966975212,0.057259542495012285,0.047782008349895475
11,0.1282277524471283,0.06558921039104462,0.06568942815065384,0.07872947603464127,0.06824398562312126,0.062149349600076675
12,0.08214416652917862,0.053124063462018964,0.05274257212877274,0.05094855353236198,0.0544851578772068,0.042599231004714966
13,0.09430635422468185,0.05601949319243431,0.054888345301151276,0.0558595135807991,0.0676051363348961,0.04705862253904343
14,0.08222139328718185,0.04101854413747787,0.04503247961401939,0.04383286610245705,0.043851211294531824,0.042986522614955905
15,0.10406216233968735,0.04953511580824852,0.05753804370760918,0.05085291340947151,0.05344161912798882,0.05116787403821945
16,0.10766519606113434,0.03377020321786404,0.04510614313185215,0.04455493092536926,0.042367448285222056,0.03843260854482651
17,0.11988968253135682,0.07476349472999573,0.08597011566162109,0.08959206938743591,0.08195616975426674,0.07484935820102692
18,0.07153289094567299,0.03407896943390369,0.039975694566965106,0.0405730664730072,0.04076658897101879,0.03168211542069912
19,0.1075000822544098,0.04378989338874817,0.04960806965827942,0.053732636570930484,0.06123199462890625,0.04526888132095337
20,0.14816650301218032,0.08488674908876419,0.07213900759816169,0.09749658256769181,0.10317279398441315,0.08253955096006393
21,0.10711991786956787,0.08252932131290436,0.07691991403698921,0.07735214829444885,0.08257807344198227,0.07538989782333375
22,0.1268762543797493,0.06701401621103287,0.06816647574305534,0.07547025233507157,0.06522057726979255,0.06104205995798111
23,0.35989108085632326,0.22750164866447448,0.22604469656944276,0.25320609509944914,0.22265564501285554,0.2202773481607437
24,0.3000905066728592,0.2879017204046249,0.2711167573928833,0.2155640244483948,0.3110028088092804,0.26272920072078704
25,0.21522194743156434,0.1458652287721634,0.14549291580915452,0.12228997647762299,0.16325694918632508,0.14714947640895842
26,0.08336718305945397,0.07024244219064713,0.06156742572784424,0.0672137975692749,0.05865237265825272,0.06353025510907173
27,0.1315663993358612,0.10806238651275635,0.0970265731215477,0.10871059074997902,0.09937042742967606,0.10238227248191833
28,0.15235079303383828,0.12462044060230255,0.10506177917122841,0.11977153569459915,0.12369372844696044,0.12965998202562332
29,0.1379421427845955,0.08319248780608177,0.07617904841899872,0.09416648596525193,0.09094663113355636,0.08561602309346199
30,0.19766336381435395,0.12188367694616317,0.10541951581835747,0.12064897119998932,0.12085589542984962,0.1295239344239235
31,0.23951923847198486,0.2802766770124435,0.2706578701734543,0.30969782173633575,0.2804547488689423,0.28622842729091647
32,0.29791703522205354,0.31888686418533324,0.29713042080402374,0.27862918078899385,0.29477323293685914,0.29616269171237947
33,0.24936538934707642,0.16556329727172853,0.1379927635192871,0.18354154080152513,0.15349628329277037,0.1579212099313736
34,0.11949517875909806,0.0896931231021881,0.07563865035772324,0.09270637854933739,0.0807334154844284,0.07929178029298782
35,0.12085322588682175,0.08361869007349014,0.08191865533590317,0.1011498138308525,0.09695503562688827,0.09630975797772408
36,0.18172701299190522,0.17953776121139525,0.16637518554925917,0.16833429485559465,0.14983629882335664,0.17574986517429353
37,0.1199672982096672,0.0765131652355194,0.06607442572712899,0.06900081038475037,0.06833617240190507,0.07339242547750473
38,0.9267610311508179,0.9454646229743957,0.9454145073890686,0.9354992985725403,0.9465647101402282,0.95406094789505
39,0.937690019607544,0.9586463212966919,0.9598763465881348,0.9364012241363525,0.9565040349960328,0.9651119828224182
40,0.9084691405296326,0.9105744957923889,0.9459638357162475,0.9347361922264099,0.9259316205978394,0.9504474401473999
41,0.9333378195762634,0.9175024271011353,0.9273499369621276,0.9203235745429993,0.9232253789901733,0.9254027605056763
42,0.9558959007263184,0.9756211400032043,0.977703046798706,0.963520610332489,0.9783531427383423,0.9769815921783447
43,0.9494417905807495,0.9794481754302978,0.97938551902771,0.9647868275642395,0.9800208926200866,0.9785212278366089
44,0.9090644121170044,0.9459069252014161,0.9475093364715577,0.923202121257782,0.9520080089569092,0.9461783051490784
45,0.8850863337516784,0.9004723310470581,0.8866980791091919,0.8498079180717468,0.8851644635200501,0.8957409143447876
46,0.9478187561035156,0.9686944484710693,0.9691107392311096,0.9530019164085388,0.9717739224433899,0.9689875602722168
47,0.9562840223312378,0.9755254626274109,0.976537823677063,0.9621102094650269,0.9779124736785889,0.9764102697372437
48,0.8946360588073731,0.9089116215705871,0.9006202340126037,0.8779481172561645,0.9213873267173767,0.8934375166893005
49,0.906363332271576,0.9309279918670654,0.9282966017723083,0.9095986723899842,0.9471963882446289,0.9256997585296631
50,0.7936167001724244,0.9350259304046631,0.9423043489456177,0.9377168774604797,0.9336059212684631,0.9479852080345154
51,0.9175877451896668,0.9658234238624572,0.9727800250053406,0.9734582781791687,0.9691183686256408,0.9779363632202148
52,0.9655380487442017,0.9790411949157715,0.9793878674507142,0.9628154993057251,0.9775912404060364,0.9806601285934449
53,0.8851097106933594,0.8916102647781372,0.8874053478240966,0.8451946020126343,0.8842413187026977,0.8885107040405273
54,0.940878963470459,0.9625503063201905,0.9631439208984375,0.9464771509170532,0.9665302157402038,0.962913167476654
55,0.933666443824768,0.9536317110061645,0.9512736916542053,0.9342158436775208,0.9597164511680603,0.9568891048431396
56,0.7764763474464417,0.8540366768836976,0.8393406867980957,0.7690923571586609,0.8604342341423035,0.8534271717071533
57,0.7559569597244262,0.6915776133537292,0.7068474411964416,0.6376285672187805,0.7070109248161316,0.706829023361206
58,0.16128018498420715,0.08312476053833961,0.08749299868941307,0.07935722172260284,0.10260841548442841,0.08705958425998687
59,0.15441894084215163,0.09433968141674995,0.08461979180574417,0.09479950666427613,0.1105056144297123,0.09534340351819992
60,0.27017378211021426,0.18672323673963548,0.18753577172756195,0.2300906300544739,0.18873594850301742,0.18898013532161712
61,0.1857173725962639,0.07229649499058724,0.07855899706482887,0.09451473280787467,0.09569545090198517,0.07832815870642662
62,0.2289538413286209,0.1655461922287941,0.14184946119785308,0.16885704547166824,0.14946411401033402,0.14110143780708312
63,0.3665747821331024,0.29566638469696044,0.2703001618385315,0.3076392650604248,0.26476323902606963,0.2556568145751953
64,0.3495960056781769,0.2673968583345413,0.22570836097002028,0.274892070889473,0.24136401563882828,0.22291812747716905
65,0.39957144260406496,0.22635074853897094,0.199612957239151,0.22243501543998717,0.24278303384780883,0.21780726611614226
66,0.6568921446800232,0.49634054899215696,0.4860023081302643,0.5337535798549652,0.46170991063117983,0.4921103775501251
67,0.28852346539497375,0.21951828002929688,0.1666982501745224,0.21735604405403136,0.15648760050535201,0.16299011260271073
68,0.2301109880208969,0.15695482343435288,0.1350646659731865,0.15742064416408538,0.14471107125282287,0.1269354484975338
69,0.1776307851076126,0.11165356338024139,0.11524931639432907,0.12169767394661904,0.12538353353738785,0.11249877363443375
70,0.4800464391708374,0.22446376383304595,0.23911410570144653,0.19444356560707093,0.2616295039653778,0.24014703035354615
71,0.5826415419578552,0.4014805793762207,0.4100323498249054,0.38540140390396116,0.4745888292789459,0.4162005126476288
72,0.6950753450393676,0.5694815039634704,0.557654345035553,0.49359107613563535,0.6073140382766724,0.5773476481437683
73,0.6562094569206238,0.49315264225006106,0.5144687771797181,0.44126829504966736,0.5416812241077423,0.5216604709625244
74,0.6653156399726867,0.5187038242816925,0.5241213738918304,0.4583351075649261,0.5650989294052124,0.5239365339279175
75,0.6332001209259033,0.4637366712093353,0.46951682567596437,0.42674961090087893,0.5092012166976929,0.47787405252456666
76,0.1996457487344742,0.12238249480724335,0.13131384402513505,0.14998228698968888,0.1240916222333908,0.13032825887203217
77,0.38159018754959106,0.26538747549057007,0.2625074625015259,0.24614239037036895,0.26630217730998995,0.24750454127788543
78,0.29358446002006533,0.15838519632816314,0.16154640316963195,0.20200905501842498,0.1794204145669937,0.16491431295871734
79,0.20849151611328126,0.10471572056412697,0.10182180032134056,0.11453808024525643,0.10563618466258048,0.09325492829084396
80,0.1816989928483963,0.10081900507211686,0.10921929106116295,0.11658703535795212,0.1265543133020401,0.09794617593288421
81,0.6412333846092224,0.5843747377395629,0.586429500579834,0.5363881707191467,0.4727234601974487,0.5757490754127502
82,0.3652450621128082,0.20328246653079987,0.21613599359989166,0.1972467988729477,0.1911878541111946,0.2085000067949295
83,0.1776546508073807,0.09095577448606491,0.09263844266533852,0.09593967795372009,0.10215466842055321,0.08806699216365814
84,0.19295606315135955,0.11283088028430939,0.11740331202745438,0.1250385418534279,0.12692099213600158,0.12736138999462127
85,0.20570620000362397,0.1082457572221756,0.10771607756614685,0.11661066710948945,0.12056144177913666,0.11340520307421684
86,0.16239624321460724,0.07413780763745308,0.0804472491145134,0.08734139949083328,0.08412216603755951,0.08043504655361175
87,0.18918996155261994,0.07586200162768364,0.0721679113805294,0.08657567650079727,0.08422660827636719,0.08057780861854554
88,0.23468761146068573,0.07986958473920822,0.09787527322769166,0.10780905410647393,0.09403989240527152,0.09854566156864167
89,0.7287242770195007,0.5377550482749939,0.5473674356937408,0.41582406163215635,0.6100087761878967,0.5103081047534943
90,0.5190254032611847,0.31964618563652036,0.3083054184913635,0.3027563810348511,0.30947306752204895,0.2997455060482025
91,0.46420471668243407,0.3147485315799713,0.3169372856616974,0.32129096388816836,0.2819943428039551,0.3008641242980957
92,0.4914282441139221,0.36462785601615905,0.37757359743118285,0.3652122139930725,0.3742110073566437,0.3885039329528809
0,0.8043152093887329,0.5942567884922028,0.5512746870517731,0.5443485677242279,0.5425272881984711,0.5745762586593628
1,0.735554963350296,0.4343618154525757,0.4367362856864929,0.4375896155834198,0.47091570496559143,0.45649173855781555
2,0.6098594665527344,0.41746924817562103,0.4425141215324402,0.4442308098077774,0.3822207450866699,0.40260258316993713
3,0.6763052344322205,0.4957907497882843,0.4158220887184143,0.5013127624988556,0.3632057309150696,0.4595147520303726
4,0.5742696821689606,0.3918207138776779,0.36117984354496,0.4089398682117462,0.2939363420009613,0.3716655373573303
5,0.4204900562763214,0.22977185994386673,0.24402236938476562,0.22844962775707245,0.194449320435524,0.23243536055088043
6,0.5457336008548737,0.43618424236774445,0.3805730789899826,0.48099474608898163,0.3687400817871094,0.42827074229717255
7,0.7981632947921753,0.6498590409755707,0.595411866903305,0.7072847187519073,0.5974362194538116,0.6449039578437805
8,0.6667273938655853,0.5029521733522415,0.4498804062604904,0.5485278069972992,0.4729758948087692,0.49454668164253235
9,0.505371630191803,0.2562214881181717,0.24167414009571075,0.2947303503751755,0.26865899562835693,0.2869650721549988
10,0.5806366503238678,0.32468491792678833,0.3063729405403137,0.35399241745471954,0.26707673817873,0.332964688539505
11,0.38558971881866455,0.22090554237365723,0.2031816989183426,0.1880633533000946,0.2475079745054245,0.2307407259941101
12,0.7001122832298279,0.5549668669700623,0.5042930990457535,0.5759671628475189,0.5481622070074081,0.5427258908748627
13,0.7289210259914398,0.431835800409317,0.4123453050851822,0.5017446428537369,0.4372625797986984,0.4137912541627884
14,0.25977133959531784,0.1128251813352108,0.1310814917087555,0.0878269411623478,0.11762620508670807,0.13513049855828285
15,0.23435333371162415,0.13060173392295837,0.16248264908790588,0.12903740257024765,0.12763051688671112,0.1391216516494751
16,0.5151655375957489,0.23018259555101395,0.24164779484272003,0.2210521474480629,0.23539967089891434,0.19613321125507355
17,0.5920331180095673,0.3160850256681442,0.34145043790340424,0.3141922801733017,0.24304526299238205,0.3262186571955681
18,0.4362654387950897,0.3612270951271057,0.355753093957901,0.4094321131706238,0.3371525704860687,0.3632366955280304
19,0.6486284732818604,0.6031991541385651,0.5984373986721039,0.5933638513088226,0.621548980474472,0.6080035269260406
20,0.6388983130455017,0.4779803156852722,0.4942040294408798,0.4633277654647827,0.460750937461853,0.4663788974285126
21,0.5880402028560638,0.40501514077186584,0.40865276753902435,0.4000810980796814,0.40676046907901764,0.3761097937822342
22,0.5632334649562836,0.3760981857776642,0.4005412310361862,0.3825910836458206,0.3850044310092926,0.4208381921052933
23,0.4085829257965088,0.19617146998643875,0.20531893521547318,0.15191937237977982,0.1861410066485405,0.1799180507659912
24,0.09298887103796005,0.03615649975836277,0.04245482571423054,0.04812803119421005,0.041823895648121834,0.03986327908933163
25,0.07359196618199348,0.02746883686631918,0.030367919243872166,0.03602356091141701,0.03625177778303623,0.03184467647224665
26,0.20915325731039047,0.09853438660502434,0.11474153026938438,0.0989275835454464,0.12024790048599243,0.08250973001122475
27,0.14089928194880486,0.0545551385730505,0.06313466280698776,0.08647797629237175,0.07286255992949009,0.0506854522973299
28,0.2889587879180908,0.1495956853032112,0.14740785956382751,0.19583578407764435,0.15235193073749542,0.1643989384174347
29,0.40880821645259857,0.26023177802562714,0.29854559898376465,0.3298809230327606,0.2813670039176941,0.29800938069820404
30,0.37844717502593994,0.2738494724035263,0.2531857416033745,0.2990359663963318,0.25931714475154877,0.25449832528829575
31,0.331268772482872,0.20331782847642899,0.17350802570581436,0.2526809647679329,0.18743789941072464,0.20421238243579865
32,0.5768143832683563,0.46214017271995544,0.4326104521751404,0.4890708774328232,0.4753708839416504,0.4738525301218033
33,0.3846936970949173,0.24349867552518845,0.24670111387968063,0.24401284754276276,0.26665420085191727,0.25013404339551926
34,0.13520122691988945,0.048694755882024765,0.047379255294799805,0.053180795162916183,0.05242306739091873,0.052376020699739456
35,0.06364012137055397,0.02876659482717514,0.029855883680284023,0.03772369772195816,0.03208606503903866,0.03551053628325462
36,0.13256176561117172,0.052990835160017014,0.06395559012889862,0.05770481191575527,0.061855498701334,0.06181991100311279
37,0.09447900950908661,0.04571768082678318,0.05220009200274944,0.04805653356015682,0.05216057784855366,0.04647871199995279
38,0.2727707177400589,0.21812330186367035,0.23065409809350967,0.19800707697868347,0.2363836169242859,0.20829898864030838
39,0.4533656984567642,0.3356553539633751,0.39279697835445404,0.3660825788974762,0.36300329864025116,0.3420540913939476
40,0.38234280049800873,0.4397629052400589,0.4450852572917938,0.4383767247200012,0.3934881389141083,0.4347003549337387
41,0.19219843298196793,0.11101353913545609,0.10733139887452126,0.10126897692680359,0.11693070083856583,0.10239564254879951
42,0.11571209505200386,0.04519057646393776,0.051953358575701714,0.0465159397572279,0.05278020724654198,0.045238422229886055
43,0.16267364472150803,0.10205910354852676,0.08487094193696976,0.07284547574818134,0.08150434121489525,0.09224405512213707
44,0.15573856234550476,0.0774780921638012,0.06420295126736164,0.06566237471997738,0.07669674605131149,0.07365574315190315
45,0.1293916180729866,0.06695994734764099,0.04767059534788132,0.050875551998615265,0.05407881177961826,0.0562367532402277
46,0.07761949673295021,0.024335638619959354,0.021545810624957085,0.02605766151100397,0.03366130776703358,0.02531465981155634
47,0.06891471333801746,0.019333907403051853,0.015549242962151766,0.022046655416488647,0.01977692637592554,0.022048241458833218
48,0.07970572263002396,0.03231380321085453,0.027120941318571568,0.0345224067568779,0.03428809344768524,0.03016115352511406
49,0.13407819345593452,0.07579543069005013,0.06557559967041016,0.0980449989438057,0.06395292468369007,0.07435537129640579
50,0.0968828834593296,0.03797409497201443,0.03634215332567692,0.042425268329679966,0.03950163256376982,0.04675535671412945
51,0.09379091113805771,0.039549725130200386,0.032877140678465366,0.0458050724118948,0.03677350841462612,0.045426324009895325
52,0.09140737354755402,0.03256614878773689,0.03199349995702505,0.04027107451111078,0.03298378176987171,0.042229196056723595
53,0.1067797988653183,0.038919473066926,0.04792122729122639,0.04540947172790766,0.041158078238368034,0.05369080137461424
54,0.09611570462584496,0.04153291508555412,0.038425528444349766,0.048723846673965454,0.03948534373193979,0.049160548485815525
55,0.08620106801390648,0.04265732504427433,0.028371941298246384,0.05089902691543102,0.03510730154812336,0.040617410093545914
56,0.09291725233197212,0.030253213830292225,0.027085544541478157,0.044227199628949165,0.035497481003403664,0.03965973109006882
57,0.12340199574828148,0.03452678397297859,0.03901228681206703,0.048746244981884956,0.04841817170381546,0.044488294050097466
58,0.1430506892502308,0.059302918612957,0.06724412739276886,0.06856570206582546,0.06968753598630428,0.06871105916798115
59,0.11212553828954697,0.04489513114094734,0.04211210273206234,0.05771995149552822,0.046896299347281456,0.0509070698171854
60,0.10477864369750023,0.03493438567966223,0.03586245886981487,0.0486159473657608,0.03651167452335358,0.03875170648097992
61,0.5970977246761322,0.9763359725475311,0.9752474725246429,0.9571691453456879,0.9676096141338348,0.9752271771430969
62,0.9286544024944305,0.9752499759197235,0.9757504761219025,0.955056756734848,0.9665234684944153,0.9740342795848846
63,0.9336802959442139,0.946058988571167,0.9526610374450684,0.9308809638023376,0.9364931583404541,0.9527009129524231
64,0.9033340811729431,0.9049533605575562,0.9128009676933289,0.8714304566383362,0.9025814831256866,0.9070996642112732
65,0.9435427784919739,0.9586897790431976,0.9652228057384491,0.9479921460151672,0.9673818945884705,0.9624427855014801
66,0.8731473386287689,0.8979262709617615,0.8945601582527161,0.8801334500312805,0.8936188519001007,0.9024533629417419
67,0.8890224099159241,0.8983295261859894,0.8781041204929352,0.8691523969173431,0.8757472336292267,0.9097985923290253
68,0.9335370063781738,0.9626578688621521,0.9644391536712646,0.9477055072784424,0.9586354196071625,0.9644586741924286
69,0.8551621735095978,0.8862397074699402,0.8953075706958771,0.8861056268215179,0.9068459868431091,0.9021497964859009
70,0.9394358992576599,0.941374659538269,0.9390443861484528,0.9296943843364716,0.925847589969635,0.9471923410892487
71,0.9517809152603149,0.9695974886417389,0.9715290665626526,0.9600695669651031,0.9747748076915741,0.9707857370376587
72,0.6962107717990875,0.934228777885437,0.9194309711456299,0.8665440082550049,0.92642942070961,0.904686838388443
73,0.9473410546779633,0.9688484370708466,0.9696830809116364,0.9502030909061432,0.9755513966083527,0.9688411056995392
74,0.9443745017051697,0.935857355594635,0.9436078071594238,0.9013635814189911,0.9481456875801086,0.9365487396717072
75,0.8783083558082581,0.9257327914237976,0.9259074926376343,0.9279734492301941,0.9238117933273315,0.9215504229068756
76,0.9006150960922241,0.9349929690361023,0.928570955991745,0.9278242290019989,0.9419272541999817,0.9280069172382355
77,0.9358886182308197,0.9380377531051636,0.9330218732357025,0.9102717041969299,0.9475015699863434,0.9320805370807648
78,0.9420326352119446,0.9408972859382629,0.9373127222061157,0.9096115827560425,0.9545238614082336,0.9353216290473938
79,0.8719445466995239,0.8908194601535797,0.8759718537330627,0.7327430248260498,0.907209575176239,0.8654027581214905
80,0.8504745066165924,0.8364270627498627,0.8251238465309143,0.797269344329834,0.8619146347045898,0.8368646502494812
81,0.4357016384601593,0.3890257477760315,0.3181034028530121,0.3207491785287857,0.3596038520336151,0.3598824143409729
82,0.4641064554452896,0.43419457972049713,0.36015716195106506,0.37070217728614807,0.40201885998249054,0.40542885661125183
83,0.5708871483802795,0.4939655363559723,0.4528932571411133,0.3949184864759445,0.48443421721458435,0.47635936737060547
84,0.29672278463840485,0.3064664453268051,0.3000308722257614,0.26985907554626465,0.24770961701869965,0.2778066620230675
85,0.22926778346300125,0.1892203688621521,0.2019922137260437,0.20896980911493301,0.16754918545484543,0.16693682223558426
86,0.27945150434970856,0.3051346614956856,0.3233357146382332,0.3639005720615387,0.29194311052560806,0.2840009778738022
87,0.27565188705921173,0.2595399022102356,0.2735504135489464,0.25805338472127914,0.2477130889892578,0.23928768932819366
88,0.24657195806503296,0.15996955335140228,0.16367381811141968,0.1726277768611908,0.15608783811330795,0.17932123690843582
89,0.14433930441737175,0.2302568107843399,0.24822423607110977,0.2979820668697357,0.17545997351408005,0.22648844122886658
90,0.27975718677043915,0.2587508112192154,0.29019471257925034,0.29445792734622955,0.23494549095630646,0.253356397151947
91,0.3229754865169525,0.2958250790834427,0.2809254601597786,0.26201388239860535,0.26219914853572845,0.2504095509648323
92,0.2648608162999153,0.27576687186956406,0.2823091670870781,0.3060532510280609,0.22125300019979477,0.21427033096551895
0,0.10967162251472473,0.04980705073103309,0.047827161848545074,0.04902388248592615,0.03891965141519904,0.03657697420567274
1,0.12714872881770134,0.06578466109931469,0.051935930736362934,0.06669310294091702,0.05520693212747574,0.05202629882842302
2,0.2466684728860855,0.08482692390680313,0.08093652408570051,0.09981942549347878,0.07593114208430052,0.07414869870990515
3,0.21302137151360512,0.048250485211610794,0.04668334685266018,0.04969502612948418,0.04367184545844793,0.04246603883802891
4,0.07709385268390179,0.027362977620214224,0.02167505375109613,0.02440027566626668,0.022310626227408648,0.022319301962852478
5,0.0732183326035738,0.03450742410495877,0.03428072668612003,0.0350475269369781,0.029181113466620445,0.031218563206493855
6,0.13540455512702465,0.0632556164637208,0.052572240587323904,0.06465711444616318,0.046070598997175694,0.05582269001752138
7,0.1600173767656088,0.07048376742750406,0.058158332481980324,0.06903733313083649,0.0577045064419508,0.06137894559651613
8,0.2587883099913597,0.1470717042684555,0.16625103168189526,0.15131035260856152,0.144362673163414,0.15454384870827198
9,0.36987970024347305,0.2120819203555584,0.1879031751304865,0.18707560934126377,0.214537862688303,0.21589203365147114
10,0.4307901933789253,0.3273146003484726,0.26262394711375237,0.2659192197024822,0.3106411322951317,0.31711381673812866
11,0.30007732659578323,0.24135493114590645,0.24304674938321114,0.22372697666287422,0.24159293994307518,0.2504357881844044
12,0.19906309060752392,0.12391263619065285,0.12491432018578053,0.14048368856310844,0.1318052764981985,0.132048137485981
13,0.18365972861647606,0.08399725891649723,0.08820929937064648,0.09566457569599152,0.08582341112196445,0.0844377800822258
14,0.3961710259318352,0.3015773445367813,0.27065934613347054,0.2676883637905121,0.28176845237612724,0.29666056483983994
15,0.7916267365217209,0.7713059484958649,0.7954279631376266,0.7947382479906082,0.7693250477313995,0.785331517457962
16,0.5356100052595139,0.34449124336242676,0.3791039437055588,0.393547959625721,0.3768802583217621,0.3717760741710663
17,0.24047503247857094,0.15501240082085133,0.1376661155372858,0.12862491235136986,0.17312418669462204,0.15930438786745071
18,0.1043959129601717,0.06837879121303558,0.06160889379680157,0.061475575901567936,0.061426480300724506,0.05465096328407526
19,0.19353141076862812,0.1371646709740162,0.12519949674606323,0.15258433297276497,0.13862599804997444,0.13244150020182133
20,0.48476777225732803,0.34348785132169724,0.3716413676738739,0.35821082442998886,0.356814406812191,0.3828347250819206
21,0.40580280125141144,0.19991572573781013,0.21193216368556023,0.19574297219514847,0.2132043093442917,0.21720854565501213
22,0.4757632836699486,0.2926206663250923,0.3240430876612663,0.32604943215847015,0.30028022080659866,0.31537067890167236
23,0.6279338598251343,0.4567933678627014,0.4806911423802376,0.5216503515839577,0.4845008999109268,0.4305841252207756
24,0.5941676795482635,0.4784391298890114,0.4963851571083069,0.5162776410579681,0.49523020535707474,0.45420263707637787
25,0.34232813864946365,0.17709926515817642,0.16347282007336617,0.17811612598598003,0.20273953303694725,0.16875461675226688
26,0.4351895824074745,0.28317293524742126,0.23428993672132492,0.2694092392921448,0.27564597874879837,0.2615129016339779
27,0.4967091828584671,0.3541036993265152,0.34496932476758957,0.3455423265695572,0.35823699086904526,0.3497655540704727
28,0.284668680280447,0.14692097902297974,0.14237490482628345,0.1741945557296276,0.1677958332002163,0.15302145667374134
29,0.22454005479812622,0.16611431911587715,0.15033632144331932,0.19019396603107452,0.1605591308325529,0.15975753776729107
30,0.19022010266780853,0.14171062037348747,0.12410792149603367,0.16452430002391338,0.12640109658241272,0.12101484276354313
31,0.17868760973215103,0.1235758326947689,0.12841692380607128,0.14136844873428345,0.13475721515715122,0.12759928405284882
32,0.16669828072190285,0.11216133646667004,0.11714502982795238,0.12504059448838234,0.1309086512774229,0.1171338353306055
33,0.16667070798575878,0.11078419536352158,0.1112272311002016,0.1294483933597803,0.12942764535546303,0.11279909871518612
34,0.18342264369130135,0.13047249428927898,0.1064789779484272,0.1357945278286934,0.1454751305282116,0.11611402407288551
35,0.13606966473162174,0.07730063702911139,0.07229206338524818,0.08592971693724394,0.08477864973247051,0.07611863501369953
36,0.09875735826790333,0.05167702492326498,0.049004603177309036,0.04453485086560249,0.04986719787120819,0.04956712666898966
37,0.13171318732202053,0.09006518311798573,0.07750966865569353,0.08246909640729427,0.08656112290918827,0.08250353205949068
38,0.10880264267325401,0.06502821762114763,0.057305626571178436,0.05048551503568888,0.06752593629062176,0.06421650853008032
39,0.21082526817917824,0.10427873954176903,0.11368904821574688,0.09882891550660133,0.11676439084112644,0.10671967267990112
40,0.14855940639972687,0.08492229133844376,0.08517562784254551,0.08636403735727072,0.0793630313128233,0.07125497236847878
41,0.157360028475523,0.10183081962168217,0.09031104668974876,0.09664947260171175,0.0869665490463376,0.0949120819568634
42,0.22536318004131317,0.12165677733719349,0.120971305295825,0.13569312915205956,0.1180146187543869,0.12292032688856125
43,0.148901904001832,0.08480565249919891,0.08660125453025103,0.09315713588148355,0.07336022518575191,0.0838238401338458
44,0.13586806319653988,0.0833858186379075,0.08670489955693483,0.08942710235714912,0.07356622163206339,0.08389314729720354
45,0.13631363026797771,0.0875494871288538,0.08922505658119917,0.08629741333425045,0.07510642800480127,0.08334427140653133
46,0.14109039679169655,0.09463854506611824,0.08817034587264061,0.10380237363278866,0.07460435945540667,0.09405792038887739
47,0.12619375623762608,0.08452247828245163,0.08478598669171333,0.09169113263487816,0.06618290208280087,0.08268812950700521
48,0.21710963733494282,0.168109230697155,0.14882125705480576,0.17435622960329056,0.1730230189859867,0.17109940014779568
49,0.11855725757777691,0.06270784605294466,0.05572095979005098,0.05067294277250767,0.059601497836411,0.05375291686505079
50,0.1233891099691391,0.06790777202695608,0.06482113339006901,0.06057813111692667,0.0662350608035922,0.06383264344185591
51,0.15334773994982243,0.09071679227054119,0.09671074617654085,0.10361344832926989,0.08286107890307903,0.08923676703125238
52,0.13758679293096066,0.07737295981496572,0.07572598475962877,0.07912394497543573,0.06879729218780994,0.07603152561932802
53,0.1484766472131014,0.07375446148216724,0.07600672263652086,0.08822498191148043,0.06509931292384863,0.06973457708954811
54,0.13116465881466866,0.06300293747335672,0.06529313046485186,0.07305624336004257,0.054502480663359165,0.0623551057651639
55,0.15529083274304867,0.07194479275494814,0.08232570998370647,0.09083935432136059,0.06969930324703455,0.07105025835335255
56,0.1817991491407156,0.0887455865740776,0.09183950908482075,0.10871943645179272,0.07930819317698479,0.08678445965051651
57,0.14720794558525085,0.07073355000466108,0.07300745323300362,0.09226917754858732,0.06972676981240511,0.0713557917624712
58,0.21946756914258003,0.11568405665457249,0.12053271569311619,0.15698358975350857,0.1190327275544405,0.11684619635343552
59,0.1378485020250082,0.08160440996289253,0.08640173450112343,0.09414435736835003,0.0749665666371584,0.0836186008527875
60,0.9169967472553253,0.8820233941078186,0.8732611387968063,0.8432731330394745,0.8431582748889923,0.8723418563604355
61,0.91624715924263,0.9017897844314575,0.9124738276004791,0.8626383692026138,0.8911911696195602,0.9025090783834457
62,0.940502405166626,0.9489927589893341,0.9516831338405609,0.9406770914793015,0.9478902071714401,0.9550122767686844
63,0.9419742226600647,0.9505689442157745,0.956436887383461,0.9489619135856628,0.9659762978553772,0.957978755235672
64,0.9119406342506409,0.9217299669981003,0.9327096045017242,0.9183623045682907,0.9400195926427841,0.9330788999795914
65,0.9248943626880646,0.9278440624475479,0.9347555935382843,0.9242583364248276,0.9377070069313049,0.9348281919956207
66,0.9353224486112595,0.9466996043920517,0.9519741982221603,0.9391491413116455,0.960193082690239,0.952670156955719
67,0.9642464220523834,0.981591135263443,0.9843922406435013,0.9755992293357849,0.9840748608112335,0.9819632917642593
68,0.9192042946815491,0.9788437783718109,0.9832739979028702,0.9768193513154984,0.9810666590929031,0.9816839098930359
69,0.8021213859319687,0.9614522457122803,0.9618735313415527,0.9614825546741486,0.9656286388635635,0.9665009826421738
70,0.9109740108251572,0.9366654306650162,0.9409937858581543,0.9195374995470047,0.9486457705497742,0.9409222304821014
71,0.9093929529190063,0.9243228882551193,0.9326531440019608,0.9026515334844589,0.9393143206834793,0.9298907816410065
72,0.8988981544971466,0.9173072129487991,0.9176031202077866,0.8930799067020416,0.9256169945001602,0.9063793867826462
73,0.9404576867818832,0.955945611000061,0.9595959037542343,0.9408770203590393,0.9661893844604492,0.9552870243787766
74,0.9520737081766129,0.9706310331821442,0.9705576598644257,0.9584573954343796,0.9748837351799011,0.9730664044618607
75,0.9554570913314819,0.9695662409067154,0.976112887263298,0.9602622389793396,0.9772162735462189,0.9764053970575333
76,0.9241243451833725,0.9480079710483551,0.951878160238266,0.9282530099153519,0.9602432101964951,0.9556292593479156
77,0.8648063242435455,0.7935238778591156,0.769724428653717,0.7224618941545486,0.7794208526611328,0.781534418463707
78,0.889013022184372,0.9015429317951202,0.9100495278835297,0.8909377604722977,0.9121538549661636,0.8969366401433945
79,0.922980934381485,0.9195827543735504,0.9198135137557983,0.8909017741680145,0.9389117062091827,0.912355050444603
80,0.9488237351179123,0.9564785659313202,0.9630341678857803,0.9438496828079224,0.9635554850101471,0.962345227599144
81,0.28627418726682663,0.27065882831811905,0.2846347242593765,0.2868051901459694,0.23259439691901207,0.23271218687295914
82,0.30820173397660255,0.1972760669887066,0.2133655808866024,0.20341452956199646,0.20730198174715042,0.2006513550877571
83,0.19698830507695675,0.12728009559214115,0.12173191085457802,0.11879096738994122,0.11867481283843517,0.11125046759843826
84,0.15155643597245216,0.09371214918792248,0.0906694708392024,0.09873506613075733,0.09263264294713736,0.093741649761796
85,0.3278121314942837,0.24988782033324242,0.25152190402150154,0.246668741106987,0.25998660922050476,0.2533632479608059
86,0.3367052711546421,0.23812809213995934,0.24093030020594597,0.23287396132946014,0.2562948502600193,0.23077541589736938
87,0.16576144471764565,0.12594357691705227,0.12269199825823307,0.11775405518710613,0.12255394272506237,0.12993480265140533
88,0.1823069304227829,0.10427113063633442,0.10672061145305634,0.11878431774675846,0.0910267997533083,0.10570307448506355
89,0.3861290290951729,0.24852658808231354,0.24012406170368195,0.27200260013341904,0.24026815220713615,0.22927796468138695
90,0.41404344886541367,0.21778889372944832,0.19459501281380653,0.23951208218932152,0.20787521824240685,0.2074294462800026
91,0.4978882074356079,0.2727235071361065,0.24617904052138329,0.29476790502667427,0.25836486369371414,0.2538408935070038
92,0.6528232991695404,0.4938719794154167,0.5199346020817757,0.5463343113660812,0.4989836812019348,0.48768575489521027
0,0.28174230456352234,0.2064012959599495,0.19700756669044495,0.1772419586777687,0.22498906403779984,0.22653837502002716
1,0.1985407993197441,0.1284465566277504,0.12738338112831116,0.10779137164354324,0.12877335771918297,0.1234724186360836
2,0.26122524589300156,0.20370634645223618,0.20201563835144043,0.24687162786722183,0.27749142050743103,0.22293082624673843
3,0.21449779719114304,0.1541527919471264,0.14419247955083847,0.13525917381048203,0.17123596370220184,0.1542498916387558
4,0.18824385851621628,0.14777638763189316,0.14446815848350525,0.13756446167826653,0.1460288241505623,0.14754372462630272
5,0.11645068600773811,0.0770733542740345,0.07893080078065395,0.07698317244648933,0.08942464180290699,0.07511243596673012
6,0.21184109151363373,0.11737599223852158,0.1210885513573885,0.12136533111333847,0.10714372992515564,0.1271301880478859
7,0.1692846231162548,0.09840457513928413,0.08390252105891705,0.09600698761641979,0.08305958285927773,0.09610525146126747
8,0.3682694286108017,0.16917279362678528,0.18731676042079926,0.2032393142580986,0.14101114124059677,0.1421261914074421
9,0.1453944854438305,0.052189404144883156,0.05117788724601269,0.07999608479440212,0.0595159912481904,0.05492511950433254
10,0.15698840841650963,0.05237526632845402,0.06384192034602165,0.08228935673832893,0.05845137033611536,0.06460393592715263
11,0.13950486481189728,0.06478109955787659,0.05799431353807449,0.07689612917602062,0.07397186197340488,0.07894135639071465
12,0.14534468203783035,0.07591549679636955,0.0637196246534586,0.08853223919868469,0.07635541446506977,0.08711700513958931
13,0.2517840191721916,0.13093436509370804,0.14637159183621407,0.14655493572354317,0.11673874780535698,0.12093335390090942
14,0.23594669252634048,0.12962518259882927,0.1584339663386345,0.12951362133026123,0.14309411868453026,0.13389558345079422
15,0.10775445029139519,0.037183092907071114,0.03661960829049349,0.05203084088861942,0.03390349633991718,0.03178701177239418
16,0.2902372255921364,0.14160382002592087,0.1653248928487301,0.15633948147296906,0.15666577592492104,0.1396792121231556
17,0.5127620697021484,0.3493106812238693,0.3757721930742264,0.2870512306690216,0.3665086328983307,0.34780026972293854
18,0.19264978915452957,0.11232353374361992,0.11125558614730835,0.11008315533399582,0.08868526667356491,0.11086558178067207
19,0.25727926194667816,0.1379443034529686,0.12000091001391411,0.10654449462890625,0.12803025916218758,0.11952212452888489
20,0.20335089415311813,0.11135485023260117,0.09969519078731537,0.10850651934742928,0.09955102950334549,0.09903547540307045
21,0.13306866213679314,0.1844177395105362,0.1424168460071087,0.16329261660575867,0.12223785370588303,0.14580752700567245
22,0.12841757386922836,0.09469887614250183,0.08672550693154335,0.06566588766872883,0.0800163485109806,0.07331474870443344
23,0.1381518878042698,0.07419172674417496,0.08258397504687309,0.08064142987132072,0.06677650101482868,0.07118276879191399
24,0.15617827326059341,0.06344421580433846,0.05392163805663586,0.06175759434700012,0.0663347952067852,0.061613256111741066
25,0.26442375034093857,0.11981027200818062,0.12989503890275955,0.16854676604270935,0.12255333736538887,0.11640921607613564
26,0.1856420710682869,0.08623628504574299,0.092101339250803,0.10137053020298481,0.08257050067186356,0.07769569009542465
27,0.12030285969376564,0.05593178980052471,0.050363531336188316,0.04631443880498409,0.042797643691301346,0.04049695283174515
28,0.09684979543089867,0.06487268209457397,0.06474253721535206,0.04746752977371216,0.05141459219157696,0.047835823148489
29,0.0828644335269928,0.061713291332125664,0.05506675876677036,0.057396113872528076,0.04756566137075424,0.050204161554574966
30,0.08419181033968925,0.07024592161178589,0.06577003747224808,0.06645232066512108,0.06799262389540672,0.06728935986757278
31,0.08687717095017433,0.0816309992223978,0.06311543472111225,0.05421837046742439,0.06739815324544907,0.06294601783156395
32,0.10580712556838989,0.06447931192815304,0.06808680109679699,0.0525521095842123,0.05092336982488632,0.050187597051262856
33,0.08136602491140366,0.04894762299954891,0.04818407632410526,0.04741912707686424,0.03941153548657894,0.03707165829837322
34,0.11626692116260529,0.07428468018770218,0.062196267768740654,0.09488867595791817,0.07316561043262482,0.07294796407222748
35,0.13142970949411392,0.1037687249481678,0.10075247660279274,0.09086823835968971,0.08395901322364807,0.10472448542714119
36,0.27509380877017975,0.13870390504598618,0.14171483367681503,0.11561872810125351,0.1293771155178547,0.12816835194826126
37,0.7097706496715546,0.5809869170188904,0.5683217942714691,0.6458342969417572,0.566935658454895,0.6161405444145203
38,0.8898700177669525,0.9075638949871063,0.9080992937088013,0.9147782027721405,0.8945141732692719,0.9255929887294769
39,0.9435168206691742,0.9281811416149139,0.9265787303447723,0.903071254491806,0.923869252204895,0.9381769895553589
40,0.9485185146331787,0.9525541961193085,0.9512356221675873,0.9372515678405762,0.9546812474727631,0.9586009085178375
41,0.9485185146331787,0.9470212757587433,0.9421801567077637,0.9265251457691193,0.9503627419471741,0.9515642821788788
42,0.9566721022129059,0.9636214971542358,0.968026340007782,0.9501650333404541,0.9731819927692413,0.9715132117271423
43,0.9455922245979309,0.9523523449897766,0.962735503911972,0.9353453814983368,0.9700749516487122,0.9622170925140381
44,0.9374719262123108,0.9466480910778046,0.9518752098083496,0.9258810877799988,0.9606647789478302,0.9531672894954681
45,0.9589534997940063,0.9644036889076233,0.9685906171798706,0.950856626033783,0.9723836183547974,0.9709373414516449
46,0.9458318054676056,0.976641058921814,0.9807439148426056,0.9658514559268951,0.9796254634857178,0.9786406755447388
47,0.9533227980136871,0.9483579695224762,0.9498328268527985,0.9443928599357605,0.95426145195961,0.9487450420856476
48,0.919427752494812,0.9068379998207092,0.9244634509086609,0.9036525189876556,0.9195225536823273,0.9010132551193237
49,0.9581789970397949,0.9566715955734253,0.9547425210475922,0.9347491264343262,0.9469882845878601,0.950531929731369
50,0.9068673849105835,0.8773479461669922,0.8811124265193939,0.8883121013641357,0.8641913533210754,0.853706955909729
51,0.7101894617080688,0.5937533676624298,0.5587411820888519,0.5667515099048615,0.5591273605823517,0.5486145615577698
52,0.8408059179782867,0.781598836183548,0.7391340434551239,0.7934750914573669,0.7707842588424683,0.7505683898925781
53,0.9412893354892731,0.9212815463542938,0.9066161811351776,0.9202556908130646,0.9307197034358978,0.9122177362442017
54,0.9385020434856415,0.9240706861019135,0.9176705777645111,0.9081925451755524,0.9169606864452362,0.9229962527751923
55,0.9186816215515137,0.9190546870231628,0.9041994512081146,0.9059052467346191,0.9024118483066559,0.9131775498390198
56,0.9173426032066345,0.9061876833438873,0.8866795301437378,0.8400531113147736,0.8790482878684998,0.9047471582889557
57,0.8971734642982483,0.8641540706157684,0.8641962707042694,0.7720177173614502,0.8460433185100555,0.8703410625457764
58,0.14678679034113884,0.1007072925567627,0.08494048938155174,0.09584454633295536,0.10728425905108452,0.10291890799999237
59,0.22792062163352966,0.10531993955373764,0.09920278936624527,0.11408485099673271,0.09790355712175369,0.09571367502212524
60,0.20935450494289398,0.12254209071397781,0.1059880405664444,0.11046644300222397,0.12081531807780266,0.1014816053211689
61,0.16587333381175995,0.08398951217532158,0.07676724717020988,0.06882359459996223,0.08074996434152126,0.07552069053053856
62,0.19143761321902275,0.11950244754552841,0.1253303326666355,0.1288173869252205,0.13698707148432732,0.12195763736963272
63,0.17508827149868011,0.08788865059614182,0.10046830773353577,0.102977205067873,0.10403330065310001,0.09856127947568893
64,0.2057069018483162,0.12909098714590073,0.1427483856678009,0.13602973148226738,0.1501561962068081,0.1492147594690323
65,0.19382977113127708,0.11589028686285019,0.11268919706344604,0.12196286022663116,0.12373264133930206,0.11925201117992401
66,0.2539978139102459,0.16738570109009743,0.18885403126478195,0.23340897634625435,0.1848815567791462,0.19314472377300262
67,0.3197941184043884,0.22844547778367996,0.2423550933599472,0.33176322281360626,0.23166576772928238,0.2316819354891777
68,0.16583185270428658,0.10573877766728401,0.1178686935454607,0.16101987659931183,0.09493042156100273,0.09542900696396828
69,0.24778227508068085,0.1837814897298813,0.21723734587430954,0.22707035392522812,0.17992722988128662,0.1844150349497795
70,0.7387843728065491,0.6414395868778229,0.636743575334549,0.6690318584442139,0.5916379988193512,0.6164014041423798
71,0.6855520606040955,0.5118957459926605,0.5282052457332611,0.5160113275051117,0.4702773541212082,0.5286773443222046
72,0.7264274060726166,0.6993508338928223,0.7103672027587891,0.7219346761703491,0.6105590164661407,0.7720819413661957
73,0.7510742247104645,0.44022083282470703,0.6079799234867096,0.6244451403617859,0.5264091640710831,0.6358140707015991
74,0.7159847021102905,0.5805871188640594,0.5628056228160858,0.586140364408493,0.4979034811258316,0.5635788887739182
75,0.7521056532859802,0.7964727878570557,0.7852049767971039,0.8033087849617004,0.7252807319164276,0.8225654661655426
76,0.7102047204971313,0.6496367752552032,0.7572299540042877,0.7515172064304352,0.7877355217933655,0.6608385145664215
77,0.7025126516819,0.7482531070709229,0.8234060108661652,0.8528737127780914,0.8119439482688904,0.8434388041496277
78,0.7343534231185913,0.76015505194664,0.8200624883174896,0.8581172525882721,0.7757354974746704,0.8532020151615143
79,0.6701994240283966,0.5117848515510559,0.6682982742786407,0.7282348573207855,0.686585396528244,0.5690000355243683
80,0.6525098085403442,0.582694873213768,0.7107150554656982,0.7146390080451965,0.7241465747356415,0.5995737910270691
81,0.1903805434703827,0.09042297303676605,0.0910315029323101,0.08451830223202705,0.1132403202354908,0.08747667446732521
82,0.14124653860926628,0.06916648522019386,0.06506942212581635,0.07278236374258995,0.06244263984262943,0.0634616706520319
83,0.1108546182513237,0.06283443421125412,0.05829203873872757,0.060206178575754166,0.05924749933183193,0.054841214790940285
84,0.1136469803750515,0.06648140028119087,0.06456284783780575,0.06317921169102192,0.0691910833120346,0.06193149276077747
85,0.12387872114777565,0.048146866261959076,0.05267603509128094,0.07066853903234005,0.049358099699020386,0.052836718037724495
86,0.17105665802955627,0.07148025557398796,0.08930259756743908,0.11436908133327961,0.07652167230844498,0.08495531603693962
87,0.17502358555793762,0.07174408249557018,0.07837159745395184,0.11467544920742512,0.06405479088425636,0.08016490191221237
88,0.1629132144153118,0.09151509590446949,0.1018623635172844,0.10407356172800064,0.10020293295383453,0.1070433147251606
89,0.15292250737547874,0.07881807908415794,0.09141155891120434,0.1035085991024971,0.08903983421623707,0.0874098502099514
90,0.18932746723294258,0.13576986454427242,0.1363830529153347,0.12165023386478424,0.13835137337446213,0.13913587108254433
91,0.13330955058336258,0.06610448099672794,0.0846798624843359,0.08557182177901268,0.07857231050729752,0.07642394490540028
92,0.15567801147699356,0.10775603540241718,0.10736545920372009,0.12241879105567932,0.1286398582160473,0.12274818867444992
0,,,,,,0.04342640315492948
1,,,,,0.47394167880217236,
2,,,,,0.2511577283342679,
3,,,,,0.32013168434302014,
4,,,,,0.2794136057297389,
5,,,,,0.16099885602792105,
6,,,,,0.11167291055123012,
7,,,,,0.10279059534271558,
8,,,,,0.12777195560435453,
9,,,,,0.16446633078157902,
10,,,,,0.1373360181848208,
11,,,,,0.33500227083762485,
12,,,,,0.2867514193058014,
13,,,,,,
14,,,,,,
15,,,,,,
16,,,,,,
17,,,,,,
18,,,,,,
19,,,,,,
20,,,,,,
21,,,,,,
22,,,,,,
23,,,,,,
24,,,,,,
25,,,,,,
0,,,,,,0.19918587803840637
1,,,,,0.08703820407390594,
2,,,,,0.09834592416882515,
3,,,,,0.3421361446380615,
4,,,,,0.3811829835176468,
5,,,,,0.32596275210380554,
6,,,,,0.3125915452837944,
7,,,,,0.2656932398676872,
8,,,,,0.3429269790649414,
9,,,,,0.8336526453495026,
10,,,,,0.6474519670009613,
11,,,,,0.2854909151792526,
12,,,,,0.3664042800664902,
13,,,,,,
14,,,,,,
15,,,,,,
16,,,,,,
17,,,,,,
18,,,,,,
19,,,,,,
20,,,,,,
21,,,,,,
22,,,,,,
23,,,,,,
24,,,,,,
25,,,,,,
0,,,,,,0.2826596796512604
1,,,,,0.08160791546106339,
2,,,,,0.2944646179676056,
3,,,,,0.5679279565811157,
4,,,,,0.1767011433839798,
5,,,,,0.42268455028533936,
6,,,,,0.7547071576118469,
7,,,,,0.34868988394737244,
8,,,,,0.6827883720397949,
9,,,,,0.46055641770362854,
10,,,,,0.4266589879989624,
11,,,,,0.27919480204582214,
12,,,,,,
13,,,,,,
14,,,,,,
15,,,,,,
16,,,,,,
17,,,,,,
18,,,,,,
19,,,,,,
20,,,,,,
21,,,,,,
22,,,,,,
23,,,,,,
24,,,,,,
0,,,,,,0.5920779824256897
1,,,,,0.7619709372520447,
2,,,,,0.6745283246040344,
3,,,,,0.7595548391342163,
4,,,,,0.8762030959129333,
5,,,,,0.881409227848053,
6,,,,,0.8014246940612793,
7,,,,,0.46155611276626585,
8,,,,,0.402799254655838,
9,,,,,0.17062599658966066,
10,,,,,0.2136485606431961,
11,,,,,0.2856229245662689,
12,,,,,0.17381420433521272,
13,,,,,,
14,,,,,,
15,,,,,,
16,,,,,,
17,,,,,,
18,,,,,,
19,,,,,,
20,,,,,,
21,,,,,,
22,,,,,,
23,,,,,,
24,,,,,,
25,,,,,,
0,,,,,,0.41810362935066225
1,,,,,0.1880841851234436,
2,,,,,0.4626475989818573,
3,,,,,0.5236908018589019,
4,,,,,0.2778845489025116,
5,,,,,0.17640135288238526,
6,,,,,0.37794573307037355,
7,,,,,0.49162240624427794,
8,,,,,0.19342484921216965,
9,,,,,0.05256915017962456,
10,,,,,0.027304930984973906,
11,,,,,0.03983493000268936,
12,,,,,0.035636094585061076,
13,,,,,,
14,,,,,,
15,,,,,,
16,,,,,,
17,,,,,,
18,,,,,,
19,,,,,,
20,,,,,,
21,,,,,,
22,,,,,,
23,,,,,,
24,,,,,,
25,,,,,,
0,,,,,,0.40101755658785504
1,,,,,0.11640666549404462,
2,,,,,0.09597981472810109,
3,,,,,0.38095443447430927,
4,,,,,0.4216131369272868,
5,,,,,0.36854131023089093,
6,,,,,0.38241733113924664,
7,,,,,0.13694159189860025,
8,,,,,0.5408848027388254,
9,,,,,0.49774043758710224,
10,,,,,0.27567414939403534,
11,,,,,0.28141118586063385,
12,,,,,0.4957709511121114,
13,,,,,,
14,,,,,,
15,,,,,,
16,,,,,,
17,,,,,,
18,,,,,,
19,,,,,,
20,,,,,,
21,,,,,,
22,,,,,,
23,,,,,,
24,,,,,,
25,,,,,,
0,,,,,,0.8275917371114095
1,,,,,0.2681955546140671,
2,,,,,0.245039368669192,
3,,,,,0.29160844286282855,
4,,,,,0.3944860299428304,
5,,,,,0.331435963511467,
6,,,,,0.10225634028514226,
7,,,,,0.13229418297608694,
8,,,,,0.11151911069949468,
9,,,,,0.04599941894412041,
10,,,,,0.14787397036949793,
11,,,,,0.12611597776412964,
12,,,,,0.050247239569822945,
13,,,,,,
14,,,,,,
15,,,,,,
16,,,,,,
17,,,,,,
18,,,,,,
19,,,,,,
20,,,,,,
21,,,,,,
22,,,,,,
23,,,,,,
24,,,,,,
25,,,,,,
0,,,,,,0.46877357363700867
1,,,,,0.03869718872010708,
2,,,,,0.7826278805732727,
3,,,,,0.8474820554256439,
4,,,,,0.8231490254402161,
5,,,,,0.6465164124965668,
6,,,,,0.41294461488723755,
7,,,,,0.42185649275779724,
8,,,,,0.2550838515162468,
9,,,,,0.02761772647500038,
10,,,,,0.016848414670675993,
11,,,,,0.03825584705919027,
12,,,,,0.2205784097313881,
13,,,,,,
14,,,,,,
15,,,,,,
16,,,,,,
17,,,,,,
18,,,,,,
19,,,,,,
20,,,,,,
21,,,,,,
22,,,,,,
23,,,,,,
24,,,,,,
25,,,,,,
0,,,,,,0.6082606017589569
1,,,,,0.8750542402267456,
2,,,,,0.5035562738776207,
3,,,,,0.3592248782515526,
4,,,,,0.3502897471189499,
5,,,,,0.3034462220966816,
6,,,,,0.13278042152523994,
7,,,,,0.17148666456341743,
8,,,,,0.18554427102208138,
9,,,,,0.2257719226181507,
10,,,,,0.19474275410175323,
11,,,,,0.0826972471550107,
12,,,,,0.08176306914538145,
13,,,,,,
14,,,,,,
15,,,,,,
16,,,,,,
17,,,,,,
18,,,,,,
19,,,,,,
20,,,,,,
21,,,,,,
22,,,,,,
23,,,,,,
24,,,,,,
25,,,,,,
0,,,,,,0.7692689299583435
1,,,,,0.2992880741755168,
2,,,,,0.2647903760274251,
3,,,,,0.17908904453118643,
4,,,,,0.15016591548919678,
5,,,,,0.14165459821621576,
6,,,,,0.28174827496210736,
7,,,,,0.2644087572892507,
8,,,,,0.3626356025536855,
9,,,,,0.27533569435278576,
10,,,,,0.15526989102363586,
11,,,,,0.14858178049325943,
12,,,,,0.14713743577400842,
13,,,,,,
14,,,,,,
15,,,,,,
16,,,,,,
17,,,,,,
18,,,,,,
19,,,,,,
20,,,,,,
21,,,,,,
22,,,,,,
23,,,,,,
24,,,,,,
25,,,,,,
0,,,,,,0.49979073660714285
1,,,,,0.04682996869087219,
2,,,,,0.09412579557725362,
3,,,,,0.6413451177733285,
4,,,,,0.699406351361956,
5,,,,,0.41659527165549143,
6,,,,,0.434243095772607,
7,,,,,0.09923319199255534,
8,,,,,0.20260514318943024,
9,,,,,0.37175850357328144,
10,,,,,0.4587075284549168,
11,,,,,0.5032548989568438,
12,,,,,0.5575708832059588,
13,,,,,,
14,,,,,,
15,,,,,,
16,,,,,,
17,,,,,,
18,,,,,,
19,,,,,,
20,,,,,,
21,,,,,,
22,,,,,,
23,,,,,,
24,,,,,,
25,,,,,,
0,,,,,,0.4557667076587677
1,,,,,0.05141352063843182,
2,,,,,0.054900211947304864,
3,,,,,0.06819260226828712,
4,,,,,0.07495176313178879,
5,,,,,0.04621105348425252,
6,,,,,0.05681579054466316,
7,,,,,0.10294783008950097,
8,,,,,0.10326814757926124,
9,,,,,0.14231777084725244,
10,,,,,0.12434749784214157,
11,,,,,0.09242395870387554,
12,,,,,0.11429989550794874,
13,,,,,,
14,,,,,,
15,,,,,,
16,,,,,,
17,,,,,,
18,,,,,,
19,,,,,,
20,,,,,,
21,,,,,,
22,,,,,,
23,,,,,,
24,,,,,,
25,,,,,,
0,,,,,,0.8885598580042521
1,,,,,0.15358075499534607,
2,,,,,0.03499892229835192,
3,,,,,0.011032463517040014,
4,,,,,0.05692619892458121,
5,,,,,0.06932176152865092,
6,,,,,0.015840742116173107,
7,,,,,0.016118882689625025,
8,,,,,0.09849403674403827,
9,,,,,0.06722877485056718,
10,,,,,0.3363988697528839,
11,,,,,0.48552770415941876,
12,,,,,0.4661189615726471,
13,,,,,,
14,,,,,,
15,,,,,,
16,,,,,,
17,,,,,,
18,,,,,,
19,,,,,,
20,,,,,,
21,,,,,,
22,,,,,,
23,,,,,,
24,,,,,,
25,,,,,,
0,,,,,,0.49119126200675967
1,,,,,0.42159125208854675,
2,,,,,0.24514288902282716,
3,,,,,0.15262999385595322,
4,,,,,0.038761953637003896,
5,,,,,0.027267907932400703,
6,,,,,0.195818629860878,
7,,,,,0.20336381942033768,
8,,,,,0.05648595094680786,
9,,,,,0.04861786365509033,
10,,,,,0.043302399665117265,
11,,,,,0.07810527607798576,
12,,,,,0.08001770749688149,
13,,,,,,
14,,,,,,
15,,,,,,
16,,,,,,
17,,,,,,
18,,,,,,
19,,,,,,
20,,,,,,
21,,,,,,
22,,,,,,
23,,,,,,
24,,,,,,
25,,,,,,
0,,,,,,0.08524960838258266
1,,,,,0.4885718300938606,
2,,,,,0.8302144706249237,
3,,,,,0.6248611658811569,
4,,,,,0.6480242908000946,
5,,,,,0.7056212574243546,
6,,,,,0.7608745843172073,
7,,,,,0.9207716584205627,
8,,,,,0.5597878023982048,
9,,,,,0.6146644502878189,
10,,,,,0.49283742904663086,
11,,,,,0.6072467714548111,
12,,,,,0.8124103397130966,
13,,,,,,
14,,,,,,
15,,,,,,
16,,,,,,
17,,,,,,
18,,,,,,
19,,,,,,
20,,,,,,
21,,,,,,
22,,,,,,
23,,,,,,
24,,,,,,
25,,,,,,
0,,,,,,0.731629490852356
1,,,,,0.29500677188237506,
2,,,,,0.5325557986895243,
3,,,,,0.6055114269256592,
4,,,,,0.7803922891616821,
5,,,,,0.47795406977335614,
6,,,,,0.40978939334551495,
7,,,,,0.7464149792989095,
8,,,,,0.8070673147837321,
9,,,,,0.6085325280825297,
10,,,,,0.07300891478856404,
11,,,,,0.5851143101851145,
12,,,,,0.5662628412246704,
13,,,,,,
14,,,,,,
15,,,,,,
16,,,,,,
17,,,,,,
18,,,,,,
19,,,,,,
20,,,,,,
21,,,,,,
22,,,,,,
23,,,,,,
24,,,,,,
25,,,,,,
0,,,,,,0.3761671259999275
1,,,,,0.17635519430041313,
2,,,,,0.4804602935910225,
3,,,,,0.4534754902124405,
4,,,,,0.38276025652885437,
5,,,,,0.5288036242127419,
6,,,,,0.3505304977297783,
7,,,,,0.11013134382665157,
8,,,,,0.24091679975390434,
9,,,,,0.2583919055759907,
10,,,,,0.29451145231723785,
11,,,,,0.3229404278099537,
12,,,,,0.0717824287712574,
13,,,,,,
14,,,,,,
15,,,,,,
16,,,,,,
17,,,,,,
18,,,,,,
19,,,,,,
20,,,,,,
21,,,,,,
22,,,,,,
23,,,,,,
24,,,,,,
25,,,,,,
0,,,,,,0.6396942734718323
1,,,,,0.19842800498008728,
2,,,,,0.6619632840156555,
3,,,,,0.39890438318252563,
4,,,,,0.5546929240226746,
5,,,,,0.10840871930122375,
6,,,,,0.15535876154899597,
7,,,,,0.498882532119751,
8,,,,,0.604717493057251,
9,,,,,0.7317113280296326,
10,,,,,0.7106934785842896,
11,,,,,0.5968863368034363,
12,,,,,0.6640759706497192,
13,,,,,,
14,,,,,,
15,,,,,,
16,,,,,,
17,,,,,,
18,,,,,,
19,,,,,,
20,,,,,,
21,,,,,,
22,,,,,,
23,,,,,,
24,,,,,,
25,,,,,,
0,,,,,,0.3275633470879661
1,,,,,0.5758543246322207,
2,,,,,0.5206581784619225,
3,,,,,0.48270103335380554,
4,,,,,0.32110751006338334,
5,,,,,0.4878438048892551,
6,,,,,0.38542184564802384,
7,,,,,0.5632151961326599,
8,,,,,0.23265033298068577,
9,,,,,0.49874788853857255,
10,,,,,0.27849071555667454,
11,,,,,0.12958825959099662,
12,,,,,0.15383723047044542,
13,,,,,,
14,,,,,,
15,,,,,,
16,,,,,,
17,,,,,,
18,,,,,,
19,,,,,,
20,,,,,,
21,,,,,,
22,,,,,,
23,,,,,,
24,,,,,,
25,,,,,,
0,,,,,,0.22122670710086823
1,,,,,0.2225766529639562,
2,,,,,0.38505297402540845,
3,,,,,0.7968403796354929,
4,,,,,0.8694509963194529,
5,,,,,0.7719626426696777,
6,,,,,0.856362909078598,
7,,,,,0.7857972284158071,
8,,,,,0.6814130445321401,
9,,,,,0.31378595034281415,
10,,,,,0.5725997189680735,
11,,,,,0.6778802076975504,
12,,,,,0.5042570680379868,
13,,,,,,
14,,,,,,
15,,,,,,
16,,,,,,
17,,,,,,
18,,,,,,
19,,,,,,
20,,,,,,
21,,,,,,
22,,,,,,
23,,,,,,
24,,,,,,
25,,,,,,
0,,,,,,0.4006302058696747
1,,,,,0.49315111339092255,
2,,,,,0.48233264684677124,
3,,,,,0.5699427723884583,
4,,,,,0.5671083331108093,
5,,,,,0.3326399326324463,
6,,,,,0.17990413308143616,
7,,,,,0.28528672456741333,
8,,,,,0.15730107575654984,
9,,,,,0.26651354879140854,
10,,,,,0.44152282178401947,
11,,,,,0.5581113696098328,
12,,,,,0.40388964116573334,
13,,,,,,
14,,,,,,
15,,,,,,
16,,,,,,
17,,,,,,
18,,,,,,
19,,,,,,
20,,,,,,
21,,,,,,
22,,,,,,
23,,,,,,
24,,,,,,
25,,,,,,
0,,,,,,0.2664351165294647
1,,,,,0.7617455124855042,
2,,,,,0.7771035432815552,
3,,,,,0.7842078804969788,
4,,,,,0.8647007346153259,
5,,,,,0.902661144733429,
6,,,,,0.8128393888473511,
7,,,,,0.8967773914337158,
8,,,,,0.7650618553161621,
9,,,,,0.5020790100097656,
10,,,,,0.6378569006919861,
11,,,,,0.2882768213748932,
12,,,,,0.10135529190301895,
13,,,,,,
14,,,,,,
15,,,,,,
16,,,,,,
17,,,,,,
18,,,,,,
19,,,,,,
20,,,,,,
21,,,,,,
22,,,,,,
23,,,,,,
24,,,,,,
25,,,,,,
0,,,,,,0.17064616084098816
1,,,,,0.6314703524112701,
2,,,,,0.38307254016399384,
3,,,,,0.37366610765457153,
4,,,,,0.22734177857637405,
5,,,,,0.0680093877017498,
6,,,,,0.030226423405110836,
7,,,,,0.06650280486792326,
8,,,,,0.011190056568011642,
9,,,,,0.01038454263471067,
10,,,,,0.013455178355798125,
11,,,,,0.022901698481291533,
12,,,,,0.013300290796905756,
13,,,,,,
14,,,,,,
15,,,,,,
16,,,,,,
17,,,,,,
18,,,,,,
19,,,,,,
20,,,,,,
21,,,,,,
22,,,,,,
23,,,,,,
24,,,,,,
0,,,,,,0.1272195162517684
1,,,,,0.022642037498631647,
2,,,,,0.039188370906880925,
3,,,,,0.017837760637381246,
4,,,,,0.029924857629729167,
5,,,,,0.023805174843541214,
6,,,,,0.03824060995663915,
7,,,,,0.03208013304642269,
8,,,,,0.05998688803187439,
9,,,,,0.2790437915495464,
10,,,,,0.7353648458208356,
11,,,,,0.5961283700806754,
12,,,,,0.7586475440434047,
13,,,,,,
14,,,,,,
15,,,,,,
16,,,,,,
17,,,,,,
18,,,,,,
19,,,,,,
20,,,,,,
21,,,,,,
22,,,,,,
23,,,,,,
24,,,,,,
25,,,,,,
0,,,,,,0.2926231659948826
1,,,,,0.06439494621008635,
2,,,,,0.06453168950974941,
3,,,,,0.07663652766495943,
4,,,,,0.18125715292990208,
5,,,,,0.13021656312048435,
6,,,,,0.147304505109787,
7,,,,,0.14122596755623817,
8,,,,,0.05973481573164463,
9,,,,,0.0544475419446826,
10,,,,,0.1289567705243826,
11,,,,,0.20662590488791466,
12,,,,,0.2012108825147152,
13,,,,,,
14,,,,,,
15,,,,,,
16,,,,,,
17,,,,,,
18,,,,,,
19,,,,,,
20,,,,,,
21,,,,,,
22,,,,,,
23,,,,,,
24,,,,,,
25,,,,,,
0,,,,,,0.9780144592126211
1,,,,,0.06841343734413385,
2,,,,,0.07129940142234166,
3,,,,,0.14161338160435358,
4,,,,,0.04475287161767483,
5,,,,,0.06501730158925056,
6,,,,,0.03715049630651871,
7,,,,,0.02936476841568947,
8,,,,,0.3525455668568611,
9,,,,,0.6968968411286672,
10,,,,,0.8045759797096252,
11,,,,,0.7830092012882233,
12,,,,,,
13,,,,,,
14,,,,,,
15,,,,,,
16,,,,,,
17,,,,,,
18,,,,,,
19,,,,,,
20,,,,,,
21,,,,,,
22,,,,,,
23,,,,,,
24,,,,,,
0,,,,,,0.6645465450627464
1,,,,,0.36304483669144766,
2,,,,,0.5677748875958579,
3,,,,,0.6084760427474976,
4,,,,,0.424990034529141,
5,,,,,0.4775061990533556,
6,,,,,0.3738395316260202,
7,,,,,0.442887863942555,
8,,,,,0.40693130237715586,
9,,,,,0.4705411834376199,
10,,,,,0.6188304850033352,
11,,,,,0.5782376187188285,
12,,,,,0.43242020692144123,
13,,,,,,
14,,,,,,
15,,,,,,
16,,,,,,
17,,,,,,
18,,,,,,
19,,,,,,
20,,,,,,
21,,,,,,
22,,,,,,
23,,,,,,
24,,,,,,
25,,,,,,
0,,,,,,0.7999328374862671
1,,,,,0.4826881177723408,
2,,,,,0.5754068084061146,
3,,,,,0.7487335130572319,
4,,,,,0.6282179281115532,
5,,,,,0.5413103364408016,
6,,,,,0.7725103944540024,
7,,,,,0.6599635183811188,
8,,,,,0.14576478581875563,
9,,,,,0.3070717565715313,
10,,,,,0.38242756202816963,
11,,,,,0.2064370345324278,
12,,,,,0.17050233390182257,
13,,,,,,
14,,,,,,
15,,,,,,
16,,,,,,
17,,,,,,
18,,,,,,
19,,,,,,
20,,,,,,
21,,,,,,
22,,,,,,
23,,,,,,
24,,,,,,
25,,,,,,
0,,,,,,0.9568805495897929
1,,,,,0.06959254791339238,
2,,,,,0.13119117667277655,
3,,,,,0.3631053368250529,
4,,,,,0.3611210882663727,
5,,,,,0.3176084558169047,
6,,,,,0.32224499185880023,
7,,,,,0.10501420001188914,
8,,,,,0.3975957930088043,
9,,,,,0.4377543330192566,
10,,,,,0.44774529337882996,
11,,,,,0.48693394660949707,
12,,,,,0.49383238951365155,
13,,,,,,
14,,,,,,
15,,,,,,
16,,,,,,
17,,,,,,
18,,,,,,
19,,,,,,
20,,,,,,
21,,,,,,
22,,,,,,
23,,,,,,
24,,,,,,
25,,,,,,
0,,,,,,0.14907511820395788
1,,,,,0.32929528256257373,
2,,,,,0.3275928199291229,
3,,,,,0.7467361589272817,
4,,,,,0.7736098070939382,
5,,,,,0.5711550762255987,
6,,,,,0.5765158087015152,
7,,,,,0.549831877152125,
8,,,,,0.6975957155227661,
9,,,,,0.5476951996485392,
10,,,,,0.341231107711792,
11,,,,,0.7272035380204519,
12,,,,,0.7007117172082266,
13,,,,,,
14,,,,,,
15,,,,,,
16,,,,,,
17,,,,,,
18,,,,,,
19,,,,,,
20,,,,,,
21,,,,,,
22,,,,,,
23,,,,,,
24,,,,,,
25,,,,,,
0,,,,,,0.16345751285552979
1,,,,,0.07720805704593658,
2,,,,,0.07258965075016022,
3,,,,,0.08362200980385144,
4,,,,,0.045942639311154686,
5,,,,,0.08862733095884323,
6,,,,,0.07832156866788864,
7,,,,,0.07769862065712611,
8,,,,,0.11182488252719243,
9,,,,,0.1325795849164327,
10,,,,,0.10429899642864864,
11,,,,,0.07555656135082245,
12,,,,,0.10484437271952629,
13,,,,,,
14,,,,,,
15,,,,,,
16,,,,,,
17,,,,,,
18,,,,,,
19,,,,,,
20,,,,,,
21,,,,,,
22,,,,,,
23,,,,,,
24,,,,,,
25,,,,,,
0,,,,,,0.2750953286886215
1,,,,,0.1891491860151291,
2,,,,,0.22182977944612503,
3,,,,,0.04859582521021366,
4,,,,,0.09391012042760849,
5,,,,,0.7412571012973785,
6,,,,,0.8485952615737915,
7,,,,,0.7815062999725342,
8,,,,,0.6832565367221832,
9,,,,,0.2571238800883293,
10,,,,,0.2610015943646431,
11,,,,,0.07734460011124611,
12,,,,,0.05086660385131836,
13,,,,,,
14,,,,,,
15,,,,,,
16,,,,,,
17,,,,,,
18,,,,,,
19,,,,,,
20,,,,,,
21,,,,,,
22,,,,,,
23,,,,,,
24,,,,,,
25,,,,,,
0,,,,,,0.868031362692515
1,,,,,0.4001408616701762,
2,,,,,0.2744675527016322,
3,,,,,0.10998718440532684,
4,,,,,0.08985083798567454,
5,,,,,0.07973828663428624,
6,,,,,0.12643012404441833,
7,,,,,0.10768387094140053,
8,,,,,0.210911825299263,
9,,,,,0.12888664255539575,
10,,,,,0.04925404737393061,
11,,,,,0.04732863356669744,
12,,,,,0.031198985253771145,
13,,,,,,
14,,,,,,
15,,,,,,
16,,,,,,
17,,,,,,
18,,,,,,
19,,,,,,
20,,,,,,
21,,,,,,
22,,,,,,
23,,,,,,
24,,,,,,
25,,,,,,
0,0.1401144489645958,0.045533725060522556,0.0570749631151557,0.055843286216259,0.061703996732831,0.05561376363039017
1,0.09592119976878166,0.03554791631177068,0.045713881962001324,0.03946109302341938,0.0495462566614151,0.04275136534124613
2,0.1552300937473774,0.051087151281535625,0.05712694115936756,0.053113275207579136,0.058764249086380005,0.05576177965849638
3,0.2908528223633766,0.11153584532439709,0.11375399492681026,0.11741777881979942,0.11837901920080185,0.1212072353810072
4,0.2912314869463444,0.10443437658250332,0.11031561531126499,0.10975123569369316,0.11776569858193398,0.1210179403424263
0,0.41366006061434746,0.3391313999891281,0.29548975825309753,0.22932617738842964,0.2885514311492443,0.32829323038458824
1,0.3640245944261551,0.317901648581028,0.2894389405846596,0.35362058132886887,0.3146841824054718,0.34921444207429886
2,0.9109587222337723,0.9316651821136475,0.9163747131824493,0.9058208167552948,0.920308068394661,0.9339317977428436
3,0.9238647818565369,0.8861388713121414,0.8948631286621094,0.8681336492300034,0.859527513384819,0.8896063566207886
4,0.9411498606204987,0.9109893292188644,0.9188089221715927,0.8979430347681046,0.8917358666658401,0.9219228625297546
0,0.39923638850450516,0.2279989942908287,0.24094542115926743,0.2503475770354271,0.22882893308997154,0.2331913411617279
1,0.3335338979959488,0.18351498246192932,0.1988525576889515,0.19991610199213028,0.17898190766572952,0.17555992491543293
2,0.6507957726716995,0.5537464618682861,0.5128052830696106,0.6228680461645126,0.5207798629999161,0.5466744378209114
3,0.668597474694252,0.5965078920125961,0.5717171877622604,0.5790185704827309,0.5579137653112411,0.5930123031139374
4,0.40917953848838806,0.3205750212073326,0.31435099244117737,0.29050466418266296,0.3526073023676872,0.3427276685833931
0,0.09607205353677273,0.043631068896502256,0.04058914165943861,0.04535374930128455,0.03650270402431488,0.03810881869867444
1,0.07001430355012417,0.036386150401085615,0.032414030749350786,0.03461164282634854,0.032325842417776585,0.029538467060774565
2,0.0809104610234499,0.04132144618779421,0.03560785809531808,0.03491181507706642,0.0404392471536994,0.03611991833895445
3,0.08752137143164873,0.06569357588887215,0.04702733317390084,0.05215565348044038,0.05671044439077377,0.05478113982826471
4,0.07532883901149035,0.05260076932609081,0.04611516697332263,0.04060589801520109,0.04575195722281933,0.04896443709731102
0,,,0.3978249654173851,,,
1,,,0.495280459523201,,,
2,,,0.3245091401040554,,,
3,,,0.3931427299976349,,,
4,,,0.35421478748321533,,,
0,,,0.6300987154245377,,,
1,,,0.8197182565927505,,,
2,,,0.8427115827798843,,,
3,,,0.9344760328531265,,,
4,,,0.9824165403842926,,,
0,0.18191736489534377,0.12737040892243384,0.13551407307386398,0.13317249715328217,0.1051506906747818,0.10045842006802559
1,0.33858735859394073,0.19207324385643004,0.18155447840690614,0.19605137407779694,0.1580556184053421,0.17564436197280883
2,0.25549604594707487,0.12367953658103943,0.13183330446481706,0.1503361389040947,0.13080846294760703,0.121624206751585
3,0.33364198803901673,0.2317299336194992,0.24413357079029083,0.24396154582500457,0.22882769703865052,0.20874446928501128
4,0.3547042667865753,0.23913439214229584,0.236029314994812,0.25069172084331515,0.23031301200389862,0.23918041884899138
0,,,0.36382487416267395,,,
1,,,0.49420360326766966,,,
2,,,0.4878536105155945,,,
3,,,0.24805187284946442,,,
4,,,0.5077809035778046,,,
0,,,0.6779991388320923,,,
1,,,0.5202253878116607,,,
2,,,0.5001975715160369,,,
3,,,0.49295729398727417,,,
4,,,0.898658013343811,,,
0,0.07880191132426262,0.06313816457986832,0.06414692103862762,0.0820486955344677,0.054957400634884836,0.06390139311552048
1,0.11838916838169097,0.10394021272659301,0.10310079753398896,0.11664260178804398,0.10315220803022385,0.08881577253341674
2,0.1192555770277977,0.07930348068475723,0.08360780924558639,0.08704307600855828,0.07600185498595238,0.07273049280047417
3,0.21940649151802064,0.21418226659297943,0.19878287315368653,0.21020087897777556,0.22247699201107024,0.19597345888614653
4,0.3121031731367111,0.15131055414676667,0.14755839258432388,0.16667691022157669,0.11113336160779,0.14301044791936873
0,0.5787722706794739,0.46229865550994875,0.48954039216041567,0.2796658754348755,0.4641683459281921,0.4698639988899231
1,0.8853937029838562,0.9024542570114136,0.8908377408981323,0.8398761868476867,0.9065096378326416,0.8987105488777161
2,0.8764251947402955,0.8850496530532836,0.8801878333091736,0.8125092267990113,0.8904377102851868,0.8883161306381225
3,0.6710288047790527,0.5864076852798462,0.5932997941970826,0.43878098130226134,0.6028522253036499,0.5766007304191589
4,0.5376560807228088,0.3835608959197998,0.3510580360889435,0.36932143568992615,0.4389511585235596,0.4101159334182739
0,0.6939093351364136,0.5975638151168823,0.606857442855835,0.6662821173667908,0.5903507232666015,0.6375215649604797
1,0.6262719869613648,0.5094865798950196,0.46974014639854433,0.5336041510105133,0.37285555601119996,0.4975809514522552
2,0.7413054823875427,0.6445417284965516,0.6355456233024597,0.6534727573394775,0.6164724707603455,0.6479856014251709
3,0.8930937767028808,0.7921614050865173,0.7784355163574219,0.7944826602935791,0.7250583410263062,0.7911562919616699
4,0.8894585609436035,0.7995252013206482,0.8025799989700317,0.8030292868614197,0.7825042366981506,0.8050853848457337
0,0.13492527728279433,0.0853987808028857,0.09553444509704907,0.093739898254474,0.07807224430143833,0.08430100480715434
1,0.11021765818198521,0.05261576548218727,0.05958575879534086,0.06516516394913197,0.05282442861547073,0.05564945563673973
2,0.0670401801665624,0.027249706909060478,0.03543022616455952,0.03380177759875854,0.02442167854557435,0.02963932231068611
3,0.2071731984615326,0.10642057408889134,0.11453246076901753,0.12350710108876228,0.09280605676273505,0.11235803179442883
4,0.27501419683297473,0.10172399257620175,0.12416851334273815,0.13206509438653788,0.1089153482268254,0.13107413860658804
0,,,0.6469982862472534,,,
1,,,0.758641928434372,,,
2,,,0.9506465891997019,,,
3,,,0.9354154765605927,,,
4,,,0.9038706521193186,,,
0,,,0.617075502872467,,,
1,,,0.33161665747563046,,,
2,,,0.36314888795216876,,,
3,,,0.2999989489714305,,,
4,,,0.22072491298119226,,,
0,0.17852972447872162,0.07598887383937836,0.06656093895435333,0.1649884134531021,0.09879665821790695,0.0602712482213974
1,0.09227972477674484,0.041572414338588715,0.030400894582271576,0.055852968245744705,0.04202260822057724,0.022980961948633194
2,0.04857417196035385,0.015969976782798767,0.02091999165713787,0.01627434603869915,0.008724311366677284,0.019122332334518433
3,0.22375339269638062,0.0959705337882042,0.10218021273612976,0.11414273828268051,0.10970240086317062,0.10173387080430984
4,0.07542990893125534,0.037774860858917236,0.04832499474287033,0.03334084525704384,0.029185760766267776,0.05333278700709343
0,,,0.9581194519996643,,,
1,,,0.8384654521942139,,,
2,,,0.5055253505706787,,,
3,,,0.3701736032962799,,,
4,,,0.353338360786438,,,
0,,,0.3116379380226135,,,
1,,,0.4437415897846222,,,
2,,,0.3069344758987427,,,
3,,,0.22953127324581146,,,
4,,,0.25037530064582825,,,
0,0.045055789252122246,0.01848217472434044,0.019362039243181545,0.01946271521349748,0.01911366420487563,0.018521796601514023
1,0.07780422270298004,0.045165094857414566,0.03586867327491442,0.028347010413805645,0.03785583935678005,0.03441403557856878
2,0.10126522928476334,0.07633134846885999,0.05351422354578972,0.05605659633874893,0.05044383307298025,0.043685312693317734
3,0.07855233053366344,0.043244507163763046,0.03659072952965895,0.0325886495411396,0.03130112277964751,0.030303423292934895
4,0.2532532066106796,0.13683656603097916,0.12239879742264748,0.13025677079955736,0.12406463921070099,0.12636159857114157
0,0.8420552213986715,0.8520492911338806,0.8568016886711121,0.7595211863517761,0.8677305976549784,0.8650652964909872
1,0.7537373900413513,0.5708074371019999,0.5727827548980713,0.5125929216543833,0.566981166601181,0.5803768237431844
2,0.7803141474723816,0.6634759306907654,0.6486017306645712,0.5514265894889832,0.694602370262146,0.6483161250750223
3,0.8055410981178284,0.7938565413157145,0.736015260219574,0.7307173808415731,0.7383769154548645,0.7432572841644287
4,0.7236537535985311,0.6473029851913452,0.6807748874028524,0.6524273355801901,0.6039922336737314,0.6835418740908304
0,0.6698107520739237,0.47658711671829224,0.4588487346967061,0.5054871241251627,0.3869333465894063,0.5016873677571615
1,0.5767313738663992,0.44395167628924054,0.472721129655838,0.4120189845561981,0.49065691232681274,0.46000126004219055
2,0.5109981497128805,0.32600316902001697,0.33861370881398517,0.31079334020614624,0.36295585831006366,0.3144860466321309
3,0.6896122694015503,0.5273537933826447,0.43349489569664,0.46903644998868305,0.45782582958539325,0.4696349799633026
4,0.8664860526720682,0.8648823897043864,0.8686848084131876,0.8376938501993815,0.8330835700035095,0.8815961877504984
0,0.05268010124564171,0.014872553991153836,0.01783497561700642,0.01643376424908638,0.022117273416370153,0.01469895988702774
1,0.04424760304391384,0.014772375114262104,0.017255340237170458,0.015649914275854826,0.01610088674351573,0.014801199082285166
2,0.04913531243801117,0.01615088852122426,0.022865421837195754,0.023848274955525994,0.017399033531546593,0.01936426293104887
3,0.05687873810529709,0.019946486689150333,0.026334100868552923,0.027833500411361456,0.023713091854006052,0.02345199417322874
4,0.061131736263632774,0.027846600161865354,0.03215636359527707,0.03659410774707794,0.030314805451780558,0.031225578859448433
0,0.8096400201320648,0.7005710750818253,0.6905746459960938,0.7179066836833954,0.6916097849607468,0.694232165813446
1,0.8894120752811432,0.9307617396116257,0.927467554807663,0.8818843066692352,0.9283289015293121,0.9373611211776733
2,0.8429717570543289,0.8842064291238785,0.8811886310577393,0.8322866708040237,0.8876412659883499,0.89826799929142
3,0.9193442016839981,0.908316895365715,0.8959588706493378,0.8733105808496475,0.8977496922016144,0.899799183011055
4,0.9259907752275467,0.9270839989185333,0.9101701378822327,0.9152524471282959,0.913525402545929,0.9229467064142227
0,0.38288599997758865,0.17652084305882454,0.1811358481645584,0.15600353851914406,0.17821884527802467,0.17508506402373314
1,0.30403711646795273,0.14877259731292725,0.14895964041352272,0.1853010430932045,0.16388767212629318,0.1514536514878273
2,0.8013447523117065,0.6335707604885101,0.6489644646644592,0.6931236833333969,0.6245029866695404,0.6523076444864273
3,0.7714463919401169,0.6166237443685532,0.6074832379817963,0.6674835979938507,0.5767880827188492,0.595820888876915
4,0.47126009315252304,0.2707694098353386,0.2952921837568283,0.3511621728539467,0.26485752686858177,0.2664848491549492
0,0.06991011276841164,0.048493186570703985,0.05098902657628059,0.03551969304680824,0.05267554670572281,0.05844774190336466
1,0.11256144493818283,0.057695331424474715,0.05374359637498856,0.053716712072491644,0.06287573948502541,0.05751774087548256
2,0.0922858327627182,0.04348673559725284,0.03854465782642365,0.04027576055377722,0.05137193277478218,0.04048777855932713
3,0.1147787556052208,0.051453375816345216,0.05452506169676781,0.053674538433551786,0.06332428939640522,0.05743097402155399
4,0.10971563532948495,0.04259567372500896,0.04686017222702503,0.04279055669903755,0.06268350183963775,0.04896745011210442
0,,,0.1733791708946228,,,
1,,,0.6877559065818787,,,
2,,,0.734391736984253,,,
3,,,0.7131327033042908,,,
4,,,0.3579599618911743,,,
0,,,0.8553545236587524,,,
1,,,0.8687075853347779,,,
2,,,0.6766863942146302,,,
3,,,0.7149711012840271,,,
4,,,0.6724746108055115,,,
0,0.6167647143205007,0.5481364031632742,0.5059976379076639,0.5936252276102701,0.5662820438543955,0.5671758453051249
1,0.7226835886637369,0.6040244102478027,0.6073687871297201,0.6518845756848654,0.6403247117996216,0.6533638636271158
2,0.49456168214480084,0.3695136606693268,0.40641026695569354,0.4004647781451543,0.42989882826805115,0.4345475236574809
3,0.20935826996962228,0.089190228531758,0.12623648593823114,0.11921948442856471,0.10021165013313293,0.08938709646463394
4,0.4934658507506053,0.3381357789039612,0.3935120801130931,0.4021275043487549,0.39477933446566266,0.407314012447993
0,0.8157196839650472,0.6846343477567037,0.6919508775075277,0.599060595035553,0.6620767911275228,0.6711743474006653
1,0.6716527541478475,0.5716505448023478,0.5838057200113932,0.6417497595151266,0.6219229896863302,0.5722477436065674
2,0.7478614449501038,0.7478782335917155,0.7194900910059611,0.6084949175516764,0.7435399889945984,0.7547061443328857
3,0.8766425848007202,0.8712378740310669,0.8538565834363302,0.7702398697535197,0.8602940837542216,0.8656989932060242
4,0.6553454796473185,0.4608802596728007,0.4688355127970378,0.37817294398943585,0.4563957353432973,0.43302255868911743
0,0.5231930414835612,0.44822274645169574,0.3761169711748759,0.4095582564671834,0.560464491446813,0.44856587052345276
1,0.8883899847666422,0.8523857196172079,0.855354885260264,0.7337354818979899,0.8627760211626688,0.8399196863174438
2,0.7624529401461283,0.7256562113761902,0.7029038866360983,0.5805729230244955,0.7324849963188171,0.7353840470314026
3,0.6028405626614889,0.4189715087413788,0.3934233884016673,0.3353276054064433,0.3805401623249054,0.44692713022232056
4,0.2067526082197825,0.12964355945587158,0.13314998398224512,0.10462551315625508,0.21184594929218292,0.13558560609817505
0,0.30253334902226925,0.2121469099074602,0.22437128890305758,0.15560034289956093,0.2010402074083686,0.2458180021494627
1,0.23161414777860045,0.23409989615902305,0.21685966150835156,0.21786543726921082,0.24557167990133166,0.23533114418387413
2,0.29867038130760193,0.25539055839180946,0.23607502225786448,0.2500065304338932,0.24745341297239065,0.2533826110884547
3,0.34711434692144394,0.20781324058771133,0.22070975601673126,0.18686891347169876,0.22251126635819674,0.2095445804297924
4,0.5487876087427139,0.3985382355749607,0.40874403342604637,0.350407088175416,0.4116223566234112,0.39870182052254677
0,0.503300454467535,0.6728533208370209,0.6850478202104568,0.5674278438091278,0.6927865669131279,0.6853989735245705
1,0.7791946306824684,0.7706460282206535,0.7666260674595833,0.6191330775618553,0.7685555443167686,0.7761093974113464
2,0.789921373128891,0.7681611180305481,0.7592524960637093,0.620803214609623,0.7746365368366241,0.7754741311073303
3,0.8202110379934311,0.7337616533041,0.7503359839320183,0.7077197656035423,0.7465952485799789,0.7520158886909485
4,0.7497326284646988,0.6040518581867218,0.6200971528887749,0.5428326837718487,0.6117741242051125,0.6077734306454659
0,0.8344711512327194,0.7308506891131401,0.7424269616603851,0.7457553297281265,0.7422259449958801,0.7543652057647705
1,0.8377037793397903,0.7008604928851128,0.7287320345640182,0.6758207380771637,0.7371989712119102,0.7319375351071358
2,0.8405546396970749,0.7259573712944984,0.739958144724369,0.6777840703725815,0.7332025095820427,0.7376940995454788
3,0.8509630337357521,0.737599603831768,0.7538949176669121,0.6978015452623367,0.7527438849210739,0.7690296024084091
4,0.7591588720679283,0.5867975726723671,0.6070364341139793,0.46399111300706863,0.6274635344743729,0.617773748934269
0,0.726642906665802,0.5581759313742319,0.5454034407933553,0.4961928278207779,0.5259550015131632,0.5395091523726782
1,0.41116979718208313,0.21446928878625235,0.17745615045229593,0.24104106922944388,0.19736571361621222,0.20147246619065604
2,0.35528500378131866,0.16599605853358904,0.16458427409331003,0.17778780683875084,0.16242718448241553,0.14376684526602426
3,0.21888757000366846,0.17328823233644167,0.1535566933453083,0.15381456911563873,0.17154989515741667,0.14712340757250786
4,0.3771715487043063,0.21452351411183676,0.22040045261383057,0.2340600366393725,0.21500447889169058,0.22059154758850733
0,0.6772551536560059,0.6683755069971085,0.5923358301321665,0.6879659493764242,0.6826313038667043,0.6667381723721822
1,0.8299043575922648,0.8893479903539022,0.8856435120105743,0.8224522968133291,0.9056912561257681,0.9058258434136709
2,0.7845637003580729,0.7108172476291656,0.7128421465555826,0.6935201585292816,0.6759420931339264,0.722659687201182
3,0.8855958382288615,0.9535065988699595,0.9529723823070526,0.9264922936757406,0.9574341277281443,0.9513196249802908
4,0.8746615946292877,0.9427074591318766,0.9360247552394867,0.9084324936072031,0.9520988861719767,0.9380302727222443
0,0.529231051603953,0.5022220214207967,0.4581232542792956,0.38848095138867694,0.4860113859176636,0.5207718561093012
1,0.3555551767349243,0.19263244171937308,0.19540205349524817,0.14747353767355284,0.21661018828550974,0.2065297265847524
2,0.25277380148569745,0.2051526109377543,0.1988786185781161,0.19292723511656126,0.12031438325842221,0.2105645388364792
3,0.257025770843029,0.2663561850786209,0.27567363282044727,0.21478628367185593,0.1995894511540731,0.27783820281426114
4,0.30992913494507474,0.19132253403464952,0.21993381157517433,0.15894990414381027,0.2195902094244957,0.20222100615501404
0,0.1406711315115293,0.08539740989605586,0.10474955538908641,0.09866777310768764,0.09314191589752834,0.09202987949053447
1,0.1162925735116005,0.08050570636987686,0.09981160486737888,0.07987917338808377,0.0876746599872907,0.08430195848147075
2,0.1255347952246666,0.07758216311534245,0.09205028787255287,0.07383531828721364,0.09051198263963063,0.07279568413893382
3,0.1146991675098737,0.08890042702356975,0.10494900246461232,0.08451757580041885,0.09205405165751775,0.08079973111550014
4,0.1036738579471906,0.07391023884216945,0.08766071622570355,0.07376352200905482,0.08291993290185928,0.06864255666732788
0,0.6093701918919882,0.49069613218307495,0.4585272967815399,0.3914054036140442,0.5125018258889517,0.4671517014503479
1,0.7110218405723572,0.6483348806699117,0.6462699373563131,0.6005547642707825,0.5967180530230204,0.6208185354868571
2,0.8346989154815674,0.7668538292249044,0.7653253674507141,0.6706933577855428,0.7778382698694865,0.7745055556297302
3,0.8526947697003683,0.8148285945256551,0.8170430262883505,0.7256082892417908,0.8256992101669312,0.8196792205174764
4,0.7718342145284017,0.6419330636660258,0.6278772354125977,0.669379452864329,0.6373746593793234,0.657680610815684
0,0.6906788547833761,0.5212112665176392,0.5306577285130819,0.5427646040916443,0.5443896949291229,0.5408692459265391
1,0.8618362347284952,0.8237437009811401,0.7771229346593221,0.8104370832443237,0.802652637163798,0.8176573316256205
2,0.8845363855361938,0.8107913136482239,0.7803407510121664,0.8032018542289734,0.7617578506469727,0.8080467780431112
3,0.9173551797866821,0.8993064761161804,0.8917693495750427,0.8807162642478943,0.8804086844126383,0.9086746772130331
4,0.8649264574050903,0.8551781376202902,0.8294474085172018,0.8538201451301575,0.8119961420694987,0.8617623448371887
0,0.06094740703701973,0.030774220824241638,0.03449017577804625,0.04412089101970196,0.0317349205724895,0.03597967326641083
1,0.060870632994920015,0.024462714791297913,0.02794543537311256,0.035831314511597157,0.024729850003495812,0.03536350326612592
2,0.049880906008183956,0.024488558992743492,0.030633673071861267,0.032118437346071005,0.028064577607437968,0.029171353671699762
3,0.06599796935915947,0.05565198231488466,0.056808557361364365,0.05481533519923687,0.0553589528426528,0.06540010776370764
4,0.06064332462847233,0.03284354554489255,0.0340476434212178,0.032806020230054855,0.029300097841769457,0.03197931917384267
0,0.6712364852428436,0.6090632975101471,0.5709278732538223,0.4152709022164345,0.5909349471330643,0.58220524340868
1,0.7318382859230042,0.5538606867194176,0.4729435220360756,0.6288532763719559,0.489694781601429,0.5187262073159218
2,0.8757790178060532,0.7453476935625076,0.7075521796941757,0.7379087805747986,0.7215712517499924,0.7575404644012451
3,0.8987354338169098,0.8511619418859482,0.8398692905902863,0.7690002769231796,0.7953603267669678,0.8679209798574448
4,0.9167764186859131,0.9083104282617569,0.8979850858449936,0.82474085688591,0.9090680778026581,0.9127353727817535
0,0.7712918221950531,0.7056950628757477,0.6645991653203964,0.6921607404947281,0.6341016888618469,0.7220349609851837
1,0.6651151925325394,0.587007075548172,0.5338533446192741,0.6009502857923508,0.5171810612082481,0.5684720501303673
2,0.6875306367874146,0.5757597610354424,0.5220834091305733,0.5858699381351471,0.46092313528060913,0.5594630986452103
3,0.7759068012237549,0.6366289108991623,0.6008889377117157,0.6589077562093735,0.5649373605847359,0.6223685294389725
4,0.6123210042715073,0.4334466904401779,0.4302956983447075,0.4758596271276474,0.3637515939772129,0.4562702625989914
0,0.8335192799568176,0.909693717956543,0.8905264735221863,0.9143027663230896,0.8938242793083191,0.9075649380683899
1,0.49171069264411926,0.3086176812648773,0.3272901475429535,0.354769229888916,0.4293428659439087,0.36279284954071045
2,0.13231995701789856,0.07919511198997498,0.09546207636594772,0.06179305538535118,0.11164455860853195,0.052717532962560654
3,0.2014642357826233,0.08078423142433167,0.09312974661588669,0.08296865969896317,0.09068217873573303,0.05996965989470482
4,0.15522561967372894,0.07534490525722504,0.10162298381328583,0.0962352603673935,0.13682207465171814,0.04882847145199776
0,,,0.3157813251018524,,,
1,,,0.3708183467388153,,,
2,,,0.1916600614786148,,,
3,,,0.3359309434890747,,,
4,,,0.8657216429710388,,,
0,,,0.7841514945030212,,,
1,,,0.7808011174201965,,,
2,,,0.4703717529773712,,,
3,,,0.64258873462677,,,
4,,,0.8736915588378906,,,
0,0.13702676817774773,0.055011066142469645,0.05441500060260296,0.06269939290359616,0.04860257916152477,0.048361909575760365
1,0.14696884527802467,0.06674244906753302,0.07752555049955845,0.08806244749575853,0.0676029222086072,0.060642631724476814
2,0.15419523790478706,0.07433897349983454,0.06377278920263052,0.06405684910714626,0.06192286778241396,0.06934697926044464
3,0.11138173472136259,0.07580682029947639,0.06045319326221943,0.06457033613696694,0.06418872531503439,0.07227900763973594
4,0.2285253033041954,0.09348006173968315,0.0951616708189249,0.11763020046055317,0.13724038936197758,0.10925044305622578
0,0.46548035740852356,0.54027259349823,0.5320705696940422,0.5635582581162453,0.5553785562515259,0.5469694137573242
1,0.6633831262588501,0.5807181000709534,0.5771004557609558,0.5140444785356522,0.5823481008410454,0.5921029299497604
2,0.6704095155000687,0.6572028249502182,0.5764725506305695,0.600289061665535,0.6048551946878433,0.6468058228492737
3,0.7154109477996826,0.6225979179143906,0.626400038599968,0.6344701498746872,0.6348282247781754,0.6388071328401566
4,0.7016791254281998,0.524041049182415,0.5341356098651886,0.5566305592656136,0.5043182969093323,0.5847010165452957
0,0.7990207821130753,0.7275902181863785,0.7259504646062851,0.7625154256820679,0.7391699105501175,0.7420944720506668
1,0.6744493991136551,0.534013569355011,0.57573302090168,0.5395457744598389,0.5661237314343452,0.5545539110898972
2,0.4825543910264969,0.3127324543893337,0.2924788296222687,0.2864285595715046,0.3158571198582649,0.29470180347561836
3,0.7433960139751434,0.62249456346035,0.5864856690168381,0.6536041349172592,0.5456658378243446,0.6124131977558136
4,0.8121789544820786,0.6905557364225388,0.6644371747970581,0.7020325213670731,0.6616016030311584,0.7039482593536377
0,0.3915717303752899,0.41541550556818646,0.38642289241154987,0.4450907011826833,0.3397493064403534,0.44068355361620587
1,0.30821701387564343,0.21998331447442374,0.23127895593643188,0.2767569571733475,0.1821050395568212,0.22565711537996927
2,0.15285314619541168,0.07468796893954277,0.06352876002589862,0.06601490949591,0.08632314080993335,0.06566775217652321
3,0.12032128870487213,0.13299241910378137,0.09511445835232735,0.06029020746548971,0.07269264881809552,0.08788992216189702
4,0.03343583891789118,0.015327112128337225,0.016099924221634865,0.017516156037648518,0.0207193186506629,0.015552026530106863
0,,,0.3851073086261749,,,
1,,,0.5469574133555094,,,
2,,,0.41793450713157654,,,
3,,,0.4079066812992096,,,
4,,,0.2831950585047404,,,
0,,,0.7484206755956014,,,
1,,,0.7007116079330444,,,
2,,,0.719442884127299,,,
3,,,0.5692522128423055,,,
4,,,0.5173169871171316,,,
0,0.11931491146485011,0.06358921527862549,0.06060086035480102,0.07953185743341844,0.06853453069925308,0.07391262923677762
1,0.372079573571682,0.20615053425232568,0.23672614122430483,0.27426063890258473,0.2365968401233355,0.24382141853372255
2,0.1469105233748754,0.07456711865961552,0.06654830214877923,0.08721180322269599,0.08108005672693253,0.09249921763936679
3,0.07874650104592244,0.04400185185174147,0.03834008487562338,0.04873303261895975,0.04901825046787659,0.047700537679096065
4,0.5337751631935438,0.4677451824148496,0.43777898450692493,0.41566120460629463,0.4560781692465146,0.4407597134510676
0,0.9069720109303793,0.9175125956535339,0.9014564255873362,0.8461738924185435,0.9057434697945913,0.9155189593633016
1,0.9149145185947418,0.9261508285999298,0.92633455991745,0.8601354956626892,0.9241476655006409,0.9299337466557821
2,0.8196377555529276,0.7965951859951019,0.7753221988677979,0.7715822160243988,0.7690888245900472,0.7837926149368286
3,0.6707719167073568,0.6163920958836874,0.6349655588467916,0.6375623891750971,0.5854728321234385,0.6439388791720072
4,0.7567222019036611,0.6335815091927847,0.6714440782864889,0.6889751354853312,0.6807937224706014,0.6629436413447062
0,0.7067402203877767,0.45840560893217724,0.46021691461404163,0.4473460614681244,0.4434543401002884,0.448383371035258
1,0.5424550175666809,0.4543524732192357,0.4872706284125646,0.5396567384401957,0.3928793966770172,0.5079992711544037
2,0.18214723467826843,0.08608585223555565,0.0932842567563057,0.09886703764398892,0.08325035621722539,0.09012728246549766
3,0.26231253892183304,0.11762344588836034,0.13381904487808546,0.13774789745608965,0.12341396262248357,0.11240779981017113
4,0.21510840207338333,0.13517591481407484,0.15453418965140978,0.14339493587613106,0.16654729346434274,0.14291967575748762
0,0.7466089248657226,0.6424303770065307,0.6298381209373474,0.6078166723251343,0.67923583984375,0.6518903136253357
1,0.7969627380371094,0.6877382516860961,0.7002445459365845,0.6795586228370667,0.718804144859314,0.7035860419273376
2,0.5551724016666413,0.47932732105255127,0.5043495476245881,0.4294264793395996,0.4346944808959961,0.4578268647193909
3,0.7868138909339905,0.6895696997642518,0.6923084616661072,0.6697436809539795,0.6994333148002625,0.6998672962188721
4,0.7968749642372132,0.7021772742271424,0.711312198638916,0.680025601387024,0.720015799999237,0.7164750576019288
0,,,0.8019973874092102,,,
1,,,0.4509867370128632,,,
2,,,0.6503336191177368,,,
3,,,0.5555050909519196,,,
4,,,0.5182393848896026,,,
0,,,0.13768772035837173,,,
1,,,0.09545611888170243,,,
2,,,0.2672498047351837,,,
3,,,0.0824469193816185,,,
4,,,0.283454504609108,,,
0,0.15638438612222672,0.542532529681921,0.4597332626581192,0.47180311381816864,0.45991387590765953,0.5157625824213028
1,0.18204418197274208,0.1012349147349596,0.09738623909652233,0.08781834505498409,0.10783642530441284,0.08819214813411236
2,0.11800225358456373,0.10096142254769802,0.11105944402515888,0.06823408743366599,0.10965793393552303,0.11225274577736855
3,0.12253914307802916,0.09867156855762005,0.09763954021036625,0.06488617975264788,0.10005711391568184,0.09326748456805944
4,0.16133977752178907,0.1125855054706335,0.11137177050113678,0.07982643786817789,0.11120335571467876,0.12102651037275791
5,0.08504631230607629,0.08371280878782272,0.08967676106840372,0.06719683948904276,0.08883499074727297,0.07836115546524525
6,0.08115556556731462,0.07512914296239614,0.07313657458871603,0.06465982366353273,0.08131211809813976,0.06632350664585829
7,0.07615067856386304,0.07050327304750681,0.06297347648069263,0.06054750643670559,0.0737142194993794,0.0527870156802237
8,0.06896920362487435,0.06383176241070032,0.0658953613601625,0.0447823740541935,0.0601214193738997,0.0589602617546916
9,0.15801965724676847,0.12509740330278873,0.11646754294633865,0.10666010901331902,0.13860456459224224,0.12306933104991913
10,0.07751181372441351,0.06325779017060995,0.059953127056360245,0.04223721753805876,0.06242842972278595,0.056468346156179905
11,0.09315818548202515,0.08911609183996916,0.08129069674760103,0.06756716361269355,0.09012353047728539,0.07948918268084526
12,0.13925598887726665,0.10715232603251934,0.11796119250357151,0.0927000641822815,0.12251578271389008,0.09940175153315067
13,0.1370929591357708,0.09811042062938213,0.11380292102694511,0.08746080659329891,0.0925712725147605,0.10491231828927994
14,0.03129346598871052,0.06918336125090718,0.06655665393918753,0.07163356617093086,0.0735842171125114,0.07196790585294366
15,0.04263946274295449,0.08086519129574299,0.06885509425774217,0.0932008670642972,0.08265017345547676,0.08632701030001044
16,0.07890471443533897,0.04091325728222728,0.05504859238862991,0.03692200779914856,0.053526236675679684,0.04478443134576082
17,0.20487092807888985,0.18308496102690697,0.177964324131608,0.17382988892495632,0.17932442016899586,0.15196368843317032
18,0.12739857286214828,0.11645671352744102,0.11984280310571194,0.08977056760340929,0.1129834484308958,0.10568869113922119
19,0.25207893177866936,0.11722043342888355,0.13139286637306213,0.08661459758877754,0.109645776450634,0.11855383217334747
20,0.25173725187778473,0.14135759510099888,0.16487109661102295,0.10879173874855042,0.1436114851385355,0.1387161761522293
21,0.16685152053833008,0.07955013029277325,0.09847128391265869,0.0778097016736865,0.07981204427778721,0.07762273214757442
22,0.4832558333873749,0.2894168943166733,0.33315446972846985,0.345088392496109,0.3567628487944603,0.3511952981352806
23,0.4523084834218025,0.33314917981624603,0.386962465941906,0.4134300798177719,0.40302862226963043,0.39195747673511505
24,0.4792601764202118,0.35585711896419525,0.323654405772686,0.34396715462207794,0.34454570710659027,0.351370632648468
25,0.546028733253479,0.3671046420931816,0.3455224111676216,0.3170967921614647,0.3600924015045166,0.41212697327136993
26,0.7093709707260132,0.4712687358260155,0.46686291694641113,0.45416159927845,0.46039941161870956,0.5047864615917206
27,0.6553277373313904,0.559669129550457,0.5620257407426834,0.5515067875385284,0.5564018785953522,0.5633148103952408
28,0.48235107213258743,0.44186709076166153,0.46231336891651154,0.47572847455739975,0.4214029237627983,0.41514675319194794
29,0.5357216373085976,0.3874473497271538,0.47454677522182465,0.5215010568499565,0.3751315698027611,0.41094569116830826
30,0.3577880635857582,0.18795648217201233,0.21061309799551964,0.20513654500246048,0.16000963002443314,0.18453727662563324
31,0.5618974044919014,0.4144159331917763,0.42394549399614334,0.2726309299468994,0.4505905285477638,0.3917605131864548
32,0.5859911441802979,0.4400385469198227,0.4340118542313576,0.3529653549194336,0.47797340899705887,0.4194721207022667
33,0.29027366638183594,0.18912402912974358,0.22648242861032486,0.19448590278625488,0.22571181878447533,0.2085370011627674
34,0.4583152085542679,0.3125441111624241,0.2408246397972107,0.24300048872828484,0.28784481808543205,0.26002392545342445
35,0.6869678646326065,0.5635736361145973,0.5293338671326637,0.3846549689769745,0.5861726105213165,0.512855164706707
36,0.36100974678993225,0.2370193749666214,0.23478569090366364,0.17752420529723167,0.2607760541141033,0.23619600012898445
37,0.7380362004041672,0.614323228597641,0.6222888082265854,0.5284624770283699,0.6686006933450699,0.6602248549461365
38,0.6488212198019028,0.3663448691368103,0.3584127426147461,0.3640502542257309,0.389166459441185,0.37548184394836426
39,0.4864276051521301,0.3109205961227417,0.2932232841849327,0.29586226493120193,0.3021116331219673,0.2804526835680008
40,0.44335833191871643,0.2671402134001255,0.2516956850886345,0.2467188984155655,0.29423147439956665,0.24667804315686226
41,0.6337616294622421,0.5307715460658073,0.51461161673069,0.3344045951962471,0.5846232622861862,0.49376754462718964
42,0.8889032155275345,0.8844070136547089,0.8616262227296829,0.780262902379036,0.8979618102312088,0.8773360550403595
43,0.8650183230638504,0.8554022461175919,0.8418447524309158,0.7423329204320908,0.8588859140872955,0.8469038009643555
44,0.7211781293153763,0.6246876567602158,0.6130768805742264,0.5370815247297287,0.5714480727910995,0.6119806170463562
45,0.7680879384279251,0.8579594194889069,0.8281251341104507,0.7770615220069885,0.8010774999856949,0.8566965758800507
46,0.8579214662313461,0.8360089063644409,0.8463385999202728,0.7864464670419693,0.8018311113119125,0.8308604210615158
47,0.7821377813816071,0.6888128072023392,0.6833631098270416,0.6464890390634537,0.664266899228096,0.6910421252250671
48,0.8412782698869705,0.8664029836654663,0.8639919757843018,0.7625614702701569,0.8615156710147858,0.864387258887291
49,0.8970233798027039,0.923768162727356,0.9139978885650635,0.8614023178815842,0.9159089475870132,0.9201252311468124
50,0.9129764884710312,0.8682422935962677,0.8475764393806458,0.7885514050722122,0.8293614685535431,0.8656520545482635
51,0.825555607676506,0.7741410583257675,0.7698336839675903,0.7306221723556519,0.7247880399227142,0.7759514600038528
52,0.7541635930538177,0.7313574105501175,0.7146393060684204,0.5846366137266159,0.7316583395004272,0.7384209483861923
53,0.7092541456222534,0.6956494599580765,0.6598254591226578,0.45226775109767914,0.6692008078098297,0.6859621554613113
54,0.8498831689357758,0.8285880982875824,0.8212994188070297,0.708725094795227,0.8263818621635437,0.8248996734619141
55,0.7824958562850952,0.6487521678209305,0.6799218058586121,0.5480008125305176,0.6775066256523132,0.6512550115585327
56,0.8101895451545715,0.7496131211519241,0.7448026239871979,0.7291183769702911,0.7235705256462097,0.7233029752969742
57,0.8358023911714554,0.746804416179657,0.7541052252054214,0.7557007521390915,0.7662992030382156,0.7419921457767487
58,0.8456374108791351,0.7623144090175629,0.7634560614824295,0.7724478095769882,0.7631358802318573,0.7650621831417084
59,0.7851839959621429,0.6923582851886749,0.6642309129238129,0.7172200679779053,0.676534041762352,0.6877579540014267
60,0.796462208032608,0.6774612367153168,0.6793521493673325,0.7121520191431046,0.6824466288089752,0.6905903220176697
61,0.6969996988773346,0.7733792960643768,0.7695519030094147,0.8029372543096542,0.6974290311336517,0.7771363407373428
62,0.7814171314239502,0.6778074949979782,0.655396044254303,0.5049591436982155,0.7009090781211853,0.6721408367156982
63,0.6772408485412598,0.43040867149829865,0.38075193762779236,0.4012141302227974,0.3827769160270691,0.4478701204061508
64,0.8422308415174484,0.8211720138788223,0.8315544873476028,0.86910280585289,0.8328477591276169,0.8079713732004166
65,0.4495884105563164,0.28235599771142006,0.23007983341813087,0.2285252884030342,0.2637673579156399,0.22134963795542717
66,0.8224130421876907,0.740592360496521,0.7177316099405289,0.7290574610233307,0.7487953007221222,0.7433064728975296
67,0.876286581158638,0.8210306763648987,0.8186804354190826,0.8651711791753769,0.8436841815710068,0.8134638220071793
68,0.8047442883253098,0.692021057009697,0.6814607679843903,0.7473370283842087,0.6621692925691605,0.678655207157135
69,0.639024943113327,0.4105672761797905,0.44660957157611847,0.418390728533268,0.39830971509218216,0.4249741733074188
70,0.4358322471380234,0.2356828898191452,0.2285570204257965,0.2020910382270813,0.24562815949320793,0.2067398615181446
71,0.7822732776403427,0.6170911937952042,0.6001955568790436,0.5865059942007065,0.5961634367704391,0.6037332862615585
72,0.6289797276258469,0.37244807928800583,0.3515188694000244,0.36660902947187424,0.31791646778583527,0.3589848205447197
73,0.6628413498401642,0.31723009794950485,0.3729846179485321,0.32736511528491974,0.28059377521276474,0.3482685461640358
74,0.40915264189243317,0.16867903620004654,0.15914790891110897,0.18330225721001625,0.1347454059869051,0.13322746194899082
75,0.9005421549081802,0.9224931299686432,0.9137869477272034,0.8529409766197205,0.9213692247867584,0.9227047115564346
76,0.8883562833070755,0.907450333237648,0.8856890499591827,0.8051988631486893,0.901873767375946,0.9012410640716553
77,0.7900308817625046,0.6441991180181503,0.6427369117736816,0.4832668676972389,0.6688146740198135,0.6397555470466614
78,0.42691268771886826,0.2214757204055786,0.22520584613084793,0.2493772953748703,0.20764515921473503,0.19868317246437073
79,0.32357916235923767,0.20190196484327316,0.18696948885917664,0.17265945859253407,0.17603639885783195,0.18838023208081722
80,0.469235435128212,0.31428248435258865,0.343277670443058,0.31913140416145325,0.3198499456048012,0.31597595661878586
81,0.8542767316102982,0.7778810411691666,0.7972722798585892,0.7920076102018356,0.7176449596881866,0.7929833978414536
82,0.8666916936635971,0.7803297489881516,0.7613099664449692,0.7570083439350128,0.7209919095039368,0.7661274373531342
83,0.6897365301847458,0.4334024637937546,0.41219060868024826,0.37128034234046936,0.41172125935554504,0.41602887213230133
84,0.4527970254421234,0.3139236196875572,0.313802108168602,0.2965560629963875,0.2764846049249172,0.30901481211185455
85,0.7297864109277725,0.5508589446544647,0.5801384598016739,0.437175914645195,0.5850648581981659,0.5885092616081238
86,0.8302178084850311,0.7921664118766785,0.808272123336792,0.7492330521345139,0.7855257540941238,0.8145496845245361
87,0.5484001189470291,0.3560948930680752,0.3761754557490349,0.3750333786010742,0.33041559532284737,0.331061702221632
88,0.6019963622093201,0.35564158856868744,0.3558850958943367,0.3498946316540241,0.33436039835214615,0.364728718996048
89,0.33852776139974594,0.13926725089550018,0.1280786469578743,0.12231552600860596,0.11211097054183483,0.11320186778903008
90,0.6979185789823532,0.5387954786419868,0.556844100356102,0.39864127337932587,0.5575460270047188,0.5517317354679108
0,0.21619431674480438,0.2765381410717964,0.30119868740439415,0.4105362892150879,0.33803435787558556,0.27366673946380615
1,0.3928704336285591,0.1869816780090332,0.18735197931528091,0.24229668453335762,0.21210189536213875,0.19113662093877792
2,0.3876645416021347,0.2674265503883362,0.25233927741646767,0.278015810996294,0.25648314878344536,0.2629429064691067
3,0.6124406903982162,0.41924743354320526,0.4400240257382393,0.47240740805864334,0.4463653340935707,0.4362758919596672
4,0.3601163476705551,0.23423194885253906,0.23914223536849022,0.24147715792059898,0.2352781929075718,0.2699601352214813
5,0.45231297612190247,0.26777371019124985,0.28226299583911896,0.2830221354961395,0.2990190163254738,0.2926233597099781
6,0.46070409566164017,0.28999876603484154,0.29072943702340126,0.29813072085380554,0.28193147853016853,0.2959033101797104
7,0.42514370381832123,0.2333552949130535,0.2165907546877861,0.2184310033917427,0.25814105942845345,0.23197415098547935
8,0.6495242267847061,0.5045555755496025,0.5493128150701523,0.5435121282935143,0.5084414333105087,0.5437669157981873
9,0.7766491174697876,0.8074483722448349,0.8296823799610138,0.84197898209095,0.8222828060388565,0.817219540476799
10,0.20783696696162224,0.1327169705182314,0.12352587655186653,0.16234876960515976,0.1416422836482525,0.14905022084712982
11,0.4729050323367119,0.38340073078870773,0.3702150285243988,0.3944675251841545,0.3856089934706688,0.39996199309825897
12,0.36872559040784836,0.22697371989488602,0.22042586654424667,0.26509812474250793,0.2331661731004715,0.2470252476632595
13,0.2914428412914276,0.24887145683169365,0.24134881421923637,0.3158985376358032,0.27693692594766617,0.28156523779034615
14,0.3130282461643219,0.3276022672653198,0.31109974533319473,0.3269574046134949,0.35915355384349823,0.30543994903564453
15,0.26298752054572105,0.21755633503198624,0.23348205164074898,0.22285676002502441,0.22520048543810844,0.22775892540812492
16,0.12856844626367092,0.0850472692400217,0.0854349210858345,0.11436869576573372,0.09462774358689785,0.0788913257420063
17,0.7440058588981628,0.8042986690998077,0.8154179602861404,0.8532133251428604,0.7998156696557999,0.7451293468475342
18,0.576041042804718,0.47298938035964966,0.44162916392087936,0.4310929402709007,0.4911765679717064,0.482638381421566
19,0.5968887358903885,0.4815809801220894,0.43849698454141617,0.493121899664402,0.44658391922712326,0.3989744558930397
20,0.5206552594900131,0.405310682952404,0.434367798268795,0.34635740518569946,0.4311189502477646,0.4030592516064644
21,0.49038833379745483,0.27452927455306053,0.27224526554346085,0.2798226699233055,0.2796499766409397,0.2525312937796116
22,0.7263779193162918,0.5754286497831345,0.6002837866544724,0.6264711618423462,0.573209248483181,0.5693189427256584
23,0.43599527329206467,0.21779731288552284,0.2210976965725422,0.2121981456875801,0.2245548963546753,0.2358321137726307
24,0.840183287858963,0.7291310876607895,0.734855517745018,0.7243595272302628,0.7149196118116379,0.7324355393648148
25,0.878334179520607,0.8713839501142502,0.8664997220039368,0.7823842912912369,0.8818219602108002,0.8787362575531006
26,0.3761443793773651,0.2199118211865425,0.21621230989694595,0.18655474856495857,0.2178451120853424,0.22654347866773605
27,0.1519768163561821,0.07895131595432758,0.07687712088227272,0.11060620471835136,0.08325327560305595,0.07565843965858221
28,0.31458723172545433,0.16121496073901653,0.17035573348402977,0.18692314624786377,0.17947552166879177,0.1621029432862997
29,0.9132361710071564,0.9093480706214905,0.9088364392518997,0.8394105136394501,0.9120639711618423,0.9092717468738556
30,0.727031022310257,0.8265445530414581,0.8384796380996704,0.806821271777153,0.8291198760271072,0.8236863315105438
31,0.6236351728439331,0.9065733104944229,0.9193765074014664,0.9088820815086365,0.9274389892816544,0.9131960570812225
32,0.8547972440719604,0.8264952898025513,0.8253140598535538,0.8195635080337524,0.7838522493839264,0.8431839644908905
33,0.6224106550216675,0.4163200333714485,0.4136205241084099,0.3938963785767555,0.3821081519126892,0.396647684276104
34,0.9007918685674667,0.8812655806541443,0.8695400208234787,0.8910406678915024,0.8589861243963242,0.8780076205730438
35,0.928217351436615,0.8738243132829666,0.8917447477579117,0.894507572054863,0.8630174696445465,0.8813334107398987
36,0.8356767743825912,0.781605675816536,0.8709444850683212,0.808917298913002,0.7861469686031342,0.8299000263214111
37,0.7797482460737228,0.6406018435955048,0.765694871544838,0.6749763339757919,0.7175476849079132,0.734592467546463
38,0.1614492814987898,0.12244637683033943,0.14819780550897121,0.16116369515657425,0.11024690046906471,0.15758414566516876
39,0.4569741412997246,0.22004656493663788,0.2382301650941372,0.18179210275411606,0.20653005689382553,0.31490055471658707
40,0.5948264300823212,0.41345954686403275,0.38045784085989,0.41771843284368515,0.44078485667705536,0.39728904515504837
41,0.3481881618499756,0.17235317826271057,0.16887949779629707,0.1702340729534626,0.18380231782794,0.17083654552698135
42,0.39832840859889984,0.25059424340724945,0.24001219123601913,0.20237910002470016,0.25000858306884766,0.2558615542948246
43,0.44648929685354233,0.2638790123164654,0.26027514412999153,0.25973183289170265,0.26292844861745834,0.24688231572508812
44,0.4322768896818161,0.23105386644601822,0.24393213540315628,0.24538500607013702,0.2598246969282627,0.22497879341244698
45,0.6688366830348969,0.5284141227602959,0.5344571620225906,0.4007575884461403,0.5450371503829956,0.5272006988525391
46,0.5007967054843903,0.34537701308727264,0.39231428503990173,0.4329305812716484,0.3609538823366165,0.35596607625484467
47,0.47926443815231323,0.35544683039188385,0.362501360476017,0.35017580538988113,0.347109392285347,0.36292052268981934
48,0.31864163279533386,0.22240398079156876,0.23211531341075897,0.1608222797513008,0.24467550590634346,0.21649055555462837
49,0.15334591642022133,0.08931306935846806,0.09034051187336445,0.10657380148768425,0.1136691514402628,0.09875690564513206
50,0.41189345717430115,0.2594216763973236,0.25126417353749275,0.2728353291749954,0.25937091186642647,0.26125455275177956
51,0.3870750702917576,0.2557654269039631,0.23239246755838394,0.26842667534947395,0.24971726909279823,0.24714837968349457
52,0.10666043311357498,0.06023809965699911,0.059491321444511414,0.0725737689062953,0.07274361979216337,0.07083993125706911
53,0.193880345672369,0.35452867299318314,0.3494056388735771,0.3859917223453522,0.2572959363460541,0.3441847264766693
54,0.22052333876490593,0.4281376823782921,0.4533057287335396,0.5002114623785019,0.2975861206650734,0.43250634521245956
55,0.292721401900053,0.2308373674750328,0.1718003824353218,0.2532693836838007,0.17790227383375168,0.19676246494054794
56,0.08717296924442053,0.06014022650197148,0.0609419122338295,0.06771048158407211,0.045100641902536154,0.06038545165210962
57,0.18218769133090973,0.1485191397368908,0.14023995399475098,0.11174709722399712,0.1668690163642168,0.14584732614457607
58,0.09963238704949617,0.08025102037936449,0.08692929241806269,0.06923984829336405,0.1046550776809454,0.08075590897351503
59,0.14671989157795906,0.11920705623924732,0.12739109992980957,0.12934431992471218,0.15365665219724178,0.1328785326331854
60,0.6945087760686874,0.5982178598642349,0.6276932507753372,0.6199886798858643,0.5961290895938873,0.6389337480068207
61,0.2829371839761734,0.154806112870574,0.16144522838294506,0.14158764854073524,0.14766268990933895,0.14953173883259296
62,0.18028701469302177,0.09523384366184473,0.11125973984599113,0.09466930199414492,0.08550769090652466,0.10466170869767666
63,0.20237965509295464,0.12492312490940094,0.12828759290277958,0.1247740350663662,0.13904671370983124,0.12867269292473793
64,0.13961112685501575,0.07398058474063873,0.0625152038410306,0.07594276405870914,0.07976325042545795,0.08044073265045881
65,0.2674798183143139,0.15473316423594952,0.14307941496372223,0.14372073113918304,0.1724796537309885,0.1502952203154564
66,0.1575765535235405,0.0902648763731122,0.07547711301594973,0.10869354754686356,0.09466405212879181,0.08386074751615524
67,0.21140774339437485,0.13814250379800797,0.1535417139530182,0.1734810657799244,0.1624412927776575,0.14505265094339848
68,0.6724290251731873,0.5893001928925514,0.5279325693845749,0.5947506353259087,0.5531697794795036,0.5412780866026878
69,0.6741911321878433,0.44758500903844833,0.480207197368145,0.38692986965179443,0.5145547538995743,0.4665469005703926
70,0.7348817586898804,0.6164850294589996,0.6118025630712509,0.47468388825654984,0.6457708925008774,0.6223897188901901
71,0.7854259461164474,0.649776354432106,0.5675672292709351,0.539704218506813,0.6626342236995697,0.6117521077394485
72,0.52501280605793,0.3578510880470276,0.3653721660375595,0.30185648053884506,0.3693354055285454,0.35401108860969543
73,0.5922611951828003,0.3481225520372391,0.3602941706776619,0.2904054522514343,0.4097616747021675,0.3655388429760933
74,0.5024901553988457,0.3287595063447952,0.31219297647476196,0.24165216833353043,0.3819841742515564,0.32038767635822296
75,0.4385851174592972,0.2786617651581764,0.2927788645029068,0.19697162508964539,0.327075719833374,0.30594148486852646
76,0.5721796154975891,0.3826038986444473,0.3822665587067604,0.3348096087574959,0.4428003579378128,0.40689605474472046
77,0.5014581084251404,0.3040177971124649,0.32106586545705795,0.24333464726805687,0.35440028458833694,0.30272460728883743
78,0.34681782126426697,0.2452319972217083,0.2513594627380371,0.16413917765021324,0.26884519308805466,0.20894942432641983
79,0.12828377820551395,0.07043078914284706,0.07079315092414618,0.082540737465024,0.06948700733482838,0.06409890484064817
0,0.3498466983437538,0.1653299331665039,0.15161532536149025,0.15706000477075577,0.1484315861016512,0.14704528078436852
1,0.16498493403196335,0.10383942537009716,0.10539140366017818,0.09441590867936611,0.11237870529294014,0.09358998015522957
2,0.2835463210940361,0.12739774957299232,0.13380016572773457,0.09770500101149082,0.14835162088274956,0.12616083212196827
3,0.18122422695159912,0.10276173707097769,0.11058808024972677,0.09262049943208694,0.09818018600344658,0.09590484388172626
4,0.5006778165698051,0.43381165713071823,0.42564234137535095,0.44257448613643646,0.45101775974035263,0.3985772579908371
5,0.5627925619482994,0.353769026696682,0.3487771786749363,0.32481929287314415,0.34702950343489647,0.360647052526474
6,0.6325844824314117,0.5407726168632507,0.5261052176356316,0.5369919911026955,0.5615255236625671,0.5513148456811905
7,0.8411583453416824,0.7570809423923492,0.7697048783302307,0.7679480910301208,0.7157831341028214,0.7796730995178223
8,0.8826013654470444,0.8500773310661316,0.8420350104570389,0.8336193412542343,0.8320253193378448,0.8542282432317734
9,0.6158790588378906,0.47059809416532516,0.4731963276863098,0.4318878799676895,0.4307830110192299,0.4674833416938782
10,0.9012040942907333,0.8786230683326721,0.8756394684314728,0.8726010173559189,0.8279218524694443,0.8986580073833466
11,0.9352282732725143,0.9310836642980576,0.919248640537262,0.9001591950654984,0.9067448228597641,0.9257308542728424
12,0.9390145093202591,0.9379999488592148,0.9227749109268188,0.9025535136461258,0.8982493877410889,0.9290158450603485
13,0.8811555504798889,0.8026902377605438,0.8046127110719681,0.8312002420425415,0.7179898172616959,0.8193881064653397
14,0.8889510929584503,0.8264214396476746,0.8069963604211807,0.8076044768095016,0.780677393078804,0.8252343982458115
15,0.9280305057764053,0.9002413153648376,0.881165012717247,0.8724804520606995,0.8594634085893631,0.9031589776277542
16,0.2751244269311428,0.13992159254848957,0.13977421447634697,0.15189523063600063,0.14100313559174538,0.135677183046937
17,0.4150667116045952,0.3333214297890663,0.35395199060440063,0.3655671626329422,0.35649891197681427,0.3421259820461273
18,0.46446067094802856,0.35460828989744186,0.3372433930635452,0.3912738710641861,0.3157295659184456,0.3422374278306961
19,0.35212143510580063,0.22156192734837532,0.22992359474301338,0.23124022036790848,0.21597258374094963,0.21851029247045517
20,0.17873157560825348,0.1646558679640293,0.1893094815313816,0.16048124060034752,0.17545729503035545,0.14522876404225826
21,0.1395821887999773,0.0983661636710167,0.1089152991771698,0.10908951796591282,0.10645586531609297,0.10509854182600975
22,0.23014969378709793,0.11931328848004341,0.1273015569895506,0.13491120748221874,0.10757818818092346,0.1250736229121685
23,0.3226102478802204,0.19800033047795296,0.20628326386213303,0.17085323110222816,0.17549497075378895,0.16976524889469147
24,0.3303491547703743,0.22361693158745766,0.22375687956809998,0.2588428519666195,0.23295417055487633,0.20531360059976578
25,0.5614356398582458,0.35538382083177567,0.35166411101818085,0.3853258863091469,0.3442213162779808,0.36297743767499924
26,0.37463538348674774,0.21101471036672592,0.20474044233560562,0.1807967610657215,0.22260711714625359,0.22439130395650864
27,0.788144439458847,0.6738295704126358,0.6811919510364532,0.549515888094902,0.6879931092262268,0.6752751767635345
28,0.8935679942369461,0.8770882934331894,0.8710308521986008,0.7958378493785858,0.8699980527162552,0.8850211799144745
29,0.9080876708030701,0.8996993899345398,0.8754611164331436,0.8642741739749908,0.8693629056215286,0.9063784033060074
30,0.854510635137558,0.8647240996360779,0.8604476749897003,0.8717464953660965,0.8254697620868683,0.8716803938150406
31,0.7974227368831635,0.6737780719995499,0.6676275879144669,0.6727075427770615,0.6180741786956787,0.7022399604320526
32,0.9179547727108002,0.8795038014650345,0.8685081899166107,0.8612405508756638,0.84903185069561,0.8825437724590302
33,0.8164886385202408,0.6717100143432617,0.6568515598773956,0.7066050171852112,0.6078241765499115,0.663084864616394
34,0.8549793511629105,0.8034830838441849,0.7736340463161469,0.7748734802007675,0.7309610843658447,0.7835490554571152
35,0.8569009453058243,0.7879872471094131,0.7816441059112549,0.7661663889884949,0.7473717927932739,0.7929508984088898
36,0.8644618391990662,0.7698349207639694,0.7821062058210373,0.7754267007112503,0.7369014024734497,0.7904839664697647
37,0.7237933874130249,0.47096363455057144,0.443125382065773,0.4973910450935364,0.43609219789505005,0.5029552802443504
38,0.6993017494678497,0.49810345470905304,0.4774581491947174,0.5765344277024269,0.45375461131334305,0.5155301243066788
39,0.9485293477773666,0.9543499648571014,0.9478442519903183,0.9180490374565125,0.926111713051796,0.9483895301818848
40,0.9301616549491882,0.9051951318979263,0.9097173810005188,0.8890860080718994,0.8799867033958435,0.9113676697015762
41,0.9415153414011002,0.9370584189891815,0.9385892152786255,0.9246266335248947,0.9144209921360016,0.9433714598417282
42,0.9585499316453934,0.9755560904741287,0.9776486456394196,0.9614216238260269,0.973551943898201,0.9751093238592148
43,0.9396094679832458,0.9220399707555771,0.9170846045017242,0.9255227595567703,0.9090630561113358,0.9233140051364899
44,0.8783971965312958,0.8497488796710968,0.8384672701358795,0.8699619472026825,0.8399205803871155,0.86382195353508
45,0.9532189965248108,0.9671622663736343,0.9691789150238037,0.9547295123338699,0.964682474732399,0.9695446789264679
46,0.8681283891201019,0.9487841129302979,0.9558373391628265,0.9437027275562286,0.9583541601896286,0.9526794850826263
47,0.3478524871170521,0.5499021112918854,0.589796207845211,0.6334138959646225,0.6733163744211197,0.6093421280384064
48,0.4672463685274124,0.24127764254808426,0.2951430566608906,0.30149612575769424,0.3042451813817024,0.297029010951519
49,0.450096033513546,0.2862962335348129,0.2480059117078781,0.2727498710155487,0.232499111443758,0.2403930425643921
50,0.2563646510243416,0.13544992730021477,0.13506874069571495,0.12380224280059338,0.1310099270194769,0.11903708800673485
51,0.2739717736840248,0.18335765227675438,0.168991569429636,0.17192373424768448,0.16723890975117683,0.17038779705762863
52,0.7144033908843994,0.5463198125362396,0.5449315309524536,0.5613241493701935,0.4822766110301018,0.5308702439069748
53,0.3552534207701683,0.23168381303548813,0.19899334758520126,0.17559226602315903,0.2154601253569126,0.2171461284160614
54,0.21952790766954422,0.12244870327413082,0.09684299118816853,0.11864455789327621,0.12932259403169155,0.12268396094441414
55,0.23951970785856247,0.11205512657761574,0.1262891534715891,0.12401875481009483,0.1210965421050787,0.11732606031000614
56,0.23239292204380035,0.12815973348915577,0.16185476817190647,0.14055855013430119,0.15573821030557156,0.14282078854739666
57,,0.20390605181455612,,,,
58,,0.17316441796720028,,,,
59,0.15943528339266777,0.1146991029381752,0.08704366907477379,0.10777139477431774,0.09944535419344902,0.0986094232648611
60,0.1475986447185278,0.11915260180830956,0.09714961424469948,0.08901099115610123,0.11187645699828863,0.09704683534801006
61,0.14947732351720333,0.0728038502857089,0.06736788712441921,0.06534397974610329,0.06846964731812477,0.07242611050605774
62,0.12217156868427992,0.04214221425354481,0.04227408021688461,0.04614310944452882,0.039464786648750305,0.0407548351213336
63,0.07311948854476213,0.03397738095372915,0.03564187791198492,0.035362436436116695,0.04160010162740946,0.032003141939640045
64,0.06204067124053836,0.03919700300320983,0.03275862568989396,0.031064431183040142,0.038763864897191525,0.03550343541428447
65,0.056751880794763565,0.04312898125499487,0.03769650403410196,0.040164303965866566,0.04048308031633496,0.03940721182152629
66,0.08705129381269217,0.06415546964854002,0.06400610040873289,0.06699919793754816,0.06849603075534105,0.06272083427757025
67,0.089394336566329,0.04187762690708041,0.04123800341039896,0.03477600263431668,0.04015247244387865,0.038407391868531704
68,0.07765773124992847,0.06983016058802605,0.06025708559900522,0.05332745146006346,0.06260859593749046,0.05802457965910435
69,0.05872915871441364,0.03934977762401104,0.03680103458464146,0.03815065370872617,0.04032441880553961,0.036462653893977404
70,0.07733385264873505,0.052742742002010345,0.05920481123030186,0.051009844057261944,0.04360508173704147,0.0505714351311326
71,0.11728356406092644,0.08629454206675291,0.07908652443438768,0.07943073567003012,0.08225817047059536,0.0798520902171731
72,0.12005208246409893,0.10822395980358124,0.09951658360660076,0.10347354225814342,0.10368567146360874,0.08857392892241478
73,0.24363411590456963,0.20685020461678505,0.20485482551157475,0.21921299025416374,0.19239592738449574,0.18989989161491394
74,0.20343980938196182,0.13874877616763115,0.15357576496899128,0.16457630693912506,0.12262795865535736,0.11477340571582317
75,0.35419305600225925,0.2770135961472988,0.26428411714732647,0.27577056363224983,0.3031446151435375,0.23475351557135582
76,0.3933100663125515,0.35334333032369614,0.32635336741805077,0.34126365184783936,0.3371988497674465,0.33156944811344147
77,0.24412828125059605,0.18623118288815022,0.16874985583126545,0.23450518772006035,0.1550709828734398,0.17417037114501
78,0.1136501282453537,0.11622202210128307,0.0923907533288002,0.1254869233816862,0.10235314443707466,0.09676200710237026
79,0.27691204100847244,0.3045739568769932,0.259676206856966,0.2922701947391033,0.3221125826239586,0.260842677205801
80,0.1444364320486784,0.18717455491423607,0.17061752825975418,0.19448691979050636,0.17957687005400658,0.16728423535823822
81,0.10155325569212437,0.09888046979904175,0.08286312222480774,0.1255482416599989,0.09215963445603848,0.094545042142272
82,0.09071473777294159,0.07822861708700657,0.06186553370207548,0.08874262124300003,0.07005029264837503,0.054350150749087334
0,0.38342125713825226,0.36249957978725433,0.3757845014333725,0.38502151519060135,0.34308624267578125,0.36305250972509384
1,0.5344202220439911,0.37844742834568024,0.3871222510933876,0.45922429114580154,0.3379482999444008,0.39833397418260574
2,0.6977497488260269,0.6250717341899872,0.641064003109932,0.6667132675647736,0.5870709121227264,0.6480969339609146
3,0.5679378062486649,0.30214811488986015,0.2904042452573776,0.2565952092409134,0.32210981845855713,0.29648635536432266
4,0.890271857380867,0.8532080352306366,0.8558868020772934,0.7551307678222656,0.86842180788517,0.8500778675079346
5,0.9311439245939255,0.9313144981861115,0.9344844073057175,0.8855765759944916,0.9317896664142609,0.9360692501068115
6,0.9339126646518707,0.9227249771356583,0.9155744761228561,0.8743404448032379,0.9107132703065872,0.9210895001888275
7,0.8608727306127548,0.8439742177724838,0.8463144302368164,0.799276277422905,0.8494197875261307,0.8590580970048904
8,0.5153517425060272,0.2961908131837845,0.2693960703909397,0.3113190419971943,0.24248721823096275,0.24661913514137268
9,0.8279405385255814,0.6774021834135056,0.6732561141252518,0.7294251620769501,0.5761452913284302,0.6966354101896286
10,0.8130074888467789,0.6756671667098999,0.6309015303850174,0.6791398525238037,0.5945529937744141,0.6693196147680283
11,0.35395095869898796,0.19646786153316498,0.16931059025228024,0.19046708568930626,0.10901219956576824,0.18660399317741394
12,0.5909986048936844,0.49360398948192596,0.5002159848809242,0.5869807526469231,0.4692701920866966,0.5472841337323189
13,0.6384173780679703,0.5076785534620285,0.5420127511024475,0.5327632948756218,0.3398464098572731,0.5607545524835587
14,0.5081840679049492,0.39426346123218536,0.40857356041669846,0.42378341406583786,0.25776101648807526,0.38394658267498016
15,0.5427618399262428,0.3256809301674366,0.27914734557271004,0.2952641695737839,0.1316034272313118,0.28411833569407463
16,0.35119908303022385,0.17134577222168446,0.1754653062671423,0.1965110655874014,0.10069883894175291,0.1715855970978737
17,0.045243194326758385,0.023060448467731476,0.024347260128706694,0.023871509358286858,0.018842819146811962,0.022459340747445822
18,0.06126175727695227,0.0284079029224813,0.0319880498573184,0.02513795462436974,0.031050526537001133,0.031293656677007675
19,0.07469258084893227,0.04097367683425546,0.049606054089963436,0.042026313953101635,0.046491941437125206,0.04786172928288579
20,0.039590245112776756,0.015208960277959704,0.021050128154456615,0.017170114675536752,0.022011957596987486,0.015180402435362339
21,0.03566258493810892,0.018310266314074397,0.01935740141198039,0.018419971223920584,0.016367781441658735,0.016804638085886836
22,0.05910473829135299,0.03749854862689972,0.038620710372924805,0.039829736575484276,0.04222200810909271,0.04076194670051336
23,0.40640172362327576,0.23013851046562195,0.23397380486130714,0.25449224933981895,0.22051076218485832,0.2204234078526497
24,0.6077762842178345,0.55292858928442,0.48312051594257355,0.5178186222910881,0.5083635747432709,0.5608155280351639
25,0.7628867924213409,0.6814962476491928,0.686045840382576,0.688587561249733,0.6676603108644485,0.6739804744720459
26,0.9215667992830276,0.9165273010730743,0.9066324532032013,0.8872542977333069,0.8878253996372223,0.9152066558599472
27,0.9136712849140167,0.9226305335760117,0.9161717295646667,0.8944507986307144,0.9143315404653549,0.9216846078634262
28,0.9303105771541595,0.9246880561113358,0.9163007140159607,0.8842153251171112,0.8893151581287384,0.9285937547683716
29,0.8446069657802582,0.7623078376054764,0.7640512883663177,0.719334751367569,0.707838624715805,0.7633883357048035
30,0.7452027350664139,0.5817562639713287,0.5815228223800659,0.5650869160890579,0.5897927433252335,0.5946132093667984
31,0.4115000069141388,0.1971765160560608,0.19921958446502686,0.22868182510137558,0.20789724960923195,0.22238557413220406
32,0.49513542652130127,0.2693377174437046,0.22971075028181076,0.26039284095168114,0.2719148099422455,0.27086685597896576
33,0.6445372998714447,0.45331351459026337,0.45202821493148804,0.46279382705688477,0.47248613089323044,0.4723889157176018
34,0.36083582788705826,0.3045945465564728,0.3087864927947521,0.3249799683690071,0.2913437522947788,0.30115096271038055
35,0.2976055294275284,0.23192423582077026,0.22640155255794525,0.22629756852984428,0.22817636281251907,0.24950732290744781
36,0.075435571372509,0.038918022997677326,0.03896632883697748,0.03422808460891247,0.03308170102536678,0.03636707877740264
37,0.1440557111054659,0.08386114425957203,0.08285065367817879,0.06593718007206917,0.06566881574690342,0.08170996233820915
38,0.16290133446455002,0.09379030019044876,0.11004901491105556,0.09999987669289112,0.10334601998329163,0.1013874588534236
39,0.14644506759941578,0.06753720343112946,0.07872177753597498,0.06647025607526302,0.07173996418714523,0.07022156845778227
40,0.04290980426594615,0.030817704275250435,0.036641358863562346,0.02834359393455088,0.035864626057446,0.028252545278519392
41,0.25642117485404015,0.22381634637713432,0.2332230769097805,0.22343649715185165,0.19359216839075089,0.21268463507294655
42,0.678384393453598,0.858779713511467,0.8372423499822617,0.8696502447128296,0.8233762979507446,0.8632996082305908
43,0.9010350257158279,0.9016697108745575,0.8727885484695435,0.8796925246715546,0.8674517720937729,0.9006052911281586
44,0.9090380668640137,0.9111818075180054,0.8916229605674744,0.8764107525348663,0.886913925409317,0.9162862747907639
45,0.9315127581357956,0.9125919342041016,0.9031732678413391,0.8892729729413986,0.8840752243995667,0.9176198542118073
46,0.935201421380043,0.9343897849321365,0.9164398312568665,0.9047496467828751,0.8918249011039734,0.9347787946462631
47,0.9033614844083786,0.9108252078294754,0.9024205058813095,0.9020641446113586,0.8850981444120407,0.918148547410965
48,0.8248781114816666,0.8289938718080521,0.8374573141336441,0.7550515085458755,0.8239561468362808,0.8421611189842224
49,0.844807505607605,0.7743784338235855,0.7425722181797028,0.6926907449960709,0.7557515054941177,0.7738527357578278
50,0.8931828290224075,0.9185902327299118,0.9163463115692139,0.894245371222496,0.901384249329567,0.9171664118766785
51,0.8068737536668777,0.7131482064723969,0.7217708826065063,0.7222249954938889,0.7072254419326782,0.738662451505661
52,0.8824723660945892,0.8013325035572052,0.7889474928379059,0.7801506221294403,0.7512633204460144,0.8072583675384521
53,0.919264018535614,0.8709679245948792,0.8619199693202972,0.8392109274864197,0.8181792944669724,0.8790739625692368
54,0.7623413652181625,0.7153515219688416,0.7095880806446075,0.6372367292642593,0.674824520945549,0.7051495611667633
55,0.6200114190578461,0.43446560204029083,0.4500168636441231,0.4578838348388672,0.46170514822006226,0.49620335549116135
56,0.488041914999485,0.2647743187844753,0.2575695216655731,0.2889050468802452,0.27530741691589355,0.3136591538786888
57,0.27191103249788284,0.13162457756698132,0.12841389514505863,0.14787645265460014,0.11275983788073063,0.12486344762146473
58,0.4962555021047592,0.3256159648299217,0.34031014144420624,0.35271380096673965,0.3109741061925888,0.27758200094103813
59,0.8290915489196777,0.7191078811883926,0.7110914289951324,0.6949193030595779,0.6674359887838364,0.7047783583402634
60,0.5090602040290833,0.35101308673620224,0.34711354225873947,0.35961395502090454,0.3407987765967846,0.3731732666492462
61,,0.29514847695827484,,,,
62,,0.2077102828770876,,,,
63,0.747268483042717,0.6704462766647339,0.7035903036594391,0.5996971130371094,0.7027267813682556,0.7036237418651581
64,0.3168400302529335,0.15596425533294678,0.16184283047914505,0.11659421771764755,0.16950146481394768,0.15824735164642334
65,0.20010719075798988,0.10938828438520432,0.12211182713508606,0.12469051778316498,0.11317595653235912,0.10299639403820038
66,0.16521060839295387,0.0752463648095727,0.07455635536462069,0.07396985869854689,0.08308487944304943,0.0770458010956645
67,0.25908704474568367,0.17503036186099052,0.1590440534055233,0.16593733429908752,0.1445045191794634,0.15779300406575203
68,0.19699525833129883,0.07925685122609138,0.07985531445592642,0.093088717199862,0.09235345758497715,0.07202658802270889
69,0.19977969862520695,0.10383076220750809,0.1212427131831646,0.111308753490448,0.11650778912007809,0.12001144513487816
70,0.6551840007305145,0.5475656688213348,0.550282895565033,0.5161577016115189,0.5441784635186195,0.5337895974516869
71,0.06826503295451403,0.05331553611904383,0.058431899175047874,0.03723075333982706,0.039351943880319595,0.059320906177163124
72,0.05005686730146408,0.045465486124157906,0.05404737964272499,0.04500838229432702,0.051720612682402134,0.050987223628908396
73,0.07415442308411002,0.06931242998689413,0.09047616831958294,0.06965213175863028,0.07781653851270676,0.07303355913609266
74,0.08206013683229685,0.09245147369801998,0.08744548074901104,0.07762571331113577,0.09701617993414402,0.07965535670518875
75,0.031040937872603536,0.024787160102277994,0.024536978220567107,0.024638914735987782,0.027599199442192912,0.022666774922981858
76,0.03107212798204273,0.02624713070690632,0.027679678983986378,0.027816119836643338,0.02510408964008093,0.030689995037391782
77,0.030220504151657224,0.026471514720469713,0.028456851141527295,0.0264448095113039,0.024461397668346763,0.03108809143304825
78,0.08484737202525139,0.09298215014860034,0.10967240808531642,0.09101042849943042,0.1145278918556869,0.1031940933316946
0,0.16499149054288864,0.12477879971265793,0.11862390115857124,0.21016783639788628,0.13024862110614777,0.09917394444346428
1,0.5979193150997162,0.6323063671588898,0.6265976577997208,0.6346844285726547,0.622973307967186,0.6145682781934738
2,0.5492362678050995,0.49037738144397736,0.43476302921772003,0.4544593095779419,0.5490101724863052,0.4489118158817291
3,0.6717826426029205,0.5821207761764526,0.5970385074615479,0.6083134114742279,0.5821853876113892,0.49741150438785553
4,0.6671425700187683,0.4890606552362442,0.545177236199379,0.5674477964639664,0.5713901668787003,0.5123182535171509
5,0.47914792597293854,0.30666835606098175,0.31783725321292877,0.3768139034509659,0.32272589206695557,0.3169758766889572
6,0.356316015124321,0.20565126836299896,0.18254340067505836,0.19630205631256104,0.20015479624271393,0.2044980600476265
7,0.2833707332611084,0.1917984038591385,0.16113774478435516,0.18327895551919937,0.1941651701927185,0.1589178517460823
8,0.29963015019893646,0.21559539437294006,0.23303961753845215,0.2507767528295517,0.2328065186738968,0.2529439479112625
9,0.5253816246986389,0.5870864689350128,0.532810315489769,0.582817554473877,0.58271923661232,0.5797088444232941
10,0.49506400525569916,0.503025472164154,0.5067588984966278,0.48239853978157043,0.49272507429122925,0.4971526712179184
11,0.7439442574977875,0.671065092086792,0.7074629366397858,0.7506391704082489,0.6958501636981964,0.7368853092193604
12,0.805420309305191,0.8845274746417999,0.9022022187709808,0.8857424855232239,0.8729792833328247,0.8788258135318756
13,0.8121421337127686,0.8533734679222107,0.8676644265651703,0.8452347218990326,0.804377406835556,0.8652149438858032
14,0.8147927224636078,0.9149630963802338,0.9131202101707458,0.8895564079284668,0.8938859403133392,0.9060167074203491
15,0.49565890431404114,0.3549892157316208,0.322623148560524,0.3568819463253021,0.38473695516586304,0.3653155416250229
16,0.1252109818160534,0.35689085721969604,0.36914631724357605,0.36998604238033295,0.5003312081098557,0.3877984583377838
17,0.4534783661365509,0.20179618149995804,0.21518968045711517,0.2500234767794609,0.25649041682481766,0.2577102854847908
18,0.43492497503757477,0.22991883009672165,0.24466048181056976,0.2805008292198181,0.2583640217781067,0.22694730013608932
19,0.39856062829494476,0.19385124742984772,0.2496710792183876,0.23531299829483032,0.20630105584859848,0.21954204142093658
20,0.3651597797870636,0.17158500850200653,0.20019561797380447,0.19257783889770508,0.1799817681312561,0.2013472095131874
21,0.18741118162870407,0.11310747265815735,0.0947476401925087,0.12080734223127365,0.09304334595799446,0.11603819578886032
22,0.21030293405056,0.11488867923617363,0.10572417080402374,0.12369870766997337,0.1081029362976551,0.10299134254455566
23,,0.12703805789351463,,,,
24,,0.1681746542453766,,,,
25,,0.18400003761053085,,,,
26,0.36717619001865387,0.24825500696897507,0.24781131744384766,0.2476024180650711,0.2697141021490097,0.2672814279794693
27,0.5038199126720428,0.3832862824201584,0.3324300944805145,0.32362183928489685,0.3723829835653305,0.3837425708770752
28,0.17170452326536179,0.11010325327515602,0.09983677417039871,0.11092214658856392,0.10990744456648827,0.1061566062271595
29,0.7388882339000702,0.5411055982112885,0.4733470529317856,0.6427913308143616,0.4870164841413498,0.521925300359726
30,0.8015377819538116,0.5352728217840195,0.5752589404582977,0.7016198039054871,0.607924073934555,0.5789068341255188
31,0.8732320368289948,0.8494093418121338,0.838918149471283,0.8411165475845337,0.8269494771957397,0.8519518673419952
32,0.8468993902206421,0.8196534216403961,0.8290227353572845,0.7867451012134552,0.7816553115844727,0.8139966726303101
33,0.3212457299232483,0.14748536050319672,0.1568344309926033,0.14989789202809334,0.1447044014930725,0.14261318743228912
34,0.165335975587368,0.08783062174916267,0.12905141338706017,0.14580831676721573,0.11852950975298882,0.10522929579019547
35,0.14576051384210587,0.06732993759214878,0.07056527957320213,0.08032670058310032,0.07247431203722954,0.07574593275785446
36,0.07652652263641357,0.04047194495797157,0.040452511981129646,0.050163384526968,0.037520142272114754,0.03103023860603571
37,0.05538534000515938,0.030563585460186005,0.029218425042927265,0.03153058793395758,0.02346247434616089,0.024374917149543762
38,0.4855034798383713,0.20600134134292603,0.17055707424879074,0.2755901515483856,0.2468726858496666,0.1998526006937027
39,0.6099094748497009,0.41776126623153687,0.38278359174728394,0.597541093826294,0.44213467836380005,0.4119749814271927
40,0.6214852035045624,0.3596641272306442,0.3230002075433731,0.32123591005802155,0.32937003672122955,0.3236546665430069
0,0.022678477689623833,0.023425474064424634,0.021925872890278697,0.03182416479103267,0.02363692712970078,0.023081606021150947
1,0.01829031261149794,0.015511786914430559,0.013493076199665666,0.015756248612888157,0.014441638835705817,0.015937582938931882
2,0.011958681279793382,0.010708709247410297,0.008791163912974298,0.010321452980861068,0.008475691662169993,0.008991584065370262
3,0.01608441723510623,0.007675630273297429,0.0064921960001811385,0.008154539624229074,0.007370125036686659,0.00637240509968251
4,0.07599495584145188,0.02766540995799005,0.02787225879728794,0.04787544999271631,0.03302981285378337,0.024965549120679498
5,0.25356628373265266,0.08215119130909443,0.09399717673659325,0.14393959939479828,0.11889516934752464,0.09350358881056309
6,0.7739177495241165,0.7499770075082779,0.7301784306764603,0.7883634567260742,0.731026828289032,0.7364869564771652
7,0.9196686297655106,0.8849861174821854,0.8766981661319733,0.8982642441987991,0.8752287477254868,0.897804006934166
8,0.9489247649908066,0.9433873146772385,0.95090152323246,0.9545654505491257,0.9475125968456268,0.9543253034353256
9,0.9288249164819717,0.8806707710027695,0.8945690244436264,0.9076516330242157,0.9152779877185822,0.8800775110721588
10,0.9124451875686646,0.9113023430109024,0.912907063961029,0.9226546585559845,0.9157526046037674,0.9118039309978485
11,0.831887423992157,0.7598175555467606,0.7816039025783539,0.7980136871337891,0.8112315088510513,0.787061795592308
12,0.29788120463490486,0.10473902057856321,0.0950271524488926,0.1115738358348608,0.1145987007766962,0.09793517738580704
13,0.34967394173145294,0.12848908454179764,0.1393521074205637,0.15518181398510933,0.13454432785511017,0.14262904226779938
14,0.4710814654827118,0.30512306094169617,0.27064328268170357,0.3681657090783119,0.31277576833963394,0.29301032423973083
15,0.437823086977005,0.24902507290244102,0.23794062063097954,0.2581406943500042,0.26608921587467194,0.24521344527602196
16,0.2798200845718384,0.15235193446278572,0.14652105048298836,0.14083662256598473,0.1523882132023573,0.1491956040263176
17,0.10966847091913223,0.04424172639846802,0.04093970684334636,0.03841135883703828,0.04070680495351553,0.038690611720085144
18,0.16056587919592857,0.07951377518475056,0.0819662343710661,0.07400848530232906,0.0943731777369976,0.08076201751828194
19,0.1813661828637123,0.11902744323015213,0.13345770351588726,0.11951808258891106,0.1433073803782463,0.130822092294693
20,0.17521236464381218,0.10399856604635715,0.10895037092268467,0.09832974430173635,0.12105733714997768,0.10747994855046272
21,0.4585479572415352,0.21103473007678986,0.20486805215477943,0.2443537414073944,0.22648420929908752,0.22768236696720123
22,0.8322075754404068,0.745567724108696,0.728519082069397,0.7575034350156784,0.6855444461107254,0.7457918375730515
23,0.8668282628059387,0.9103906452655792,0.918873742222786,0.9180192649364471,0.8792407810688019,0.9281733930110931
24,0.7630428671836853,0.6894284784793854,0.7230628579854965,0.6634393334388733,0.6175393462181091,0.6943202167749405
25,0.7247472405433655,0.5447075739502907,0.5272073224186897,0.5361664891242981,0.4625118002295494,0.5403619483113289
26,0.6839895099401474,0.5614058896899223,0.5614266693592072,0.5515031516551971,0.5129085332155228,0.5412783250212669
27,0.7199543714523315,0.660957396030426,0.6594490259885788,0.6220268905162811,0.5940976738929749,0.6613976061344147
28,0.5622221827507019,0.36013904213905334,0.38178979605436325,0.4184247553348541,0.37017275393009186,0.39795316755771637
29,0.29819920659065247,0.1712331920862198,0.16708532720804214,0.15643680095672607,0.19957080855965614,0.18922924250364304
30,0.3333112969994545,0.27078356966376305,0.2603790685534477,0.27619558945298195,0.26214585825800896,0.27849266678094864
31,0.23249928653240204,0.15126249380409718,0.16029585897922516,0.1726891975849867,0.14200985059142113,0.15616024285554886
32,0.25470175221562386,0.1729588285088539,0.2016817070543766,0.19805222749710083,0.1658160537481308,0.17821475118398666
33,0.5732061415910721,0.38091934472322464,0.3898032531142235,0.3811637610197067,0.3344776853919029,0.36698146909475327
34,0.5507026091217995,0.30245157331228256,0.3293628767132759,0.2825104258954525,0.2529801093041897,0.32069188356399536
35,0.8796047121286392,0.8585431426763535,0.8555831462144852,0.8666107803583145,0.8225698322057724,0.8490950167179108
36,0.38770561665296555,0.21210622787475586,0.1937195509672165,0.16948403976857662,0.19329314306378365,0.22465931996703148
37,0.4948122799396515,0.27177494019269943,0.2372128628194332,0.23987074568867683,0.2959458604454994,0.26310594379901886
38,0.8295293152332306,0.7581658214330673,0.7327922433614731,0.7429955899715424,0.7406158149242401,0.790352076292038
39,0.7434992343187332,0.696071520447731,0.6176956593990326,0.6800038814544678,0.6628989577293396,0.693760484457016
40,0.5545456632971764,0.34612923860549927,0.3302747495472431,0.3352256938815117,0.3761557452380657,0.3714563772082329
41,0.6358647793531418,0.44695740193128586,0.4510134309530258,0.4372360333800316,0.4998500421643257,0.44617633521556854
42,0.507556326687336,0.40300536155700684,0.38001149147748947,0.4667918011546135,0.4381190985441208,0.4523449242115021
43,0.26751893013715744,0.7461276203393936,0.7227180004119873,0.6088611036539078,0.7419161647558212,0.7606454342603683
44,0.7760928869247437,0.8723462671041489,0.7876897007226944,0.8091344386339188,0.7676733732223511,0.8622847199440002
45,0.7925792038440704,0.9342550188302994,0.9294318109750748,0.9196315854787827,0.9131788462400436,0.932507112622261
46,0.9332583546638489,0.9302562028169632,0.9304864406585693,0.8812902122735977,0.9254655689001083,0.9337651431560516
47,0.9109763503074646,0.8477912843227386,0.8456117361783981,0.8269062489271164,0.8213267177343369,0.8585498780012131
48,0.828790083527565,0.7123635411262512,0.72293321788311,0.7044011056423187,0.6841152310371399,0.7106386572122574
49,0.7484249174594879,0.5423779115080833,0.5366552323102951,0.4525342360138893,0.6145014315843582,0.5349427610635757
50,0.8670898526906967,0.7544790506362915,0.7351145148277283,0.7456171363592148,0.7530528008937836,0.7346918433904648
51,0.9100777208805084,0.8611475229263306,0.8536854088306427,0.8581248074769974,0.8486494421958923,0.8544333726167679
52,0.8631523847579956,0.7774740755558014,0.7789864838123322,0.7939715832471848,0.7683902382850647,0.781064361333847
53,0.797635093331337,0.6389292776584625,0.6389532685279846,0.621665745973587,0.612530380487442,0.5949680358171463
54,0.36817988008260727,0.19726820290088654,0.19773249328136444,0.20780960842967033,0.21877941116690636,0.19400034844875336
55,0.5600745603442192,0.2784046642482281,0.31065555661916733,0.35834740102291107,0.2572951056063175,0.3032229207456112
56,0.5222146585583687,0.31647033989429474,0.35785749554634094,0.40037425607442856,0.33678002655506134,0.36697176843881607
57,0.5352481603622437,0.2934216037392616,0.30048247426748276,0.2738967463374138,0.30780842155218124,0.3009132668375969
58,0.6553869247436523,0.5216471627354622,0.5427199229598045,0.4441017657518387,0.5148935168981552,0.5356613472104073
59,0.17539487779140472,0.11416593939065933,0.11928019858896732,0.12323242612183094,0.1270260438323021,0.12392694503068924
60,0.14888236485421658,0.08257450349628925,0.07784292288124561,0.07979547511786222,0.0777675025165081,0.08270156383514404
61,0.21498006582260132,0.14373787119984627,0.16029795445501804,0.16149455681443214,0.15944084152579308,0.15252307429909706
62,,0.3683808669447899,,,,
63,,0.5310010388493538,,,,
64,0.6530821174383163,0.5218774378299713,0.5832472741603851,0.4964771419763565,0.6054517924785614,0.5396856591105461
65,0.4469141587615013,0.30141543969511986,0.29809898883104324,0.23011688888072968,0.3339127190411091,0.3213067092001438
66,0.22483352199196815,0.1328800804913044,0.1520502269268036,0.14764856174588203,0.1418682113289833,0.1376380492001772
67,0.12223764136433601,0.05885910987854004,0.055342456325888634,0.061203356832265854,0.06013468559831381,0.05281974747776985
68,0.05769731104373932,0.027484816033393145,0.02963463170453906,0.03189192432910204,0.028699409682303667,0.02998239826411009
69,0.05722050089389086,0.033028576988726854,0.03191593615338206,0.036600418388843536,0.03357504168525338,0.030695112887769938
70,0.057893404737114906,0.03547642845660448,0.03536005364730954,0.034838587045669556,0.029812235850840807,0.03288260195404291
71,0.11345051601529121,0.08954320382326841,0.12934471853077412,0.10612751077860594,0.1241132989525795,0.11345930024981499
72,0.15340255945920944,0.10975771397352219,0.10098946467041969,0.08966366201639175,0.11535750143229961,0.09868559055030346
73,0.19547036662697792,0.1075699832290411,0.12359276413917542,0.11005574464797974,0.11521411500871181,0.10927141644060612
74,0.14140274189412594,0.08791691437363625,0.09977654740214348,0.09615328256040812,0.10557597130537033,0.08979526534676552
75,0.317207396030426,0.27781355381011963,0.2470240369439125,0.2718503773212433,0.2790837958455086,0.2782978229224682
76,0.32692214101552963,0.2355603203177452,0.2529180534183979,0.21366876363754272,0.26473160833120346,0.22612883523106575
77,0.14752528071403503,0.10333900526165962,0.10263787768781185,0.09665348567068577,0.12004305608570576,0.10038584098219872
78,0.055264828726649284,0.034343145322054625,0.03170630754902959,0.0367684792727232,0.0351198660209775,0.03402575897052884
79,0.05506121460348368,0.03398337820544839,0.0350695769302547,0.036853952798992395,0.04099280200898647,0.03425159864127636
80,0.15359431877732277,0.1147985840216279,0.11070717126131058,0.10906510706990957,0.12608042918145657,0.11014367081224918
0,0.02220425506432851,0.0650301327308019,0.07534824948137005,0.09538187459111214,0.07017812598496675,0.06340128571415941
1,0.14477921898166338,0.07985857129096985,0.06291850314786036,0.07496070923904578,0.07840936444699764,0.07603588948647182
2,0.10741632431745529,0.049880921530226864,0.04259150723616282,0.05030336603522301,0.04558350704610348,0.04476530601580938
3,0.10886139546831448,0.04923517101754745,0.04393570373455683,0.06027551678319772,0.047760543723901115,0.04261108115315437
4,0.14629479870200157,0.06483122023443381,0.05691550547877947,0.06972017325460911,0.06629673515756924,0.06918217055499554
5,0.12809840962290764,0.0662273286531369,0.057912888626257576,0.0793991753210624,0.07180991520484288,0.06298401268819968
6,0.11597828691204388,0.05801691859960556,0.05197260652979215,0.04896241364379724,0.056833669543266296,0.057057992865641914
7,0.17218708246946335,0.08209585895140965,0.07240002540250619,0.08200905099511147,0.090022137388587,0.07966701251765092
8,0.11473433176676433,0.05682714221378168,0.06123613317807516,0.06531671558817227,0.058876420060793556,0.06413808465003967
9,0.10872501879930496,0.05547591236730417,0.05783189336458842,0.06123599720497926,0.0665369735409816,0.055727459490299225
10,0.1012638546526432,0.06280119841297467,0.049110750357309975,0.04964686557650566,0.06300809731086095,0.05403430573642254
11,0.10138501723607381,0.055124521255493164,0.04550129361450672,0.05209939181804657,0.06055383197963238,0.051674675196409225
12,0.09984120478232701,0.057005478690067925,0.05051960609853268,0.05234240305920442,0.05800572782754898,0.04927919308344523
13,0.10402721787492435,0.04095165524631739,0.03919848054647446,0.05171726271510124,0.0422704815864563,0.040291553984085716
14,0.12554517264167467,0.05442006637652715,0.052042062704761825,0.06574231075743835,0.06468263951440652,0.058312440291047096
15,0.14831098541617393,0.062341525529821716,0.06181129068136215,0.07411381788551807,0.07116532263656457,0.06637040836115678
16,0.2476452092329661,0.11372443164388339,0.10013400701185067,0.11201373487710953,0.1149833972255389,0.12953762585918108
17,0.09088131785392761,0.04492253437638283,0.04385012201964855,0.05174575621883074,0.04448927007615566,0.046074112256368004
18,0.11573140074809392,0.0674129668623209,0.07488111903270085,0.0728334051867326,0.06597313098609447,0.0672453052053849
19,0.272956316669782,0.13406899323066077,0.1468070646127065,0.1473387156923612,0.1624420310060183,0.14179016401370367
20,0.24587570875883102,0.13393481820821762,0.12759251023332277,0.12692862252394357,0.15979637950658798,0.13647418220837912
21,0.3912560890118281,0.16333197305599848,0.16916855176289877,0.19576247284809747,0.18042310575644174,0.17142375310262045
22,0.39835145076115924,0.1533794403076172,0.13027234251300493,0.13634312028686205,0.1574092097580433,0.15320681408047676
23,0.5054771254460017,0.367204229036967,0.3294503912329674,0.36632392803827923,0.36235324045022327,0.3463042825460434
24,0.4934459278980891,0.2559083824356397,0.25336702664693195,0.2668885538975398,0.2803052142262459,0.27375857283671695
25,0.4107867528994878,0.21063811207811037,0.1801170607407888,0.21626715113719305,0.18031844993432364,0.20492861916621527
26,0.5713591674963633,0.4742833773295085,0.4444243162870407,0.5276833126942316,0.4289807031551997,0.4749755909045537
27,0.15464630350470543,0.0922505296766758,0.09393707166115443,0.1004087043305238,0.0892668856928746,0.09497681880990665
28,0.1701174428065618,0.08820294899245103,0.09041722243030866,0.11900119483470917,0.08418039977550507,0.09552060502270858
29,0.1808802137772242,0.11084964374701183,0.11280752221743266,0.13925952340165773,0.12953581536809602,0.11640793830156326
30,0.27825827648242313,0.2254312460621198,0.21423006554444632,0.2627822483579318,0.24916207045316696,0.22761417428652445
31,0.23343249907096228,0.1958776811758677,0.18071587880452475,0.14923390373587608,0.2015485813220342,0.19029667104283968
32,0.2442982296148936,0.17593480149904886,0.1873158055047194,0.19887894640366235,0.18977695206801096,0.176997701327006
33,0.3851766139268875,0.29723183314005536,0.3069358517726262,0.34968556463718414,0.30725567042827606,0.30708856383959454
34,0.30968716243902844,0.2502876967191696,0.23892351984977722,0.3099721123774846,0.24803996086120605,0.23787710815668106
35,0.27080903947353363,0.1303338830669721,0.1286949266990026,0.11765847355127335,0.14529267946879068,0.1312022184332212
36,0.308979128797849,0.1882010561724504,0.18728857735792795,0.1735569586356481,0.19243172680338225,0.18198533728718758
37,0.4510759214560191,0.33620154360930127,0.3165719161430995,0.3490089178085327,0.3194427490234375,0.31598055362701416
38,0.3133433337012927,0.2592794920007388,0.24231711526711783,0.2528974711894989,0.25704647849003476,0.25421930104494095
39,0.2868949845433235,0.2579270899295807,0.24661144614219666,0.2411312833428383,0.25562040507793427,0.24415079752604166
40,0.7233570913473765,0.584585984547933,0.5554198026657104,0.6146193146705627,0.5290835301081339,0.5787719885508219
41,0.6724643508593241,0.47955868641535443,0.46873369812965393,0.43989962339401245,0.3747139126062393,0.4741317282120387
42,0.7197721401850382,0.5958277781804403,0.5480748265981674,0.45254864792029065,0.4801890154679616,0.5988634626070658
43,0.6670745412508646,0.5262785106897354,0.5143495947122574,0.42178796728452045,0.45653199156125385,0.5252556006113688
44,0.5122952113548914,0.2736460467179616,0.28339750816424686,0.25564798216025036,0.2628021265069644,0.2912850280602773
45,0.4219049314657847,0.22131914148728052,0.22754952063163122,0.27019820859034854,0.2019745111465454,0.23504333446423212
46,0.7428446511427561,0.6149513324101766,0.6313550472259521,0.6045951992273331,0.5451498677333196,0.6400480767091116
47,0.8662591179211935,0.8429027100404104,0.8401069939136505,0.7995218435923258,0.8043826818466187,0.8453199664751688
48,0.8717666268348694,0.9178013801574707,0.9245760043462118,0.9065571228663126,0.9130296111106873,0.9169351160526276
49,0.9270816842714945,0.959208091100057,0.9618109862009684,0.9558591246604919,0.9538393318653107,0.9623713195323944
50,0.9350574215253195,0.9204042355219523,0.9071793456872305,0.9068230092525482,0.9022606710592905,0.9190849264462789
51,0.6423118313153585,0.47264815370241803,0.4711523602406184,0.436505451798439,0.4843016117811203,0.4681994120279948
52,0.668546587228775,0.5906742165486017,0.6071218152840933,0.5787929097811381,0.6142473171154658,0.5903662989536921
53,0.8637690643469492,0.8624551296234131,0.8545120656490326,0.8248612582683563,0.8618584672609965,0.8593517541885376
54,0.8128518064816793,0.7180622418721517,0.6952922940254211,0.6359908878803253,0.6815030972162882,0.7239799400170644
55,0.7533207535743713,0.6954669853051504,0.6945703228314718,0.6015965739885966,0.713634729385376,0.696870376666387
56,0.5704008837540945,0.3675028334061305,0.3580425555507342,0.3982117871443431,0.38292037943998974,0.3721078212062518
57,0.4937902291615804,0.27978011469046277,0.27972867836554843,0.24517224729061127,0.30764304598172504,0.26439249763886136
58,0.19773680965105692,0.229935884475708,0.2567182282606761,0.2631259908278783,0.17901857197284698,0.23468857382734618
59,,0.506447046995163,,,,
60,0.5653785715500513,0.3697353998819987,0.3579517776767413,0.422278771797816,0.3184001222252846,0.3746287276347478
61,0.5591841290394465,0.39133408665657043,0.38299253582954407,0.43609998126824695,0.37102053066094715,0.3922492365042369
62,0.38161933422088623,0.25194065769513446,0.22735300163427988,0.23588344951470694,0.23337805271148682,0.2257387712597847
63,0.7550297180811564,0.602547417084376,0.5929947594801585,0.6326558887958527,0.6254014670848846,0.6393910944461823
64,0.755944828192393,0.6105776925881704,0.6148273150126139,0.5978557268778483,0.6276584466298422,0.6374557415644327
65,0.7354089518388113,0.5872678955396017,0.5878176987171173,0.6202552715937296,0.6104629536469778,0.6091137925783793
66,0.7778178652127584,0.6227346857388815,0.6185731589794159,0.6704010367393494,0.6547940274079641,0.6611641049385071
67,0.29928480337063473,0.1812082218627135,0.18326821674903235,0.18677550305922827,0.16830560813347498,0.16454176977276802
68,0.3716776768366496,0.21887926508982977,0.2234772096077601,0.24478715906540552,0.2371169850230217,0.21522685637076697
69,0.32813408970832825,0.1768015498916308,0.17595019191503525,0.17915732910235724,0.16010847687721252,0.17506980150938034
70,0.37942005693912506,0.22363191843032837,0.2139161080121994,0.2229970246553421,0.2026983971397082,0.1962959741552671
71,0.34127600987752277,0.22198796768983206,0.19657690078020096,0.22401282439629236,0.2043977528810501,0.19225787371397018
72,0.3337225392460823,0.20605396976073584,0.1996445581316948,0.22132102648417154,0.204963319003582,0.1978816663225492
73,0.3670041511456172,0.21990687400102615,0.19640624026457468,0.24106701711813608,0.20291285713513693,0.2062560791770617
74,0.3066905488570531,0.17548484851916632,0.17048127204179764,0.19406292835871378,0.17465699712435404,0.1579590712984403
0,0.1330554522573948,0.12013683468103409,0.1148739829659462,0.11399444099515676,0.10029838234186172,0.12407905794680119
1,0.22353991493582726,0.100362004712224,0.09430472739040852,0.098503727465868,0.11415188759565353,0.09095491655170918
2,0.24937542155385017,0.12504896521568298,0.1412462629377842,0.13573942705988884,0.15230443701148033,0.12636359967291355
3,0.2764396592974663,0.24427882209420204,0.20985226146876812,0.2054552026093006,0.19268404133617878,0.20288983918726444
4,0.4155850186944008,0.311265729367733,0.3346310593187809,0.23906158283352852,0.3190153017640114,0.3131806403398514
5,0.261130403727293,0.1715993992984295,0.1835184507071972,0.1665482223033905,0.14952263794839382,0.15717878937721252
6,0.32821956276893616,0.18345919251441956,0.17977089434862137,0.19567814841866493,0.17784452438354492,0.19434043392539024
7,0.4362245947122574,0.30784473568201065,0.28512950986623764,0.26574868336319923,0.28890324756503105,0.32551655545830727
8,0.7710741609334946,0.6476625353097916,0.6651429086923599,0.6830020546913147,0.5892218872904778,0.6439297646284103
9,0.7517922818660736,0.5962301567196846,0.5940982103347778,0.5645534470677376,0.5461178943514824,0.5843805819749832
10,0.5335672795772552,0.5984525606036186,0.5252749621868134,0.6044718325138092,0.509041965007782,0.5967989563941956
11,0.6124431118369102,0.6614254713058472,0.5992073267698288,0.6604919284582138,0.6109553128480911,0.6768337339162827
12,0.6963990032672882,0.572615958750248,0.5567724108695984,0.5902849435806274,0.5006123557686806,0.5548060834407806
13,0.6851682513952255,0.5144240036606789,0.524029053747654,0.5419836565852165,0.43971041589975357,0.49615205079317093
14,0.6896297931671143,0.6137112081050873,0.6094496101140976,0.6049449741840363,0.5250469595193863,0.6340690478682518
15,0.7223339229822159,0.6347211748361588,0.635826975107193,0.6313157230615616,0.5686939656734467,0.6551109105348587
16,0.6085243821144104,0.41702551394701004,0.45689932256937027,0.4073660746216774,0.36040692031383514,0.4370132386684418
17,0.4849265590310097,0.38711145520210266,0.3898230418562889,0.3001946583390236,0.35097761079669,0.38149765878915787
18,0.3255865275859833,0.19637236557900906,0.23097279481589794,0.18969674035906792,0.1884273998439312,0.21661684662103653
19,0.2215559408068657,0.22454244270920753,0.2886195704340935,0.23635463044047356,0.2800894118845463,0.21003063395619392
20,0.22230782359838486,0.2221226915717125,0.26197462156414986,0.21278586611151695,0.2458430789411068,0.20394205302000046
21,0.34601563960313797,0.2760830670595169,0.30589278042316437,0.286989938467741,0.2883359231054783,0.27911151573061943
22,0.5112580507993698,0.3242777809500694,0.3377598822116852,0.21239525452256203,0.36733754724264145,0.35597850382328033
23,0.41244737803936005,0.2935499846935272,0.29835958778858185,0.20144739747047424,0.3180035576224327,0.2969806045293808
24,0.1353428140282631,0.12111500836908817,0.13099471293389797,0.11766965873539448,0.11865642666816711,0.12148678861558437
25,0.1871008463203907,0.14351598173379898,0.15028531849384308,0.11987930722534657,0.14876978658139706,0.15373655781149864
26,0.4805632457137108,0.3147359564900398,0.29795896261930466,0.2274063155055046,0.33794979751110077,0.2877028062939644
27,0.44130879640579224,0.16821816749870777,0.15841780230402946,0.2296769991517067,0.21367131918668747,0.15730080381035805
28,0.3151222765445709,0.15814464911818504,0.14124933071434498,0.1560390219092369,0.1822360623627901,0.1487444657832384
29,0.07912884652614594,0.06745205353945494,0.07054509222507477,0.06920948810875416,0.07729149051010609,0.08074136078357697
30,0.1951919011771679,0.10066178999841213,0.11720561794936657,0.11157267726957798,0.10189473628997803,0.11902686767280102
31,0.5695046037435532,0.42054977267980576,0.4169519320130348,0.3743929788470268,0.3795548900961876,0.4048736244440079
32,0.5244746953248978,0.28169091418385506,0.2876330204308033,0.2805536091327667,0.30128544941544533,0.28923794627189636
33,0.5012515783309937,0.36866456270217896,0.36797891557216644,0.32570739835500717,0.3446110934019089,0.3471424952149391
34,0.7659046798944473,0.7330451458692551,0.6945543438196182,0.7528738081455231,0.675475001335144,0.7321046590805054
35,0.5943711251020432,0.46254872530698776,0.42401032894849777,0.47499625384807587,0.4255353957414627,0.44811544567346573
36,0.5324968993663788,0.3576691746711731,0.36586838588118553,0.35320569574832916,0.3729463070631027,0.3538191169500351
37,0.6575600653886795,0.5165240988135338,0.48891616612672806,0.5399536043405533,0.4220373183488846,0.4891584888100624
38,0.7419560551643372,0.6430259644985199,0.6405088603496552,0.6449595540761948,0.6338592916727066,0.6242149919271469
39,0.38134943693876266,0.2325763925909996,0.22102000936865807,0.2032570205628872,0.24108463898301125,0.2230803519487381
40,0.7135076820850372,0.551125057041645,0.5207232087850571,0.549627959728241,0.5469500944018364,0.5410805493593216
41,0.7635480761528015,0.687212809920311,0.6461459845304489,0.6413217186927795,0.6849482506513596,0.6747856885194778
42,0.817496582865715,0.7389160096645355,0.7241800278425217,0.6959483921527863,0.7254343777894974,0.7249704450368881
43,0.9002704173326492,0.9268206506967545,0.9256311058998108,0.8541896045207977,0.9277272075414658,0.9297128468751907
44,0.7774132788181305,0.6846959143877029,0.6406416147947311,0.6144071370363235,0.6175764352083206,0.6541098356246948
45,0.9048554450273514,0.8336102068424225,0.8235342651605606,0.8300168216228485,0.7944095730781555,0.8349456191062927
46,0.9299984276294708,0.8959688395261765,0.9036703556776047,0.9156792312860489,0.8829859495162964,0.9174614101648331
47,0.9437372833490372,0.9250576049089432,0.9241143465042114,0.9070357084274292,0.9145259410142899,0.9264403730630875
48,0.9073401093482971,0.8759987652301788,0.8515041619539261,0.8659743666648865,0.8556144386529922,0.8550402075052261
49,0.9145593494176865,0.8846419006586075,0.8873464316129684,0.8971560448408127,0.8724135458469391,0.8822796046733856
50,0.9228880107402802,0.8860049992799759,0.887620747089386,0.8877433389425278,0.8704521656036377,0.8707118630409241
51,0.8998874723911285,0.8975314199924469,0.8954568356275558,0.8931670784950256,0.8932785838842392,0.8933399021625519
52,0.8936842083930969,0.8703178465366364,0.879013180732727,0.8635598570108414,0.8570716083049774,0.8672046959400177
53,0.8543799519538879,0.8257419317960739,0.8419474363327026,0.8271945416927338,0.8108303546905518,0.8336867541074753
54,0.9441304206848145,0.9277751445770264,0.9417890459299088,0.9273838400840759,0.9155615717172623,0.9357933104038239
55,0.9403077512979507,0.9151986241340637,0.9273921847343445,0.9193896800279617,0.8997719138860703,0.9201862812042236
56,0.5096155256032944,0.3108220547437668,0.276665311306715,0.3750036954879761,0.25434375181794167,0.3442615941166878
57,0.5234582349658012,0.37460652738809586,0.31812961399555206,0.3574986085295677,0.32769208028912544,0.3842364251613617
58,0.5276886895298958,0.3810155913233757,0.33742134273052216,0.43045230954885483,0.3506511077284813,0.3716850057244301
59,0.6057633608579636,0.32761041447520256,0.38742008805274963,0.41092005372047424,0.23697591572999954,0.3429068773984909
60,,0.6317766159772873,,,,
61,,0.5504924058914185,,,,
62,0.4473424330353737,0.26328208670020103,0.23939130827784538,0.20458104461431503,0.2833908796310425,0.2731689214706421
63,0.6247195303440094,0.4065096378326416,0.41756878048181534,0.36943740770220757,0.4113006144762039,0.4413025975227356
64,0.6003209128975868,0.38920705020427704,0.43047767877578735,0.32755981013178825,0.4045882597565651,0.4437572509050369
65,0.5346132814884186,0.3281852789223194,0.3365054279565811,0.25814664363861084,0.36069052293896675,0.36348918080329895
66,0.49094273149967194,0.4768596440553665,0.5178085118532181,0.41461773216724396,0.456636518239975,0.45118018239736557
67,0.2908456474542618,0.26842719316482544,0.31910108029842377,0.27643654495477676,0.27107802778482437,0.2942301295697689
68,0.2691195383667946,0.14449578896164894,0.12010623328387737,0.1552121937274933,0.1396086998283863,0.10332048870623112
69,0.30932147055864334,0.16991474851965904,0.16361172124743462,0.15892501175403595,0.17708031460642815,0.13240390829741955
70,0.16386067867279053,0.11585460975766182,0.12031898647546768,0.12165814638137817,0.10554931312799454,0.12216096557676792
71,0.20363901183009148,0.11978371348232031,0.1244323467835784,0.14339455217123032,0.14266176614910364,0.12731084879487753
72,0.14581100642681122,0.12441725842654705,0.11683972459286451,0.07867934089154005,0.12550241500139236,0.12646259367465973
73,0.2412184663116932,0.19438428804278374,0.1909419447183609,0.16412004455924034,0.17620572820305824,0.17694349959492683
74,0.32067397981882095,0.28908100724220276,0.3303796947002411,0.3112369738519192,0.29435647279024124,0.29390856623649597
75,0.4231230318546295,0.2956620864570141,0.2703521177172661,0.20200705341994762,0.30978861823678017,0.2571960724890232
0,0.40605977475643157,0.28661165982484815,0.30888656079769133,0.27556659281253815,0.2905402064323425,0.27578879743814466
1,0.14127463698387147,0.07256417572498322,0.07919709831476211,0.08582441508769989,0.0741302490234375,0.07593692988157272
2,0.1110953450202942,0.05140510499477387,0.05496602207422256,0.06594610065221787,0.05084090679883957,0.05351979434490204
3,0.17633330971002578,0.0822806179523468,0.07686054483056068,0.09546598047018051,0.08105170726776123,0.0892362803220749
4,0.1259498417377472,0.049253526329994204,0.05179647132754326,0.05552982613444328,0.05127246677875519,0.054158026725053786
5,0.16834443509578706,0.10362502783536912,0.08908873945474624,0.1104031264781952,0.09012221395969391,0.10359528213739395
6,0.2694975584745407,0.17259498983621596,0.16898272931575775,0.2050051599740982,0.17361668795347213,0.16193335503339767
7,0.39318352937698364,0.2520448863506317,0.22192760109901427,0.2588938772678375,0.23817995190620422,0.24289631545543672
8,0.2667017936706543,0.16356398314237594,0.1647605299949646,0.197543004155159,0.1663802295923233,0.16257872432470322
9,0.2163815677165985,0.10108487010002136,0.0995441347360611,0.11515914499759675,0.09748156964778901,0.10316664278507233
10,0.20891801118850709,0.10191814005374908,0.10657302141189576,0.12262473255395889,0.09827565401792526,0.09780606180429459
11,0.17511377483606339,0.09769666343927383,0.09725028276443481,0.11474814638495445,0.08690605610609055,0.09108777642250061
12,0.4428126811981201,0.3716753125190735,0.3806867450475693,0.31249548494815826,0.3833893001079559,0.3735995918512344
13,0.4258503496646881,0.3535821169614792,0.36376105844974516,0.3003068998456001,0.3608101665973663,0.35987167358398436
14,0.43023539781570436,0.320098289847374,0.34303309917449953,0.2879114031791687,0.3306944817304611,0.337490439414978
15,0.4698443353176117,0.3241638869047165,0.3357528358697891,0.28503834903240205,0.3597843021154404,0.3589365273714066
16,0.27616856098175047,0.17365108281373978,0.1567925840616226,0.16991060376167297,0.1747443348169327,0.17214740216732025
17,0.6737042665481567,0.667602801322937,0.6628656506538391,0.6135501980781555,0.6044806480407715,0.6165973782539368
18,0.5629627525806427,0.3578033924102783,0.3593785226345062,0.37402520179748533,0.3337899684906006,0.3409053683280945
19,0.4890108823776245,0.26863090991973876,0.26114127039909363,0.2939165413379669,0.27328474819660187,0.27016682326793673
20,0.7106925010681152,0.6194769382476807,0.5855069875717163,0.6313609838485718,0.6244996905326843,0.6203737497329712
21,0.7308404207229614,0.8568343997001648,0.8589736819267273,0.8668404221534729,0.8710522651672363,0.8693244218826294
22,0.6734317421913147,0.7066029787063599,0.7154632687568665,0.6922705173492432,0.6786932826042176,0.7232854485511779
23,0.7134316086769104,0.6382876515388489,0.6275366187095642,0.647325849533081,0.6204244256019592,0.6226598501205445
24,0.643534529209137,0.5018783748149872,0.5281832754611969,0.5608729422092438,0.47695858478546144,0.5282623291015625
25,0.52830770611763,0.36635288000106814,0.352736160159111,0.29373817443847655,0.3988888680934906,0.3699435114860535
26,0.4870597183704376,0.3063372939825058,0.30725134909152985,0.2520748972892761,0.34880650639533994,0.3184664934873581
27,0.40281211137771605,0.27056653797626495,0.2802340567111969,0.23866489231586457,0.30226040482521055,0.27727743089199064
28,0.401425439119339,0.2682512551546097,0.27955087423324587,0.24107098579406738,0.29734580814838407,0.2777102470397949
29,0.4086307525634766,0.27933937311172485,0.2854196667671204,0.24437094032764434,0.31191893219947814,0.28209484219551084
30,0.4193029761314392,0.30063594579696656,0.2902886211872101,0.2485794723033905,0.32567524909973145,0.29591327011585233
31,0.4015872299671173,0.30516802966594697,0.300588995218277,0.26343429684638975,0.3338082045316696,0.30688370764255524
32,0.4533928632736206,0.35857742428779604,0.35973951816558836,0.31854877173900603,0.37060885429382323,0.3483501046895981
33,0.2776772528886795,0.165493007004261,0.16739889234304428,0.21243491470813752,0.1641770675778389,0.16914793699979783
34,0.30512977242469785,0.26178944408893584,0.26428098380565646,0.28926695287227633,0.2588310122489929,0.2630288749933243
35,0.3862060308456421,0.3159656643867493,0.32956293821334837,0.33999739289283754,0.33637948632240294,0.3117342531681061
36,0.3611005783081055,0.2629025250673294,0.2725659400224686,0.3019163489341736,0.2524648457765579,0.27994042336940766
37,0.6460097432136536,0.45091883540153505,0.459775573015213,0.5135328650474549,0.4431955933570862,0.44534372091293334
38,0.8829461693763733,0.8995421171188355,0.8885302186012268,0.8175380825996399,0.9034039139747619,0.89981609582901
39,0.876319968700409,0.8408109188079834,0.818214499950409,0.8213302969932557,0.8342584490776062,0.8536779999732971
40,0.8627240419387817,0.8040024876594544,0.7826322793960572,0.7915755391120911,0.7556961655616761,0.7957058191299439
41,0.9113082885742188,0.8829499363899231,0.8872956514358521,0.8854606747627258,0.8659964799880981,0.892308521270752
42,0.9046356081962585,0.8453333854675293,0.8601445078849792,0.872893226146698,0.8160810112953186,0.8611578822135926
43,0.7584580063819886,0.6163623809814454,0.6791344523429871,0.703138244152069,0.6084904432296753,0.6511531829833984
44,0.8173169255256653,0.71730717420578,0.709959614276886,0.7323673367500305,0.7002539038658142,0.6841717958450317
45,0.8772530674934387,0.7887975692749023,0.7840169429779053,0.7856176853179931,0.7966850280761719,0.7797859311103821
46,0.8466352701187134,0.8188753962516785,0.8324993014335632,0.8156329751014709,0.7991579532623291,0.7955845355987549
47,0.8274086117744446,0.8468364953994751,0.8448581337928772,0.7753429770469665,0.8212618350982666,0.8583797454833985
48,0.718002712726593,0.680173134803772,0.7104977667331696,0.6985016763210297,0.6907019913196564,0.6847428977489471
49,0.6625081777572632,0.5424789607524871,0.5683691620826721,0.5373150050640106,0.6221676588058471,0.5825481474399566
50,0.8280811667442322,0.7488737463951111,0.7516575932502747,0.7346680283546447,0.7814115643501282,0.7209570527076721
51,0.8982923269271851,0.8894978284835815,0.87316392660141,0.8399121761322021,0.8783058762550354,0.8691105723381043
52,0.867230224609375,0.8675189971923828,0.8687508940696717,0.8218070507049561,0.8789547920227051,0.8575812101364135
53,0.7664772748947144,0.5616464614868164,0.5775450110435486,0.5962839722633362,0.5546059906482697,0.5037196695804596
54,0.46816095113754275,0.29023301005363467,0.28972604870796204,0.3033903479576111,0.2638183057308197,0.25548303723335264
55,0.7474912405014038,0.6059262752532959,0.6161171674728394,0.6099727511405945,0.5665500044822693,0.6030945539474487
56,,0.3789746403694153,,,,
57,,0.35108149647712705,,,,
58,0.5894037365913392,0.3237126678228378,0.3158631086349487,0.29166137874126435,0.35428319573402406,0.3368677258491516
59,0.5693605065345764,0.29990349113941195,0.29896689355373385,0.25016237497329713,0.34985403418540956,0.31508525013923644
60,0.5806910395622253,0.3197965085506439,0.31111781895160673,0.2620793581008911,0.37531418204307554,0.3348272144794464
61,0.5647883534431457,0.2901864767074585,0.2884964823722839,0.2368253856897354,0.3361730635166168,0.29761247634887694
62,0.5234086275100708,0.2741286545991898,0.2577997177839279,0.20857779085636138,0.30582021474838256,0.2662850499153137
63,0.42181840538978577,0.19996596425771712,0.1967740461230278,0.1849401742219925,0.22317406833171843,0.18987783193588256
64,0.4464861571788788,0.23883838951587677,0.2460693597793579,0.21516557335853576,0.2727141797542572,0.2503491401672363
65,0.44132985472679137,0.3033382803201675,0.3049935519695282,0.25416416823863985,0.3371914476156235,0.3119327902793884
66,0.45113844275474546,0.3647333711385727,0.36446910798549653,0.3296363204717636,0.3769038110971451,0.36026157438755035
67,0.4104108214378357,0.33285721242427824,0.3512652188539505,0.30010648965835574,0.3703001081943512,0.341143861413002
68,0.38948054909706115,0.3166250675916672,0.32778091430664064,0.29544769823551176,0.3592371463775635,0.3328471094369888
69,0.41001721620559695,0.3248607933521271,0.342556032538414,0.29553442895412446,0.3631187409162521,0.33072656095027925
70,0.39232287406921384,0.31514242887496946,0.3293756484985352,0.277915520966053,0.3484747648239136,0.3201771527528763
71,0.3845732271671295,0.28745125234127045,0.31428055465221405,0.2553557813167572,0.3195021957159042,0.30661712884902953
72,0.3627333134412766,0.2910860896110535,0.31325633227825167,0.2424534171819687,0.31812746822834015,0.290386027097702
73,0.3626388102769852,0.2822185903787613,0.30510114133358,0.24343377351760864,0.29696024358272555,0.2862386167049408
74,0.3648429840803146,0.28012541830539706,0.30510114133358,0.24290466606616973,0.29696024358272555,0.2878985285758972
75,0.36118264496326447,0.27918330729007723,0.30041841566562655,0.2424534171819687,0.2956809550523758,0.2843282848596573
0,0.02805398963391781,0.00904061645269394,0.00786029826849699,0.006649028975516558,0.007494552992284298,0.010172245092689991
1,0.06543263047933578,0.038415245711803436,0.025938954204320908,0.04331960156559944,0.03033284842967987,0.028643347322940826
2,0.2176586091518402,0.0865597054362297,0.0781828835606575,0.08556576818227768,0.10314439237117767,0.08220464736223221
3,0.22081393003463745,0.07079141587018967,0.0571737140417099,0.05523422360420227,0.05118938535451889,0.05568614974617958
4,0.5345089435577393,0.4129689931869507,0.39193806052207947,0.28932449221611023,0.3317492604255676,0.3573586046695709
5,0.1644594967365265,0.0875793993473053,0.07663135230541229,0.08671877533197403,0.09092999994754791,0.06866862624883652
6,0.09620913863182068,0.07131700217723846,0.06498119980096817,0.05585893988609314,0.07535999268293381,0.050625573843717575
7,0.356100469827652,0.135950967669487,0.1320286989212036,0.1391673982143402,0.13891299068927765,0.14691737294197083
8,0.24547912180423737,0.09445098042488098,0.10472626239061356,0.11186893284320831,0.1042977124452591,0.0976857841014862
9,0.13734857738018036,0.061123721301555634,0.05811650678515434,0.06852023303508759,0.07473913580179214,0.05952989310026169
10,0.10812471807003021,0.0800248458981514,0.05994248390197754,0.07289198786020279,0.07956940680742264,0.060029178857803345
11,0.2470540553331375,0.174322247505188,0.16693784296512604,0.1377323567867279,0.18841642141342163,0.14342264831066132
12,0.18734847009181976,0.10584674775600433,0.10726897418498993,0.08298328518867493,0.12934543192386627,0.08466228097677231
13,0.22956781089305878,0.1250978261232376,0.08526285737752914,0.10675475746393204,0.08440261334180832,0.12887413799762726
14,0.3087994158267975,0.19380775094032288,0.16501116752624512,0.15930654108524323,0.166404590010643,0.1711588054895401
15,0.14763499796390533,0.08387491106987,0.07578480243682861,0.09981471300125122,0.10111415386199951,0.0756642073392868
16,0.10385752469301224,0.06281935423612595,0.0516783744096756,0.06596578657627106,0.054208509624004364,0.05463355779647827
17,0.14265331625938416,0.14181381464004517,0.10626199841499329,0.14739464223384857,0.1418648064136505,0.12312747538089752
18,0.17687708139419556,0.09833324700593948,0.08134852349758148,0.09338143467903137,0.12980253994464874,0.08641301095485687
19,0.34550946950912476,0.225790336728096,0.2488173097372055,0.21204836666584015,0.2717158794403076,0.2410801649093628
20,0.22276359796524048,0.08615202456712723,0.0682302936911583,0.0812898799777031,0.0999889001250267,0.09353900700807571
21,0.08972682803869247,0.03779594972729683,0.032239001244306564,0.045399077236652374,0.036856211721897125,0.03685442730784416
22,0.27725788950920105,0.251056045293808,0.22230572998523712,0.2010374218225479,0.2966519296169281,0.2071111500263214
23,0.09113840758800507,0.1343817412853241,0.1366225928068161,0.09868524223566055,0.1272248476743698,0.13238859176635742
24,0.4053920805454254,0.18301762640476227,0.20670956373214722,0.20740778744220734,0.22385208308696747,0.2211131602525711
25,0.4973260760307312,0.36622151732444763,0.3738444149494171,0.30462414026260376,0.41040629148483276,0.3436647951602936
26,0.5416578054428101,0.4172466993331909,0.4033936560153961,0.34757375717163086,0.4300781786441803,0.4243182837963104
27,0.49378859996795654,0.39986684918403625,0.35720986127853394,0.3048689663410187,0.38682305812835693,0.3569398522377014
28,0.4451272487640381,0.31866785883903503,0.31152305006980896,0.2553773522377014,0.35514894127845764,0.27554965019226074
29,0.2585861384868622,0.15752801299095154,0.1416330188512802,0.164894700050354,0.15628959238529205,0.1459166556596756
30,0.29358431696891785,0.19047324359416962,0.198700949549675,0.21512991189956665,0.22398900985717773,0.1756996214389801
31,0.254284530878067,0.10879437625408173,0.12119872868061066,0.14487729966640472,0.12979362905025482,0.12139081209897995
32,0.250426322221756,0.1355823576450348,0.14187578856945038,0.150305837392807,0.15352271497249603,0.12248688191175461
33,0.5006324648857117,0.19141481816768646,0.20199432969093323,0.3082200586795807,0.22579632699489594,0.2437780648469925
34,0.5891510844230652,0.3671225905418396,0.33882707357406616,0.4542829990386963,0.40289542078971863,0.36475250124931335
35,0.5658710598945618,0.3255889415740967,0.35235175490379333,0.4504639506340027,0.36243295669555664,0.37232881784439087
36,0.7197464108467102,0.5144909620285034,0.5374318957328796,0.6501322984695435,0.5584992170333862,0.560646653175354
37,0.6629326343536377,0.3748161196708679,0.34159374237060547,0.5014122128486633,0.4143413007259369,0.4257488548755646
38,0.6329585909843445,0.4328237771987915,0.38837355375289917,0.5380041599273682,0.40517738461494446,0.4590153396129608
39,0.447754830121994,0.3048825263977051,0.30104514956474304,0.3125501871109009,0.29673144221305847,0.2807086110115051
40,0.5951639413833618,0.42555558681488037,0.4006067216396332,0.469043105840683,0.4171859920024872,0.4665282964706421
41,0.7362188696861267,0.4592408537864685,0.5230173468589783,0.5671783089637756,0.5838128328323364,0.5436516404151917
42,0.7186341881752014,0.8145344853401184,0.7669942378997803,0.8562484383583069,0.817779004573822,0.8069047331809998
43,0.5940373539924622,0.6582116484642029,0.6121125221252441,0.7020633816719055,0.6696207523345947,0.6446651816368103
44,0.5433812141418457,0.32010045647621155,0.3387375473976135,0.26732972264289856,0.3511129319667816,0.30296841263771057
45,0.6247555017471313,0.44625505805015564,0.4557758867740631,0.3719712495803833,0.5035132765769958,0.43755844235420227
46,0.5867056250572205,0.4345264434814453,0.455419659614563,0.3720480799674988,0.44973865151405334,0.39815694093704224
47,0.22846947610378265,0.13303489983081818,0.16076034307479858,0.14620114862918854,0.14283940196037292,0.15800032019615173
48,0.3322729170322418,0.17559312283992767,0.16797307133674622,0.22552412748336792,0.22407442331314087,0.18293794989585876
49,0.5815435647964478,0.5904281139373779,0.526206910610199,0.5346523523330688,0.5085830092430115,0.5278804898262024
50,0.8397442102432251,0.7779162526130676,0.79913330078125,0.7406861186027527,0.7371522188186646,0.7995929718017578
51,0.8499370813369751,0.7594996094703674,0.7483777403831482,0.7176940441131592,0.7362416982650757,0.7784816026687622
52,0.9143977165222168,0.8870025873184204,0.877036988735199,0.8312475085258484,0.8938463926315308,0.8871181011199951
53,0.9143977165222168,0.9105559587478638,0.9124888777732849,0.8626777529716492,0.9047021269798279,0.8997170329093933
54,0.3806951940059662,0.16791114211082458,0.17748743295669556,0.20703516900539398,0.18684716522693634,0.1910398155450821
55,0.8208968639373779,0.6439931392669678,0.625778317451477,0.639701783657074,0.6491247415542603,0.6447126865386963
56,0.7590073943138123,0.4828629493713379,0.4601164758205414,0.4944077134132385,0.46724218130111694,0.45419326424598694
57,0.3659355640411377,0.10997243225574493,0.11380703002214432,0.15320925414562225,0.12597379088401794,0.12657061219215393
58,0.5478190779685974,0.28832894563674927,0.30451700091362,0.28634366393089294,0.33350884914398193,0.27695032954216003
59,0.8003950715065002,0.6056545376777649,0.6025872230529785,0.6738569736480713,0.7016833424568176,0.6100788116455078
60,0.695000171661377,0.5508449077606201,0.5485954880714417,0.47178950905799866,0.5403046607971191,0.5880512595176697
61,0.5220162272453308,0.32044005393981934,0.338390976190567,0.23743975162506104,0.36689263582229614,0.32427436113357544
62,,0.8397558331489563,,,,
63,,0.7994740605354309,,,,
64,,0.7391363978385925,,,,
65,0.05271167680621147,0.3841778635978699,0.36329153180122375,0.19940458238124847,0.28190696239471436,0.38160401582717896
66,0.08719684183597565,0.263265460729599,0.3514532446861267,0.4192863404750824,0.23210887610912323,0.22631391882896423
67,0.7443012595176697,0.564674437046051,0.5514798164367676,0.622384786605835,0.5326247811317444,0.4828364849090576
68,0.7669291496276855,0.5866627097129822,0.5647794604301453,0.6259963512420654,0.5819018483161926,0.5653755068778992
69,0.7947969436645508,0.6925748586654663,0.6712361574172974,0.655394434928894,0.6579320430755615,0.6897638440132141
70,0.9003452658653259,0.8887278437614441,0.8923367857933044,0.8342407941818237,0.8837875127792358,0.9011674523353577
71,0.7722305655479431,0.5515504479408264,0.49864089488983154,0.45508676767349243,0.5455794930458069,0.5144226551055908
72,0.41090667247772217,0.2738925814628601,0.25938403606414795,0.2128269374370575,0.27707821130752563,0.2672996520996094
73,0.38975149393081665,0.1878882795572281,0.2135346233844757,0.1605515033006668,0.2080918401479721,0.19074222445487976
74,0.45132216811180115,0.39177829027175903,0.38831210136413574,0.41195303201675415,0.4148987829685211,0.40496566891670227
75,0.6558979153633118,0.5331410765647888,0.5461533069610596,0.6081164479255676,0.5690628290176392,0.5677208304405212
76,0.4245911240577698,0.2240840494632721,0.1761234998703003,0.2538374662399292,0.26737624406814575,0.18103595077991486
77,0.26112452149391174,0.10985642671585083,0.08740580826997757,0.09531533718109131,0.13699279725551605,0.10553128272294998
78,0.37084096670150757,0.15351663529872894,0.25941380858421326,0.2604120671749115,0.537434458732605,0.25488531589508057
79,0.2580855190753937,0.0834159180521965,0.08477764576673508,0.08742380142211914,0.1155075803399086,0.08157964795827866
0,0.15414456650614738,0.1086985133588314,0.10705733764916658,0.10163490008562803,0.09342071507126093,0.1143767200410366
1,0.13852165872231126,0.10105509217828512,0.12866754829883575,0.09216357208788395,0.10026390384882689,0.1329278526827693
2,0.13859416730701923,0.14407817460596561,0.1916478481143713,0.16775153763592243,0.09857778437435627,0.17816880252212286
3,0.07793692732229829,0.053315780125558376,0.059903187677264214,0.0534090893343091,0.04786273464560509,0.06427092105150223
4,0.16085584461688995,0.13770532980561256,0.132987255230546,0.131483918055892,0.14761838875710964,0.12753510102629662
5,0.28095484152436256,0.23330131359398365,0.232974573969841,0.29811226669698954,0.2277561640366912,0.24495679419487715
6,0.11350524052977562,0.078395233489573,0.07360260933637619,0.07593939732760191,0.08502105250954628,0.06740575097501278
7,0.19610019586980343,0.13315879181027412,0.10739883594214916,0.132643336430192,0.11563307978212833,0.14549561217427254
8,0.15752455219626427,0.05949352402240038,0.05590759590268135,0.07073705829679966,0.07416509371250868,0.0533373961225152
9,0.22933932207524776,0.14668247196823359,0.14117762073874474,0.22025008033961058,0.1817649034783244,0.15182956028729677
10,0.3372861444950104,0.6515234261751175,0.6670813858509064,0.6914056092500687,0.6612784117460251,0.6352539956569672
11,0.36269424855709076,0.5447280704975128,0.5860587805509567,0.6836885660886765,0.5424112230539322,0.5542274713516235
12,0.07158191595226526,0.05544351879507303,0.04901609383523464,0.04660637676715851,0.040556125808507204,0.05398152116686106
13,0.037724698428064585,0.025007681688293815,0.019821023335680366,0.02418526727706194,0.023416457697749138,0.022831535898149014
14,0.02341937366873026,0.007725111092440784,0.00968421099241823,0.009046676801517606,0.010176738607697189,0.010357799008488655
15,0.02940966561436653,0.011286057066172361,0.011859020334668458,0.014457587152719498,0.01608048379421234,0.014379918575286865
16,0.0440744087100029,0.02893770905211568,0.028332203160971403,0.028472229838371277,0.03017066139727831,0.027542112627997994
17,0.016113207209855318,0.00818829529453069,0.008407370070926845,0.010204789927229285,0.008353131008334458,0.00984051579143852
18,0.06580461002886295,0.037606000900268555,0.028210408054292202,0.034553879871964455,0.038126984145492315,0.034149233251810074
19,0.24037900567054749,0.1711016595363617,0.13262521289288998,0.17376721277832985,0.15373781137168407,0.14531249180436134
20,0.317467600107193,0.19086145609617233,0.1907258741557598,0.14996255561709404,0.15667644143104553,0.16717765107750893
21,0.6285051703453064,0.44443707913160324,0.3997950106859207,0.3779229074716568,0.40064194798469543,0.4166949838399887
22,0.6937380284070969,0.5114053785800934,0.48852724581956863,0.45588788390159607,0.47984276711940765,0.4839165136218071
23,0.7097536772489548,0.5922267138957977,0.5772744417190552,0.4904423803091049,0.5645467713475227,0.5891781598329544
24,0.5870374441146851,0.48551956564188004,0.47251056134700775,0.41994015127420425,0.47707823663949966,0.44663219153881073
25,0.7556412518024445,0.6153742522001266,0.5631029009819031,0.5891122967004776,0.5941583514213562,0.6162115931510925
26,0.7385603487491608,0.4546576142311096,0.47961465269327164,0.4976622611284256,0.4489487260580063,0.4633418992161751
27,0.7556271553039551,0.3775082677602768,0.42879021167755127,0.36657122895121574,0.4742719829082489,0.4151013195514679
28,0.252948272973299,0.10866098664700985,0.11480667442083359,0.1222328431904316,0.13033631443977356,0.11469323001801968
29,0.1037378627806902,0.049446904100477695,0.047267159447073936,0.05529470834881067,0.03433901257812977,0.04765431769192219
30,0.14673115871846676,0.046636474784463644,0.05171243753284216,0.04788420535624027,0.05536729749292135,0.046562645584344864
31,0.25400637090206146,0.20126398466527462,0.18596076034009457,0.2039224822074175,0.21879931539297104,0.20432350412011147
32,0.12312012352049351,0.17074961587786674,0.17318717017769814,0.15542786195874214,0.11899296753108501,0.12780498713254929
33,0.1502920351922512,0.11270898953080177,0.13862284645438194,0.09552590735256672,0.09103063680231571,0.11397992819547653
34,0.13545139506459236,0.08976586814969778,0.09090744890272617,0.08296050876379013,0.059805313125252724,0.07987073250114918
35,0.16154017485678196,0.09446656797081232,0.10310803167521954,0.11203432641923428,0.08455725014209747,0.08107066713273525
36,0.39594464004039764,0.286917008459568,0.3343961425125599,0.298565398901701,0.23697659373283386,0.2797865644097328
37,0.8834773749113083,0.90589340031147,0.8761360198259354,0.7782085090875626,0.9225621670484543,0.9000549763441086
38,0.8394885361194611,0.8426603376865387,0.8048699498176575,0.7543572634458542,0.8317457288503647,0.8266154527664185
39,0.8831959068775177,0.8864605277776718,0.8627840876579285,0.8060607314109802,0.8339973539113998,0.8786939233541489
40,0.7820048034191132,0.7150299400091171,0.6782063990831375,0.6273005157709122,0.682835653424263,0.6921980679035187
41,0.8086493611335754,0.7705572545528412,0.7368180304765701,0.6765474528074265,0.7247782349586487,0.7637827545404434
42,0.9229760020971298,0.9242867976427078,0.9176612943410873,0.8400782942771912,0.9240115731954575,0.9282310605049133
43,0.8209967613220215,0.7406747490167618,0.7402596026659012,0.7586066424846649,0.6909651458263397,0.7373863160610199
44,0.7950096726417542,0.7211325317621231,0.6721555441617966,0.6977623105049133,0.6286861002445221,0.7148611545562744
45,0.8183995634317398,0.7192502468824387,0.7186397761106491,0.6159478724002838,0.7461655735969543,0.7489673346281052
46,0.8764795511960983,0.8703319728374481,0.8683331608772278,0.7745573669672012,0.8810457587242126,0.875975638628006
47,0.794067993760109,0.7552613019943237,0.7366613447666168,0.6147264689207077,0.7833597958087921,0.774897426366806
48,0.8100287169218063,0.7554481625556946,0.749903678894043,0.6554053425788879,0.8027324676513672,0.7810761332511902
49,0.9020205438137054,0.8890520334243774,0.8719262629747391,0.8113026916980743,0.9048389941453934,0.8935074061155319
50,0.8748658299446106,0.8740725666284561,0.8584875017404556,0.7795910239219666,0.874647244811058,0.8737448006868362
51,0.8722572773694992,0.8705257624387741,0.8676116168498993,0.7968360185623169,0.8814263939857483,0.8764747232198715
52,0.9248078316450119,0.9247609078884125,0.9234913140535355,0.8694089353084564,0.9124628901481628,0.9333557784557343
53,0.9280176013708115,0.9223562926054001,0.9186789393424988,0.8662321120500565,0.914114236831665,0.9252659231424332
54,0.9161639660596848,0.9142491072416306,0.9039343446493149,0.853637307882309,0.9238612651824951,0.9145469516515732
55,0.7969073504209518,0.7695432901382446,0.734272912144661,0.7223287522792816,0.7638801038265228,0.7754589915275574
56,0.8861619979143143,0.8419258743524551,0.8095692843198776,0.8621612787246704,0.8217070400714874,0.8288224339485168
57,0.9354672431945801,0.9408139139413834,0.9327396601438522,0.9405942261219025,0.9357430785894394,0.9439688324928284
58,0.8939080834388733,0.8946530669927597,0.876269742846489,0.8985308259725571,0.8749288022518158,0.8775030225515366
59,0.5403165593743324,0.46969790756702423,0.48540163040161133,0.4628308117389679,0.3736349120736122,0.46002017706632614
60,0.6290622055530548,0.5489901825785637,0.5240345001220703,0.5412986874580383,0.45823490619659424,0.5263721942901611
61,0.7078813910484314,0.6541403830051422,0.6617055386304855,0.6740603148937225,0.5393178761005402,0.6545324623584747
62,0.7142664194107056,0.6980716735124588,0.6763038784265518,0.7187274098396301,0.5760468989610672,0.708090528845787
63,,0.905082955956459,,,,
64,,0.9359796047210693,,,,
65,0.8439266681671143,0.7905741184949875,0.7675997465848923,0.8009825646877289,0.764369785785675,0.7779492735862732
66,0.35172443091869354,0.12860562652349472,0.12393839843571186,0.16750332713127136,0.13560017943382263,0.11756598390638828
67,0.2605584114789963,0.0990566797554493,0.09379906952381134,0.14644956588745117,0.09632604010403156,0.10565796121954918
68,0.20357660949230194,0.06817586719989777,0.06607002764940262,0.09093567728996277,0.07313021086156368,0.06999698281288147
69,0.23987978510558605,0.12125295028090477,0.12628861516714096,0.1394515559077263,0.08805054426193237,0.10293087176978588
70,0.5002947673201561,0.2715746946632862,0.34755783528089523,0.25288524851202965,0.23187332972884178,0.25661152973771095
71,0.5808819979429245,0.43571120500564575,0.4294842928647995,0.3316165506839752,0.37511396408081055,0.3739992827177048
72,0.2156795933842659,0.12411610595881939,0.10066544264554977,0.13990464434027672,0.11453395523130894,0.09617307595908642
73,0.2863241359591484,0.10063846223056316,0.10202288441359997,0.09519202075898647,0.10026743076741695,0.09698271565139294
74,0.5216256231069565,0.29388557001948357,0.27596912160515785,0.2713991180062294,0.26102109253406525,0.23687002807855606
75,0.2389543317258358,0.12126859836280346,0.1314311232417822,0.10357705131173134,0.11839718371629715,0.11534382775425911
76,0.5157627686858177,0.32945575937628746,0.35092340409755707,0.21727139502763748,0.3728494420647621,0.3577676936984062
77,0.556957021355629,0.35563454031944275,0.33766864985227585,0.26985129341483116,0.38700131326913834,0.36267367005348206
78,0.5198179930448532,0.31852269917726517,0.310449980199337,0.38232089579105377,0.4123903587460518,0.36979326605796814
79,0.5008691102266312,0.5248768031597137,0.5155647099018097,0.3973095044493675,0.38587786257267,0.5065167546272278
0,0.06159838971992334,0.03313290017346541,0.03189379690835873,0.03618765436112881,0.03129235003143549,0.033492899499833584
1,0.15919366851449013,0.10310692588488261,0.09771539270877838,0.08850509797533353,0.11276539539297421,0.10400501514474551
2,0.15194837128122649,0.10099441682298978,0.09570667147636414,0.08908051749070485,0.11030266061425209,0.101737796018521
3,0.15919366851449013,0.1027888370056947,0.09823659434914589,0.08946144580841064,0.11276539539297421,0.10400501514474551
4,0.05488534892598788,0.029365711845457554,0.03123423457145691,0.03003117224822442,0.031625377324720226,0.029026613881190617
5,0.08373829660316308,0.03843623228992025,0.0376492744932572,0.04323783175398906,0.037396461702883244,0.03980562804887692
6,0.0665827530125777,0.03552305574218432,0.03654290145883957,0.037379748187959194,0.038584123676021896,0.03609341600288948
7,0.17335670441389084,0.12423005824287732,0.12037142366170883,0.11601294204592705,0.13586453224221864,0.12495665748914082
8,0.17167510588963827,0.10995930681626002,0.10491280257701874,0.0953451469540596,0.118587010850509,0.10935196156303088
9,0.1599808931350708,0.10683335860570271,0.10234714299440384,0.09391478697458903,0.1158812219897906,0.10790422558784485
10,0.16881237675746283,0.10714483261108398,0.104657427718242,0.09363004689415295,0.11815865337848663,0.10913695022463799
11,0.15026244893670082,0.10171589876214664,0.09546379372477531,0.08970825498302777,0.11134037127097447,0.09988367930054665
12,0.14767759665846825,0.10073208560546239,0.0952853833635648,0.09016915410757065,0.10897692168752353,0.09585389619072278
13,0.15990314135948816,0.10322711865107219,0.09846457093954086,0.0888153612613678,0.11260212461153667,0.10191808144251506
14,0.17801046868165335,0.11250115185976028,0.10563917458057404,0.09078675011793773,0.12193346892793973,0.10740174601475398
15,0.17231727639834085,0.10731119538346927,0.1009671799838543,0.09078265105684598,0.1151080255707105,0.10423958798249562
16,0.1571833739678065,0.10219848776857059,0.09724171087145805,0.08960200101137161,0.11294365053375562,0.10317852968970935
17,0.16105657319227853,0.10378341376781464,0.09800585607687633,0.08749261995156606,0.11291915302475293,0.10247177133957545
18,0.17284558216730753,0.10283092285195987,0.09494102373719215,0.0943318239102761,0.1047962283094724,0.09842547898491223
19,0.18380659818649292,0.11056597530841827,0.10714380815625191,0.10261356085538864,0.11108143255114555,0.1013591227432092
20,0.24412177503108978,0.107759573807319,0.10492254048585892,0.1373374524215857,0.11020368834336598,0.11423816159367561
21,0.22500835110743841,0.10550099487106006,0.10146396234631538,0.11821323012312253,0.11104963968197505,0.12040843379994233
22,0.4409610827763875,0.2738257274031639,0.24259131153424582,0.29564248273770016,0.2654496133327484,0.2716696659723918
23,0.4628556470076243,0.2682426944375038,0.28646448502937955,0.2890773688753446,0.2566545605659485,0.2709726964433988
24,0.6438602308432261,0.481143593788147,0.4764624536037445,0.5186964670817057,0.45833927144606906,0.4434223448236783
25,0.7168567279974619,0.5856003860632578,0.5990302165349325,0.6436457733313242,0.5819681386152903,0.5999872535467148
26,0.7204602360725403,0.581235816081365,0.6023038427035013,0.640660305817922,0.581732988357544,0.6099158227443695
27,0.7692233622074127,0.7468359470367432,0.7595485250155131,0.7699985504150391,0.7626709540685018,0.7689467271169027
28,0.7280242145061493,0.7051447232564291,0.7107478280862173,0.7190479437510172,0.6997616688410441,0.7110771735509237
29,0.7600753406683604,0.6974970996379852,0.6705336173375448,0.7148567140102386,0.6590819954872131,0.6955312391122183
30,0.2525649592280388,0.1331752104063829,0.1294634441534678,0.14891674493749937,0.13519973556200662,0.1321269360681375
31,0.28064507246017456,0.15900038927793503,0.15254568060239157,0.1747476334373156,0.15300412476062775,0.15370484193166098
32,0.680265744527181,0.4800489544868469,0.5045134027798971,0.4969646284977595,0.4772731413443883,0.504628653327624
33,0.6340574622154236,0.7993536790211996,0.7222848335901896,0.8014498551686605,0.7649106582005819,0.7660052676995596
34,0.6491304139296213,0.7594335873921713,0.7175583938757578,0.715247631072998,0.7165773312250773,0.7763130764166514
35,0.6221227844556173,0.6055945952733358,0.5857486724853516,0.683123787244161,0.5966921150684357,0.6294169127941132
36,0.7539368768533071,0.6620332400004069,0.5966622034708658,0.6376725335915884,0.6230982144673666,0.6232133209705353
37,0.5889348288377126,0.35223864018917084,0.3739837110042572,0.36795241634051007,0.35559716324011487,0.37510478496551514
38,0.8654158314069113,0.8150263925393423,0.8081832031408945,0.8051235179106394,0.7899097204208374,0.8141895830631256
39,0.8505812386671702,0.7835081219673157,0.7745255430539449,0.8017311791578928,0.7459347347418467,0.7862684528032938
40,0.6066984136899313,0.43980884552001953,0.4610070139169693,0.5199071913957596,0.43786027530829114,0.4426584988832474
41,0.41772670050462085,0.2721766506632169,0.2800311471025149,0.36649206777413684,0.2639871264497439,0.2965574810902278
42,0.5168968290090561,0.33939920117457706,0.34104079008102417,0.3483442614475886,0.31019986669222516,0.32828063269456226
43,0.79062220454216,0.7354746162891388,0.7279685537020365,0.7654074629147848,0.6525504986445109,0.6990477542082468
44,0.8262746334075928,0.7355142633120219,0.7038903633753458,0.7786507805188497,0.7174722850322723,0.718986322482427
45,0.7357827723026276,0.5836948206027349,0.5850134293238322,0.6446010768413544,0.5679636299610138,0.5809724231561025
46,0.7670065661271414,0.6066334446271261,0.6001678109169006,0.6487752099831899,0.5812349915504456,0.6148482064406077
47,0.8379409511884054,0.7682910164197286,0.7687854866186777,0.8121877312660217,0.7735758622487386,0.7858820756276449
48,0.7305635909239451,0.6825641095638275,0.6713128487269083,0.6364841957887014,0.6760322352250417,0.6886060833930969
49,0.8675664961338043,0.8388300538063049,0.8294918636480967,0.8489675323168436,0.8100917339324951,0.8319479922453562
50,0.9165770014127096,0.8655905822912852,0.8858510553836823,0.8533905148506165,0.8360778391361237,0.8657443523406982
51,0.9133928815523783,0.837749312321345,0.8460018634796143,0.8625792264938354,0.811491330464681,0.8500345945358276
52,0.6884612043698629,0.549597958723704,0.5172506123781204,0.5670771400133768,0.5272423277298609,0.49730277558167774
53,0.6140869855880737,0.3991738011439641,0.3889002948999405,0.4943042794863383,0.3537869304418564,0.383233221868674
54,0.9185117880503336,0.8541722198327383,0.8401692807674408,0.8519437114397684,0.8230669597784678,0.8598856925964355
55,0.8190942704677582,0.8157083888848623,0.7919953962167104,0.7679321964581808,0.783658504486084,0.8167184491952261
56,0.9341381788253784,0.8932258288065592,0.8898530304431915,0.889021098613739,0.8966401815414429,0.8867202997207642
57,0.7889348069826762,0.6040880680084229,0.626390298207601,0.6210360626379648,0.6470464766025543,0.6233529448509216
58,0.44762298961480457,0.28645416845877963,0.26744047303994495,0.2975124766429265,0.2670780345797539,0.2754335328936577
59,0.5275146116813024,0.3994649847348531,0.3814901014169057,0.4982931464910507,0.3985879123210907,0.3754870444536209
60,0.40575944383939105,0.35457968215147656,0.33897461493810016,0.3403562357028325,0.3592510372400284,0.3499007175366084
61,0.3187783757845561,0.3269025484720866,0.3165263334910075,0.319365253051122,0.3308537056048711,0.340419868628184
62,0.3151303678750992,0.290628840525945,0.3127046873172124,0.3261103381713231,0.3426160663366318,0.3214839647213618
63,0.13954974959294,0.06256602083643277,0.061535809809962906,0.07180192011098067,0.06221736719210943,0.06342397381862004
64,,0.9504391948382059,,,,
65,0.5801296482483546,0.660196969906489,0.6499574482440948,0.7148792445659637,0.6942437986532847,0.7128974000612894
66,0.3833791067202886,0.5410681366920471,0.5625438392162323,0.5836564103762308,0.5925605793793997,0.5637035618225733
67,0.20979353661338487,0.14330552642544112,0.15536293387413025,0.18952481697003046,0.18411671866973242,0.1587612902124723
68,0.24483217050631842,0.12343616038560867,0.11687443281213443,0.13300016646583876,0.11700281376640002,0.11252955347299576
69,0.1899257923165957,0.115030520906051,0.1081737553079923,0.11250674724578857,0.11402383198340733,0.1147425410648187
70,0.15273958320418993,0.0922202430665493,0.09579328820109367,0.09246078506112099,0.09429134676853816,0.09065042063593864
71,0.1827843375504017,0.10593734681606293,0.12557719399531683,0.12018001948793729,0.1271525944272677,0.11455175528923671
72,0.1723986566066742,0.11216465942561626,0.13140725220243135,0.12545397380987802,0.14066802089413008,0.11999811356266339
73,0.5734425932168961,0.3300524652004242,0.3577099492152532,0.3597693244616191,0.2833781565229098,0.3334855834643046
74,0.2780570114652316,0.11295448740323384,0.11427628993988037,0.1287363680700461,0.11553728580474854,0.10868871212005615
75,0.18513652185599008,0.08340975642204285,0.09413270652294159,0.10053357854485512,0.08737686090171337,0.08728845665852229
76,0.43902907768885296,0.1816716454923153,0.18369957307974497,0.17816856503486633,0.2048933133482933,0.16193603351712227
77,0.4825265010197957,0.378685067097346,0.28645115345716476,0.3506995538870494,0.3519195119539897,0.33524009088675183
78,0.3606928785641988,0.24386977901061377,0.2029692605137825,0.2681525722146034,0.2371478999654452,0.22305206706126532
79,0.4132409691810608,0.28174828737974167,0.25765623648961383,0.3305714676777522,0.35326526562372845,0.2932062049706777
80,0.28162409613529843,0.13071398685375848,0.1294502541422844,0.1305737296740214,0.15812554334600767,0.13842670992016792
81,0.16443895796934763,0.07158795868357022,0.07168145601948102,0.08032434557874997,0.06769878417253494,0.05944338565071424
82,0.15609563887119293,0.06814098233977954,0.07333907609184583,0.07792482028404872,0.06744452565908432,0.06805058320363362
0,0.1606383454054594,0.10110916756093502,0.08808840624988079,0.1047167144715786,0.0854425523430109,0.08126579038798809
1,0.11638963595032692,0.0627230228856206,0.06626898981630802,0.0694019878283143,0.06560797430574894,0.06846253387629986
2,0.10818620212376118,0.06541663687676191,0.05722949467599392,0.06690974533557892,0.06869171373546124,0.06535215210169554
3,0.11901357769966125,0.08204544894397259,0.07242065016180277,0.0919734537601471,0.08289087004959583,0.08437808975577354
4,0.12865188531577587,0.07052213978022337,0.06978301703929901,0.08160060364753008,0.07561843283474445,0.0780979972332716
5,0.08922113291919231,0.04549251217395067,0.04295360390096903,0.05316013563424349,0.05209618713706732,0.04753822926431894
6,0.08124238159507513,0.054032739251852036,0.057873139157891273,0.06653699465095997,0.05729164183139801,0.05403042212128639
7,0.0771668516099453,0.04325621435418725,0.048325661569833755,0.04836567537859082,0.04215084807947278,0.04891863279044628
8,0.0855852784588933,0.041047826409339905,0.042471788823604584,0.04447481129318476,0.038694387301802635,0.047278160229325294
9,0.08056521788239479,0.03775995830073953,0.04747861484065652,0.04972017277032137,0.044819971546530724,0.04502502642571926
10,0.0745103545486927,0.03664827952161431,0.035362135618925095,0.042835429310798645,0.03978859353810549,0.04211594816297293
11,0.04417278431355953,0.021645044907927513,0.022323036566376686,0.025525510776787996,0.021120663732290268,0.022522407118231058
12,0.10174850560724735,0.05948548763990402,0.05965454503893852,0.06812884844839573,0.06544099934399128,0.06688056141138077
13,0.08727280888706446,0.02604979765601456,0.030730796046555042,0.03203130466863513,0.029092206619679928,0.03213738789781928
14,0.08953439071774483,0.03394940448924899,0.04135129973292351,0.03998977970331907,0.043690853752195835,0.044087499380111694
15,0.08613293711096048,0.055333963595330715,0.049692468252032995,0.052562467753887177,0.057773579843342304,0.05836418643593788
16,0.060741147957742214,0.02763184066861868,0.02862208802253008,0.02578684873878956,0.024344160687178373,0.026700289454311132
17,0.0797920785844326,0.03267796756699681,0.028743926435709,0.03679345455020666,0.03250825358554721,0.031653997488319874
18,0.07607732899487019,0.029061497189104557,0.02923154318705201,0.031646440736949444,0.03609706601127982,0.030341649428009987
19,0.10216539353132248,0.03317858977243304,0.03470999700948596,0.036173072177916765,0.03809065278619528,0.03900098241865635
20,0.07617910206317902,0.031827491242438555,0.03619576059281826,0.03486445592716336,0.03299169521778822,0.037154773250222206
21,0.14664389565587044,0.07966924645006657,0.08562368713319302,0.07892667315900326,0.0885943491011858,0.09198674000799656
22,0.12392580136656761,0.07466707658022642,0.08254875335842371,0.07586116716265678,0.08567742817103863,0.08146396744996309
23,0.1336668375879526,0.06264256313443184,0.0632774867117405,0.07475328631699085,0.06276392098516226,0.06971303094178438
24,0.21355381980538368,0.1450677402317524,0.129822364076972,0.1518335808068514,0.1312442310154438,0.12366742454469204
25,0.16296780854463577,0.11419261153787374,0.11170757096260786,0.12690372113138437,0.10806588549166918,0.1071933563798666
26,0.18390626460313797,0.1278618536889553,0.1146143227815628,0.13244416750967503,0.11504903715103865,0.11473100073635578
27,0.24803214892745018,0.18882089108228683,0.1659391187131405,0.1869504228234291,0.1612397227436304,0.16687458008527756
28,0.2453702725470066,0.18619412556290627,0.17816471680998802,0.19418611377477646,0.1724054180085659,0.17496788129210472
29,0.271317008882761,0.2371157817542553,0.21898239478468895,0.2370157726109028,0.2225404791533947,0.2173619568347931
30,0.31254907324910164,0.2196127325296402,0.21287966519594193,0.22814961150288582,0.2190055400133133,0.21782859414815903
31,0.2676265724003315,0.1843896098434925,0.17621257901191711,0.18674945086240768,0.17824364453554153,0.17785772308707237
32,0.0943499468266964,0.035536404233425856,0.03636830626055598,0.041346097365021706,0.04077158309519291,0.03246529446914792
33,0.10167691577225924,0.05316963978111744,0.04979807324707508,0.051221896428614855,0.052944944240152836,0.04840973997488618
34,0.09799082949757576,0.056305063888430595,0.056458430364727974,0.05332908779382706,0.050044854171574116,0.04740311438217759
35,0.1611552145332098,0.0688041066750884,0.07473250571638346,0.08156899735331535,0.07466378062963486,0.06722441408783197
36,0.12603341788053513,0.06257579755038023,0.06054770573973656,0.06145173404365778,0.060327441431581974,0.06477243266999722
37,0.03751723235473037,0.010620543966069818,0.015720510622486472,0.01363874296657741,0.012060864130035043,0.011433615116402507
38,0.11165377497673035,0.03850289899855852,0.048360984306782484,0.04613581579178572,0.04067537374794483,0.04286384675651789
39,0.38570819795131683,0.21164851635694504,0.20443358272314072,0.22996719554066658,0.23395687714219093,0.2073969505727291
40,0.315098874270916,0.1861971914768219,0.18073847144842148,0.20620876550674438,0.20163611695170403,0.18318550661206245
41,0.21955767646431923,0.16345642507076263,0.13354576751589775,0.17732674442231655,0.1455911509692669,0.14382772892713547
42,0.26717930287122726,0.1408096496015787,0.14642316661775112,0.17648344859480858,0.17370932176709175,0.15196393057703972
43,0.28482578322291374,0.15669779106974602,0.1735944878309965,0.15742902643978596,0.16095953062176704,0.1607931312173605
44,0.4990605041384697,0.2717575617134571,0.2674514837563038,0.30680374801158905,0.23685961589217186,0.2216392643749714
45,0.8090157061815262,0.5977223217487335,0.6106278598308563,0.6226454824209213,0.5703257322311401,0.6162409633398056
46,0.8709363639354706,0.8109460175037384,0.8066965788602829,0.7015618681907654,0.8360168635845184,0.8136160373687744
47,0.8897958099842072,0.8825323283672333,0.8648554086685181,0.7829692661762238,0.8868892639875412,0.8744884580373764
48,0.922117218375206,0.9131221026182175,0.907546654343605,0.8748645037412643,0.8958109021186829,0.9035387188196182
49,0.933548703789711,0.9764853864908218,0.9743354171514511,0.9581456929445267,0.9663924723863602,0.9752623289823532
50,0.945949986577034,0.982549786567688,0.979109913110733,0.9699396640062332,0.9777922034263611,0.9835560917854309
51,0.9440587610006332,0.9860707968473434,0.9819750636816025,0.9752748310565948,0.9835513383150101,0.9832542389631271
52,0.9555110335350037,0.9916075319051743,0.9907636791467667,0.9824239015579224,0.9902878254652023,0.9901028871536255
53,0.9400599747896194,0.9837118834257126,0.9818804860115051,0.9670897126197815,0.9852126985788345,0.9773086160421371
54,0.8151454776525497,0.8661138713359833,0.882208377122879,0.8625344932079315,0.8866378664970398,0.888793483376503
55,0.8880758136510849,0.8243361413478851,0.8579742163419724,0.8355660140514374,0.8360147178173065,0.8210380673408508
56,0.9551517814397812,0.9672931730747223,0.9658920913934708,0.9490906149148941,0.9682382941246033,0.9644960463047028
57,0.8858687579631805,0.8516372740268707,0.8209433704614639,0.7997864633798599,0.8146635591983795,0.8560903519392014
58,0.8886605203151703,0.8637112975120544,0.8379209041595459,0.8502356112003326,0.8711039125919342,0.8537815809249878
59,0.7456270754337311,0.5574200078845024,0.5576524138450623,0.6078546792268753,0.527855820953846,0.5093138739466667
60,0.4424605965614319,0.2225913368165493,0.24317584186792374,0.2538234442472458,0.26683707907795906,0.2352096177637577
61,0.6318808197975159,0.47204960882663727,0.46408163756132126,0.5405150577425957,0.43904683738946915,0.4748600795865059
62,0.7875439077615738,0.6372980624437332,0.590937465429306,0.701858177781105,0.5722411274909973,0.6364285796880722
63,0.9093814939260483,0.8242126256227493,0.8398239463567734,0.8480894416570663,0.7892124801874161,0.8488597124814987
64,0.8881533443927765,0.7883753180503845,0.8137537986040115,0.8185041695833206,0.7751879841089249,0.8148038387298584
65,0.7216785848140717,0.4694175496697426,0.49475909024477005,0.5543496608734131,0.4106264263391495,0.49612343311309814
66,0.6099233627319336,0.4571443423628807,0.45569678395986557,0.4753955826163292,0.3602958619594574,0.44077764451503754
67,0.595487117767334,0.42935193330049515,0.4841465577483177,0.4685083255171776,0.39451008290052414,0.43550949543714523
68,0.8991674333810806,0.8542147874832153,0.8470133394002914,0.8092424273490906,0.8101350516080856,0.8441518247127533
69,,0.7831678986549377,,,,
70,,0.7550938725471497,,,,
71,0.15751652792096138,0.0467107268050313,0.05266574490815401,0.055788747034966946,0.05231360625475645,0.0485032768920064
72,0.13537060469388962,0.04218332003802061,0.045159295201301575,0.05346404202282429,0.04876185394823551,0.042827678844332695
73,0.18111108615994453,0.0808069221675396,0.07454998046159744,0.09574170410633087,0.09059330634772778,0.0869123050943017
74,0.254325732588768,0.14859602600336075,0.1461171954870224,0.15128694102168083,0.13776729255914688,0.15641580522060394
75,0.6126614063978195,0.4428102374076843,0.39496833831071854,0.48997773975133896,0.4307147040963173,0.42677435278892517
76,0.6956490129232407,0.5285289585590363,0.4854360967874527,0.5321979969739914,0.5001328662037849,0.509958527982235
77,0.31726808100938797,0.2658471204340458,0.26973629742860794,0.23580892384052277,0.23814216628670692,0.2737020365893841
78,0.18725713714957237,0.12665220722556114,0.1309483852237463,0.10702783241868019,0.139217097312212,0.11895847506821156
79,0.09858129173517227,0.05456606578081846,0.05165837472304702,0.05521571449935436,0.06068168953061104,0.05491222161799669
80,0.11733072996139526,0.05380675755441189,0.05615740083158016,0.05890679080039263,0.05654279049485922,0.05031906068325043
0,0.7378330098258125,0.6282687418990665,0.624780707889133,0.5492415560616387,0.6691522929403517,0.622781342930264
1,0.7745867967605591,0.7065078417460123,0.7111725409825643,0.5923663212193383,0.7142153448528714,0.7011610402001275
2,0.7448160780800713,0.5899995432959663,0.5919314821561178,0.4787562886873881,0.6336382495032417,0.6002316739824083
3,0.7596782777044508,0.6238696773846945,0.6254744993315803,0.5040144787894355,0.6548992726537917,0.6194947626855638
4,0.735772344801161,0.5898082686795129,0.5808887746598985,0.5843353966871897,0.5687387055820889,0.5856895248095194
5,0.4275406102339427,0.3473368485768636,0.35193300247192383,0.3123658316002952,0.33788475063112045,0.3484353952937656
6,0.707338915930854,0.5468067957295312,0.5624210437138876,0.3408559328979916,0.6097263362672594,0.5607245100869073
7,0.6248874266942342,0.6616594592730204,0.624923868311776,0.4687892927063836,0.6607273088561164,0.6402109762032827
8,0.5171308252546523,0.5723397798008389,0.5152379307481978,0.4261676503552331,0.5829158690240648,0.5321875313917795
9,0.7409819430775113,0.5702753265698751,0.563540005021625,0.41138022144635517,0.5848737756411234,0.5620666808552213
10,0.7692673868603177,0.6239734225802951,0.6268797450595431,0.4885077476501465,0.6573575867546929,0.6312064528465271
11,0.781709247165256,0.7075615922609965,0.7161860664685568,0.6378203862243228,0.6951906085014343,0.7063466840320163
12,0.7426656550831265,0.613423400455051,0.6434179478221469,0.4863931934038798,0.6331223448117574,0.6306281752056546
13,0.6969618598620096,0.4991811282104916,0.5326232446564568,0.4425708552201589,0.531339211596383,0.5211811032560136
14,0.549500458770328,0.2864627043406169,0.29228254159291583,0.26811958021587795,0.3156576106945674,0.2847713927427928
15,0.3263245191839006,0.1778600654668278,0.16467425806654823,0.20700611588027742,0.16838073233763376,0.16358275297615263
16,0.5326112839910719,0.6516279776891073,0.6265037854512533,0.6029369367493523,0.6535072326660156,0.6620041330655416
17,0.30413106580575305,0.2731489919953876,0.2860591808954875,0.2506831768486235,0.24356459909015232,0.28862301343017155
18,0.39590099785063004,0.26833158400323653,0.2761077930529912,0.24236317310068342,0.28784973753823173,0.2730783290333218
19,0.2569120344188478,0.16501048703988394,0.16897171487410864,0.14569343792067635,0.18251855588621563,0.15350253134965897
20,0.16737292210261026,0.10252852489550908,0.09958617265025775,0.09036111914449269,0.10783903466330634,0.10486938556035359
21,0.4363839262061649,0.3061579598320855,0.2778389834695392,0.26386571758323246,0.32827745378017426,0.2996387763155831
22,0.5266984403133392,0.3706640650828679,0.35063802699248,0.3305258552233378,0.4052150911755032,0.36249324679374695
23,0.5304873618814681,0.37704165114296806,0.37797195712725323,0.3301558858818478,0.41792088747024536,0.37424402435620624
24,0.5085736215114594,0.35149193472332424,0.3604668776194255,0.30168944266107345,0.40736555722024703,0.3574620750215318
25,0.5671629375881619,0.3933108647664388,0.3935418592558967,0.33347613281673855,0.44297317663828534,0.3920454846488105
26,0.5704374843173556,0.4044181803862254,0.39393259088198346,0.3363757265938653,0.43893183602227104,0.39200956622759503
27,0.5690782070159912,0.4146517018477122,0.40892335441377425,0.33689629038174945,0.46419784757826066,0.40913676884439254
28,0.45019780927234226,0.36179428299268085,0.35061242017481065,0.377336871292856,0.3499585704671012,0.33944352798991734
29,0.3731142282485962,0.31187540623876786,0.3100397123230828,0.29145974583095974,0.2954709314637714,0.29166827930344474
30,0.8608225186665853,0.8457784454027811,0.8320575224028693,0.7476345300674438,0.8189786540137397,0.8366407155990601
31,0.5807468228869967,0.41046076019605,0.4215850565168593,0.35279672344525653,0.43070612019962734,0.42323487003644306
32,0.5001713103718228,0.28441057436996037,0.2943950858381059,0.2749557958708869,0.2731041560570399,0.28304148879316116
33,0.5853035052617391,0.41827476355764603,0.4411196642451816,0.38197492559750873,0.4442671636740367,0.44827066196335685
34,0.5211572382185194,0.37479924658934277,0.39080021116468644,0.32172010011143154,0.41142310202121735,0.36548445125420886
35,0.5318426324261559,0.36029645635022056,0.3569059703085158,0.2655177397860421,0.4073227610852983,0.3718311968776915
36,0.2532765914996465,0.16668558286295998,0.16051283975442251,0.1647300413913197,0.1661080742875735,0.16175666782591078
37,0.20910518533653683,0.16275797453191546,0.15771024425824484,0.14341971278190613,0.17300698988967472,0.14949724823236465
38,0.1236283431450526,0.07636278909113672,0.07619358019696341,0.09104968690209919,0.08078442306982146,0.07077276334166527
39,0.606721924410926,0.4392162395848168,0.44925228092405534,0.35755059454176163,0.4862455295191871,0.4479398992326524
40,0.563706205950843,0.3969479004542033,0.379507409201728,0.3134146316183938,0.40886130928993225,0.389652109808392
41,0.7781286769443088,0.6913300686412387,0.7429762813780043,0.7398890852928162,0.7291123072306315,0.7032203674316406
42,0.7702736324734158,0.7579136689503988,0.7544313867886862,0.7538121806250678,0.7415100336074829,0.7466961807674832
43,0.7764686875873141,0.7673846483230591,0.7699292699495951,0.7634144557846917,0.7518081201447381,0.7531424562136332
44,0.8009863628281487,0.7178188761075338,0.7262806759940253,0.7554968727959527,0.7092320322990417,0.7224897278679742
45,0.8980075187153287,0.8284327454037137,0.8254329363505045,0.8400092919667562,0.7558835811085172,0.819197866651747
46,0.9027014109823439,0.901390552520752,0.8948118289311727,0.8111491137080722,0.893220927980211,0.8974046243561639
47,0.68569901254442,0.6523968974749247,0.6479038463698493,0.5331486993365817,0.6549383004506429,0.6460480358865526
48,0.8090394139289856,0.9095709986156888,0.9080693258179559,0.8583504027790494,0.9081424872080485,0.910276922914717
49,0.9221593406465318,0.9391316572825114,0.941771407922109,0.9012626608212789,0.939225455125173,0.9450487030877007
50,0.9579085111618042,0.966059406598409,0.9677896036042107,0.9513871007495456,0.9716106255849203,0.9677035477426317
51,0.9584703842798868,0.96497642993927,0.9663042624791464,0.9495808614624871,0.972635375128852,0.9665209982130263
52,0.7216437194082472,0.7075741224818759,0.7314563790957133,0.6961281365818448,0.739081084728241,0.7270611193444994
53,0.9420663979318407,0.9671457078721788,0.9675378468301561,0.94682334529029,0.971707714928521,0.9674640165434943
54,0.9514117572042677,0.9740264945560031,0.9737342529826694,0.9560772644148933,0.9769579569498698,0.9733962946467929
55,0.9595604340235392,0.9750763045416938,0.974386625819736,0.9577424261305068,0.9776852991845872,0.9738427069452074
56,0.8563925690121121,0.8189567195044624,0.8069240583313836,0.7856753137376573,0.7963073518541124,0.7909694578912523
57,0.9327385226885477,0.9542161093817817,0.956056124634213,0.9350365466541715,0.9631107052167257,0.9561541676521301
58,0.9082987573411729,0.9368655151791043,0.9578426149156358,0.9425377051035563,0.9588439530796475,0.9512419435713027
59,0.7459009091059366,0.5608853532208337,0.6006901264190674,0.514731678697798,0.5734256009260813,0.5770153999328613
60,0.8791583180427551,0.844264891412523,0.8401136332088046,0.8104837470584445,0.8479731877644857,0.8369896676805284
61,0.7791558702786764,0.6741032203038534,0.652577108807034,0.6658312943246629,0.6798140870200263,0.6996480822563171
62,0.570322165886561,0.36577992637952167,0.3763311405976613,0.3650335901313358,0.3942059278488159,0.36575228306982255
63,0.5962935553656684,0.4263674252563053,0.4370368156168196,0.3780975474251641,0.459861159324646,0.42853186859024894
64,0.521800223324034,0.3318585687213474,0.3439070052570767,0.2946220123105579,0.3349571641948488,0.33560462792714435
65,0.47330784797668457,0.2579608029789395,0.2745831625329124,0.2043760766585668,0.29803454875946045,0.2746200809876124
66,0.17848927444881862,0.11457520226637523,0.11130171020825703,0.12572547462251452,0.12243118633826573,0.10622602618402904
67,,0.585220605134964,,,,
68,,0.658388270272149,,,,
69,0.5231859319739871,0.34621626138687134,0.3694914049572415,0.27749570045206284,0.37323007980982464,0.34799842370880973
70,0.482733729812834,0.29428478744294906,0.32124078273773193,0.22067591879102919,0.3216293222374386,0.30651070177555084
71,0.43079956041442025,0.2895913322766622,0.31650496688154006,0.21848334537612069,0.3226519177357356,0.2877422372500102
72,0.5460201899210612,0.3564607501029968,0.3510826892322964,0.28303306963708663,0.38862623439894783,0.35265445046954685
73,0.616428984536065,0.4313887258370717,0.4338585568798913,0.34081143471929765,0.4888642927010854,0.4328563180234697
74,0.4325256314542558,0.3136051661438412,0.2978745500246684,0.25997913711600834,0.3393396900759803,0.320159739918179
75,0.2557558086183336,0.12401122930977079,0.1416955283946461,0.14511806517839432,0.14843090871969858,0.13778397854831484
76,0.34694310691621566,0.20114147828684914,0.2089381085501777,0.16286709904670715,0.22111033565468258,0.20475921034812927
77,0.19128453897105324,0.12628576159477234,0.11157409846782684,0.11423327111535603,0.12858008676105076,0.1141199159125487
78,0.14915955149465138,0.09850639518764284,0.09074389355050193,0.08212889565361871,0.10201606320010291,0.09304194566276339
79,0.1505549376209577,0.10191860960589515,0.09558223932981491,0.08070956336127387,0.1052945065829489,0.09716710034343931
80,0.1444446775648329,0.09915180711282624,0.09776179575257832,0.0930031074417962,0.10686798849039608,0.09939064333836238
81,0.10676901704735225,0.07591947664817174,0.07557843128840129,0.05854330211877823,0.07970725662178463,0.07333158370521334
82,0.09429771101309194,0.06734822442134221,0.06543676327500078,0.06713731876677936,0.07747101328439182,0.06649922227693929
83,0.0899493961284558,0.06586729983488719,0.06298934295773506,0.06300323829054832,0.07195113309555584,0.06515184748503897
84,0.12481688542498483,0.06592804524633619,0.06769172971447308,0.06451311562624243,0.08087934305270512,0.06515260599553585
0,0.5269076824188232,0.35966627796490985,0.37777326504389447,0.2578267753124237,0.3900793393452962,0.3533440927664439
1,0.6992555260658264,0.5782705346743265,0.6108057896296183,0.4652538597583771,0.6140294869740804,0.555145780245463
2,0.8247558871905009,0.6989078919092814,0.718690037727356,0.6097387274106344,0.7440700531005859,0.7050136923789978
3,0.7324331204096476,0.533056358496348,0.5517289837201437,0.4068429668744405,0.5745903650919596,0.5316381454467773
4,0.4668734669685364,0.3340035279591878,0.3516480028629303,0.18816899756590524,0.3738595147927602,0.318910410006841
5,0.4657270510991414,0.2546613911787669,0.25216097633043927,0.1811104118824005,0.2852361996968587,0.26213740805784863
6,0.5399219791094462,0.41670411825180054,0.40306662519772846,0.3377235035101573,0.38183947404225665,0.4197507898012797
7,0.637147863705953,0.5193016529083252,0.5518683989842733,0.4259891112645467,0.5405649741490682,0.5307346979777018
8,0.6872550050417582,0.540100614229838,0.5673521061738332,0.4474319815635681,0.5826945304870605,0.5218384861946106
9,0.7317907015482584,0.579682727654775,0.609908252954483,0.5140367348988851,0.6109873056411743,0.5691067179044088
10,0.5185758670171102,0.3730379541714986,0.3887091477711995,0.24714169899622598,0.41438689827919006,0.3795629640420278
11,0.5679447253545126,0.3968862195809682,0.406127005815506,0.2899906088908513,0.42626110712687176,0.3958876033624013
12,0.5953926841417948,0.41616620620091754,0.421834260225296,0.35547545552253723,0.44199450810750324,0.4354300796985626
13,0.3884679973125458,0.20374858876069388,0.2089870721101761,0.13274108370145163,0.23870604733626047,0.21386580169200897
14,0.4212616980075836,0.22369511425495148,0.23185102144877115,0.21066740155220032,0.2687232593695323,0.2330689032872518
15,0.21361317237218222,0.11040160556634267,0.11702777196963628,0.07701995720465978,0.11695760985215505,0.11651061723629634
16,0.18505974610646567,0.11537202696005504,0.10303471237421036,0.07126384600996971,0.10232762495676677,0.10489249974489212
17,0.1590824822584788,0.10621235768000285,0.10653329143921535,0.08250396698713303,0.07455374052127202,0.1160290315747261
18,0.1530919075012207,0.10366743057966232,0.10031180083751678,0.0804181694984436,0.07508685315648715,0.11005959908167522
19,0.3165910243988037,0.16703865428765616,0.16114880641301474,0.13294999053080878,0.19610426823298135,0.1709151715040207
20,0.3230995535850525,0.22087130943934122,0.23182067275047302,0.18482601145903269,0.2113348344961802,0.20568588376045227
21,0.279628187417984,0.19208471973737082,0.19656548897425333,0.15647598604361215,0.20051475862661997,0.1684424877166748
22,0.2733501195907593,0.17692410945892334,0.17678916454315186,0.14479178686936697,0.18462514380613962,0.15102791537841162
23,0.47064411640167236,0.29434316356976825,0.29576584200064343,0.2112337350845337,0.268597940603892,0.3207874943812688
24,0.27759726842244464,0.13863076766331991,0.14487172414859137,0.11631555358568828,0.13824289788802466,0.1521669179201126
25,0.2178611954053243,0.10671045382817586,0.1166086345911026,0.08211381485064824,0.1095320185025533,0.10889968772729237
26,0.21290810902913412,0.10975724210341771,0.1160275787115097,0.08711813141902287,0.1049194907148679,0.1170124684770902
27,0.06481776883204778,0.06046308949589729,0.054779832561810814,0.04420807212591171,0.046411532908678055,0.05650018403927485
28,0.06408545871575673,0.060616052399079,0.05371060222387314,0.04703039055069288,0.04957301045457522,0.05292324970165888
29,0.07017541925112407,0.07917666683594386,0.06196803227066994,0.05207633972167969,0.07341084505120914,0.07685680935780208
30,0.12251783162355423,0.10264534999926885,0.09716333697239558,0.1186017319560051,0.12112979342540105,0.11384952316681544
31,0.1280626729130745,0.12559273342291513,0.10904256999492645,0.14148845771948496,0.14620857437451681,0.14869816601276398
32,0.39228318134943646,0.30352887511253357,0.2762300173441569,0.21331463754177094,0.27588773270448047,0.2675341069698334
33,0.43199310700098675,0.3335098127524058,0.332593967517217,0.28125916918118793,0.3473917245864868,0.34586002429326373
34,0.42426037788391113,0.3382960557937622,0.34120214978853863,0.3003467420736949,0.3546812931696574,0.3303426404794057
35,0.13960490872462591,0.07874981065591176,0.08562811215718587,0.08113386357824008,0.08870292206605275,0.09191065033276875
36,0.3276260594526927,0.30634986360867816,0.326134850581487,0.3252315620581309,0.34212292234102887,0.36976046363512677
37,0.1990463783343633,0.16584992160399756,0.1762100507815679,0.1129057730237643,0.1721812685330709,0.17520467191934586
38,0.24108955760796866,0.19895663857460022,0.16596428056557974,0.15438009053468704,0.1973250557978948,0.1765611320734024
39,0.33056865135828656,0.3235819737116496,0.25603840748469037,0.24400120973587036,0.28907813628514606,0.31177549560864765
40,0.5074645976225535,0.3703343669573466,0.3758494903643926,0.3214327196280162,0.3853100339571635,0.365805983543396
41,0.8933069308598837,0.8719450235366821,0.8744467496871948,0.8034622073173523,0.8577799995740255,0.8812847137451172
42,0.848723570505778,0.7861815889676412,0.7909134229024252,0.7886179288228353,0.7986425360043844,0.8000438809394836
43,0.9070802132288615,0.9128534396489462,0.9045840700467428,0.8085684378941854,0.9050254424413046,0.9146416187286377
44,0.927557369073232,0.932286818822225,0.9308681885401408,0.8751110831896464,0.9332656264305115,0.9344867070515951
45,0.8773301442464193,0.8969047864278158,0.8947267333666483,0.8791736960411072,0.9016517400741577,0.9015692869822184
46,0.9479905764261881,0.9541749159495035,0.9548331499099731,0.9445949792861938,0.9599140286445618,0.9598910808563232
47,0.962625245253245,0.979495644569397,0.9795525670051575,0.9670451482137045,0.9803450306256613,0.9796221454938253
48,0.9073772430419922,0.9442739486694336,0.9463707605997721,0.9231680631637573,0.9500005046526591,0.9527225494384766
49,0.8919681509335836,0.8609954516092936,0.8527368108431498,0.8140323956807455,0.8573889334996542,0.8621169726053873
50,0.5001858274141947,0.6701841553052267,0.6681358218193054,0.6160957217216492,0.6840206185976664,0.6605860193570455
51,0.4060320059458415,0.7754009366035461,0.7735775113105774,0.7726179162661234,0.7920167048772176,0.7834216356277466
52,0.9239955941836039,0.9426708221435547,0.9376610914866129,0.902691642443339,0.9438328345616659,0.9405223528544108
53,0.9187550942103068,0.9378083149592081,0.9395584464073181,0.922273576259613,0.9478787581125895,0.9372551838556925
54,0.8658476869265238,0.7933149536450704,0.7592277526855469,0.7434147000312805,0.782195508480072,0.769959012667338
55,0.9392285943031311,0.9279035925865173,0.9357204437255859,0.9078631401062012,0.936555286248525,0.9389993151028951
56,0.9283809065818787,0.9335886240005493,0.9346192280451456,0.9134252866109213,0.942635178565979,0.9340574542681376
57,0.6489667892456055,0.43066489696502686,0.4156542619069417,0.4862349331378937,0.4547686775525411,0.4211534857749939
58,0.4964131812254588,0.24835816025733948,0.24675516784191132,0.2638315161069234,0.2712583343187968,0.22213799754778543
59,0.7702430884043375,0.5600237945715586,0.6198724905649821,0.5906184315681458,0.6156918803850809,0.5888794660568237
60,0.8538528283437093,0.8538587888081869,0.8447283903757731,0.6975590785344442,0.8370771408081055,0.8522067666053772
61,0.7890535593032837,0.8140377004941305,0.80107581615448,0.6729216972986857,0.7992560664812723,0.8099421262741089
62,0.7515253027280172,0.8100310365358988,0.7905477086702982,0.6618722677230835,0.8092156449953715,0.8142335017522176
63,0.9147971272468567,0.9281892975171407,0.9291263222694397,0.876244843006134,0.9262109994888306,0.9336603482564291
64,0.7995365262031555,0.7788695295651754,0.7609082460403442,0.6216113964716593,0.7775516112645467,0.7681609988212585
65,0.835991104443868,0.8889918128649393,0.8748324116071066,0.8086211284001669,0.8847817778587341,0.8911330302556356
66,,0.826559325059255,,,,
67,,0.7965039412180582,,,,
68,0.8864521781603495,0.8862819671630859,0.8799774646759033,0.7928290168444315,0.8840158581733704,0.8842782378196716
69,0.8044944405555725,0.7001928091049194,0.6986008087793986,0.675268828868866,0.7516869703928629,0.7291136980056763
70,0.7494646310806274,0.6069905360539755,0.6012867291768392,0.6246366302172343,0.6515006224314371,0.6320767005284628
71,0.46349186698595685,0.20147542655467987,0.21658151348431906,0.2073162098725637,0.2447212984164556,0.2066639413436254
72,0.8431136608123779,0.7810436487197876,0.798334002494812,0.6800893942515055,0.787045935789744,0.7866387565930685
73,0.9195919235547384,0.9297357002894083,0.9261442820231119,0.871664841969808,0.9317469795544943,0.9329815705617269
74,0.8994757533073425,0.9046881198883057,0.9011016885439554,0.8448533614476522,0.8967730204264323,0.9007947246233622
75,0.8851965665817261,0.8837301333745321,0.8753326137860616,0.8460774421691895,0.8919205466906229,0.886588970820109
76,0.882979949315389,0.8759506940841675,0.8630605737368265,0.8397931456565857,0.8800937732060751,0.8831209341684977
77,0.36262492338816327,0.2523999363183975,0.20636098583539328,0.19084530572096506,0.23663860062758127,0.23862100144227347
78,0.06733076026042302,0.0604092205564181,0.05999398355682691,0.049195557832717896,0.051010130594174065,0.05845289553205172
79,0.06882638484239578,0.060616052399079,0.05371060222387314,0.04703039055069288,0.04957301045457522,0.05292324970165888
80,0.07445656259854634,0.07917666683594386,0.06196803227066994,0.0523062435289224,0.07341084505120914,0.07685680935780208
81,0.11020471652348836,0.10051083564758301,0.09543024748563766,0.0875901107986768,0.11925652374823888,0.11257503430048625
82,0.2630404084920883,0.14880776902039847,0.13779912143945694,0.1577119678258896,0.11897442489862442,0.174826979637146
0,0.23244777023792268,0.15287638306617737,0.15483641922473906,0.11915668845176697,0.1622231960296631,0.14395900517702104
1,0.21909019052982331,0.14800936877727508,0.14275331199169158,0.1107763409614563,0.16692626774311065,0.15093968510627748
2,0.27742899060249326,0.20058572590351104,0.20020314157009125,0.18293920159339905,0.21705377399921416,0.18934860229492187
3,0.23748303055763245,0.16285136938095093,0.16599446088075637,0.12392346858978272,0.171930193901062,0.14813046157360077
4,0.19103426188230516,0.19006583839654922,0.21466610729694366,0.1684661701321602,0.22018307447433472,0.1978454276919365
5,0.22758547365665435,0.11387195885181427,0.1267098069190979,0.09643595516681672,0.13292644172906876,0.10951488316059113
6,0.29575584828853607,0.19772187620401382,0.20352915227413176,0.1565713956952095,0.19012318849563598,0.1555432543158531
7,0.3165984839200974,0.16858558654785155,0.16548240631818772,0.13321224004030227,0.18445119112730027,0.17094077467918395
8,0.38249865770339964,0.2956552624702454,0.2564590036869049,0.19609854966402054,0.2631935715675354,0.29460258185863497
9,0.45991219878196715,0.29488242268562315,0.3013712465763092,0.24315162897109985,0.3044131100177765,0.30793860256671907
10,0.6029416799545289,0.4670826256275177,0.48970636129379275,0.38463551700115206,0.4832941710948944,0.5129606187343597
11,0.45360941290855405,0.2514099061489105,0.265035006403923,0.24514988362789153,0.3100182771682739,0.28123699128627777
12,0.19991229474544525,0.11425043046474456,0.11297634243965149,0.10768015086650848,0.11593542844057084,0.12349672019481658
13,0.49071928262710574,0.36744714379310606,0.35596768856048583,0.319364520907402,0.3918596565723419,0.37307544946670534
14,0.5975244104862213,0.48117605447769163,0.45023279786109927,0.4144723951816559,0.5079448819160461,0.4964750409126282
15,0.38356625437736513,0.20505954027175904,0.2104007989168167,0.17001399397850037,0.23800671100616455,0.21041144728660582
16,0.45627981424331665,0.2975185185670853,0.28498736917972567,0.21921376287937164,0.3153268039226532,0.3132896363735199
17,0.6139533758163452,0.36520331501960757,0.37292006611824036,0.33581717014312745,0.4035233795642853,0.3748005211353302
18,0.7792753577232361,0.6329099297523498,0.7014981865882873,0.5508355259895324,0.6897279977798462,0.6524144649505615
19,0.8173334956169128,0.6980521321296692,0.7195871949195862,0.668943989276886,0.7090515494346619,0.7177748799324035
20,0.8231457948684693,0.6727984189987183,0.7196643233299256,0.6525230884552002,0.6979808211326599,0.7245567560195922
21,0.8091657280921936,0.662499475479126,0.6678093194961547,0.6844577670097352,0.6742223620414733,0.6924829721450806
22,0.8087793469429017,0.7368078589439392,0.7497664332389832,0.7501095175743103,0.749644935131073,0.7568686485290528
23,0.6405901670455932,0.6226579546928406,0.6279281616210938,0.6498090028762817,0.6581177830696106,0.650243592262268
24,0.4972083032131195,0.5173152089118958,0.5257757782936097,0.5553326547145844,0.5107838153839112,0.5533647418022156
25,0.6315568566322327,0.6132865667343139,0.6226535320281983,0.6160739183425903,0.629198694229126,0.6358240962028503
26,0.6474456667900086,0.6084453105926514,0.5959214568138123,0.6100269198417664,0.5921492099761962,0.6022453546524048
27,0.7128712415695191,0.6557947754859924,0.6550104737281799,0.6517327308654786,0.6706334114074707,0.6478623151779175
28,0.5209369242191315,0.5047039031982422,0.48961217403411866,0.5049772739410401,0.48448085188865664,0.4870751440525055
29,0.624733817577362,0.6347028315067291,0.6141373753547669,0.43542723059654237,0.6389125347137451,0.6594465851783753
30,0.6860487699508667,0.7767785668373108,0.7921062111854553,0.7320319652557373,0.7780582189559937,0.8058348298072815
31,0.5798617005348206,0.6386508762836456,0.6265545129776001,0.5575447738170624,0.5978636145591736,0.6444553375244141
32,0.5484279453754425,0.5038790762424469,0.4891535222530365,0.3895794928073883,0.4734686613082886,0.5198586106300354
33,0.6709941506385804,0.695350980758667,0.6619073510169983,0.5305839478969574,0.6497215270996094,0.718012535572052
34,0.5755230009555816,0.6130842447280884,0.5802033364772796,0.42685686945915224,0.5909184813499451,0.6049302577972412
35,0.5328525841236115,0.5031634271144867,0.47115538120269773,0.3820044040679932,0.542989993095398,0.5523134231567383
36,0.7039379358291626,0.7287736654281616,0.7176149487495422,0.5978876411914825,0.7600046277046204,0.7452533006668091
37,0.7814916849136353,0.8290121793746948,0.8118599653244019,0.6726689457893371,0.8249616622924805,0.8356136441230774
38,,0.7459635496139526,,,,
39,0.8373847126960754,0.7555510401725769,0.7398125290870666,0.7365131855010987,0.7178613662719726,0.7549442887306214
40,0.6509451746940613,0.437011194229126,0.44175900220870973,0.4670619070529938,0.4325175344944,0.44343957901000974
41,0.7151193499565125,0.5578252911567688,0.5575062394142151,0.570314371585846,0.5673917770385742,0.5672222018241883
42,0.6895847201347352,0.571687251329422,0.5865247964859008,0.4162049233913422,0.5832348346710206,0.5858435273170471
43,0.7588300347328186,0.6743017196655273,0.659645414352417,0.6278255462646485,0.6478050470352172,0.7118621230125427
44,0.6411162376403808,0.4914175450801849,0.47738012075424197,0.4528751313686371,0.44586281180381776,0.5112900972366333
45,0.6699658393859863,0.624911653995514,0.5766026556491852,0.5755847096443176,0.5982685565948487,0.6573497414588928
46,0.8054893136024475,0.6909959316253662,0.7096219778060913,0.6124760627746582,0.7128027319908142,0.702414047718048
47,0.6729680061340332,0.4553209602832794,0.44018846154212954,0.46782708168029785,0.47421218156814576,0.4562126398086548
48,0.7984779953956604,0.6980373620986938,0.6984382033348083,0.7002848267555237,0.7126262068748475,0.7090147495269775
49,0.8157174468040467,0.7096433639526367,0.6962425947189331,0.6958467364311218,0.7025256872177124,0.7139378428459168
50,0.8308051347732544,0.756239402294159,0.7443606138229371,0.7313270926475525,0.7617940187454224,0.7568271517753601
51,0.8237164974212646,0.7381551623344421,0.7370095014572143,0.7232249975204468,0.7518557906150818,0.745502507686615
52,0.8603005528450012,0.7821279406547547,0.7965287923812866,0.7793120265007019,0.7828953981399536,0.7899768710136413
53,0.5787635564804077,0.4403843700885773,0.3964207947254181,0.39702882170677184,0.43984460830688477,0.432076632976532
0,0.09076993819326162,0.17507504671812057,0.1637272946536541,0.13047615997493267,0.18366864696145058,0.2011152319610119
1,0.08429363276809454,0.18449382856488228,0.1669220719486475,0.14905394800007343,0.20796493999660015,0.20390288531780243
2,0.14073859713971615,0.2332184724509716,0.19949712231755257,0.16809300146996975,0.27507125586271286,0.25049009174108505
3,0.13150659389793873,0.18501084297895432,0.15297674760222435,0.13177796825766563,0.17496635019779205,0.17504305019974709
4,0.16406451165676117,0.11273536086082458,0.11638132855296135,0.07012062054127455,0.10176755674183369,0.12039841711521149
5,0.14581258315593004,0.12692211661487818,0.11206847336143255,0.1094469791278243,0.1312225256115198,0.13484941236674786
6,0.2107129618525505,0.19106435775756836,0.1883230358362198,0.18412251770496368,0.20446836575865746,0.22019402496516705
7,0.5171848461031914,0.3415241688489914,0.35864509642124176,0.2559094838798046,0.32750892639160156,0.3448055759072304
8,0.3903082236647606,0.2561180628836155,0.24047856405377388,0.19921007752418518,0.27074987813830376,0.2902137562632561
9,0.36712396144866943,0.27079013362526894,0.2643129751086235,0.19737114012241364,0.2676556296646595,0.2670676149427891
10,0.6215493083000183,0.5460321977734566,0.5289294123649597,0.4956704005599022,0.584981307387352,0.5419478714466095
11,0.795493483543396,0.7633236795663834,0.7602245509624481,0.6860297620296478,0.7621834576129913,0.7568721920251846
12,0.657159149646759,0.49719664454460144,0.48054338991642,0.35419929027557373,0.48926057666540146,0.48094023019075394
13,0.6465193182229996,0.47521547228097916,0.5004512742161751,0.3230389282107353,0.5473940670490265,0.43653830140829086
14,0.4170442968606949,0.16203813813626766,0.14169447496533394,0.16455251350998878,0.15404988639056683,0.15074522793293
15,0.7852284163236618,0.6510752141475677,0.6694612354040146,0.5460831969976425,0.654439389705658,0.6564871370792389
16,0.8178201466798782,0.7518133819103241,0.7437298148870468,0.6680472046136856,0.7780958265066147,0.7554614543914795
17,0.7892954647541046,0.6284891813993454,0.612583190202713,0.564776636660099,0.5901311039924622,0.6011174395680428
18,0.8164737224578857,0.6815809011459351,0.7035641670227051,0.6220854669809341,0.6935813128948212,0.7056042104959488
19,0.8297361582517624,0.7339375019073486,0.7384592294692993,0.7708599865436554,0.7297167479991913,0.7581876665353775
20,0.896857276558876,0.8488196432590485,0.8345068991184235,0.7633263766765594,0.8437272161245346,0.8445738404989243
21,0.8817511647939682,0.8502449691295624,0.8516609370708466,0.7750946134328842,0.8403870761394501,0.8521948009729385
22,0.8905081003904343,0.8439250439405441,0.8219481557607651,0.8081384897232056,0.8256186246871948,0.847053661942482
23,0.8492123633623123,0.7929514050483704,0.7726777642965317,0.7739918231964111,0.8090965896844864,0.8111743479967117
24,0.8207079917192459,0.7593219876289368,0.7282898873090744,0.7728615254163742,0.7899734228849411,0.7944692373275757
25,0.8196384608745575,0.7087191045284271,0.6622936576604843,0.7380183041095734,0.7518801540136337,0.7285689562559128
26,0.7778425514698029,0.6849484890699387,0.6178701519966125,0.6673116534948349,0.681780144572258,0.6886420845985413
27,0.8739715814590454,0.8680845201015472,0.8657366335391998,0.7742136418819427,0.8731983453035355,0.8723052144050598
28,0.9121102839708328,0.8883831351995468,0.8703676611185074,0.8624782711267471,0.8956583589315414,0.8905843496322632
29,0.8492822796106339,0.782069593667984,0.7336735427379608,0.7641712725162506,0.8080892115831375,0.7974935322999954
30,0.836544468998909,0.7589771151542664,0.7011687904596329,0.7224188894033432,0.7713455408811569,0.7613126188516617
31,0.8269827663898468,0.7506998628377914,0.6970234513282776,0.7053138017654419,0.7512601763010025,0.7560935318470001
32,0.8186711072921753,0.7848830819129944,0.7739334851503372,0.6802325695753098,0.7646782547235489,0.7922434210777283
33,0.7513444423675537,0.7393300384283066,0.7269671261310577,0.5788557752966881,0.7595914751291275,0.7568991929292679
34,0.7715519815683365,0.7531832158565521,0.743396058678627,0.582701250910759,0.7424757331609726,0.7623158246278763
35,0.6954129040241241,0.7748228758573532,0.7642452418804169,0.6773330420255661,0.7903183102607727,0.7908949553966522
36,0.7625260055065155,0.7792216241359711,0.774601399898529,0.6916272342205048,0.8026707619428635,0.7974516004323959
37,0.8794530034065247,0.883042722940445,0.8713594377040863,0.765044167637825,0.8699337989091873,0.8816496133804321
38,0.9133877158164978,0.8969642966985703,0.8947640061378479,0.8250550180673599,0.8880732357501984,0.9015486389398575
39,0.9131237715482712,0.9033533930778503,0.89600670337677,0.8375358432531357,0.9001861363649368,0.9046964049339294
40,0.886838972568512,0.9294177144765854,0.9118261337280273,0.913654699921608,0.9142213761806488,0.9285514950752258
41,0.8660164028406143,0.9367880821228027,0.9228626936674118,0.8981487303972244,0.9107360988855362,0.9260294884443283
42,0.8798438459634781,0.8682383000850677,0.84650619328022,0.8275404125452042,0.8264370560646057,0.8838922381401062
43,0.7761264741420746,0.8775831907987595,0.8638570755720139,0.8231657296419144,0.8796891570091248,0.8859241306781769
44,0.8398624658584595,0.8475949168205261,0.84458327293396,0.8721979111433029,0.8375992476940155,0.8525246977806091
45,0.614338755607605,0.4356665089726448,0.3769848868250847,0.49233870208263397,0.4072738513350487,0.4267037510871887
46,0.8371865898370743,0.7560227364301682,0.7922142595052719,0.7590501457452774,0.7775896638631821,0.7820720374584198
47,0.7336573004722595,0.5788628458976746,0.5925712287425995,0.4192928075790405,0.6107646971940994,0.5809695869684219
48,0.5560886710882187,0.3291286900639534,0.3585992306470871,0.2606630250811577,0.3759029060602188,0.36879174411296844
49,0.6094970405101776,0.40008632838726044,0.4398823752999306,0.35365918278694153,0.387555830180645,0.4131954237818718
50,0.5453563556075096,0.3624992370605469,0.3375195190310478,0.28709159046411514,0.35678979754447937,0.35725385695695877
51,0.6975266933441162,0.5938946604728699,0.585276648402214,0.3926076963543892,0.6022946834564209,0.589104175567627
52,0.6449510604143143,0.5376974567770958,0.5581066906452179,0.37265606969594955,0.5956495851278305,0.5454162433743477
53,0.5728941559791565,0.49276696890592575,0.49285560846328735,0.33427587896585464,0.5132973790168762,0.4921320825815201
54,,0.7907335013151169,,,,
55,,0.34061747789382935,,,,
56,0.2293548360466957,0.09442787803709507,0.09388401359319687,0.08291063085198402,0.12334343791007996,0.10063202679157257
57,0.5524376928806305,0.3244943767786026,0.3248828053474426,0.26222534105181694,0.3656473904848099,0.3415885493159294
58,0.6353930830955505,0.5533988773822784,0.5477527976036072,0.37304484099149704,0.599064514040947,0.5493874475359917
59,0.5672195628285408,0.39600618183612823,0.41324685513973236,0.3759572431445122,0.3974986746907234,0.3885752372443676
60,0.3139662593603134,0.2591954730451107,0.23980258405208588,0.2702094092965126,0.27281641215085983,0.25269608944654465
61,0.4597470089793205,0.36938563734292984,0.3354411646723747,0.2221982181072235,0.4493541494011879,0.39100564271211624
62,0.514148510992527,0.39785151928663254,0.3695221319794655,0.29403968155384064,0.4494050592184067,0.39019209146499634
63,0.21988498605787754,0.21194064617156982,0.21385517343878746,0.19323137402534485,0.22030244767665863,0.23734166845679283
64,0.24612028151750565,0.13415049016475677,0.13593477569520473,0.084111038595438,0.14556648395955563,0.15394697524607182
65,0.11608665622770786,0.08670277241617441,0.08911127410829067,0.08525333553552628,0.0995528046041727,0.09433636348694563
66,0.1478732842952013,0.12813824694603682,0.13372054882347584,0.13173646852374077,0.1180973518639803,0.10124410036951303
67,0.4262118488550186,0.30289820581674576,0.2815100811421871,0.18676256760954857,0.311134934425354,0.31354542076587677
68,0.5098141208291054,0.37928245961666107,0.3762509524822235,0.3201732635498047,0.41223470121622086,0.37169160693883896
69,0.024635936366394162,0.01865610759705305,0.016207247506827116,0.025109100388363004,0.018048188416287303,0.018579358235001564
70,0.025553426472470164,0.027707994915544987,0.025736944284290075,0.03456591023132205,0.023871853481978178,0.027505700010806322
71,0.08203880116343498,0.04995946679264307,0.056142489425837994,0.04507505428045988,0.04659642977640033,0.05335755692794919
0,0.1454505611743246,0.07330813099231039,0.07574427021401269,0.0961656921676227,0.07836483738252095,0.0794347780091422
1,0.13994023948907852,0.07039268155183111,0.07643278209226471,0.10438515884535653,0.06644989709768977,0.07291649175541741
2,0.1809026769229344,0.09413872552769524,0.11154746796403613,0.13847783314330236,0.10582952307803291,0.09806381325636591
3,0.11624136141368321,0.04283758572169712,0.047805630202804296,0.05451579285519464,0.052925738372973034,0.04079512267240456
4,0.30091528807367596,0.24373125178473337,0.22842489608696528,0.301511070558003,0.2433348617383412,0.23619410821369716
5,0.3556971698999405,0.3030671605042049,0.29926046303340365,0.3573306884084429,0.29839101646627697,0.29867405337946756
6,0.2656776862485068,0.18273905983992986,0.18831469118595123,0.23348669282027654,0.18935087536062514,0.19105602694409235
7,0.2827561561550413,0.1847586099590574,0.1813217976263591,0.23462640600545065,0.18977820447513036,0.18077745607921056
8,0.20034870292459214,0.11742587387561798,0.11600915768316813,0.1480730420776776,0.12204705817358834,0.11276995497090476
9,0.1991936010973794,0.10013102367520332,0.11519899325711387,0.14845016172954015,0.10585413660321917,0.10094085282513074
10,0.22365703114441463,0.11798908774341856,0.12505455794078962,0.14259018270032747,0.12129206742559161,0.1122775711119175
11,0.23610752820968628,0.13499280224953378,0.1402377039194107,0.1585474434707846,0.13209701648780278,0.12639641708561353
12,0.21543762726443155,0.1265376407120909,0.13060656934976578,0.1599999155317034,0.1290977554661887,0.12179001952920641
13,0.22274801986558096,0.14748065705810273,0.1448074078985623,0.22378981113433838,0.1406894592302186,0.15253971091338567
14,0.41051928060395376,0.21459887283188955,0.21148157864809036,0.25529163011482786,0.22125637318406785,0.21980770996638707
15,0.24620319051401957,0.12578361215335981,0.12653452583721705,0.16960998518126352,0.11723981904132026,0.12560112455061503
16,0.4591444049562727,0.30437709603990826,0.31774020195007324,0.37489775248936247,0.2943977266550064,0.32090627934251514
17,0.5656946727207729,0.48395675846508573,0.46526878220694406,0.49297214831624714,0.5132172320570264,0.4777087228638785
18,0.690492970602853,0.5727362079279763,0.5852079604353223,0.6242679400103432,0.585543189729963,0.5810562372207642
19,0.6410637923649379,0.44358719672475544,0.4584030381270817,0.4887293449469975,0.4587780407496861,0.4312639321599688
20,0.6427315814154488,0.5068450399807521,0.5287405678204128,0.5476509588105338,0.5243350352559771,0.5007563957146236
21,0.7018001249858311,0.589512654713222,0.619875967502594,0.6526247773851667,0.5981763005256653,0.5957650627408709
22,0.7150379504476275,0.7387338195528302,0.7824212482997349,0.7993531141962323,0.6947494574955532,0.7277076329503741
23,0.7170405813625881,0.6311389207839966,0.6544591869626727,0.6536703450339181,0.6389658451080322,0.6185460771833148
24,0.6910534586225238,0.5322573270116534,0.5564724675246647,0.5818523168563843,0.5335158322538648,0.5285097403185708
25,0.7103556139128548,0.6074219601494926,0.6883787172181266,0.6470853771482196,0.6046856045722961,0.6074841277939933
26,0.6644944293158395,0.5577491308961596,0.579006016254425,0.6063485188143594,0.5553935510771615,0.5381755062511989
27,0.20113666355609894,0.08441327725137983,0.09424534546477455,0.10434660528387342,0.09276020526885986,0.09614272522074836
28,0.21138615480491094,0.1020602679678372,0.10992261341639928,0.14127544632979802,0.12331517785787582,0.11313654748456818
29,0.22016684710979462,0.12751406111887523,0.12540574478251593,0.1584666594862938,0.1510280349424907,0.1237029071365084
30,0.26214697318417685,0.19862585408346994,0.18607487210205623,0.2000562059027808,0.21575203750814712,0.18992917665413447
31,0.10559279471635818,0.3047028673546655,0.32370329967566897,0.3050174627985273,0.27077502650874,0.2788468897342682
32,0.2797489570719855,0.3117052891424724,0.31845670086996897,0.34684317878314425,0.2952435995851244,0.29442026572568075
33,0.21368833311966487,0.12969860008784703,0.13594479646001542,0.15266619196959905,0.13159658759832382,0.12516882377011435
34,0.2855276380266462,0.1913995955671583,0.19456554310662405,0.23481502277510508,0.19232014885970525,0.19048423426491873
35,0.44976806214877535,0.31509181005614145,0.29910920773233685,0.3120025949818747,0.33880973713738577,0.30852411900247845
36,0.6709561007363456,0.4462549899305616,0.45073288679122925,0.45685369627816336,0.4846458520208086,0.46070910351616995
37,0.5619408105100904,0.4433004558086395,0.4528211908681052,0.47693044798714773,0.4452823485646929,0.46125979508672443
38,0.20846956755433763,0.0878967781152044,0.08815962395497731,0.11121217054980141,0.0904271597308772,0.08612189016171864
39,0.2874669645513807,0.13679763355425426,0.14194092048066004,0.17582175135612488,0.14674428424664906,0.13310728009257997
40,0.7698076111929757,0.6101878881454468,0.6317432011876788,0.5943753847054073,0.5979562316622052,0.6166496191705976
41,0.8056255153247288,0.8082066008022853,0.8390938299042838,0.8289987785475594,0.8732175060680935,0.7989431279046195
42,0.7469873598643711,0.790556788444519,0.8175714441708156,0.8450097782271249,0.8505414979798454,0.7851797597748893
43,0.38377681587423595,0.23751587527138845,0.2784803020102637,0.4221429782254355,0.31262571471078054,0.27742919964449747
44,0.9104187573705401,0.8639102237565177,0.8700398462159293,0.8897192989076886,0.8772692254611424,0.867563077381679
45,0.9147504653249469,0.8731837102345058,0.8898819429533822,0.9050951259476798,0.8945015157972064,0.8745551875659398
46,0.9178052289145333,0.8843788845198495,0.8808344687734332,0.8923358406339373,0.8938402618680682,0.8624681319509234
47,0.9531594174248832,0.9619140625,0.952339402266911,0.9472111548696246,0.9558350699288505,0.9563264335904803
48,0.9269586205482483,0.9004004171916417,0.8978855098996844,0.8956918631281171,0.8937522598675319,0.8927810788154602
49,0.9293721573693412,0.9071491871561322,0.910372086933681,0.9057821716581073,0.9151567731584821,0.9105857610702515
50,0.8986806103161403,0.8412334748676845,0.8369781630379813,0.8098460010119847,0.8246702040944781,0.8637437650135585
51,0.8929330025400434,0.8494835325649807,0.8467139431408474,0.8471800599779401,0.8147289752960205,0.8379577057702201
52,0.8902967742511204,0.8748477101325989,0.8732168248721531,0.8713111111095974,0.8685830235481262,0.8872681600706918
53,0.4662952167647226,0.24547667162758963,0.242876159293311,0.2707330456801823,0.24957534032208578,0.2503242109503065
54,0.2586736168180193,0.10383843843426023,0.10028387073959623,0.12761068556989943,0.10831474725689207,0.11469957658222743
55,0.2220562824181148,0.07057861504810196,0.07648873914565359,0.08840241070304598,0.07189667278102466,0.07843965717724391
56,0.2325767512832369,0.09047188396964755,0.09337282606533595,0.10368263402155467,0.10066968202590942,0.09251069171088082
57,0.20596983177321299,0.0836071212376867,0.09064663414444242,0.119322698031153,0.09326765686273575,0.09080599354846138
58,0.2408118780170168,0.11899003386497498,0.11272721418312617,0.14460930973291397,0.12163252809217998,0.11779081502131053
59,0.19121536825384414,0.09036384310041155,0.0930909024817603,0.11984945088624954,0.10194251367024013,0.09023520563329969
60,,0.8531294465065002,,,,
61,0.7167210408619472,0.5256034817014422,0.5190047366278512,0.5386132001876831,0.5475847380501884,0.5536159873008728
62,0.2121243178844452,0.13337595547948564,0.14221989044121333,0.17550599362168992,0.15591781054224288,0.14406471805913107
63,0.2918815846954073,0.13424350853477204,0.15293975813048227,0.1698030180164746,0.16462606617382594,0.15315824214901244
64,0.20374042008604323,0.1008918886738164,0.10633931308984756,0.11524944752454758,0.11310428913150515,0.11422228813171387
65,0.22744055730955942,0.12379046848842076,0.12041791847773961,0.13930157784904754,0.12961265231881822,0.12337342436824526
66,0.46855485439300537,0.25575089880398344,0.2661875379937036,0.262808267559324,0.27765574625560213,0.26711119072777884
67,0.39724451303482056,0.22766210564545222,0.22720565327576228,0.2360865239586149,0.24160598431314742,0.22137704917362758
68,0.29497863565172466,0.2096481259380068,0.2171772484268461,0.2519719579390117,0.19805085871900832,0.2022946902683803
69,0.4415907604353769,0.216616795531341,0.2108312568494252,0.23800348384039743,0.3098281579358237,0.22982631836618697
70,0.3342333159276417,0.1270593191896166,0.12081598543695041,0.15327846046004975,0.15334166533180646,0.11672205318297658
71,0.21990773294653213,0.15044494611876352,0.154746518603393,0.1790496004479272,0.15170248917170934,0.145443466092859
72,0.3043305831296103,0.1749930019889559,0.16752914552177703,0.21012121332543238,0.17095477453299932,0.18569155569587434
73,0.3000220698969705,0.19572292268276215,0.19467212579080037,0.21722081622907094,0.19252780292715346,0.20464495995215007
74,0.1857823303767613,0.08021612891129085,0.09134428628853389,0.10798824525305203,0.08960225326674325,0.08418009962354388
75,0.10337050471987043,0.036777374733771594,0.0420713946223259,0.05181578866073063,0.03971369617751667,0.0398428879146065
76,0.10143813224775451,0.04063361510634422,0.04605390078255108,0.0509128642401525,0.044476578810385296,0.04205523564347199
0,0.030467669169108074,0.03270581550896168,0.030511886502305668,0.03997583190600077,0.028507405271132786,0.03423407860100269
1,0.056454580277204514,0.06825283914804459,0.07506061096986134,0.1050288478533427,0.05660992239912351,0.05997733399271965
2,0.12948092818260193,0.06880757957696915,0.05884813144803047,0.08352436870336533,0.05252435555060705,0.05920976400375366
3,0.11203448226054509,0.06751575693488121,0.05741103490193685,0.08573148647944133,0.05500804384549459,0.06127585098147392
4,0.18992682794729868,0.0847467730442683,0.08437326053778331,0.12347224354743958,0.07243374735116959,0.09284192820390065
5,0.1636298398176829,0.0821709471444289,0.0772955094774564,0.11487866441408794,0.09413857758045197,0.09864073246717453
6,0.0944277395804723,0.05418791621923447,0.05231168741981188,0.05301710590720177,0.05364645645022392,0.06133053948481878
7,0.10862762480974197,0.030674623946348827,0.033751278494795166,0.03531138598918915,0.033774816120664276,0.03303767989079157
8,0.04668133147060871,0.061948596189419426,0.06401659920811653,0.07031705603003502,0.052268349565565586,0.053915599981943764
9,0.0756648654739062,0.02714620716869831,0.026688430458307266,0.03980274684727192,0.02958498274286588,0.037053211902578674
10,0.46103301644325256,0.3499736487865448,0.3770517607529958,0.4092001716295878,0.35222507019837695,0.3390454252560933
11,0.6379975279172262,0.5407856305440267,0.5608615179856619,0.48846298456192017,0.4810376266638438,0.5511628985404968
12,0.5890025496482849,0.4872397979100545,0.4887375334898631,0.481791357199351,0.4747090737024943,0.4931742548942566
13,0.8174969951311747,0.7025946378707886,0.6718695958455404,0.6747597654660543,0.6919762492179871,0.7055414915084839
14,0.8342923919359843,0.7257300813992819,0.683326005935669,0.7169197797775269,0.6874478658040365,0.687453548113505
15,0.8832838336626688,0.8943394819895426,0.888659139474233,0.8307728966077169,0.8897387584050497,0.8914735515912374
16,0.7411423524220785,0.7079437375068665,0.7249787449836731,0.6208703716595968,0.7286617755889893,0.7264472842216492
17,0.7856422066688538,0.6364588340123495,0.637509266535441,0.6659465432167053,0.5901714960734049,0.6316176652908325
18,0.8129907647768656,0.6364937424659729,0.628611167271932,0.679325004418691,0.5999961098035177,0.6207892298698425
19,0.8611102104187012,0.8619941671689352,0.842921793460846,0.8047095338503519,0.8150155742963155,0.8802239298820496
20,0.8529740373293558,0.8491963346799215,0.8533995548884074,0.7493012348810831,0.7986451387405396,0.8500404159228007
21,0.7310156226158142,0.6894741654396057,0.7081920107205709,0.6473703583081564,0.654351552327474,0.6834031343460083
22,0.5880831281344095,0.47391868631045025,0.43629343310991925,0.4236733714739482,0.4402734041213989,0.4382985830307007
23,0.48303792874018353,0.38183605670928955,0.3800486425558726,0.31552528341611225,0.37717360258102417,0.3606949249903361
24,0.5858108798662821,0.3513585527737935,0.3693236708641052,0.3208601027727127,0.35444580515225727,0.33685191969076794
25,0.8271880547205607,0.7571752270062765,0.776842991511027,0.6603017846743265,0.7456671198209127,0.7599010268847147
26,0.7064084013303121,0.5586555600166321,0.550312340259552,0.49997807542483014,0.5768182078997294,0.5453258653481802
27,0.7957933942476908,0.7008131941159567,0.6676706274350485,0.6775058309237162,0.6704665819803873,0.69264155626297
28,0.5693533023198446,0.3688919047514598,0.33810118834177655,0.43532732129096985,0.32657310366630554,0.3923030694325765
29,0.4930042326450348,0.32848726212978363,0.32164067029953003,0.41866253813107807,0.23772325615088144,0.3420908997456233
30,0.44889646768569946,0.34025584657986957,0.32632102568944293,0.3520456651846568,0.24720482528209686,0.3445235590140025
31,0.26102115710576373,0.23487541576226553,0.2359577218691508,0.2601366192102432,0.18639262517293295,0.25455548365910846
32,0.2071880300839742,0.1266721934080124,0.10480823864539464,0.129503071308136,0.10813167194525401,0.13100963830947876
33,0.20142715921004614,0.12431671222050984,0.11631107081969579,0.14295495301485062,0.09922941649953525,0.13069107631842294
34,0.12614367653926215,0.07882717003424962,0.07129797836144765,0.07565554728110631,0.0536960686246554,0.07300606742501259
35,0.10719978561004002,0.08111584186553955,0.06404068817694981,0.050487518310546875,0.07928919047117233,0.07301777477065723
36,0.19889550904432932,0.11111739526192348,0.09424498428901036,0.072245292365551,0.11777933438618977,0.0975517009695371
37,0.6552135944366455,0.4486374855041504,0.388573298851649,0.4617857535680135,0.35252445936203003,0.42703838149706524
38,0.18619047602017721,0.10063341508309047,0.0852375477552414,0.11882727593183517,0.11123635371526082,0.10451318820317586
39,0.486370970805486,0.29852978388468426,0.2885814309120178,0.2862602323293686,0.3083992103735606,0.29527387022972107
40,0.783255139986674,0.5903213421503702,0.5430583953857422,0.5504547953605652,0.5495236118634542,0.5504787564277649
41,0.7231557965278625,0.5695008039474487,0.574197252591451,0.5297502080599467,0.5256450871626536,0.5513178507486979
42,0.36818937460581463,0.20620158314704895,0.1811327983935674,0.21596126755078635,0.16360601782798767,0.20382804671923319
43,0.6839993000030518,0.4753889739513397,0.46609171231587726,0.440732608238856,0.37338419755299884,0.4407694339752197
44,0.8961450854937235,0.8270072937011719,0.821747620900472,0.8409878611564636,0.76541139682134,0.8410872022310892
45,0.9544944365819296,0.9433193206787109,0.9293800195058187,0.9319195946057638,0.9439440568288168,0.9369293848673502
46,0.8786805868148804,0.7871778210004171,0.7727358142534891,0.7769596775372823,0.8285276889801025,0.7771026889483134
47,0.7114230990409851,0.48010573784510296,0.49330920974413556,0.570903480052948,0.5433045427004496,0.484600951274236
48,0.6216046412785848,0.5649648904800415,0.5217273434003195,0.5417582591374716,0.48908619085947674,0.5271364748477936
49,0.520565261443456,0.36778440078099567,0.34458954135576886,0.40672922134399414,0.23727642993132272,0.3268427948156993
50,0.6799655556678772,0.45904261867205304,0.4258659283320109,0.5424545208613077,0.4653843839963277,0.4804134468237559
51,0.875321606794993,0.8697522878646851,0.873485267162323,0.8314598401387533,0.8608758250872294,0.8836821913719177
52,0.9141896963119507,0.9219813744227091,0.9280240337053934,0.8914808630943298,0.9212551315625509,0.9341214696566263
53,0.820382277170817,0.8134385148684183,0.808111568291982,0.7595583399136862,0.791932225227356,0.811375896135966
54,0.7799389362335205,0.8882595896720886,0.8876142303148905,0.9110216697057089,0.9013503591219584,0.8987754185994467
55,0.9025816321372986,0.8898941278457642,0.8984678983688354,0.909501830736796,0.9272043108940125,0.9062893191973368
56,0.8304470578829447,0.8784495194753011,0.8869431416193644,0.8849237163861593,0.8915646473566691,0.8909991383552551
57,0.6245713432629904,0.4917038877805074,0.5201718310515085,0.4919173816839854,0.49475496013959247,0.520242432753245
58,0.6525877912839254,0.5208888947963715,0.5228662689526876,0.49261488517125446,0.5388728976249695,0.5326655705769857
59,0.19747353593508402,0.10514765481154124,0.09859558443228404,0.10138079275687535,0.10957690080006917,0.1024033675591151
60,0.4353751838207245,0.24770604074001312,0.2568356196085612,0.16801969707012177,0.29072889188925427,0.25999411443869275
61,,0.6423920392990112,,,,
62,0.2572283943494161,0.135926716029644,0.13399978975454965,0.1335343470176061,0.17606142411629358,0.12522332866986594
63,0.4229092200597127,0.3085518330335617,0.32373865445454914,0.19976518054803213,0.33758055170377094,0.3036983559528987
64,0.2060334583123525,0.13257215668757757,0.12142505248387654,0.09561189512411754,0.14891931414604187,0.12359508872032166
65,0.10376047094662984,0.14914130419492722,0.10640569031238556,0.10974214226007462,0.1061822697520256,0.1461776147286097
66,0.20657228430112204,0.3748910129070282,0.25355226794878644,0.29810794691244763,0.29964346686999005,0.3621576925118764
67,0.4210870663324992,0.3587286372979482,0.3331362108389537,0.2794468899567922,0.366878479719162,0.35754692554473877
68,0.2342891494433085,0.20766589293877283,0.20155339936415353,0.1553406367699305,0.19988970955212912,0.2058086891969045
69,0.16807492077350616,0.09719191988309224,0.09929493566354115,0.10752276082833608,0.10031814128160477,0.10608256111542384
70,0.6001092592875162,0.44805826743443805,0.4579489827156067,0.2884657333294551,0.45366108417510986,0.42736031611760456
71,0.4519339899222056,0.3440036475658417,0.3086785326401393,0.36809979875882465,0.2676333636045456,0.32223859429359436
72,0.17475122461716333,0.5229880611101786,0.5159604549407959,0.47657660643259686,0.48523621757825214,0.48902886112531024
73,0.7428258856137594,0.7977639039357504,0.7222983837127686,0.6823424895604452,0.7311588923136393,0.7722069025039673
74,0.6576329270998637,0.4407748182614644,0.4880717694759369,0.38802332679430646,0.4985355536142985,0.4765329857667287
75,0.5453464388847351,0.3656066457430522,0.38544618089993793,0.24286171793937683,0.4089980522791545,0.34968094031016034
76,0.3970661560694377,0.31645716230074566,0.31362749139467877,0.22720580299695334,0.3330856164296468,0.29655563831329346
77,0.4157293438911438,0.42384980122248334,0.3741997480392456,0.35620221495628357,0.45381436745325726,0.4011899133523305
0,0.06561088562011719,0.0453720111399889,0.03747926093637943,0.03346947953104973,0.04100295342504978,0.03878562152385712
1,0.09488911181688309,0.06432945281267166,0.08135589025914669,0.06818055175244808,0.07963563688099384,0.06488993763923645
2,0.052324432879686356,0.027580147609114647,0.030373104847967625,0.02982478030025959,0.028661799617111683,0.02707230020314455
3,0.036796681582927704,0.023287925869226456,0.01926847454160452,0.02740306966006756,0.021509175188839436,0.020619292743504047
4,0.08221795782446861,0.0545499324798584,0.047218888998031616,0.07013342902064323,0.07800973951816559,0.05553961917757988
5,0.28266918659210205,0.18087204173207283,0.138205423951149,0.20256564021110535,0.19963902980089188,0.20714444667100906
6,0.038037956692278385,0.02175801433622837,0.020649053156375885,0.0366473738104105,0.03189355228096247,0.02975570410490036
7,0.06997924670577049,0.041330428794026375,0.03476944658905268,0.05174254812300205,0.05278421565890312,0.04579490050673485
8,0.37088581919670105,0.2627466358244419,0.23672622069716454,0.3252955451607704,0.2695464491844177,0.26783861964941025
9,0.1241767480969429,0.06124233454465866,0.07171176746487617,0.07553253881633282,0.0992484912276268,0.07989561185240746
10,0.056472646072506905,0.04718936048448086,0.04116456024348736,0.05965584237128496,0.06027371995151043,0.048049196600914
11,0.10957928746938705,0.0944552980363369,0.07345584779977798,0.13055841624736786,0.11696359142661095,0.10792481526732445
12,0.16472556814551353,0.12882257252931595,0.11244793236255646,0.24632728099822998,0.16895154863595963,0.13643136620521545
13,0.149052232503891,0.08583513647317886,0.09857504442334175,0.17171655595302582,0.10048409178853035,0.0954761803150177
14,0.10034136846661568,0.04903784766793251,0.05769176594913006,0.08575810119509697,0.06852618232369423,0.054265495389699936
15,0.03293938422575593,0.02357867080718279,0.026042837649583817,0.020756778307259083,0.032039453741163015,0.021037994418293238
16,0.06031542830169201,0.03225727938115597,0.03262052498757839,0.05118214711546898,0.03646321687847376,0.03052725177258253
17,0.3738660216331482,0.3561018854379654,0.3133310526609421,0.3317055404186249,0.36068518459796906,0.35265474021434784
18,0.48917487263679504,0.27547186613082886,0.26503708213567734,0.3272356539964676,0.27227194607257843,0.3188086152076721
19,0.19434257596731186,0.1259162463247776,0.11710334196686745,0.13077443838119507,0.10776612162590027,0.11226221174001694
20,0.12969277799129486,0.07565488293766975,0.0853229034692049,0.0853632502257824,0.08511633053421974,0.07978317514061928
21,0.08695513382554054,0.04573301039636135,0.04457343742251396,0.04710896871984005,0.05165993608534336,0.05529831722378731
22,0.17699461430311203,0.10757744312286377,0.10586117953062057,0.11521822959184647,0.08528094366192818,0.10105293989181519
23,0.820343405008316,0.8776655495166779,0.8928968608379364,0.8652674853801727,0.8415489494800568,0.8574590086936951
24,0.732182502746582,0.849153071641922,0.8727187514305115,0.8573408126831055,0.8743252754211426,0.8329722583293915
25,0.5165919810533524,0.393198624253273,0.4294948875904083,0.3436077982187271,0.3657063692808151,0.3763210326433182
26,0.20203368365764618,0.13302036374807358,0.13546788692474365,0.13174228370189667,0.13794389367103577,0.13644641637802124
27,0.4501525014638901,0.29168422520160675,0.3179522752761841,0.25714658200740814,0.3648110628128052,0.29971833527088165
28,0.8217317461967468,0.7474113404750824,0.7441451847553253,0.6194531917572021,0.7160884737968445,0.7472827732563019
29,0.6069155633449554,0.46587803959846497,0.43952086567878723,0.43661923706531525,0.4652312994003296,0.44607600569725037
30,0.07681052386760712,0.040099743753671646,0.05130980722606182,0.05344563536345959,0.04840092360973358,0.04363398440182209
31,0.11235033348202705,0.04468715749680996,0.0532793840393424,0.06469953246414661,0.042806489393115044,0.04556670971214771
32,0.08954628184437752,0.040963465347886086,0.04922443442046642,0.05955338291823864,0.040241729468107224,0.04292772337794304
33,0.10084374994039536,0.05287390947341919,0.05365823954343796,0.05416396073997021,0.056459907442331314,0.05666911415755749
34,0.0587968360632658,0.04207979887723923,0.04213457182049751,0.042037906125187874,0.03616999089717865,0.04431100282818079
35,0.05530090909451246,0.01984604261815548,0.026906230486929417,0.02872602269053459,0.02283673221245408,0.023564054165035486
36,0.9092111885547638,0.9212556481361389,0.9111922085285187,0.8624380528926849,0.9174332618713379,0.9268017709255219
37,0.7060615718364716,0.645860344171524,0.6241022944450378,0.5417495667934418,0.5777714848518372,0.6223420798778534
38,0.7235921919345856,0.6711601912975311,0.6586452424526215,0.6143034398555756,0.5856615006923676,0.6280538439750671
39,0.6728192865848541,0.5900830924510956,0.5874218940734863,0.5228230059146881,0.47808144986629486,0.5625600665807724
40,0.7652908563613892,0.683322936296463,0.6360024213790894,0.6242000460624695,0.6697317957878113,0.6621783077716827
41,0.9389018714427948,0.9579951167106628,0.9579467475414276,0.9324427843093872,0.9583590924739838,0.9576076865196228
42,0.8982701897621155,0.9178538024425507,0.9163779318332672,0.8798305988311768,0.9264431595802307,0.9299997687339783
43,0.9406186938285828,0.9494026899337769,0.9496412873268127,0.9309295117855072,0.9472160637378693,0.9586228132247925
44,0.8967689275741577,0.9141919910907745,0.9134511947631836,0.8919566869735718,0.9240536093711853,0.9317493736743927
45,0.799603670835495,0.6374778151512146,0.5982502400875092,0.6029987037181854,0.6371278464794159,0.6290611028671265
46,0.8126152157783508,0.695221334695816,0.7057767510414124,0.64633509516716,0.6596535742282867,0.7129980027675629
47,0.7450442612171173,0.6211121380329132,0.6331003904342651,0.5795479714870453,0.5991368591785431,0.6486846804618835
48,0.6716505289077759,0.5063305199146271,0.5016801208257675,0.45659659802913666,0.490785151720047,0.5193970054388046
49,0.9198284149169922,0.9097429811954498,0.9126085638999939,0.8545219898223877,0.9209506809711456,0.9128483831882477
50,0.918540358543396,0.9084160327911377,0.910380631685257,0.8449395000934601,0.9054757356643677,0.9105242490768433
51,0.8765251934528351,0.8050796687602997,0.7898413836956024,0.7602875232696533,0.7416086792945862,0.7978535592556
52,0.85333052277565,0.811057448387146,0.7963400483131409,0.7374256253242493,0.8089735507965088,0.8381844758987427
53,0.5907012820243835,0.5056891292333603,0.5286866724491119,0.5002181231975555,0.5070511400699615,0.5246599465608597
54,0.722461998462677,0.5594004392623901,0.5797916948795319,0.4428730309009552,0.5739050507545471,0.5627252757549286
55,0.7696825265884399,0.6197437047958374,0.638159304857254,0.46205396950244904,0.6614929139614105,0.6453393399715424
56,0.9198284149169922,0.9268471598625183,0.9255943894386292,0.8686072528362274,0.9245600700378418,0.9328628778457642
57,0.9135935306549072,0.9218870401382446,0.919735848903656,0.8429352343082428,0.9174987971782684,0.9266331791877747
58,0.8575746417045593,0.8109666705131531,0.8120627999305725,0.7431378066539764,0.8220227360725403,0.8390491902828217
59,0.7905466258525848,0.6638865172863007,0.6722541153430939,0.5497471392154694,0.663333535194397,0.6883004307746887
60,0.5950992405414581,0.4498578608036041,0.4331984370946884,0.3671503961086273,0.4270063787698746,0.43100184202194214
61,0.9137455523014069,0.8917315900325775,0.8873381018638611,0.8081953525543213,0.8943045139312744,0.8814319968223572
62,,0.5870591402053833,,,,
63,0.655258297920227,0.44635188579559326,0.35178855061531067,0.42164677381515503,0.4263339340686798,0.42285625636577606
64,0.6768790781497955,0.4750073254108429,0.3995314985513687,0.49198952317237854,0.4872024953365326,0.5009427815675735
65,0.666456401348114,0.465829536318779,0.42976832389831543,0.538825660943985,0.4993220567703247,0.5000804364681244
66,0.6207713782787323,0.4130934923887253,0.39121539890766144,0.4316827803850174,0.4202960133552551,0.4620911031961441
67,0.5667240023612976,0.3868745267391205,0.40682268142700195,0.35581912100315094,0.3958880752325058,0.42709095776081085
68,0.577618420124054,0.3926748037338257,0.38544484972953796,0.36100900173187256,0.3941928744316101,0.4286881238222122
69,0.23095229268074036,0.19111820310354233,0.209102064371109,0.17211636155843735,0.20161212980747223,0.19981053471565247
70,0.8874034583568573,0.8487035930156708,0.8454817533493042,0.7951967716217041,0.8378653824329376,0.834292471408844
71,0.7990076243877411,0.6949416995048523,0.6812245547771454,0.6240890026092529,0.6858795583248138,0.7205370962619781
72,0.7003965377807617,0.5522522628307343,0.5476926863193512,0.5228244662284851,0.5350354611873627,0.5395579934120178
73,0.5529866814613342,0.3140003979206085,0.2969976216554642,0.2633221074938774,0.34273189306259155,0.34596116840839386
74,0.552522212266922,0.37102454900741577,0.34657298028469086,0.31592369079589844,0.3828897178173065,0.3885440528392792
0,0.5779430866241455,0.3126145303249359,0.3576365113258362,0.25161272287368774,0.36064743995666504,0.349496454000473
1,0.6419686675071716,0.43886807560920715,0.48222705721855164,0.4391203224658966,0.5254697203636169,0.5278183817863464
2,0.733696460723877,0.5914857387542725,0.6116998791694641,0.5842158198356628,0.592861533164978,0.6203458905220032
3,0.7008548974990845,0.5105266571044922,0.5701125264167786,0.4844975471496582,0.5044339299201965,0.5607132911682129
4,0.5254145264625549,0.2877751290798187,0.3070097863674164,0.21912561357021332,0.3600166440010071,0.27905839681625366
5,0.5081401467323303,0.22385255992412567,0.2505457401275635,0.12213055044412613,0.25263121724128723,0.21224386990070343
6,0.6888432502746582,0.48702022433280945,0.5552278161048889,0.5149758458137512,0.6034511923789978,0.6174920797348022
7,0.770189106464386,0.6409239768981934,0.6476527452468872,0.5833514928817749,0.6903218626976013,0.6877527236938477
8,0.47405874729156494,0.21789614856243134,0.2661152780056,0.1371556967496872,0.24169714748859406,0.23023907840251923
9,0.4976160228252411,0.204519122838974,0.2595830261707306,0.15522366762161255,0.255944162607193,0.23403175175189972
10,0.67387855052948,0.5389786958694458,0.5682704448699951,0.46653521060943604,0.5429672002792358,0.5675615668296814
11,0.6528237462043762,0.43446552753448486,0.49200716614723206,0.5028104186058044,0.5088182687759399,0.4894862473011017
12,0.46919646859169006,0.22735761106014252,0.24189837276935577,0.16004052758216858,0.2641651928424835,0.2300613671541214
13,0.5432524681091309,0.36854952573776245,0.3928082585334778,0.19909554719924927,0.3249957263469696,0.35434526205062866
14,0.4882633090019226,0.26039770245552063,0.22756436467170715,0.2396264523267746,0.32044103741645813,0.2692772150039673
15,0.6824376583099365,0.5299026370048523,0.5182917714118958,0.4037114977836609,0.5226020812988281,0.5302996635437012
16,0.5135347843170166,0.28789129853248596,0.2987053096294403,0.218402698636055,0.37124478816986084,0.31311100721359253
17,0.6908360123634338,0.477771520614624,0.5341172218322754,0.48179444670677185,0.5869690179824829,0.5956902503967285
18,0.6923011541366577,0.4630255401134491,0.5561650991439819,0.4336453676223755,0.5949909090995789,0.6208177208900452
19,0.6641563773155212,0.4158695638179779,0.5102040767669678,0.4336453676223755,0.489050954580307,0.5664637088775635
20,0.6564822793006897,0.4158695638179779,0.49762919545173645,0.4337712228298187,0.47976750135421753,0.5213690400123596
21,0.6564822793006897,0.407377690076828,0.4874975383281708,0.4337712228298187,0.47976750135421753,0.5213690400123596
22,0.6490756273269653,0.4158695638179779,0.49762919545173645,0.4337712228298187,0.46196448802948,0.5213690400123596
23,0.6607251763343811,0.42222073674201965,0.5091249942779541,0.4394741952419281,0.46196448802948,0.5274441838264465
24,0.6209779977798462,0.4077218472957611,0.5091249942779541,0.43286368250846863,0.4452332854270935,0.5216038823127747
25,0.6131011843681335,0.4999655485153198,0.5014030933380127,0.31124621629714966,0.5129413604736328,0.5626580715179443
26,0.6030671000480652,0.4532260596752167,0.43912193179130554,0.3555659353733063,0.5157065987586975,0.4460272789001465
27,0.6313544511795044,0.5245689749717712,0.6198563575744629,0.46760284900665283,0.5370423197746277,0.5659005045890808
28,0.7010866403579712,0.5865393877029419,0.5587692260742188,0.5004453659057617,0.6485544443130493,0.6371393799781799
29,0.6728934645652771,0.5012574195861816,0.5062206387519836,0.4521852433681488,0.5444994568824768,0.5842344164848328
30,0.6641563773155212,0.4640320837497711,0.5033822655677795,0.4337712228298187,0.489050954580307,0.5613934397697449
31,0.6763777136802673,0.5117273926734924,0.5368739366531372,0.5205461978912354,0.5299463868141174,0.5347652435302734
32,0.6317253112792969,0.5630788803100586,0.5741401314735413,0.5225162506103516,0.6273396611213684,0.5736926794052124
33,0.6495544910430908,0.5246211290359497,0.4583848714828491,0.45197367668151855,0.48103147745132446,0.45222464203834534
34,0.8351417183876038,0.746229350566864,0.7455700635910034,0.7610548734664917,0.7708446383476257,0.7757418751716614
35,0.7994976043701172,0.7237297296524048,0.7119351029396057,0.7766847610473633,0.7947198152542114,0.7608574628829956
36,0.7416998147964478,0.652121901512146,0.6958511471748352,0.6868340373039246,0.711691677570343,0.6814988255500793
37,0.7643102407455444,0.6860873699188232,0.6582804322242737,0.5950549244880676,0.7414852976799011,0.680935263633728
38,0.7266175746917725,0.7405181527137756,0.7064770460128784,0.6187779307365417,0.7761614918708801,0.7386999726295471
39,0.8446376323699951,0.9078601598739624,0.880796492099762,0.8545559048652649,0.904143750667572,0.9111358523368835
40,0.9343416690826416,0.9327099919319153,0.9122774004936218,0.9023369550704956,0.9310907125473022,0.9433931112289429
41,0.9403712153434753,0.9683229923248291,0.9667686223983765,0.948753297328949,0.9658111929893494,0.9663849472999573
42,0.7990273833274841,0.9001955389976501,0.8797552585601807,0.8502469658851624,0.8981771469116211,0.9065845608711243
43,0.8177584409713745,0.826589822769165,0.8249375224113464,0.748647153377533,0.865451991558075,0.8242143988609314
44,0.8499207496643066,0.8732503652572632,0.8657257556915283,0.8038352131843567,0.8868939280509949,0.8637291789054871
45,0.6076233386993408,0.7018672823905945,0.677795946598053,0.6241353154182434,0.7384508848190308,0.6743262410163879
46,0.698694109916687,0.9062035083770752,0.9022303223609924,0.8893591165542603,0.9208183288574219,0.8948343992233276
47,0.6218478679656982,0.9298759698867798,0.9132407903671265,0.8775453567504883,0.9224427938461304,0.9007647633552551
48,0.5195707082748413,0.885582447052002,0.8522029519081116,0.7914736866950989,0.8777099847793579,0.8583552241325378
49,0.7643102407455444,0.7780786156654358,0.7599015831947327,0.6655813455581665,0.7623760104179382,0.7593858242034912
50,0.7761427164077759,0.6694663763046265,0.7187901735305786,0.6317461133003235,0.7090364694595337,0.6961180567741394
51,0.5557506680488586,0.4215148687362671,0.4044705629348755,0.337469220161438,0.37740376591682434,0.3832174241542816
52,0.4406687915325165,0.2695047855377197,0.2886778712272644,0.19802820682525635,0.30617624521255493,0.23838619887828827
53,0.4802730083465576,0.2579575181007385,0.29405397176742554,0.14795443415641785,0.3144969940185547,0.2648650109767914
54,0.3725813031196594,0.24881811439990997,0.22858718037605286,0.18489333987236023,0.2919197976589203,0.28243476152420044
55,0.3242341876029968,0.19510303437709808,0.18187223374843597,0.18191242218017578,0.267081081867218,0.2072029858827591
56,0.3908727765083313,0.2705775499343872,0.2145020216703415,0.15100304782390594,0.24446183443069458,0.25673767924308777
57,,0.15282413363456726,,,,
58,,0.1596367359161377,,,,
59,0.31645631790161133,0.16892385482788086,0.16668199002742767,0.11880077421665192,0.17824986577033997,0.18671905994415283
60,0.2817254066467285,0.17511916160583496,0.1871444284915924,0.11088713258504868,0.18630725145339966,0.1952006071805954
61,0.42241883277893066,0.2343164086341858,0.25923892855644226,0.24931710958480835,0.3368724286556244,0.31660839915275574
62,0.4116969108581543,0.21284647285938263,0.192043274641037,0.15827572345733643,0.2381470799446106,0.20875023305416107
63,0.5168663263320923,0.2865307629108429,0.3093682527542114,0.23872074484825134,0.2981175184249878,0.2868249714374542
64,0.6921395063400269,0.6003425717353821,0.6394065022468567,0.559464693069458,0.6527928113937378,0.6398792266845703
65,0.15905170142650604,0.07286650687456131,0.07650957256555557,0.0550759956240654,0.07224592566490173,0.06161795184016228
66,0.3042025864124298,0.12345617264509201,0.12305720895528793,0.12663082778453827,0.17058540880680084,0.12330790609121323
67,0.40181106328964233,0.30020010471343994,0.225790873169899,0.22154586017131805,0.2667456567287445,0.2864587903022766
68,0.36455005407333374,0.24720974266529083,0.20080246031284332,0.23208783566951752,0.2865336239337921,0.2779064178466797
69,0.27581995725631714,0.133783221244812,0.13120460510253906,0.12026452273130417,0.1785358339548111,0.16469837725162506
70,0.20803651213645935,0.10494796931743622,0.10530439764261246,0.07692877948284149,0.12735475599765778,0.12739968299865723
0,0.07706032569209735,0.11492605755726497,0.13773794968922934,0.13458737979332605,0.13887983560562134,0.1297584647933642
1,0.06251168126861255,0.09609001874923706,0.10160256922245026,0.11733094851175944,0.10576390475034714,0.09857728828986485
2,0.03505275584757328,0.03670503695805868,0.03223741861681143,0.0515487523128589,0.03738908904294173,0.032107400397459664
3,0.07150315369168918,0.08387141426404317,0.10023096948862076,0.11855471630891164,0.0930626963575681,0.08825791378815968
4,0.08562156806389491,0.10403326153755188,0.135411124676466,0.11490094910065334,0.11533437420924504,0.1151144877076149
5,0.21555492033561072,0.18090558921297392,0.16238038366039595,0.23856415351231894,0.20723661656181017,0.19729403344293436
6,0.36236857374509174,0.2300674964984258,0.28651811679204303,0.3473403702179591,0.2626994301875432,0.24415291845798492
7,0.4976787467797597,0.29101411004861194,0.31067442893981934,0.39017364382743835,0.29525625705718994,0.30002661049366
8,0.2654426743586858,0.14055690666039786,0.1791121562321981,0.19307086616754532,0.18910475820302963,0.14366435259580612
9,0.2501506060361862,0.14506387958923975,0.16653614242871603,0.20256284375985464,0.15968741228183111,0.1466380109389623
10,0.4901755650838216,0.42524277170499164,0.405560036500295,0.43172844250996906,0.4467318058013916,0.4388119379679362
11,0.20135072618722916,0.10510560497641563,0.11545930430293083,0.13545855010549226,0.14753227680921555,0.11276726176341374
12,0.1985127106308937,0.09371194119254748,0.1011524349451065,0.13235067824522653,0.1187422163784504,0.09693080311020215
13,0.25587259232997894,0.11587623506784439,0.11658736442526181,0.15031998852888742,0.12610238790512085,0.12424551819761594
14,0.27022145688533783,0.18438225984573364,0.1946595162153244,0.19393265495697656,0.2023874595761299,0.17702111105124155
15,0.26944541931152344,0.16636083523432413,0.1743387704094251,0.20074920604626337,0.18706434965133667,0.167400690416495
16,0.5511888364950815,0.47047755122184753,0.563445379336675,0.6193153858184814,0.5351327260335287,0.5759003659089407
17,0.7144009868303934,0.8159863750139872,0.8116873502731323,0.8369868993759155,0.8369720776875814,0.8012075026830038
18,0.7579355637232462,0.620836098988851,0.6604433655738831,0.6401014924049377,0.6354639530181885,0.640726625919342
19,0.7726085384686788,0.5493610004583994,0.5829844276110331,0.6649323105812073,0.5715924104054769,0.5668604671955109
20,0.7796043753623962,0.6145956118901571,0.6437464952468872,0.7100028991699219,0.6450302799542745,0.6223023533821106
21,0.8015246987342834,0.7192089557647705,0.739210327466329,0.7719587286313375,0.7327403823534647,0.724386195341746
22,0.8042094906171163,0.7161893645922343,0.7550278306007385,0.7838423053423563,0.7377090056737264,0.7436807950337728
23,0.7975253462791443,0.6942563851674398,0.7157293558120728,0.75258868932724,0.6688838402430216,0.712231715520223
24,0.815565844376882,0.7413051327069601,0.747250517209371,0.7709246476491293,0.7169041236241659,0.7467945615450541
25,0.8168685634930929,0.7970914443333944,0.7643219033877054,0.8435932199160258,0.7599645853042603,0.7890664339065552
26,0.34688928723335266,0.16745147854089737,0.16189444065093994,0.19239068031311035,0.20032037297884622,0.15891627470652261
27,0.6926764845848083,0.5185847580432892,0.5464129944642385,0.4580487410227458,0.5660321513811747,0.5221753617127737
28,0.39670700828234357,0.24087543785572052,0.2560549924770991,0.27501925826072693,0.2460788240035375,0.2481348067522049
29,0.41165822744369507,0.21445075670878092,0.19276348253091177,0.24776517351468405,0.25645769635836285,0.2346755862236023
30,0.7653446992238363,0.6413712302843729,0.676035205523173,0.5460766156514486,0.6733052929242452,0.6427253087361654
31,0.7629275918006897,0.618530293305715,0.6578355828921,0.5381764570871989,0.6543136239051819,0.6225263675053915
32,0.7598053018252054,0.6476297378540039,0.6876322627067566,0.5597982406616211,0.6936968763669332,0.6543772021929423
33,0.7328092455863953,0.6123746434847513,0.6381136973698934,0.5226563215255737,0.6525487701098124,0.6193605065345764
34,0.7616975903511047,0.6415947874387106,0.6763504147529602,0.54963086048762,0.6915015379587809,0.6536614894866943
35,0.6471262772878011,0.5348967810471853,0.5252799987792969,0.5416483283042908,0.5000691612561544,0.5456723272800446
36,0.7141778866449991,0.6253185073534647,0.6557195782661438,0.5270708799362183,0.6535827914873759,0.637067715326945
37,0.7627487579981486,0.6420983274777731,0.682436207930247,0.5535524586836497,0.694608747959137,0.6524037917455038
38,0.8093451658884684,0.719846248626709,0.7368893225987753,0.598389208316803,0.769457995891571,0.7025028467178345
39,0.7380882104237875,0.5878224770228068,0.5844451387723287,0.4554874897003174,0.6328894098599752,0.571395218372345
40,0.7439415653546652,0.6531267762184143,0.6523175835609436,0.5337795813878378,0.6373200416564941,0.6296125054359436
41,0.75108935435613,0.6904225746790568,0.6672895749409994,0.5383702516555786,0.6472923159599304,0.6404770811398824
42,0.7766647140185038,0.6889842748641968,0.6935827732086182,0.5593569974104563,0.7071057160695394,0.6879006226857504
43,0.7766647140185038,0.6857036749521891,0.6935827732086182,0.5593569974104563,0.706497073173523,0.6832271019617716
44,0.7779845197995504,0.6780624389648438,0.6949910918871561,0.5518349309762319,0.7091650565465292,0.684145450592041
45,0.7604161302248637,0.6697672804196676,0.6760777831077576,0.579734742641449,0.6878231962521871,0.6817869941393534
46,0.7629681428273519,0.64931853612264,0.6410548090934753,0.5571751395861307,0.6499361793200175,0.6478787263234457
47,0.7912869850794474,0.7014035979906718,0.7174159487088522,0.6012868285179138,0.726095457871755,0.7114726901054382
48,0.8094363609949747,0.7387658754984537,0.7374471426010132,0.6127752463022867,0.7345373034477234,0.7383613387743632
49,0.9015024701754252,0.8656008640925089,0.8611529866854349,0.7893264889717102,0.8723827799161276,0.8626686930656433
50,0.9214394688606262,0.8823473652203878,0.8716176748275757,0.8326867620150248,0.8818246722221375,0.8887705405553182
51,0.4101011057694753,0.1735637312134107,0.16561456272999445,0.19335319101810455,0.17666320502758026,0.1800385614236196
52,0.4739260673522949,0.15657634288072586,0.1531578153371811,0.19038617114226022,0.19565171003341675,0.15843838453292847
53,0.82204802831014,0.744442343711853,0.7471685210863749,0.727748175462087,0.7377457420031229,0.7549471855163574
54,0.8207290967305502,0.7415120005607605,0.7471685210863749,0.7296121915181478,0.7383191585540771,0.764428714911143
55,0.5582362413406372,0.3140971561272939,0.3067696491877238,0.3194279571374257,0.34039690097173053,0.303416907787323
56,0.5563747684160868,0.2852947513262431,0.28331779440244037,0.29258084793885547,0.3315167526404063,0.2744169682264328
57,0.5504995981852213,0.2896882047255834,0.28411000967025757,0.30786194403966266,0.32200027505556744,0.28864795962969464
58,,0.7996572454770406,,,,
59,,0.7840689818064371,,,,
60,0.10165099302927653,0.7357055346171061,0.7212401231129965,0.6801566282908121,0.7306298613548279,0.7209627827008566
61,0.19126187761624655,0.1405848686893781,0.15162885437409082,0.13065913319587708,0.1435058737794558,0.14032229284445444
62,0.37494124968846637,0.3548356095949809,0.35223079721132916,0.30002808074156445,0.3804776469866435,0.4431317349274953
63,0.11965671181678772,0.13063780715068182,0.11942787220080693,0.11765265713135402,0.10425679385662079,0.10261917610963185
64,0.0296254251152277,0.04638907313346863,0.031975251932938896,0.03985648726423582,0.030939516921838123,0.03304555142919222
65,0.04693625991543134,0.08395396173000336,0.08313952138026555,0.08382050444682439,0.08626890927553177,0.09066244959831238
66,0.05566853036483129,0.10941281914710999,0.10492688417434692,0.09399861097335815,0.09915941456953685,0.10698195546865463
67,0.05639704689383507,0.10385190198818843,0.11004273841778438,0.08994562675555547,0.10702047993739446,0.10681784898042679
68,0.8092360893885294,0.4959300657113393,0.5651292105515798,0.5770125190416971,0.5730531911055247,0.5796930988629659
69,0.8821534514427185,0.7721505562464396,0.7392996152242025,0.7587189277013143,0.751194953918457,0.79665207862854
70,0.8206289211908976,0.7983887791633606,0.7932512164115906,0.7950613896052042,0.8305835922559103,0.811771293481191
71,0.8206631938616434,0.7583280801773071,0.7688008348147074,0.7818639874458313,0.8173156380653381,0.8027714888254801
72,0.8632380962371826,0.8224634925524393,0.8522468606630961,0.8494972189267477,0.8701380491256714,0.8531495531400045
73,0.8875544865926107,0.8336067597071329,0.8393770654996237,0.8483325640360514,0.881152888139089,0.8389803568522135
74,0.5937094291051229,0.3192346493403117,0.2830459376176198,0.3326006829738617,0.36821384231249493,0.2729114343722661
75,0.8245954513549805,0.7513414223988851,0.7533168196678162,0.7847679058710734,0.7814362446467081,0.7763074040412903
0,0.010905450908467174,0.0077898704912513494,0.008614965714514256,0.019565788097679615,0.009179729735478759,0.008888971991837025
1,0.04450112581253052,0.05468257889151573,0.046770330518484116,0.037366099655628204,0.05431830510497093,0.05723571218550205
2,0.04524656943976879,0.03217671159654856,0.028558913618326187,0.03020096104592085,0.02605791762471199,0.02213410148397088
3,0.1095968671143055,0.08745698630809784,0.08119777217507362,0.08504140377044678,0.08167573809623718,0.08294646441936493
4,0.10368798673152924,0.0627575907856226,0.050591228529810905,0.06006556935608387,0.04999464005231857,0.05080884508788586
5,0.16581181436777115,0.08448266983032227,0.06517817080020905,0.08533525839447975,0.08149500004947186,0.06767314486205578
6,0.08625730127096176,0.05495632626116276,0.04405331052839756,0.05220356769859791,0.04724952019751072,0.039032766595482826
7,0.12160671502351761,0.08677176758646965,0.06977726705372334,0.07543345354497433,0.062309592962265015,0.058088116347789764
8,0.1276705265045166,0.09825986623764038,0.07572263479232788,0.08155064284801483,0.06143791228532791,0.08341709524393082
9,0.18053685128688812,0.10427293926477432,0.08140664175152779,0.08822797983884811,0.07014916650950909,0.09165940061211586
10,0.11583791300654411,0.11346806585788727,0.07997714355587959,0.07764246687293053,0.07257480919361115,0.13193735852837563
11,0.08440086990594864,0.07236153073608875,0.04874179884791374,0.052089277654886246,0.08244713395833969,0.06918538734316826
12,0.020514858420938253,0.011938475538045168,0.01340580778196454,0.01797276083379984,0.010451904498040676,0.01416351879015565
13,0.012343588285148144,0.01249559037387371,0.013031372800469398,0.011286849156022072,0.014322994742542505,0.019491659943014383
14,0.012296784203499556,0.014491925481706858,0.014442780520766973,0.013627290725708008,0.014903871342539787,0.01876536849886179
15,0.01268274849280715,0.01600456517189741,0.014692368917167187,0.01697174645960331,0.014552087523043156,0.015338328666985035
16,0.029442972503602505,0.05031420476734638,0.04609575681388378,0.04529022146016359,0.03998077102005482,0.048636969178915024
17,0.07790720090270042,0.048014646396040916,0.04938421957194805,0.06492704153060913,0.04932613484561443,0.04600925371050835
18,0.11911660432815552,0.06418516021221876,0.06947401724755764,0.07983176410198212,0.07519378699362278,0.06154968775808811
19,0.09262777306139469,0.06138704717159271,0.05127708800137043,0.06413070671260357,0.051277756690979004,0.046083975583314896
20,0.12134756147861481,0.051107317209243774,0.05216669291257858,0.07405464351177216,0.06311052478849888,0.05691282078623772
21,0.16091787815093994,0.0770728550851345,0.08539024740457535,0.09305404499173164,0.08345890790224075,0.07545875012874603
22,0.20739109069108963,0.09894238039851189,0.10151318833231926,0.11767501756548882,0.09071072936058044,0.09223515167832375
23,0.5300858467817307,0.38095928728580475,0.40210478007793427,0.40459856390953064,0.43282729387283325,0.3837219178676605
24,0.4408719539642334,0.32843203842639923,0.34547747671604156,0.32767531275749207,0.36133505403995514,0.3116130232810974
25,0.2799958884716034,0.220696322619915,0.18114835023880005,0.24296588450670242,0.21320808678865433,0.20241576433181763
26,0.4282854348421097,0.35701271891593933,0.3602602928876877,0.3399563729763031,0.3957657217979431,0.32803983986377716
27,0.4021381586790085,0.31777946650981903,0.3650711327791214,0.34560735523700714,0.39423897862434387,0.3586464673280716
28,0.5256042778491974,0.460321381688118,0.5067975521087646,0.44955122470855713,0.5302462875843048,0.469519779086113
29,0.4854292720556259,0.3559070825576782,0.3783557862043381,0.36216960847377777,0.3996581584215164,0.37245331704616547
30,0.32664191722869873,0.21664369851350784,0.24836460500955582,0.23030974715948105,0.23505258560180664,0.2168186455965042
31,0.2118256762623787,0.1416272483766079,0.14896151423454285,0.12749052047729492,0.15089485049247742,0.128286711871624
32,0.28626443445682526,0.16199620068073273,0.14096695184707642,0.17123912274837494,0.15583064407110214,0.1368682011961937
33,0.20546488463878632,0.08245359361171722,0.07977946475148201,0.08609182760119438,0.08831348270177841,0.08021626062691212
34,0.4615608900785446,0.3664795309305191,0.36804117262363434,0.32747696340084076,0.37741707265377045,0.35363420844078064
35,0.2748997211456299,0.14107555896043777,0.12042907997965813,0.1768885776400566,0.18173354119062424,0.17561683058738708
36,0.2389248088002205,0.15502475202083588,0.1493670865893364,0.15024560689926147,0.1743127480149269,0.13169127702713013
37,0.2868916988372803,0.21364790946245193,0.239576518535614,0.20987965166568756,0.24989597499370575,0.2363053485751152
38,0.2509930580854416,0.16353680193424225,0.14644505083560944,0.14456474781036377,0.17756953835487366,0.15979956835508347
39,0.22561941295862198,0.256024494767189,0.24144332110881805,0.2945024073123932,0.2485610619187355,0.27447208762168884
40,0.24867460131645203,0.14880499988794327,0.1290733441710472,0.1571267545223236,0.16418948769569397,0.15716301649808884
41,0.2272004410624504,0.1451033353805542,0.15070610493421555,0.14545250684022903,0.1299511156976223,0.15141700208187103
42,0.3996017724275589,0.33132806420326233,0.33568809926509857,0.3212656080722809,0.3364119976758957,0.3529028445482254
43,0.4731271117925644,0.3937731981277466,0.3683210462331772,0.3736475110054016,0.40761634707450867,0.36623595654964447
44,0.4480654150247574,0.3598863482475281,0.3360986113548279,0.34357377886772156,0.34103673696517944,0.35413767397403717
45,0.40831229090690613,0.23016222566366196,0.24639338999986649,0.27624012529850006,0.2300092875957489,0.2460530623793602
46,0.8095999360084534,0.7130311727523804,0.669870138168335,0.6968811750411987,0.6213157474994659,0.6775525808334351
47,0.861434817314148,0.8069607317447662,0.7948532402515411,0.7974322736263275,0.7202536165714264,0.7776628732681274
48,0.8608034253120422,0.882135421037674,0.8849048614501953,0.8887731730937958,0.842558741569519,0.9160301983356476
49,0.7985532879829407,0.6773068606853485,0.6907766461372375,0.6600448787212372,0.5729155838489532,0.7040196359157562
50,0.6168983578681946,0.443400576710701,0.48518015444278717,0.4700002819299698,0.4283980429172516,0.472116082906723
51,0.8190224468708038,0.7480539977550507,0.7176890075206757,0.7242705523967743,0.6626511514186859,0.7338892817497253
52,0.9291118681430817,0.9468975961208344,0.9445997476577759,0.922329306602478,0.9197577238082886,0.9405021667480469
53,0.904940128326416,0.9522805511951447,0.9509179294109344,0.9517332911491394,0.9499993920326233,0.9515508711338043
54,0.8205251097679138,0.9350197315216064,0.9346143901348114,0.9456110596656799,0.9196071624755859,0.9303030073642731
55,0.7806140184402466,0.8859894871711731,0.8629397749900818,0.877962201833725,0.8545274436473846,0.8926156163215637
56,0.30301037430763245,0.15636765956878662,0.13286025822162628,0.15158624202013016,0.14570344612002373,0.1289733722805977
57,0.37106412649154663,0.20329293608665466,0.16705387830734253,0.19066903740167618,0.17881417274475098,0.17558753490447998
58,0.5908956229686737,0.3125559240579605,0.29272134602069855,0.2812890261411667,0.3683976083993912,0.29412516951560974
59,0.4733084738254547,0.18477728962898254,0.2635491192340851,0.2774421125650406,0.28461380302906036,0.21318480372428894
60,0.5834626257419586,0.40023232996463776,0.36162175238132477,0.3330691307783127,0.358006089925766,0.3648050129413605
61,0.827357143163681,0.6828607022762299,0.6453792154788971,0.7446227669715881,0.6126001179218292,0.6579430997371674
62,0.8402708768844604,0.8337222039699554,0.806271106004715,0.8501496016979218,0.7593443095684052,0.8339903354644775
63,0.8810425400733948,0.862981766462326,0.8482576310634613,0.857807457447052,0.8315183520317078,0.8504016697406769
64,,0.32895076274871826,,,,
65,0.3142540603876114,0.18010828644037247,0.16827036440372467,0.18039780855178833,0.19671150296926498,0.1629680171608925
66,0.36744795739650726,0.21070187538862228,0.18302477151155472,0.19118038564920425,0.20889846980571747,0.16174637526273727
67,0.7212401926517487,0.5778512954711914,0.49390116333961487,0.4904485046863556,0.5107105374336243,0.5307860374450684
68,0.7692993879318237,0.6458390057086945,0.5526575446128845,0.5472455024719238,0.6280199587345123,0.6108494997024536
69,0.9327278435230255,0.8910963833332062,0.8692934811115265,0.8860597014427185,0.8469753563404083,0.8759895265102386
70,0.8973064124584198,0.8527776896953583,0.8510833978652954,0.8374847769737244,0.824150413274765,0.8490014374256134
71,0.5106223523616791,0.3029381185770035,0.30169345438480377,0.2745531499385834,0.29863181710243225,0.2917100489139557
72,0.7999815344810486,0.5880786180496216,0.5922881662845612,0.6292593777179718,0.563719242811203,0.5978099405765533
73,0.7797659933567047,0.8961676359176636,0.8726707398891449,0.877003014087677,0.8606858849525452,0.890015184879303
74,0.67690309882164,0.9237547516822815,0.9144528806209564,0.8393231928348541,0.8765992820262909,0.9139251112937927
75,0.8086769580841064,0.6839889883995056,0.7289446294307709,0.6786932647228241,0.7196862995624542,0.7507053017616272
76,0.7606361508369446,0.6115055084228516,0.6637846827507019,0.5666352808475494,0.6138137876987457,0.6663780808448792
77,0.7248356342315674,0.5055614709854126,0.49955448508262634,0.4788747578859329,0.5683953762054443,0.47496889531612396
78,0.3963116258382797,0.20935145765542984,0.2099454700946808,0.2294834554195404,0.25378718227148056,0.18928775191307068
0,0.23676500469446182,0.13897068053483963,0.1310350000858307,0.10482313111424446,0.15048693865537643,0.14699994772672653
1,0.23412717133760452,0.13103815913200378,0.11930328235030174,0.10477981343865395,0.13959307223558426,0.13980768620967865
2,0.2079693078994751,0.11382625252008438,0.11013004183769226,0.09488042816519737,0.12701229751110077,0.12083106115460396
3,0.23412717133760452,0.13103815913200378,0.11930328235030174,0.10477981343865395,0.13959307223558426,0.13980768620967865
4,0.23747886717319489,0.1281127780675888,0.12018832936882973,0.10153854265809059,0.13959307223558426,0.13249589502811432
5,0.26986443251371384,0.14953719824552536,0.13883119821548462,0.13371803984045982,0.1620144546031952,0.15891986340284348
6,0.22233425825834274,0.09726642072200775,0.09300877153873444,0.10003117471933365,0.10816564410924911,0.09801335632801056
7,0.13222292810678482,0.08716203272342682,0.07365734875202179,0.07720804959535599,0.07779600843787193,0.08068268932402134
8,0.2290252447128296,0.1281127780675888,0.11905672773718834,0.10095689073204994,0.14036573469638824,0.13249589502811432
9,0.20954999327659607,0.11382625252008438,0.11013004183769226,0.09488042816519737,0.12701229751110077,0.12083106115460396
10,0.20954999327659607,0.1119752749800682,0.10328076034784317,0.09488042816519737,0.12331610918045044,0.11768955364823341
11,0.20954999327659607,0.1119752749800682,0.10328076034784317,0.09488042816519737,0.12331610918045044,0.11768955364823341
12,0.21153852343559265,0.11382625252008438,0.11013004183769226,0.09488042816519737,0.12701229751110077,0.12083106115460396
13,0.237911619246006,0.13103815913200378,0.11930328235030174,0.10477981343865395,0.13959307223558426,0.13980768620967865
14,0.30935560166835785,0.19177380204200745,0.19134772568941116,0.17465515434741974,0.19315732270479202,0.16944494098424911
15,0.1400776132941246,0.06087595410645008,0.07002231851220131,0.06330202147364616,0.06665036268532276,0.06599133647978306
16,0.06444864720106125,0.024100002832710743,0.02056804345920682,0.027602833695709705,0.02695680409669876,0.025117307901382446
17,0.3563939929008484,0.20249482244253159,0.19802505522966385,0.16934577375650406,0.2456074357032776,0.21271530538797379
18,0.23452606797218323,0.1348014734685421,0.10940948128700256,0.12689003720879555,0.14492087066173553,0.14551454037427902
19,0.14322203397750854,0.06332430429756641,0.06092224642634392,0.06394435279071331,0.07084354013204575,0.05859721824526787
20,0.14322203397750854,0.05962049588561058,0.060240019112825394,0.06223584711551666,0.06877956539392471,0.05859721824526787
21,0.20954999327659607,0.11382625252008438,0.11013004183769226,0.09557736292481422,0.1280297413468361,0.12435775995254517
22,0.21153852343559265,0.11382625252008438,0.11013004183769226,0.09557736292481422,0.1280297413468361,0.12435775995254517
23,0.20954999327659607,0.1119752749800682,0.10806474834680557,0.09557736292481422,0.1260603368282318,0.12435775995254517
24,0.20954999327659607,0.1119752749800682,0.10806474834680557,0.09557736292481422,0.1260603368282318,0.12435775995254517
25,0.21153852343559265,0.11382625252008438,0.11013004183769226,0.09557736292481422,0.12878049165010452,0.12435775995254517
26,0.24055921286344528,0.1424146071076393,0.13342665135860443,0.10596931725740433,0.16181886196136475,0.1511402651667595
27,0.24055921286344528,0.1448967307806015,0.13342665135860443,0.11063320934772491,0.16181886196136475,0.153350330889225
28,0.20954999327659607,0.11382625252008438,0.11013004183769226,0.09557736292481422,0.1280297413468361,0.12435775995254517
29,0.2290252447128296,0.1281127780675888,0.11905672773718834,0.10169294476509094,0.14062078297138214,0.13619309663772583
30,0.21153852343559265,0.11382625252008438,0.11013004183769226,0.09557736292481422,0.1280297413468361,0.12435775995254517
31,0.19292937964200974,0.1119752749800682,0.10328076034784317,0.09286569431424141,0.12135155871510506,0.11835677921772003
32,0.20954999327659607,0.1119752749800682,0.10433775559067726,0.09557736292481422,0.12438130006194115,0.12121625244617462
33,0.21153852343559265,0.11382625252008438,0.11131905019283295,0.09557736292481422,0.1280297413468361,0.12435775995254517
34,0.20954999327659607,0.1119752749800682,0.10921444371342659,0.09557736292481422,0.1260603368282318,0.12435775995254517
35,0.20954999327659607,0.1119752749800682,0.10433775559067726,0.09557736292481422,0.12438130006194115,0.12121625244617462
36,0.24055921286344528,0.14349690824747086,0.13342665135860443,0.11063320934772491,0.16181886196136475,0.14844996482133865
37,0.20954999327659607,0.1119752749800682,0.10433775559067726,0.09557736292481422,0.12513205036520958,0.12121625244617462
38,0.20954999327659607,0.1119752749800682,0.10433775559067726,0.09557736292481422,0.12438130006194115,0.12121625244617462
39,0.20370441675186157,0.08418069407343864,0.083384670317173,0.09187279641628265,0.09581265598535538,0.07889236882328987
40,0.22346138954162598,0.10352307930588722,0.1004420854151249,0.11282027885317802,0.12425524368882179,0.09121312201023102
41,0.3307548463344574,0.18989089876413345,0.17921458929777145,0.21138206124305725,0.21797091513872147,0.15359367430210114
42,0.8023178577423096,0.8584085702896118,0.8405252397060394,0.8140212893486023,0.885021835565567,0.8543804883956909
43,0.8345288038253784,0.8998079597949982,0.9127052128314972,0.8605958819389343,0.9203319847583771,0.9153358340263367
44,0.912997305393219,0.9324944913387299,0.9298173487186432,0.8787488639354706,0.9333201050758362,0.9293036460876465
45,0.9156823754310608,0.9163451194763184,0.920453280210495,0.8515197038650513,0.9170371294021606,0.9194583296775818
46,0.9311752319335938,0.9260783791542053,0.9255335032939911,0.8895256817340851,0.9247762858867645,0.924809068441391
47,0.9353725910186768,0.9446792900562286,0.9464476406574249,0.9280505180358887,0.9403726756572723,0.9451073408126831
48,0.9396235346794128,0.9433731734752655,0.9426826238632202,0.9307281076908112,0.948346883058548,0.9427647292613983
49,0.9509130120277405,0.9657929539680481,0.9673040211200714,0.9521596431732178,0.9731595814228058,0.9653802812099457
50,0.9517042636871338,0.9731181561946869,0.9722479283809662,0.9540456235408783,0.9745818972587585,0.9703494608402252
51,0.9531040191650391,0.9758924841880798,0.9800803661346436,0.964322566986084,0.9784232378005981,0.9790466129779816
52,0.9483292698860168,0.9698521792888641,0.9713371694087982,0.9525841176509857,0.9743697345256805,0.971385270357132
53,0.8644117712974548,0.8539020717144012,0.8436314165592194,0.7990219295024872,0.8917525112628937,0.8562059700489044
54,0.808930516242981,0.8149355351924896,0.8310001790523529,0.747133195400238,0.8317049145698547,0.7894308567047119
55,0.8050854504108429,0.7519082427024841,0.7553838789463043,0.6886931359767914,0.6771472990512848,0.7129051685333252
56,0.8257323503494263,0.7962435483932495,0.7975192666053772,0.7537021934986115,0.7952798902988434,0.7927416861057281
57,0.7813045084476471,0.6936408877372742,0.7151458561420441,0.7042502760887146,0.7256589531898499,0.6999293565750122
58,0.6980769038200378,0.5369905680418015,0.5192175954580307,0.5850585699081421,0.5185646265745163,0.5314094871282578
59,0.6446129381656647,0.5030560940504074,0.47778069972991943,0.5527393966913223,0.5322412252426147,0.46041129529476166
60,0.6493124067783356,0.38181446492671967,0.3677862137556076,0.4480026811361313,0.3749009370803833,0.3838125765323639
61,0.6480260789394379,0.39932534098625183,0.4055998772382736,0.3973274976015091,0.39538879692554474,0.3928942382335663
62,0.5553833246231079,0.3921869248151779,0.38586078584194183,0.3596220165491104,0.40153512358665466,0.3906397074460983
63,0.5853171348571777,0.39885714650154114,0.399420902132988,0.358218789100647,0.42111192643642426,0.3848416954278946
64,0.5885818302631378,0.38553670048713684,0.36826974153518677,0.32307611405849457,0.3840015083551407,0.37266771495342255
65,0.5532114207744598,0.3713681399822235,0.3205043226480484,0.2901407480239868,0.35393062233924866,0.3610353618860245
66,0.7373681664466858,0.7573969960212708,0.7386235296726227,0.6244712471961975,0.72701695561409,0.7334069609642029
67,0.7611469328403473,0.773355633020401,0.7689318060874939,0.6573157906532288,0.7451421320438385,0.7558485865592957
68,0.582005500793457,0.3538925051689148,0.36081549525260925,0.32239171862602234,0.3789983242750168,0.37939342856407166
69,0.6583381295204163,0.4326428920030594,0.42615994811058044,0.27880077064037323,0.4822158217430115,0.3980354964733124
70,0.538916826248169,0.23016619682312012,0.23221736401319504,0.18987712264060974,0.23954211175441742,0.19479382038116455
71,0.4709734469652176,0.26187141984701157,0.2480924427509308,0.19371414929628372,0.28705713152885437,0.26642807573080063
72,0.4470978379249573,0.2763341963291168,0.23864056915044785,0.20140057802200317,0.28102201223373413,0.26830197870731354
73,0.49152643978595734,0.2763341963291168,0.25644783675670624,0.21418825536966324,0.28251026570796967,0.289976105093956
74,0.4944358170032501,0.28021059930324554,0.27092260122299194,0.21418825536966324,0.2892930805683136,0.29128198325634
0,0.3103925347328186,0.18901802897453307,0.1798591285943985,0.17641993165016173,0.20393172204494475,0.18157404959201812
1,0.26047064960002897,0.13706644177436828,0.14348951280117034,0.16347914338111877,0.13904306739568711,0.132394240796566
2,0.3004976660013199,0.18132029473781586,0.18344639539718627,0.23269737958908082,0.19828979969024657,0.1861138701438904
3,0.22680368423461914,0.10305610001087188,0.10295297056436539,0.13520766496658326,0.1056673139333725,0.10770222246646881
4,0.5219015836715698,0.3832554996013641,0.38104191422462463,0.32745102047920227,0.4088434994220734,0.36651713252067564
5,0.5466013789176941,0.3822271227836609,0.3828840136528015,0.3322134256362915,0.4088913917541504,0.3760067462921143
6,0.37485148906707766,0.19969185590744018,0.19740669131278993,0.2345391631126404,0.21000801026821136,0.19492664337158203
7,0.6037367343902588,0.44156824350357055,0.42296857833862306,0.36522122025489806,0.44184430241584777,0.4251050353050232
8,0.6545142889022827,0.47588505744934084,0.486835914850235,0.5094326853752136,0.5348476886749267,0.4742144882678986
9,0.7548683404922485,0.5996889710426331,0.6149186134338379,0.5283524453639984,0.6748673558235169,0.6108043432235718
10,0.6448383450508117,0.4688838481903076,0.4559650182723999,0.3881457269191742,0.49865859746932983,0.46462721824645997
11,0.35367820262908933,0.21710427105426788,0.21754341423511506,0.24822539687156678,0.2385350674390793,0.20503899157047273
12,0.6386879682540894,0.4127138674259186,0.4070538878440857,0.35356966257095335,0.4616177022457123,0.4126152515411377
13,0.6708029627799987,0.4719122886657715,0.5016466736793518,0.40342400670051576,0.5320791482925415,0.4807639420032501
14,0.7505409240722656,0.5928760886192321,0.621834647655487,0.5342494070529937,0.6707816481590271,0.6254035949707031
15,0.7682214379310608,0.6045618295669556,0.6409369468688965,0.5545215666294098,0.6907551765441895,0.6453674912452698
16,0.4913089096546173,0.2736108034849167,0.31522426605224607,0.3013210028409958,0.299333792924881,0.3065934956073761
17,0.7147684216499328,0.4703484296798706,0.5340088546276093,0.5729102492332458,0.5348254561424255,0.49519819021224976
18,0.7173149704933166,0.5374320149421692,0.5980510115623474,0.6111402392387391,0.5574886560440063,0.5511707544326783
19,0.6995891690254211,0.5074912905693054,0.5173429012298584,0.4424679636955261,0.5641561150550842,0.5298730909824372
20,0.839447283744812,0.8893851518630982,0.8863539457321167,0.8907038688659668,0.830715000629425,0.890322470664978
21,0.8384212136268616,0.92021803855896,0.917343533039093,0.922722053527832,0.9114835977554321,0.9171821475028992
22,0.8078837752342224,0.7663764357566833,0.7629828810691833,0.8013416647911071,0.7368513107299804,0.7802435278892517
23,0.6678497910499572,0.562575775384903,0.6006942510604858,0.6114198446273804,0.5365127623081207,0.5500527501106263
24,0.6156266093254089,0.44879278540611267,0.5027965903282166,0.5238005638122558,0.44784238934516907,0.4672649323940277
25,0.5800462007522583,0.4721851050853729,0.48428474068641664,0.5117438733577728,0.4274118721485138,0.48058422207832335
26,0.6864309549331665,0.5006910860538483,0.5135854721069336,0.4609404683113098,0.54149609208107,0.5160837411880493
27,0.6339080214500428,0.43261970281600953,0.4510183036327362,0.4022512435913086,0.4623827159404755,0.44878010749816893
28,0.6921149969100953,0.6918377757072449,0.7041578412055969,0.7621423602104187,0.6897067666053772,0.6675368905067444
29,0.6187402248382569,0.40761920213699343,0.3784315466880798,0.4157374262809753,0.40825638771057127,0.4082085728645325
30,0.49830151796340943,0.2865549474954605,0.2883718222379684,0.3086325526237488,0.29026133120059966,0.2661708563566208
31,0.21570800840854645,0.08666583895683289,0.08609953373670579,0.09408551827073097,0.08241215422749519,0.08598830699920654
32,0.26308398842811587,0.10566404163837433,0.10632997304201126,0.12680326253175736,0.10568899065256118,0.10439791157841682
33,0.6297969818115234,0.42268940806388855,0.4469656884670258,0.46455811262130736,0.42271727323532104,0.4363521456718445
34,0.442551726102829,0.249992173910141,0.2914126992225647,0.313349774479866,0.2370219424366951,0.2486719697713852
35,0.14973124116659164,0.4150575459003448,0.3946165829896927,0.2566197693347931,0.40351300239562987,0.38118240535259246
36,0.11878167390823365,0.06620444506406784,0.06704881116747856,0.06021025776863098,0.07238336876034737,0.06519030779600143
37,0.11198877394199372,0.08318243026733399,0.08358387351036071,0.09398011565208435,0.09363272786140442,0.07338254898786545
38,0.26195200383663175,0.14717848598957062,0.15374986529350282,0.1420074313879013,0.16390590667724608,0.14321158081293106
39,0.2629354655742645,0.14686445742845536,0.15397234857082367,0.13111698031425476,0.1656937599182129,0.14215557128190995
40,0.10386660993099213,0.06119574904441834,0.055883324891328814,0.06640543788671494,0.06286696568131447,0.06333365738391876
41,0.26889234483242036,0.1716533660888672,0.17517690360546112,0.1691249281167984,0.20024871230125427,0.17195168137550354
42,0.2977209985256195,0.18182359635829926,0.1796448826789856,0.16752660572528838,0.200069060921669,0.1701962560415268
43,0.3006394445896149,0.20279577374458313,0.2004234254360199,0.18965888619422913,0.22663936913013458,0.1895950436592102
44,0.3006394445896149,0.2021618068218231,0.1997021734714508,0.19150347411632537,0.22504474222660065,0.18756728768348693
45,0.3472028851509094,0.19321742057800292,0.20577361583709716,0.1905349910259247,0.23840636312961577,0.19471429288387299
46,0.12318047434091568,0.08017472624778747,0.07743100374937058,0.09517116248607635,0.08695517405867577,0.08251308500766755
47,0.13775036484003067,0.07718996182084084,0.07625012248754501,0.10215809494256974,0.08209664225578309,0.08112139403820037
48,0.3650438368320465,0.22368832528591157,0.22500572502613067,0.20855965912342073,0.25115056335926056,0.21781815588474274
49,0.38980374336242674,0.25994132459163666,0.2659743130207062,0.24146223068237305,0.282883021235466,0.24514153897762297
50,0.4700440466403961,0.30620948076248167,0.3081719011068344,0.4203766226768494,0.3581546276807785,0.3199106097221375
51,0.4334010183811188,0.3535113751888275,0.3557736277580261,0.3372457444667816,0.41725709438323977,0.3305895447731018
52,0.5593264818191528,0.38366998434066774,0.41451057195663454,0.3498826563358307,0.43976685404777527,0.4001495599746704
53,0.5099735736846924,0.3395362615585327,0.3450052797794342,0.2912591755390167,0.3589319407939911,0.3283113658428192
54,0.44374913573265073,0.21437359750270843,0.25577027499675753,0.19622193276882172,0.26043249368667604,0.21619351506233214
55,0.18958395421504975,0.046102049946784976,0.05383987650275231,0.05604208037257195,0.0562585674226284,0.040589457005262376
56,0.37499881982803346,0.1998793065547943,0.21575891375541686,0.24132901728153228,0.20572390258312226,0.2083566427230835
57,0.5722935199737549,0.4218058228492737,0.4221051871776581,0.366972553730011,0.4370430111885071,0.41160441040992735
58,0.5225625395774841,0.37666544914245603,0.38167254328727723,0.3390490412712097,0.40121457576751707,0.35921406745910645
59,,0.4006166160106659,,,,
60,,0.6062706589698792,,,,
61,0.9314123392105103,0.9557791471481323,0.9600051283836365,0.9309298515319824,0.9645484447479248,0.958434271812439
62,0.8313282370567322,0.972385573387146,0.9790330171585083,0.9644206643104554,0.975314199924469,0.9761459708213807
63,0.41647846102714536,0.955156147480011,0.9715497851371765,0.928862202167511,0.9605756759643554,0.9628137707710266
64,0.3340325325727463,0.9287737131118774,0.9510144472122193,0.8906151294708252,0.940173065662384,0.9408419847488403
65,0.33602266311645507,0.7665806293487549,0.7840989232063293,0.6885196328163147,0.7568088293075561,0.754674243927002
66,0.8145587921142579,0.7170204520225525,0.703848373889923,0.6773331761360168,0.739719820022583,0.720031452178955
67,0.7355175375938415,0.7226118564605712,0.705818259716034,0.6815107226371765,0.7099930167198181,0.7053447723388672
68,0.6901283502578736,0.576228654384613,0.6141112565994262,0.6123913526535034,0.5713734984397888,0.5742895245552063
69,0.646719491481781,0.4340297758579254,0.44163026213645934,0.32492383718490603,0.4741551876068115,0.4368728756904602
70,0.645747721195221,0.4279314160346985,0.4344380021095276,0.3478272080421448,0.4719933748245239,0.4355988442897797
71,0.739276671409607,0.575159776210785,0.5925703048706055,0.4974262177944183,0.6540900707244873,0.5936996102333069
72,0.671307098865509,0.4805728554725647,0.4903168618679047,0.4171491086483002,0.5345777571201324,0.49625296592712403
73,0.6666372895240784,0.5671730756759643,0.5751850605010986,0.5301402449607849,0.595536732673645,0.5643090605735779
74,0.802458643913269,0.7102720618247986,0.7321223378181457,0.6287965416908264,0.7497741341590881,0.7168278813362121
75,0.7360262751579285,0.57478187084198,0.5842205882072449,0.5072664141654968,0.6178683161735534,0.5836206674575806
76,0.684759545326233,0.5027195751667023,0.5157293319702149,0.41120306849479676,0.5381971836090088,0.5113028526306153
77,0.6536042332649231,0.44186906814575194,0.4547137975692749,0.3922687530517578,0.4992044806480408,0.4635551691055298
78,0.7632490038871765,0.626680052280426,0.6575869202613831,0.5866988301277161,0.694268000125885,0.6540281295776367
0,0.2014529878894488,0.11173720906178157,0.1076563944419225,0.1360897272825241,0.12212779372930527,0.10012405241529147
1,0.33563993374506634,0.22307904561360678,0.2561003863811493,0.25582444419463474,0.21941298991441727,0.23288867125908533
2,0.3007861127456029,0.18987192461887994,0.1971863533059756,0.20245128870010376,0.20748746395111084,0.17913509408632913
3,0.5003248055775961,0.38728352387746173,0.39871589839458466,0.34590857724348706,0.4343681236108144,0.389101967215538
4,0.4257083386182785,0.2931953047712644,0.2606123487154643,0.2342629755536715,0.29918605585892993,0.28631675243377686
5,0.4424603382746379,0.33638008187214535,0.3391558875640233,0.29956214626630145,0.3540511280298233,0.3305848737557729
6,0.5001018891731898,0.37730883061885834,0.3856069544951121,0.32650065422058105,0.41568351288636524,0.3631158620119095
7,0.5695433715979258,0.446953813234965,0.4356730928023656,0.3988458315531413,0.467872882882754,0.4535311758518219
8,0.4011693249146144,0.2918187777201335,0.2814116229613622,0.2678506076335907,0.3077327460050583,0.29120126614967984
9,0.20210937410593033,0.17641640702883402,0.1762543519337972,0.20508234947919846,0.2036338895559311,0.17520184442400932
10,0.2729749058683713,0.13609104603528976,0.12987819189826647,0.15875520184636116,0.14001662656664848,0.1400496003528436
11,0.5418914556503296,0.4008038292328517,0.38857046763102215,0.3577943593263626,0.42538751661777496,0.4009580115477244
12,0.5731446047623953,0.44307880600293476,0.45663710435231525,0.38478487233320874,0.48114757239818573,0.4521114577849706
13,0.5747419993082682,0.43304771184921265,0.43313142160574597,0.38982804616292316,0.4557881106932958,0.44111419717470807
14,0.6198509335517883,0.43493753174940747,0.4284709095954895,0.3709760953982671,0.47490033010641736,0.3979584922393163
15,0.6269634465376536,0.44528895119826,0.43510261674722034,0.33988575140635174,0.52705750366052,0.42823609213034314
16,0.5770322382450104,0.33081818123658496,0.3448379536469777,0.38851215442021686,0.37946459650993347,0.3455229103565216
17,0.3167052964369456,0.22307048986355463,0.23446204761664072,0.2231736034154892,0.21826610962549844,0.2143708939353625
18,0.6403433481852213,0.5338926812012991,0.5281012157599131,0.4294022222359975,0.550115704536438,0.5222872644662857
19,0.8556041618188223,0.8282069067160288,0.8240110377470652,0.7579553425312042,0.8537951509157816,0.8376723329226176
20,0.8615480264027914,0.7695900201797485,0.7462832629680634,0.722841868797938,0.7352687815825144,0.7525548239549001
21,0.3359602391719818,0.2025046100219091,0.1867257828513781,0.2036183550953865,0.22357047845919928,0.19511096676190695
22,0.30660190681616467,0.19117984672387442,0.20941401521364847,0.1890721470117569,0.2020930548508962,0.19324086854855219
23,0.5044836749633154,0.3036070615053177,0.31572917600472766,0.34958330790201825,0.2921988144516945,0.29676175862550735
24,0.415257732073466,0.1698597917954127,0.15874927739302316,0.18525666991869608,0.16711483150720596,0.14576747144261995
25,0.2893011396129926,0.1891182648638884,0.20000062882900238,0.1866157129406929,0.19974983483552933,0.21645702670017877
26,0.5065247664848963,0.26592330386241275,0.2620336686571439,0.20749295751253763,0.29326508939266205,0.2685426523288091
27,0.48003847897052765,0.2754613210757573,0.23752533892790476,0.2521217316389084,0.2654127726952235,0.26147959132989246
28,0.7003218134244283,0.6071976323922476,0.5521075030167898,0.6014605363210043,0.57273002465566,0.5879113773504893
29,0.5336726208527883,0.7364921768506368,0.7646926939487457,0.7653794586658478,0.7097225785255432,0.7511192659536997
30,0.42555200556914013,0.6997176309426626,0.7340287764867147,0.7580950856208801,0.6862516899903616,0.6997298002243042
31,0.47532645364602405,0.34859347840150195,0.32320836186408997,0.3603255848089854,0.30722995350758237,0.3247733364502589
32,0.22244316091140112,0.17769665022691092,0.19010457769036293,0.17402314022183418,0.16456580286224684,0.17630813643336296
33,0.10165519639849663,0.06900062163670857,0.06260054931044579,0.0802040547132492,0.0732450820505619,0.0670073622216781
34,0.1553993597626686,0.08949644739429156,0.09735272079706192,0.10761116072535515,0.08596171314517657,0.09069517689446609
35,0.2566286052266757,0.22415000448624292,0.22276378298799196,0.21258172144492468,0.21518822014331818,0.2225768268108368
36,0.8167056838671366,0.8108215630054474,0.7883408665657043,0.7780812780062357,0.7380663454532623,0.8064784705638885
37,0.6394418179988861,0.5786294142405192,0.5130748599767685,0.53578748802344,0.47043118874231976,0.5685989658037821
38,0.714998871088028,0.7493536174297333,0.7343804240226746,0.7864469488461813,0.6868999699751536,0.7390820980072021
39,0.8319649000962576,0.8711665074030558,0.8697804311911265,0.8951427837212881,0.7876528600851694,0.8641982972621918
40,0.8139477074146271,0.8128100534280142,0.7892041405042013,0.8480084538459778,0.7470867037773132,0.7975583771864573
41,0.9038001795609792,0.8834253052870432,0.8913877606391907,0.8875657618045807,0.872199942668279,0.8838353554407755
42,0.9033107856909434,0.9342828094959259,0.9388509889443716,0.9332800209522247,0.93650750319163,0.9399072627226511
43,0.9502943555514017,0.9703183770179749,0.9777146677176157,0.9682148893674215,0.977399984995524,0.9752177596092224
44,0.8879565199216207,0.6550351878007253,0.7135145465532938,0.6711535354455312,0.7462879717350006,0.715064287185669
45,0.8719138105710348,0.8229742447535197,0.8362987041473389,0.8275394141674042,0.8287572165330251,0.8376213113466898
46,0.8445136447747549,0.7682436009248098,0.7552617490291595,0.7320244113604227,0.7678427894910177,0.7521462142467499
47,0.9180045425891876,0.8569736977418264,0.8631518383820852,0.8711871008078257,0.8493619163831075,0.8545298377672831
48,0.9319952130317688,0.9373899499575297,0.9223384459813436,0.9213537573814392,0.9445053339004517,0.932448277870814
49,0.875035802523295,0.8783836861451467,0.876734733581543,0.8377358317375183,0.9008415043354034,0.8723190824190775
50,0.8457231918970743,0.835942675669988,0.8315942684809366,0.8106802503267924,0.8604747851689657,0.8243996699651083
51,0.7710118989149729,0.5711294313271841,0.5216817160447439,0.6250044504801432,0.5423310647408167,0.5426753660043081
52,0.7289413015047709,0.5476597994565964,0.5581740736961365,0.655952384074529,0.5273008843262991,0.5757839381694794
53,0.5150802582502365,0.30241471032301587,0.3244808117548625,0.3609729806582133,0.32550383110841113,0.317714403072993
54,0.7149424652258555,0.568977415561676,0.5699464827775955,0.5679784119129181,0.5845723251501719,0.5826550821463267
55,0.6461690564950308,0.4263833363850911,0.4379926373561223,0.3619833091894786,0.43365247050921124,0.41697317361831665
56,0.44136306643486023,0.26030294597148895,0.2573074772953987,0.22011332710584006,0.2672804618875186,0.267970509827137
57,0.8316016097863516,0.7525604665279388,0.7569437722365061,0.655893603960673,0.7329945663611094,0.6999844014644623
58,0.862644374370575,0.8291566967964172,0.8230604827404022,0.7094744344552358,0.842022697130839,0.8190796871980032
59,0.3357964853445689,0.12044926608602206,0.11286303649346034,0.10712637876470883,0.14498771727085114,0.11520643656452496
60,0.1275241238375505,0.050510453060269356,0.05800967166821162,0.06554229681690533,0.053368689492344856,0.057267121970653534
61,0.08120834082365036,0.028817904492219288,0.031444137605528034,0.03904458569983641,0.036439607540766396,0.031185409675041836
62,,0.21889292697111765,,,,
63,0.2962670202056567,0.19025362531344095,0.19510684410730997,0.2448608155051867,0.21292060861984888,0.18928086509307226
64,0.3630618304014206,0.24067308008670807,0.2442270666360855,0.2550913418332736,0.27496251960595447,0.2653614977995555
65,0.2876497209072113,0.19443909327189127,0.18942571431398392,0.1933928206562996,0.20722528422872225,0.1969563439488411
66,0.2718416874607404,0.17874051009615263,0.18889931216835976,0.1996082030236721,0.21263026694456735,0.18794510265191397
67,0.1023711475233237,0.05555732175707817,0.05499822522203127,0.058804210275411606,0.05424692047139009,0.05074351094663143
68,0.07943814434111118,0.03233455385391911,0.03065237992753585,0.04224127655227979,0.027664220426231623,0.027117085332671802
69,0.06166444160044193,0.04076799098402262,0.033399954438209534,0.04156243707984686,0.03604423813521862,0.0351539912323157
70,0.03341928838441769,0.0284836965923508,0.02680918714031577,0.025129502328733604,0.024399463242540758,0.0256487219594419
71,0.022168557314823072,0.01061016577295959,0.009259533447523912,0.015720649777601164,0.010754818407197794,0.011708885664120317
72,0.719264954328537,0.5484301696221033,0.5287629266579946,0.42068059245745343,0.6313409705956777,0.5474735647439957
73,0.5948934356371561,0.3683311690886815,0.38525789479414624,0.30629129707813263,0.4295332332452138,0.36432668069998425
74,0.16069835672775903,0.07199418420592944,0.07433594949543476,0.09090398252010345,0.08176862572630246,0.07200779331227143
75,0.17701169972618422,0.13575805351138115,0.1300543819864591,0.1419476605951786,0.13670212030410767,0.11544702326258023
76,0.24229725450277328,0.1966750199596087,0.19291726499795914,0.2477541243036588,0.2036680057644844,0.19486002872387567
77,0.30786266674598056,0.3791586036483447,0.37761977811654407,0.4091992676258087,0.3408574238419533,0.34185361365477246
78,0.5567968587080637,0.42505299548308056,0.41047877073287964,0.37486302852630615,0.4399699717760086,0.41423488159974414
79,0.47521446148554486,0.34516069293022156,0.35274749994277954,0.31175417453050613,0.37088000277678174,0.33044831951459247
0,0.40711134672164917,0.2810080423951149,0.2707415223121643,0.24392556895812353,0.30488211661577225,0.2864558895428975
1,0.39102869729201,0.2512659604350726,0.24405982345342636,0.22290348758300146,0.27695513019959134,0.26116785903771716
2,0.4166753689448039,0.28514490524927777,0.2802903776367505,0.2450083096822103,0.3148923193415006,0.28653709838787716
3,0.3953976184129715,0.2514844536781311,0.24878229945898056,0.2212939734260241,0.2784193729360898,0.2556161160270373
4,0.3728762666384379,0.25010093053181964,0.2447733556230863,0.22021456062793732,0.27703698476155597,0.2505795309940974
5,0.3651164223750432,0.2410531590382258,0.23745411386092505,0.21652890741825104,0.2610597759485245,0.24397054314613342
6,0.38708137969175976,0.2538676857948303,0.24842567245165506,0.22573431332906088,0.281856636206309,0.25798581292231876
7,0.3708396553993225,0.2504088804125786,0.24106900642315546,0.21907711029052734,0.2647866706053416,0.2518564636508624
8,0.40409523248672485,0.27297285695870716,0.27836761126915616,0.23969684292872748,0.2905648549397786,0.2900279412666957
9,0.40536604821681976,0.2709907243649165,0.2744724328319232,0.2304837554693222,0.28241267055273056,0.28397047022978467
10,0.4026378244161606,0.2753937393426895,0.2724815035859744,0.23187240461508432,0.28861785928408307,0.28868836909532547
11,0.4063891073067983,0.27895823617776233,0.27890872706969577,0.24471332381169,0.2919353097677231,0.29448655744393665
12,0.4250091512997945,0.2928330625096957,0.2915886466701825,0.2461572935183843,0.31211259464422864,0.30997159828742343
13,0.46375884612401325,0.3184741139411926,0.3159449150164922,0.2517828618486722,0.341078316171964,0.32060545682907104
14,0.5066074083248774,0.3729490836461385,0.36964506655931473,0.287382851044337,0.4057202637195587,0.370047926902771
15,0.4382646481196086,0.2914096936583519,0.28030378371477127,0.2383791853984197,0.32409922033548355,0.2816229859987895
16,0.4358285417159398,0.3016912390788396,0.29177874823411304,0.25073613971471786,0.32087049384911853,0.3021812861164411
17,0.3976743320624034,0.27437037974596024,0.26957488308350247,0.2326160247127215,0.2806193505724271,0.2813774223128955
18,0.3922760635614395,0.26837007453044254,0.2641785914699237,0.2293115258216858,0.2795051410794258,0.2736528192957242
19,0.41182611385981244,0.2797047669688861,0.2800268530845642,0.23326140890518823,0.2931043306986491,0.2977643335858981
20,0.4088300218184789,0.2762718473871549,0.2766682008902232,0.23286746690670648,0.2861493031183879,0.2902013858159383
21,0.4303026696046193,0.3108018487691879,0.2982278491059939,0.25885868569215137,0.32391345500946045,0.319071205953757
22,0.44727500279744464,0.3289083590110143,0.3128954693675041,0.2706208402911822,0.3591674913962682,0.31336672107378644
23,0.4249281088511149,0.30339551717042923,0.29628971964120865,0.24744410316149393,0.30993440250555676,0.30839569866657257
24,0.3983517686525981,0.2873724202315013,0.28121310224135715,0.24380890528361002,0.29225749522447586,0.28679083039363223
25,0.4221537957588832,0.304440900683403,0.29539423684279126,0.24675089120864868,0.30512281507253647,0.293652022878329
26,0.4348217695951462,0.3075992961724599,0.2981656367580096,0.24848877638578415,0.3112139279643695,0.30151233573754627
27,0.4176662564277649,0.28521620482206345,0.28442977865537006,0.23838362097740173,0.3075486943125725,0.28972522417704266
28,0.45343634486198425,0.3164537424842517,0.3185117368896802,0.26317719866832096,0.347048024336497,0.32804975658655167
29,0.4861052135626475,0.3216191828250885,0.3226997156937917,0.2596736177802086,0.3332324226697286,0.3325529719392459
30,0.4587981849908829,0.33938266336917877,0.3323860863844554,0.28042051444451016,0.36379382014274597,0.3336324691772461
31,0.4587981849908829,0.33938266336917877,0.3329760779937108,0.2790221745769183,0.3641500969727834,0.3360508183638255
32,0.4404527445634206,0.3067273050546646,0.3072878047823906,0.2475676784912745,0.30638983597358066,0.3108671009540558
33,0.41256197293599445,0.29772042979796726,0.2907348796725273,0.24519440780083337,0.30105416228373844,0.2988671213388443
34,0.5436735302209854,0.35323601464430493,0.3643054813146591,0.30843884994586307,0.3864814837773641,0.36004464824994403
35,0.4792172958453496,0.29133692880471546,0.29233278582493466,0.25110172231992084,0.31258106976747513,0.29983485490083694
36,0.5887251098950704,0.35891155898571014,0.40046902497609455,0.36284393072128296,0.41940973699092865,0.37013639509677887
37,0.5782377769549688,0.30892899880806607,0.3497144654393196,0.2998055989543597,0.36808756987253827,0.3161099726955096
38,0.454481765627861,0.22504091759522757,0.24405761063098907,0.19358871380488077,0.25747991104920703,0.22164269288380942
39,0.5963445802529653,0.495791698495547,0.49433134496212006,0.4327474733193715,0.5308059354623159,0.4854826480150223
40,0.7482326328754425,0.6017957727114359,0.6004164119561514,0.51674917836984,0.6377684275309244,0.5900246798992157
41,0.8508820533752441,0.8891143202781677,0.8768041332562765,0.8160880406697592,0.8823565344015757,0.8861680229504904
42,0.8888081808884939,0.9016852776209513,0.9001373648643494,0.8453839719295502,0.8875515957673391,0.8964479664961497
43,0.9195312062899271,0.9230509400367737,0.9338497221469879,0.8878934184710184,0.931494822104772,0.9367626011371613
44,0.9479937752087911,0.9631688296794891,0.9628145198027293,0.947207490603129,0.9604825973510742,0.9634719491004944
45,0.9182920853296915,0.951648066441218,0.9519557853539785,0.9342344502607981,0.9586565494537354,0.9490469992160797
46,0.9570081134637197,0.9809702634811401,0.981936494509379,0.9709362785021464,0.9819213847319285,0.9800450404485067
47,0.9423924585183462,0.9783949553966522,0.9818145533402761,0.9686417182286581,0.9796285827954611,0.9775863687197367
48,0.8812252879142761,0.9297396043936411,0.9389748473962148,0.8848181863625845,0.932248055934906,0.9346010784308115
49,0.8581874569257101,0.8794614573319753,0.8826680481433868,0.826731542746226,0.8604574998219808,0.8634165227413177
50,0.9459185103575388,0.9701477686564127,0.9706475734710693,0.9567998250325521,0.973520408074061,0.9680888056755066
51,0.9531586170196533,0.9736186067263285,0.9717500110467275,0.9588334262371063,0.975790798664093,0.9722144703070322
52,0.7934875587622324,0.8190691769123077,0.8352131247520447,0.7254835963249207,0.8138193488121033,0.8226337730884552
53,0.8317130704720815,0.7720024983088175,0.778514951467514,0.7328867117563883,0.7434711654980978,0.7522750198841095
54,0.8698389828205109,0.8185796837011973,0.8126974006493887,0.7877587576707205,0.8192915916442871,0.7908993562062582
55,0.8522650897502899,0.8365451395511627,0.825128585100174,0.8059917688369751,0.8248305022716522,0.8280738790829977
56,0.7495520611604055,0.6628934442996979,0.6615443130334219,0.6174694498380026,0.6366830070813497,0.667000820239385
57,0.6373475790023804,0.48597100377082825,0.480614239970843,0.48702584703763324,0.4920867681503296,0.5048839449882507
58,0.59115931391716,0.4257181187470754,0.4085116535425186,0.370598370830218,0.4362778415282567,0.4370238830645879
59,,0.4848957856496175,,,,
60,,0.3862015555302302,,,,
61,0.6017131408055624,0.37402614454428357,0.36602215965588886,0.28327925006548565,0.41017542282740277,0.3605553408463796
62,0.5245979726314545,0.2510149156053861,0.2553474505742391,0.20003773520390192,0.2778634230295817,0.24261491000652313
63,0.44109747807184857,0.21676679203907648,0.21694678564866385,0.18250203629334769,0.2371690422296524,0.21220982323090234
64,0.45630812148253125,0.23089878261089325,0.21975601961215338,0.197834941248099,0.24442717184623083,0.23079480975866318
65,0.4275220384200414,0.21390669544537863,0.2082648699482282,0.17992489784955978,0.2327022204796473,0.20960852007071176
66,0.4733547369639079,0.2539440914988518,0.24891702085733414,0.20025785515705744,0.2941453879078229,0.2431831806898117
67,0.42675628264745075,0.22177479416131973,0.22121195495128632,0.19411371648311615,0.23924059172471365,0.22717751810948053
68,0.4549707770347595,0.239875890314579,0.2342778965830803,0.20836982876062393,0.26555660863717395,0.2482870196302732
69,0.4177345335483551,0.20245034247636795,0.23542948812246323,0.19261283675829569,0.24390111366907755,0.20627282311518988
70,0.32961474855740863,0.1971827633678913,0.19636033723751703,0.17659654095768929,0.21432895958423615,0.19502172619104385
0,0.22231069207191467,0.15216417610645294,0.19031335413455963,0.16319918632507324,0.16976024955511093,0.14485826343297958
1,0.2962934225797653,0.22711700946092606,0.2458549216389656,0.19632963836193085,0.27648281306028366,0.27921687066555023
2,0.3308764398097992,0.17281246185302734,0.18739279359579086,0.14894307777285576,0.22764776647090912,0.21528732031583786
3,0.33985307812690735,0.20627553015947342,0.1975671648979187,0.16942353546619415,0.27631164342164993,0.2189105823636055
4,0.10901987180113792,0.12603262811899185,0.13441996276378632,0.12403261289000511,0.15885234624147415,0.15005474910140038
5,0.14799216389656067,0.19182585924863815,0.24808136373758316,0.21143580973148346,0.2523905262351036,0.1830861233174801
6,0.07072440721094608,0.20242630690336227,0.2157486155629158,0.13712475448846817,0.2342296466231346,0.19186263531446457
7,0.06788124144077301,0.07723692432045937,0.07445643283426762,0.09226367250084877,0.07770247757434845,0.07465955056250095
8,0.04330977611243725,0.05943451263010502,0.056479740887880325,0.04816850367933512,0.0616610012948513,0.05071856454014778
9,0.05537637509405613,0.15775463730096817,0.16144908219575882,0.1568668633699417,0.1436256282031536,0.15516309067606926
10,0.1267528235912323,0.16731467097997665,0.17982131987810135,0.16347280889749527,0.2049170508980751,0.1892387866973877
11,0.06734051927924156,0.13202420249581337,0.12681906297802925,0.10170483216643333,0.10573559999465942,0.1345432847738266
12,0.03883891738951206,0.13435370102524757,0.10948346182703972,0.11855056509375572,0.10504191368818283,0.1352485753595829
13,0.2771456502377987,0.41738365590572357,0.42305372655391693,0.4039588123559952,0.4040638953447342,0.410101979970932
14,0.367707222700119,0.20481600612401962,0.19378869235515594,0.14964262396097183,0.1586783230304718,0.23882463574409485
15,0.3994485139846802,0.2556314095854759,0.2378651276230812,0.21173877269029617,0.22250354290008545,0.2744845226407051
16,0.2512134984135628,0.11983413994312286,0.1375596597790718,0.1010831892490387,0.16450564563274384,0.16872158646583557
17,0.7882717847824097,0.6816896498203278,0.6652800440788269,0.5803359746932983,0.6972828209400177,0.684583991765976
18,0.7578572034835815,0.6528788506984711,0.6665439307689667,0.5851098001003265,0.6567873060703278,0.6288970112800598
19,0.7958934009075165,0.6302666366100311,0.663025289773941,0.6917198896408081,0.5557398796081543,0.6729004383087158
20,0.7537862658500671,0.6135473847389221,0.6477685570716858,0.607660174369812,0.6423323452472687,0.6302031576633453
21,0.7223206460475922,0.5495565533638,0.5779662132263184,0.576817512512207,0.5804464817047119,0.5592873096466064
22,0.7246014475822449,0.5651613473892212,0.5593686401844025,0.5368704944849014,0.5700143873691559,0.5641842186450958
23,0.735834389925003,0.6240423321723938,0.6477016508579254,0.5816901624202728,0.6388477981090546,0.6230418682098389
24,0.7323817610740662,0.6253775954246521,0.65898397564888,0.5977030694484711,0.6221639513969421,0.6189733147621155
25,0.7554840743541718,0.6230329871177673,0.654280424118042,0.619053989648819,0.6416581869125366,0.6346811950206757
26,0.8039178848266602,0.6455092132091522,0.6644701659679413,0.6592347025871277,0.6859565079212189,0.6697714626789093
27,0.6635999977588654,0.47867436707019806,0.4972406476736069,0.471476674079895,0.48452530801296234,0.4845532923936844
28,0.6153890788555145,0.48853935301303864,0.5057124048471451,0.38159430027008057,0.460903599858284,0.4907415509223938
29,0.6556420922279358,0.5466076731681824,0.5316788554191589,0.3439272344112396,0.6185208857059479,0.5626093298196793
30,0.6398407816886902,0.43140164017677307,0.46269163489341736,0.2600923776626587,0.4808015078306198,0.4098614752292633
31,0.7747732102870941,0.705222874879837,0.6416318118572235,0.591818243265152,0.6517536640167236,0.6717163026332855
32,0.7839974164962769,0.7151836156845093,0.7623412907123566,0.6869266927242279,0.7389228045940399,0.7505347728729248
33,0.599420964717865,0.33996233344078064,0.3450014144182205,0.31437573581933975,0.37555116415023804,0.3485974669456482
34,0.5584721863269806,0.3692002594470978,0.3614949882030487,0.3077402114868164,0.3887995183467865,0.34416085481643677
35,0.788333922624588,0.6527983248233795,0.662580132484436,0.6329416036605835,0.6741929948329926,0.6578125953674316
36,0.6810542941093445,0.5471319258213043,0.546258270740509,0.5447148978710175,0.5360292792320251,0.5397235155105591
37,0.6907410621643066,0.5565872192382812,0.5600168108940125,0.5175366550683975,0.5513123571872711,0.5465845465660095
38,0.609395831823349,0.5799378752708435,0.6551748216152191,0.49790266156196594,0.6353916823863983,0.6013707220554352
39,0.5475786924362183,0.5202013105154037,0.598652720451355,0.4271964132785797,0.6143896877765656,0.5160215497016907
40,0.5899799168109894,0.49935653805732727,0.5015591084957123,0.32680992782115936,0.4769221991300583,0.48726895451545715
41,0.7594124376773834,0.7750706076622009,0.7547610402107239,0.6999849677085876,0.7542361319065094,0.7637189328670502
42,0.8449371159076691,0.8686107695102692,0.8674099743366241,0.7928220331668854,0.8403546810150146,0.879625529050827
43,0.7307476997375488,0.630729079246521,0.6057772636413574,0.41453343629837036,0.6634662449359894,0.6108776330947876
44,0.8363975286483765,0.773160308599472,0.8121990263462067,0.7702344954013824,0.7759288251399994,0.7806498408317566
45,0.8647312521934509,0.8070937097072601,0.7925898730754852,0.6710092425346375,0.824441134929657,0.8026368319988251
46,0.8060842454433441,0.753748744726181,0.7389084100723267,0.585798978805542,0.7665460705757141,0.7577321231365204
47,0.8856967687606812,0.8414267003536224,0.8584645986557007,0.738767147064209,0.8707681000232697,0.8630991280078888
48,0.9294110536575317,0.934705525636673,0.9373805820941925,0.8775249719619751,0.9326199591159821,0.9357079267501831
49,0.9491938650608063,0.9654980003833771,0.9635498523712158,0.9457866251468658,0.9671100080013275,0.9620177149772644
50,0.8929057121276855,0.8512201905250549,0.8505376875400543,0.8293678164482117,0.8495268523693085,0.8431299328804016
51,0.7919717729091644,0.7298540771007538,0.7148110568523407,0.7112422287464142,0.7709660530090332,0.7115000188350677
52,0.8028025925159454,0.5813880860805511,0.6522959768772125,0.6309027373790741,0.6754976212978363,0.63600754737854
53,0.5660785734653473,0.2966393679380417,0.27513110637664795,0.3084888830780983,0.33988265693187714,0.32323554158210754
54,0.7164952456951141,0.5799469947814941,0.5702617764472961,0.4960283190011978,0.5571002960205078,0.5590448677539825
55,0.7836130261421204,0.6487290859222412,0.6762098371982574,0.6569869220256805,0.6864794194698334,0.6737020909786224
56,0.7513571083545685,0.6400549411773682,0.6284970939159393,0.637976199388504,0.6527195274829865,0.6394232213497162
57,0.6008117198944092,0.35822898149490356,0.3580242395401001,0.339699849486351,0.3494672179222107,0.3622770756483078
58,0.7865325212478638,0.6580134630203247,0.6499055027961731,0.5457958877086639,0.6710571050643921,0.6451777517795563
59,,0.48149754106998444,,,,
60,0.7250759899616241,0.6065357327461243,0.6449835300445557,0.578930139541626,0.617936760187149,0.61098912358284
61,0.7437556684017181,0.6328410506248474,0.6530502140522003,0.5907153189182281,0.6260020136833191,0.6230418682098389
62,0.7257795631885529,0.5919572710990906,0.5787898302078247,0.5525115728378296,0.5960744321346283,0.5895570516586304
63,0.6820059418678284,0.5714477598667145,0.5442178249359131,0.5373378694057465,0.5575739741325378,0.5454128086566925
64,0.6820059418678284,0.5490838885307312,0.5466005206108093,0.5422538816928864,0.550026923418045,0.5352938324213028
65,0.6268410682678223,0.5108913034200668,0.4818272888660431,0.44264814257621765,0.4774165004491806,0.46203891932964325
66,0.7421757280826569,0.6121267080307007,0.6300535202026367,0.5635614991188049,0.6356772482395172,0.6000676155090332
67,0.6966798901557922,0.6004892289638519,0.5824022591114044,0.5013734549283981,0.568589061498642,0.5796367526054382
68,0.6485781073570251,0.4621594697237015,0.4737217426300049,0.3744126856327057,0.504863828420639,0.4645596742630005
69,0.6054443418979645,0.4512617588043213,0.45825788378715515,0.3668634742498398,0.4976004958152771,0.4584731012582779
70,0.6333044767379761,0.5115191787481308,0.5112627446651459,0.4455493092536926,0.5533676147460938,0.5205908566713333
71,0.6848478317260742,0.5262497365474701,0.5056590586900711,0.44239749014377594,0.54544797539711,0.5354248881340027
72,0.6512434184551239,0.4491012543439865,0.4617253690958023,0.35870257019996643,0.5158219337463379,0.4866366535425186
73,0.608810156583786,0.4750637114048004,0.4777629226446152,0.3763075917959213,0.5162345170974731,0.49993008375167847
0,0.3291408320267995,0.20993577440579733,0.23243154088656107,0.1678630163272222,0.24484752118587494,0.22984084486961365
1,0.279978280266126,0.19977800051371256,0.19748016198476157,0.1396269698937734,0.2053027351697286,0.19438815613587698
2,0.28773176670074463,0.20377704997857413,0.18430849413077036,0.13404744863510132,0.18387998640537262,0.18764798839886984
3,0.330801526705424,0.23818387587865195,0.24023414651552835,0.17668257653713226,0.2680058827002843,0.23524229228496552
4,0.36579592029253644,0.3044820825258891,0.3105483949184418,0.23010740180810293,0.3271375894546509,0.27719180285930634
5,0.38650063673655194,0.2758183379968007,0.2967221985260646,0.24084581434726715,0.2994833290576935,0.2764080762863159
6,0.3339589337507884,0.2083972841501236,0.2331364005804062,0.1686404893795649,0.2630749394496282,0.2439467509587606
7,0.36571962634722394,0.22423270841439566,0.2596007188161214,0.22307494282722473,0.2849041819572449,0.29544416069984436
8,0.4128653208414714,0.29301010568936664,0.32299018402894336,0.2606280694405238,0.32585978507995605,0.31614023447036743
9,0.35633405049641925,0.21919416884581247,0.24842175841331482,0.20626615484555563,0.2857341170310974,0.2795218179623286
10,0.143135833243529,0.08707335342963536,0.09889992326498032,0.0873918483654658,0.10052957385778427,0.09788649777571361
11,0.1529915581146876,0.10234893361727397,0.10536139458417892,0.09548817823330562,0.10154872139294942,0.10137732575337093
12,0.19404813150564829,0.14195517698923746,0.13891495764255524,0.13626869519551596,0.16156226893266043,0.15694948534170786
13,0.2844236493110657,0.1744288057088852,0.17636739214261374,0.16517561177412668,0.18400358657042185,0.1779994616905848
14,0.2812776565551758,0.17397884031136832,0.18979284663995108,0.1333804652094841,0.2142535150051117,0.18551724155743918
15,0.5236833989620209,0.3195478866497676,0.32019229729970294,0.24881084263324738,0.3328643838564555,0.29288595418135327
16,0.5099349915981293,0.4108803669611613,0.403119037548701,0.310105895002683,0.37396276990572613,0.377345472574234
17,0.18666539589564005,0.1212878276904424,0.12531563887993494,0.11632930984099706,0.1136038104693095,0.1302729845046997
18,0.22697643438975015,0.14527507623036703,0.16521853705247244,0.14111311237017313,0.19840531051158905,0.15715744098027548
19,0.3494023581345876,0.18620630105336508,0.2005563626686732,0.1948770433664322,0.25022096435228985,0.21539955337842306
20,0.48995253443717957,0.3045843591292699,0.3228160838286082,0.31305787960688275,0.31658682227134705,0.3405712793270747
21,0.37834809223810834,0.22208253542582193,0.23024228711922964,0.15776845316092172,0.26692025860150653,0.22380233804384866
22,0.36243318518002826,0.2510922948519389,0.2534740169843038,0.22286862631638846,0.30283425251642865,0.2554056942462921
23,0.5266461173693339,0.4095570544401805,0.3868512014547984,0.39241287112236023,0.43238582213719684,0.42561349272727966
24,0.5837884744008383,0.548836886882782,0.5285247365633646,0.40058305859565735,0.5460561513900757,0.5278612971305847
25,0.6189083854357401,0.5035635630289713,0.5284515718619028,0.4421789050102234,0.5524475574493408,0.5187384883562723
26,0.690911332766215,0.5878761013348898,0.5509369572003683,0.4950034519036611,0.593346118927002,0.5479586919148763
27,0.6603323419888815,0.4819999535878499,0.49710749586423236,0.4014959434668223,0.5499181946118673,0.49698065718015033
28,0.7251206040382385,0.5932485659917196,0.5967954794565836,0.4828527271747589,0.6446506778399149,0.580971896648407
29,0.7031718293825785,0.4823143084843953,0.520470013221105,0.37781983613967896,0.5442826151847839,0.49682268500328064
30,0.8309015234311422,0.7195897698402405,0.7023148735364279,0.571782131989797,0.691115657488505,0.7029690543810526
31,0.8469464977582296,0.8095447222391764,0.8043191830317179,0.7155034144719442,0.7896190881729126,0.7982766429583231
32,0.7169584631919861,0.5548331042130789,0.5824684798717499,0.4378981987635295,0.5545183221499125,0.5867807269096375
33,0.8873730301856995,0.9049336711565653,0.8980374534924825,0.8185295661290487,0.8946706652641296,0.9134304722150167
34,0.9030628005663554,0.8965764244397482,0.9011727372805277,0.8325141668319702,0.9048579732577006,0.9029906988143921
35,0.8206673661867777,0.8247973124186198,0.8367887735366821,0.771126369635264,0.8118653496106466,0.8376086552937826
36,0.8686457872390747,0.9074795643488566,0.9037785728772482,0.8465429544448853,0.894545316696167,0.9211995204289755
37,0.9388977686564127,0.9401894410451254,0.9413552085558573,0.9203488032023112,0.9432089924812317,0.9474419156710306
38,0.941685696442922,0.9657513499259949,0.9705269734064738,0.9570009112358093,0.9743671417236328,0.9734812378883362
39,0.9483857154846191,0.9743838906288147,0.974992056687673,0.9615541497866312,0.9767847855885824,0.974190354347229
40,0.8825646241505941,0.9002800186475118,0.897336483001709,0.8741203546524048,0.8892169197400411,0.8957353035608927
41,0.9207768440246582,0.9555944800376892,0.9580634236335754,0.9312242269515991,0.9639718532562256,0.9627989530563354
42,0.872743825117747,0.9347417751948038,0.945915420850118,0.9114358226458231,0.9499456683794657,0.9439151287078857
43,0.8517387708028158,0.8502177993456522,0.8704671661059061,0.8239749868710836,0.8474073807398478,0.869379977385203
44,0.8570471604665121,0.8445292115211487,0.8502724568049113,0.8039796948432922,0.8236639499664307,0.8448856472969055
45,0.9324413140614828,0.9508418043454488,0.9551376501719157,0.9235035181045532,0.9438913464546204,0.9568344950675964
46,0.9392961661020914,0.9537834127744039,0.9531979163487753,0.92410276333491,0.9508589108784994,0.9617630441983541
47,0.9549055099487305,0.962755819161733,0.9656495849291483,0.9424728552500407,0.9682154655456543,0.9668933947881063
48,0.7332876324653625,0.5730555454889933,0.608296791712443,0.5959625840187073,0.6348220507303873,0.601414700349172
49,0.7445212999979655,0.5292026996612549,0.5692961017290751,0.5973159869511923,0.5330736041069031,0.561026930809021
50,,0.1464766189455986,,,,
51,,0.3847393790880839,,,,
52,0.8936795989672343,0.8531297643979391,0.8530566493670145,0.8332482179005941,0.8428840041160583,0.8443587819735209
53,0.8208650350570679,0.5753001570701599,0.5996846954027811,0.5859789252281189,0.6112179557482401,0.6135361194610596
54,0.7016014655431112,0.49265066782633465,0.522743841012319,0.42858532071113586,0.43850602706273395,0.48789926369984943
55,0.2872156997521718,0.13101213425397873,0.12669670830170313,0.18073394894599915,0.14951756099859873,0.13605514665444693
56,0.45779890815416974,0.26218225558598834,0.26967914899190265,0.23558851579825082,0.2711370488007863,0.2556571960449219
57,0.30870391925175983,0.2016633078455925,0.19150026390949884,0.19000145544608435,0.21107340355714163,0.19156026591857275
58,0.1934603452682495,0.08346349994341533,0.09093424677848816,0.08988664547602336,0.07404023284713428,0.06692921121915181
59,0.5624673366546631,0.286920299132665,0.3292435010274251,0.2214353382587433,0.3279443184534709,0.3010161817073822
60,0.3867953320344289,0.2933755964040756,0.2981232206026713,0.30042065183321637,0.28112562994162243,0.29356328149636585
61,0.4661642809708913,0.3245690663655599,0.335920383532842,0.351039856672287,0.2759380390246709,0.36088764667510986
62,0.5435721675554911,0.3840104838212331,0.34044384956359863,0.3752332230408986,0.26311246554056805,0.3789883852005005
63,0.5228776931762695,0.3163094421227773,0.3337610413630803,0.2890670945247014,0.36212530732154846,0.3531280259291331
64,0.5626848737398783,0.35577763120333356,0.3160255153973897,0.39815592765808105,0.3016984562079112,0.3710087736447652
65,0.3005405217409134,0.21324196954568228,0.19867214063803354,0.22925984859466553,0.18178469936052957,0.21751597026983896
66,0.3229399224122365,0.18702224642038345,0.17626204590002695,0.20713993037740389,0.2031988576054573,0.17357994119326273
0,0.10660188645124435,0.06856181006878614,0.07211344875395298,0.10394483059644699,0.08111686538904905,0.0754483649507165
1,0.2973815090954304,0.18254541605710983,0.19069371931254864,0.23529883660376072,0.19733315706253052,0.19127489067614079
2,0.219926493242383,0.09945154096931219,0.09996856190264225,0.1435554027557373,0.11894690152257681,0.10695465747267008
3,0.2037987858057022,0.12515069916844368,0.12541480734944344,0.15637465845793486,0.10991981346160173,0.11533359345048666
4,0.27536049857735634,0.21276419796049595,0.21550728380680084,0.25665540993213654,0.21931961365044117,0.20524878054857254
5,0.31336967274546623,0.27630019932985306,0.2741315569728613,0.30770639330148697,0.3129781223833561,0.2674403991550207
6,0.3975030183792114,0.262370228767395,0.2918322682380676,0.33839111030101776,0.31328075379133224,0.27319491282105446
7,0.3498270884156227,0.18119249679148197,0.20353564247488976,0.24350600317120552,0.21340868808329105,0.17229296825826168
8,0.3546585217118263,0.15831193886697292,0.1567136812955141,0.20706040784716606,0.16426781006157398,0.16100634261965752
9,0.19662313908338547,0.10782116930931807,0.11998679675161839,0.18262847140431404,0.12517406605184078,0.1114196889102459
10,0.20967812836170197,0.08367609418928623,0.08946261927485466,0.1244606114923954,0.10174487717449665,0.08594553451985121
11,0.39658477157354355,0.22119921073317528,0.23685583099722862,0.3017149642109871,0.24388985335826874,0.22002217173576355
12,0.4381708800792694,0.34014488011598587,0.3265448957681656,0.38388481736183167,0.3531511202454567,0.32832886278629303
13,0.304971631616354,0.16579603776335716,0.1704856064170599,0.17746029794216156,0.17095081508159637,0.14627135545015335
14,0.6534195244312286,0.5068143308162689,0.4913700968027115,0.5748196914792061,0.4975941404700279,0.47908326238393784
15,0.7882433980703354,0.6809492111206055,0.6503284126520157,0.6220880821347237,0.6253397464752197,0.664885401725769
16,0.5953179150819778,0.46022138744592667,0.4352023974061012,0.5056472644209862,0.427463136613369,0.4577823504805565
17,0.42016369104385376,0.2903299257159233,0.29332735016942024,0.26055965572595596,0.305618591606617,0.27672095596790314
18,0.6034354269504547,0.5296711921691895,0.5470672100782394,0.5313702896237373,0.5399203449487686,0.5301485657691956
19,0.8804946839809418,0.8715886026620865,0.8613529801368713,0.8801117837429047,0.7772324532270432,0.870503768324852
20,0.8705140650272369,0.8521913588047028,0.861918494105339,0.8485153913497925,0.7636693567037582,0.8499808460474014
21,0.6897203177213669,0.5477515459060669,0.5630581825971603,0.5928778350353241,0.5338853001594543,0.5377490893006325
22,0.5501058176159859,0.46136151999235153,0.46378473192453384,0.5528175234794617,0.4714389219880104,0.4496850371360779
23,0.8024643063545227,0.7293936759233475,0.729900673031807,0.7478736490011215,0.6696709990501404,0.7247490584850311
24,0.8584670126438141,0.8418238610029221,0.8406201601028442,0.860169917345047,0.7938698381185532,0.849346935749054
25,0.8120343238115311,0.8867460191249847,0.8647525310516357,0.89103102684021,0.8406117409467697,0.8451807349920273
26,0.8712884187698364,0.9317779541015625,0.9174673855304718,0.9388893991708755,0.9222665727138519,0.9202364087104797
27,0.8774183541536331,0.934899777173996,0.9300264865159988,0.9362688809633255,0.921675831079483,0.9259134978055954
28,0.8688814789056778,0.8948669135570526,0.8840006589889526,0.895972341299057,0.8509173542261124,0.8835824728012085
29,0.22499091550707817,0.06008429545909166,0.06996505986899137,0.08201845176517963,0.06602288410067558,0.05948267411440611
30,0.42630214989185333,0.206651009619236,0.19049759954214096,0.22409938275814056,0.18678700178861618,0.1632150039076805
31,0.5263738036155701,0.2908388748764992,0.25837624445557594,0.29355841130018234,0.24621829763054848,0.2460547834634781
32,0.30225129425525665,0.14362813532352448,0.16048968024551868,0.19744591042399406,0.13787869736552238,0.13119608536362648
33,0.354036420583725,0.18723101913928986,0.22509179636836052,0.24013439565896988,0.2015814445912838,0.19776327162981033
34,0.36140457540750504,0.19699612632393837,0.22377148270606995,0.24956627190113068,0.22561484202742577,0.21585358306765556
35,0.39719484746456146,0.20016080141067505,0.24037575349211693,0.2536567524075508,0.18884744867682457,0.20075423642992973
36,0.6061897724866867,0.4596039727330208,0.46821650117635727,0.49670998752117157,0.4594801589846611,0.45141180604696274
37,0.8204943090677261,0.6822224408388138,0.6813613772392273,0.7190409749746323,0.7342865616083145,0.7128527015447617
38,0.7215977758169174,0.5102431774139404,0.5291303023695946,0.5842608064413071,0.5456729680299759,0.54881302267313
39,0.7986923903226852,0.6120264232158661,0.6460913419723511,0.6688827574253082,0.6697237640619278,0.6455207914113998
40,0.7964120954275131,0.6039913669228554,0.6318517029285431,0.665746346116066,0.6738525331020355,0.6366196572780609
41,0.16556919366121292,0.813791885972023,0.8266981393098831,0.7852423340082169,0.8142849802970886,0.8270106911659241
42,0.13399776071310043,0.8461979329586029,0.866440623998642,0.8557193428277969,0.8586657047271729,0.8534899950027466
43,0.7129556834697723,0.4209146574139595,0.47174957394599915,0.6015932112932205,0.38581371307373047,0.39894988387823105
44,0.7411935329437256,0.5762907415628433,0.5714589357376099,0.606678918004036,0.5426610633730888,0.6057670339941978
45,0.745179608464241,0.5294832810759544,0.5119668170809746,0.4931119531393051,0.5211050808429718,0.5171722620725632
46,0.41982748359441757,0.19132886454463005,0.19334197044372559,0.19537770375609398,0.2172616943717003,0.19107885286211967
47,0.6957578510046005,0.5773301497101784,0.6024005562067032,0.5750065818428993,0.6102584004402161,0.5824636071920395
48,0.3375374600291252,0.16231347061693668,0.17254721000790596,0.18574590608477592,0.17224636487662792,0.16811912693083286
49,0.8824598789215088,0.8207873553037643,0.8348678201436996,0.820756658911705,0.844110444188118,0.8331349641084671
50,0.8964310586452484,0.8449181467294693,0.8440485745668411,0.8465670496225357,0.8448564857244492,0.8418941497802734
51,0.48923318088054657,0.3646397516131401,0.3562166541814804,0.40527431666851044,0.35394761711359024,0.337254136800766
52,0.3869592025876045,0.25781597197055817,0.3170226737856865,0.27884824573993683,0.28221509978175163,0.30608516186475754
53,0.5345567688345909,0.47043734043836594,0.47627507895231247,0.41673265397548676,0.4796340689063072,0.4804268553853035
54,0.9134566485881805,0.8768088519573212,0.8630490899085999,0.8092753440141678,0.8500090092420578,0.8768219649791718
55,0.8596849590539932,0.7069214284420013,0.6341722160577774,0.6756977885961533,0.7012408673763275,0.7164932936429977
56,0.3498329147696495,0.1638955920934677,0.15841834992170334,0.1256628967821598,0.18299253284931183,0.16544843092560768
57,0.28083325922489166,0.13943039812147617,0.13845247961580753,0.1356819011271,0.15854016318917274,0.14030257612466812
58,0.44122547656297684,0.29724226146936417,0.27541012689471245,0.20066455751657486,0.3015464134514332,0.2839989736676216
59,0.7151609808206558,0.5472939759492874,0.47400014102458954,0.48852575570344925,0.5538446679711342,0.5284208729863167
60,0.7758205682039261,0.6292936056852341,0.6139196008443832,0.6025033891201019,0.6428806185722351,0.6491412818431854
61,0.5209697708487511,0.32169750332832336,0.30596087127923965,0.30896222963929176,0.2975110076367855,0.3126257061958313
62,0.5807190835475922,0.38484925776720047,0.35673488676548004,0.4034242033958435,0.43918735533952713,0.3654784560203552
63,,0.36538396030664444,,,,
64,0.34475448727607727,0.17637788876891136,0.1619669459760189,0.1791246496140957,0.18837906792759895,0.1719503067433834
65,0.6984387040138245,0.5722356289625168,0.5552681982517242,0.47895437479019165,0.5925614535808563,0.5555096194148064
66,0.7384433448314667,0.6319579631090164,0.588052287697792,0.5508949607610703,0.6453414857387543,0.6154061108827591
67,0.7765042632818222,0.5881984829902649,0.5103420540690422,0.5370381847023964,0.6149767190217972,0.5623928010463715
68,0.8584983348846436,0.8540917336940765,0.8440500795841217,0.7577562034130096,0.8573442995548248,0.860792949795723
69,0.3183356299996376,0.20216356217861176,0.19711632281541824,0.17671597376465797,0.21463099122047424,0.20566609501838684
70,0.23359263502061367,0.13272755406796932,0.12261690944433212,0.14887181669473648,0.1277848817408085,0.12915337644517422
71,0.11946559511125088,0.056041219271719456,0.05546553200110793,0.08211460895836353,0.06043803412467241,0.06550012109801173
72,0.08825712278485298,0.06504147406667471,0.07655069138854742,0.09389957319945097,0.07764554861932993,0.07604724075645208
73,0.0917268730700016,0.07565054763108492,0.06238173507153988,0.0830404544249177,0.06708521116524935,0.07506474107503891
74,0.07587173208594322,0.046669365372508764,0.04376377211883664,0.07590503990650177,0.0435558850876987,0.048930943477898836
75,0.07015673257410526,0.06556884618476033,0.05440888926386833,0.05589805357158184,0.058899960946291685,0.05971946008503437
76,0.05385659355670214,0.027916980907320976,0.027498777955770493,0.04270579107105732,0.028281531762331724,0.03523993957787752
77,0.05967660713940859,0.03514618892222643,0.03843171847984195,0.05345009081065655,0.042778505012393,0.03951110318303108
78,0.06578879151493311,0.04229987598955631,0.046389967668801546,0.05948060564696789,0.05536332307383418,0.04952153842896223
79,0.07959217950701714,0.05302542960271239,0.06153823155909777,0.08281522337347269,0.06786882970482111,0.06053268490359187
80,0.06233578361570835,0.045170465018600225,0.03780618915334344,0.06043297331780195,0.04987130593508482,0.051648601423949
81,0.06419748812913895,0.03570950450375676,0.03690457995980978,0.058494452852755785,0.04906645603477955,0.04282448161393404
0,0.036024377991755806,0.034131269281109176,0.03399419225752354,0.03376587387174368,0.03750863733390967,0.03428443397084872
1,0.017080307627717655,0.017634380298356216,0.015663286671042442,0.02034211081142227,0.017430324805900455,0.01707546195636193
2,0.030136423806349438,0.0231075258149455,0.01983685263743003,0.02884380550434192,0.020198006182909012,0.023090716761847336
3,0.033230685318509735,0.024306695597867172,0.019429639137039583,0.027081702680637438,0.01992823261146744,0.021848828842242558
4,0.028190911902735632,0.02122890654330452,0.018555874470621347,0.026410111070921023,0.01965828596924742,0.025068352619806927
5,0.02775464951992035,0.01764765956128637,0.015289965396126112,0.020571239447842043,0.014146878849714994,0.01910939735050003
6,0.02892787956322233,0.015160950055966774,0.014717916880423823,0.016710335621610284,0.012055494667341312,0.01403818946952621
7,0.025090476032346487,0.01613979833200574,0.01472898138066133,0.019237269026537735,0.01629182044416666,0.01716296949113409
8,0.027129448639849823,0.016259769365812343,0.013383896555751562,0.018286276375874877,0.014413239201530814,0.015139624709263444
9,0.028803747845813632,0.015602838636065522,0.014112032872314254,0.016759524199490745,0.015553998295217752,0.015748820655668776
10,0.025924792202810448,0.01624578268577655,0.015161066471288601,0.017651277749488752,0.016824120888486505,0.016923881834372878
11,0.03423464034373561,0.019465551090737183,0.018159736956780154,0.020941756200045347,0.02006543753668666,0.02053379671027263
12,0.08873702213168144,0.05418500366310278,0.047430233719448246,0.06128284987062216,0.04414623820533355,0.05150352201114098
13,0.5232535799344381,0.4565103352069855,0.4616745014985402,0.4011921286582947,0.45081151525179547,0.45664119720458984
14,0.48789645731449127,0.4121337831020355,0.3882678598165512,0.3623254398504893,0.39514662822087604,0.41176726172367734
15,0.4711301277081172,0.33938317994276684,0.35220669209957123,0.31693122784296673,0.3642469023664792,0.370013693968455
16,0.2771615559856097,0.15373683224121729,0.15594209482272467,0.207573431233565,0.16145427897572517,0.16182961439092955
17,0.43143535653750104,0.23139523093899092,0.21817632392048836,0.2544989660382271,0.23946989327669144,0.21259421482682228
18,0.1986998195449511,0.061678437516093254,0.06800914493699868,0.06643839739263058,0.07138931192457676,0.0654907791564862
19,0.1262576567629973,0.07375445092717807,0.07042401159803073,0.08369361919661363,0.07207679189741611,0.07048860440651576
20,0.15580721199512482,0.09584820146361987,0.08869417135914166,0.11247880508502324,0.09189384678999583,0.0878570129474004
21,0.22796542942523956,0.15569750343759856,0.15320332596699396,0.17824397484461466,0.165322528531154,0.15831456085046133
22,0.24012996753056845,0.18785899629195532,0.1791656737526258,0.17562747622529665,0.19712978353103003,0.18390758583943048
23,0.2590662216146787,0.15777300422390303,0.16841562340656915,0.1618704522649447,0.16482547918955484,0.16140099863211313
24,0.15844803551832834,0.10637084518869717,0.10366932551066081,0.10803118720650673,0.10896805177132289,0.09208175291617711
25,0.15955068916082382,0.11060652260979016,0.11241295312841733,0.11685709406932195,0.10052172715465228,0.09632719059785207
26,0.5358171612024307,0.3195668086409569,0.3456887900829315,0.32289821406205493,0.3054990271727244,0.34410398701826733
27,0.5226406852404276,0.34948238730430603,0.36837875843048096,0.25175320357084274,0.39120808740456897,0.35271909832954407
28,0.200322392086188,0.22175210962692896,0.21297196795543036,0.23605253795782724,0.20663767804702124,0.23049881060918173
29,0.3387668232123057,0.20107124000787735,0.20510263741016388,0.21860364327828088,0.21717632561922073,0.19929642726977667
30,0.3493680457274119,0.2970963666836421,0.284627765417099,0.2491493597626686,0.31458401183287305,0.278042900065581
31,0.5752886235713959,0.3747585415840149,0.3784245451291402,0.3663880079984665,0.3687862753868103,0.37197267015775043
32,0.5420389672120413,0.4129728227853775,0.4021998792886734,0.39866892993450165,0.4172626982132594,0.40032512446244556
33,0.6161210437615713,0.5353965908288956,0.5279845545689265,0.5027900487184525,0.5515691588322321,0.541107788681984
34,0.7027780413627625,0.8088748057683309,0.7988964219888052,0.7763803700606028,0.7775589128335317,0.7711879213651022
35,0.7075512806574503,0.6032575964927673,0.6012243082125982,0.6513511538505554,0.5468035588661829,0.5883401284615198
36,0.5918536881605784,0.44797908266385394,0.4601977268854777,0.46714165310064953,0.4933544347683589,0.4649234463771184
37,0.45214152336120605,0.3428843915462494,0.3524625798066457,0.3504923532406489,0.3621791750192642,0.3433227588733037
38,0.5978013078371683,0.41489794850349426,0.4226953834295273,0.47616338233153027,0.43682914475599927,0.420381560921669
39,0.8504412869612376,0.7723441024621328,0.7659173309803009,0.6750914057095846,0.7049676974614462,0.8082897464434305
40,0.8899202148119608,0.8781405886014303,0.8808761636416117,0.8241398930549622,0.8798255622386932,0.8889303902784983
41,0.6929530600706736,0.5251562297344208,0.5319756468137106,0.43794913093249005,0.5216710865497589,0.5250738263130188
42,0.7343138655026754,0.5633018910884857,0.5765052835146586,0.501074805855751,0.5757493376731873,0.5717954536279043
43,0.7823015650113424,0.6318228046099345,0.6673497557640076,0.6150124867757162,0.6662074029445648,0.6483170588811239
44,0.8118066589037577,0.7036768893400828,0.7240394552548727,0.6877605219682058,0.7253841559092203,0.7176317870616913
45,0.8304285705089569,0.7325195670127869,0.7492590546607971,0.7079036831855774,0.7488995889822642,0.7377269168694814
46,0.8246663510799408,0.660677174727122,0.6942045390605927,0.6737218697865804,0.7035956382751465,0.6878845691680908
47,0.8478264808654785,0.7227090994517008,0.7176699737707773,0.7509081860383352,0.6271222233772278,0.713914672533671
48,0.824656734863917,0.8968588213125864,0.8834216892719269,0.9014820257822672,0.8709845046202341,0.8909928599993387
49,0.6770705282688141,0.5520760913689932,0.5691729088624319,0.5078763167063395,0.5500807712475458,0.5760272641976675
50,0.6852235595385233,0.4873874932527542,0.5027907093365988,0.5364655057589213,0.5084989368915558,0.5117089847723643
51,0.5935752391815186,0.4015670915444692,0.41249508162339527,0.4818323651949565,0.3808433065811793,0.4244512965281804
52,0.3200126836697261,0.18504295125603676,0.1770266443490982,0.18994958698749542,0.17454100648562113,0.19004741311073303
53,0.3193480322758357,0.22703436017036438,0.21648348371187845,0.2058376024166743,0.21856702864170074,0.22012116511662802
54,0.49537913997968036,0.3238217731316884,0.3142796183625857,0.33131862183411914,0.32875334719816846,0.3266764432191849
55,0.599429319302241,0.4974635789791743,0.5063713043928146,0.5197767913341522,0.485103781024615,0.5036696642637253
56,0.5313800523678461,0.3787336548169454,0.4125475386778514,0.44035416344801587,0.3671054442723592,0.3858907421429952
57,0.6082869072755178,0.3780840337276459,0.4340284615755081,0.4647852381070455,0.3874969631433487,0.4417754312356313
58,0.3156014184157054,0.1495238778491815,0.15125373750925064,0.1626320481300354,0.14984290425976118,0.15864069014787674
59,,0.9229304393132528,,,,
60,0.7281643748283386,0.5466630955537161,0.5803289363781611,0.5502388825019201,0.5615427096684774,0.574124832948049
61,0.5267486373583475,0.2332619105776151,0.2639053265253703,0.3185531596342723,0.28457574049631756,0.29320373634497326
62,0.686354378859202,0.40845926602681476,0.44487608472506207,0.4918685853481293,0.40450144310792285,0.4252721865971883
63,0.6278757154941559,0.40415044625600177,0.42440396050612134,0.49696190655231476,0.39033523698647815,0.4150068908929825
64,0.30560704320669174,0.1462352511783441,0.13578241194287935,0.15339741483330727,0.1369369700551033,0.1381725581983725
65,0.6517776648203532,0.7354279160499573,0.7427078088124593,0.7839957078297933,0.6976185093323389,0.7505978345870972
66,0.5115394219756126,0.8047674894332886,0.788477768500646,0.808603843053182,0.7920048733552297,0.7576616704463959
67,0.7261569400628408,0.5539836088816324,0.5540855328241984,0.5525305569171906,0.5451449950536092,0.5535259743531545
68,0.7534978290398916,0.5231279681126276,0.5427895734707514,0.6048123240470886,0.49663158257802326,0.5322283258040746
69,0.8816639184951782,0.7453072369098663,0.7463248570760092,0.7712799807389578,0.6904330352942148,0.7467249631881714
70,0.5065077344576517,0.2540131111939748,0.27653786540031433,0.28300388157367706,0.2748865659038226,0.25199124465386075
71,0.5062866707642873,0.30410144726435345,0.31849303593238193,0.3309401000539462,0.3129129906495412,0.3231249526143074
72,0.3188607841730118,0.13209901874264082,0.12883433451255163,0.16506087159117064,0.1487650697429975,0.14716553315520287
73,0.36621522903442383,0.18422743181387582,0.18301230917374292,0.20236007124185562,0.19768797606229782,0.19439694782098135
74,0.40977318088213605,0.16440677146116892,0.1750351389249166,0.1850289652744929,0.17426076283057532,0.18104408433039984
75,0.42935115098953247,0.1976544534166654,0.20119229952494302,0.20525849858919779,0.22301199535528818,0.20828248808781305
76,0.34098799526691437,0.15185110146800676,0.1374076927701632,0.1658609633644422,0.13934883723656336,0.14940124998490015
77,0.402274211247762,0.21264301737149557,0.21754730741182962,0.24116558333237967,0.2044129470984141,0.20446956406037012
0,0.32748780647913617,0.2668667286634445,0.27873149514198303,0.2670465111732483,0.2822952667872111,0.2637940049171448
1,0.3389715651671092,0.29937360684076947,0.3197514812151591,0.29158830642700195,0.32678043842315674,0.27543826897939044
2,0.34352976083755493,0.18985669811566672,0.16818752388159433,0.19214274982611337,0.2193974405527115,0.17782844106356302
3,0.1913604512810707,0.10030261178811391,0.08065976450840633,0.08481157571077347,0.12085745980342229,0.10459425548712413
4,0.15862581133842468,0.06346317008137703,0.06513085216283798,0.06474768370389938,0.06392972047130267,0.07177733878294627
5,0.11560073743263881,0.08014905949433644,0.09197037667036057,0.1015348086754481,0.08220881472031276,0.09552743285894394
6,0.10717971871296565,0.07729534556468327,0.07327038794755936,0.0699625958998998,0.08992779006560643,0.07424994558095932
7,0.21237953503926596,0.16366652150948843,0.1574824502070745,0.12185305108626683,0.1769285649061203,0.1564092586437861
8,0.2180338203907013,0.16919549306233725,0.16964150468508402,0.14362657070159912,0.17953560749689737,0.1553970774014791
9,0.1118314837416013,0.08598902821540833,0.08187287052472432,0.07975781212250392,0.0839913214246432,0.07772280772527058
10,0.20456456144650778,0.13680980106194815,0.12796019266049066,0.10922336330016454,0.16147708892822266,0.13203549881776175
11,0.18986758589744568,0.0713167314728101,0.06398607790470123,0.07146687308947246,0.08300930509964626,0.07675679648915927
12,0.07200353468457858,0.06689048434297244,0.08099475006262462,0.06532814850409825,0.05860444282492002,0.059621114283800125
13,0.14577934642632803,0.1553335189819336,0.17636280258496603,0.14357897142569223,0.1627876435716947,0.14525650689999262
14,0.26695428291956586,0.18973341087500253,0.19911396503448486,0.16085669895013174,0.19754314422607422,0.1688216825326284
15,0.21492494891087213,0.1808130219578743,0.19043405105670294,0.14609707395235697,0.2184396137793859,0.19894476234912872
16,0.10779403646787007,0.08785214026769002,0.07909334947665532,0.07181742042303085,0.09651664147774379,0.10019045074780782
17,0.11647258698940277,0.1621132493019104,0.13015317916870117,0.12707106520732245,0.17485900223255157,0.15774975965420404
18,0.7690965334574381,0.6995265086491903,0.6889154314994812,0.6934266487757365,0.6398303111394247,0.6976186831792196
19,0.8830597003300985,0.8109768827756246,0.8155695001284281,0.7458930015563965,0.7838147878646851,0.7897893786430359
20,0.8856783707936605,0.8182632525761923,0.8193555474281311,0.8001294732093811,0.77966837088267,0.8466255068778992
21,0.8794133464495341,0.8333617448806763,0.8405896027882894,0.8216898242632548,0.8111576040585836,0.8413032690684
22,0.8252892891565958,0.6803651849428812,0.6776590943336487,0.714432418346405,0.6565936803817749,0.7069581548372904
23,0.9122220079104105,0.8688331842422485,0.8741172750790914,0.8658686876296997,0.8368207812309265,0.8755784829457601
24,0.9271825154622396,0.9292742808659872,0.9182020823160807,0.904117206732432,0.8981693188349406,0.9341076215108236
25,0.7788231571515402,0.7214399774869283,0.674868106842041,0.7209404706954956,0.5996982653935751,0.7252663969993591
26,0.7708070874214172,0.699074943860372,0.7372879385948181,0.7244453628857931,0.6684545477231344,0.692720631758372
27,0.8987668752670288,0.8355055054028829,0.8549628456433614,0.8422890106836954,0.8254896203676859,0.8718399206797282
28,0.8642027179400126,0.8450555801391602,0.8351693550745646,0.8591635823249817,0.8229471445083618,0.851775070031484
29,0.46701250473658246,0.2483894278605779,0.26917220652103424,0.26660533746083576,0.23752001921335855,0.25609927872816723
30,0.46229023734728497,0.22496130565802255,0.2750973254442215,0.2213544398546219,0.21709180374940237,0.2093942960103353
31,0.27864832679430646,0.07891505459944408,0.07471720005075137,0.1117498129606247,0.09025901059309642,0.08260375758012135
32,0.4867684841156006,0.32553210854530334,0.29446875055631,0.44853734970092773,0.3794831335544586,0.34298262000083923
33,0.5845617453257242,0.3551463484764099,0.37409911553064984,0.5074674983819326,0.31385154525438946,0.3683517773946126
34,0.6808939973513285,0.517574667930603,0.5149739682674408,0.5327291091283163,0.427812655766805,0.5299075047175089
35,0.6777215202649435,0.4833913246790568,0.459794948498408,0.44816677769025165,0.4166776140530904,0.5113139847914377
36,0.8240065375963846,0.7176231145858765,0.7203619877497355,0.6586282253265381,0.7110684514045715,0.7249666849772135
37,0.9047999183336893,0.9037845929463705,0.8738471666971842,0.8605164885520935,0.8870983123779297,0.9039445519447327
38,0.7994430661201477,0.6902880271275839,0.6793075601259867,0.7044353485107422,0.6048093239466349,0.6774251262346903
39,0.6119789878527323,0.44304320216178894,0.4121954043706258,0.45463205377260846,0.463778813680013,0.4301156500975291
40,0.6528475284576416,0.4065400958061218,0.3859847088654836,0.3470257620016734,0.3452855547269185,0.3731251259644826
41,0.8380518953005472,0.7980642914772034,0.7792680064837137,0.7449987332026163,0.7275983492533366,0.7783071597417196
42,0.8500753045082092,0.7817452351252238,0.793617864449819,0.7594679196675619,0.7747832735379537,0.7828874588012695
43,0.8480803767840067,0.7635557055473328,0.798110564549764,0.7586281895637512,0.784827470779419,0.7673025528589884
44,0.7644632856051127,0.6856933434804281,0.7132717768351237,0.7201438347498575,0.632972518603007,0.6882079839706421
45,0.8144862850507101,0.7406821250915527,0.6858906348546346,0.7288185159365336,0.6802058021227518,0.7508129874865214
46,0.6951579252878824,0.5493074655532837,0.48870513836542767,0.5218343734741211,0.5223134358723959,0.5309057434399923
47,0.8062086304028829,0.7201773126920065,0.6997908552487692,0.6565375924110413,0.7063933809598287,0.7192075451215109
48,0.7383620142936707,0.6203261812527975,0.601748526096344,0.5529419084390005,0.6083014011383057,0.6060715715090433
49,0.5744165579477946,0.4477776487668355,0.4074491461118062,0.39280496040980023,0.4223363200823466,0.41563671827316284
50,0.7879668672879537,0.7885520259539286,0.7969517707824707,0.6407312154769897,0.7823679447174072,0.7977398037910461
51,0.49856547514597577,0.32289841771125793,0.2941298286120097,0.2440576652685801,0.3072422842184703,0.31768885254859924
52,0.23403697709242502,0.12558486809333166,0.12305284043153127,0.1283263141910235,0.12609200676282248,0.13349860906600952
53,0.43239731589953107,0.28327540556589764,0.3024301379919052,0.2581317375103633,0.3099928746620814,0.29507652918497723
54,0.4552829960982005,0.37193654974301654,0.3699760635693868,0.38628918925921124,0.39475854237874347,0.36911945541699726
55,0.6007214188575745,0.4867745637893677,0.49214725693066913,0.472277303536733,0.5099731981754303,0.5425125161806742
56,0.43764949838320416,0.20616947611172995,0.24766619503498077,0.19397374987602234,0.24096892277399698,0.20694063107172647
57,0.6949773828188578,0.5948078433672587,0.5649320483207703,0.583977222442627,0.6143569548924764,0.6193179289499918
58,,0.7543412645657858,,,,
59,,0.5873525142669678,,,,
60,,0.612290640672048,,,,
61,0.3038601378599803,0.25839392840862274,0.29365487893422443,0.24657811224460602,0.2659734884897868,0.2816171596447627
62,0.2581956783930461,0.1888768126567205,0.19513659924268723,0.1794287090500196,0.19157855212688446,0.2118872751792272
63,0.20652773727973303,0.17766627172629038,0.17337583502133688,0.1694488823413849,0.17447357376416525,0.20314105848471323
64,0.21158341070016226,0.13521896054347357,0.14735886951287588,0.14111937582492828,0.14712183674176535,0.1668501670161883
65,0.2125308314959208,0.16761457671721777,0.17332432915767035,0.1747404138247172,0.17669295519590378,0.19949683547019958
66,0.1811905155579249,0.1536007970571518,0.14860047648350397,0.13278968383868536,0.179672638575236,0.16119313736756644
67,0.2226154233018557,0.1671983003616333,0.18051850547393164,0.14953748633464178,0.17038996269305548,0.16532335182030997
68,0.18520082036654154,0.08395132919152577,0.09580344706773758,0.0818735659122467,0.07817209760348003,0.10906240592400233
69,0.20325552920500436,0.08440024654070537,0.11404383803407352,0.1136897678176562,0.09661475569009781,0.10562551021575928
70,0.11754423876603444,0.062363566209872566,0.0721873827278614,0.06924520805478096,0.060965915520985924,0.06441601117451985
71,0.06195169811447462,0.02964583473900954,0.031338103115558624,0.034460276986161865,0.02476504196723302,0.027423645680149395
0,0.1957381878580366,0.22176145442894526,0.19257207534142903,0.25878473690577913,0.19714608575616563,0.19329416858298437
1,0.39502923829214914,0.3539455916200365,0.3230108192988804,0.420124100787299,0.3467868162052972,0.3669017255306244
2,0.5293589362076351,0.5471063383987972,0.5330002009868622,0.5968394577503204,0.5492969283035823,0.5243981863771167
3,0.5360170475074223,0.5397320687770844,0.49666561824934824,0.6065241907324109,0.5410891558442797,0.5271964967250824
4,0.46715645704950604,0.425111676965441,0.40501973032951355,0.5172341508524758,0.40997750418526785,0.4118411583559854
5,0.4829085724694388,0.44617179461887907,0.43223647134644644,0.5376766707215991,0.442900436265128,0.4410522069249834
6,0.5156202273709434,0.4886008415903364,0.4603503261293684,0.5817964332444328,0.47518261841365267,0.4602478061403547
7,0.5583299483571734,0.5553631995405469,0.536346937928881,0.5877416559628078,0.5177928251879556,0.5463575507913317
8,0.577935495546886,0.7566181080681937,0.7573711957250323,0.821451221193586,0.7233493157795498,0.7466601473944527
9,0.578631090266364,0.4977559362139021,0.543852435691016,0.5553488688809531,0.5330924476896014,0.5023534553391593
10,0.48694940549986704,0.3926828908068793,0.3705728543656213,0.45395256791796,0.4127853832074574,0.3870310251201902
11,0.44830706289836336,0.3769295300756182,0.3693473849977766,0.41575181909969877,0.39230037374155863,0.38207076489925385
12,0.5384876259735653,0.45784746749060495,0.4505133841718946,0.5008539472307477,0.4693873311792101,0.45559450345379965
13,0.5303552235875811,0.41567868420055937,0.39806397684982847,0.4674926315035139,0.42797504578317913,0.41265871482236044
14,0.2543498192514692,0.12367575083460126,0.14316920616797038,0.18239021833453858,0.1555379405617714,0.1252694342817579
15,0.26187676191329956,0.12930415570735931,0.15016361538852965,0.19743241582598006,0.16586773097515106,0.13076349454266684
16,0.4064072072505951,0.28949087858200073,0.30057941590036663,0.3481799066066742,0.30309461270059856,0.3114743424313409
17,0.3896116954939706,0.2670179030724934,0.285551728946822,0.32280336746147703,0.29143950768879484,0.2996793048722403
18,0.4892216537679945,0.3783533956323351,0.37489761625017437,0.42146687848227365,0.4189881001199995,0.3990480112177985
19,0.4959983655384609,0.3953909192766462,0.3847757024424417,0.43775705780301777,0.42584281308310373,0.40884930321148466
20,0.6315698879105704,0.39862719603947233,0.3907826840877533,0.4775690862110683,0.4326294830867222,0.39249720743724276
21,0.7292064939226423,0.6606752276420593,0.6626644219670977,0.6799937827246529,0.6620180436543056,0.6751272593225751
22,0.7761478764670235,0.6788872054644993,0.705591721194131,0.7272310342107501,0.6679638539041791,0.7083890863827297
23,0.8840434891836983,0.8121149114200047,0.8116324288504464,0.7167762262480599,0.7831297857420785,0.8280777846063886
24,0.48478539075170246,0.3929641161646162,0.3879508078098297,0.4120464495250157,0.39141144922801424,0.3900597095489502
25,0.676874612058912,0.5426542588642665,0.5495256270681109,0.5244450356279101,0.5439607841627938,0.5530506287302289
26,0.6184013571058001,0.47598118015698027,0.48875867894717623,0.5059501954487392,0.4829218770776476,0.5035380465643746
27,0.7449775508471898,0.616753339767456,0.6116345311914172,0.6596656015941075,0.5709257636751447,0.5995434607778277
28,0.6813651578766959,0.5442145892551967,0.5662882583481925,0.5274567433765956,0.5443706597600665,0.5724999478885106
29,0.6475022520337786,0.578475147485733,0.5983575071607318,0.6016593064580645,0.5704019410269601,0.5764614513942173
30,0.7067555955478123,0.618721638407026,0.6325758695602417,0.6345137187412807,0.6140584860529218,0.6250907267842974
31,0.7434797542435783,0.648053092615945,0.6569117477961949,0.6575589946338108,0.6372421213558742,0.665151127747127
32,0.6845591579164777,0.5727106034755707,0.5813877880573273,0.5776430283273969,0.5358271087918963,0.5750645399093628
33,0.8525154760905674,0.655897319316864,0.6448682546615601,0.7305905478341239,0.6539380805832999,0.6427169357027326
34,0.7442979897771563,0.4470767080783844,0.40334449069840567,0.40249647412981304,0.4075994406427656,0.4089456285749163
35,0.4585154780319759,0.22703943295138224,0.2143305582659585,0.2434282898902893,0.23713044822216034,0.2197005365576063
36,0.4712947649615152,0.21775009163788386,0.2197496656860624,0.21777251149926866,0.23825391488415854,0.2146946479167257
37,0.39472714492252897,0.13403565968785966,0.14696781869445527,0.17747798562049866,0.15887330898216792,0.1594508077417101
38,0.3674945490700858,0.15858578043324606,0.17451231288058416,0.1897075538124357,0.17517385951110295,0.17007202229329518
39,0.47882120524133953,0.2972069872277124,0.28713630991322653,0.30492876044341494,0.3222384601831436,0.28354048303195406
40,0.6551302330834525,0.40361216238566805,0.39768722653388977,0.37604929719652447,0.406184264591762,0.3793133667537144
41,0.6673062528882708,0.4549840305532728,0.45857120411736624,0.5142843297549656,0.4617050460406712,0.46314690368516104
42,0.2732606019292559,0.3893330565520695,0.47328547494752066,0.45116628067834036,0.40210806471960886,0.4589351075036185
43,0.6482234256608146,0.42484978692872183,0.4186431084360395,0.4600654329572405,0.3869336758341108,0.4304781087807247
44,0.7639338885034833,0.48911889110292706,0.4850571709019797,0.538373168025698,0.43485085879053387,0.5210585977349963
45,0.7722972205707005,0.6026458144187927,0.6147734778267997,0.6609664559364319,0.5726561120578221,0.6037360514913287
46,0.7327941741262164,0.49762397578784395,0.5151397160121373,0.5576437796865191,0.4683288974421365,0.4727021072592054
47,0.8184599961553302,0.7436679431370327,0.7430595244680133,0.7587296792439052,0.6972789679254804,0.7401045475687299
48,0.8122701900345939,0.7031518391200474,0.7046009813036237,0.7339760831424168,0.6558988775525775,0.7041290913309369
49,0.7504034638404846,0.6014779720987592,0.6153618693351746,0.6618444749287197,0.5470153646809714,0.6015709638595581
50,0.6694005898066929,0.5168004376547677,0.5145823061466217,0.5998726912907192,0.5463788211345673,0.5190148225852421
51,0.48803877404757906,0.3072751377310072,0.3205602467060089,0.30718486649649485,0.35090790476117817,0.3150904987539564
52,0.464254834822246,0.2978523203304836,0.29333116114139557,0.3012441119977406,0.31511615429605755,0.3069158409323011
53,0.4728622777121408,0.2657912884439741,0.2650465156350817,0.2931751566273825,0.2962395761694227,0.2789316624403
54,0.5887836643627712,0.48846129860196796,0.4427142356123243,0.4737411780016763,0.4797714352607727,0.4563120816435133
55,0.7678742834499904,0.53823436158044,0.5542357393673488,0.5793004206248692,0.5683601158005851,0.5616568752697536
56,0.8788555094173977,0.7238650747707912,0.7364310622215271,0.8166005781718663,0.7187978199550084,0.7257568325315203
57,0.26188532050166813,0.5180863056864057,0.5693806878158024,0.5834113444600787,0.5325187572411129,0.5250128933361599
58,0.16231987359268324,0.22379633145672934,0.2802300900220871,0.31289648583957125,0.19462485824312484,0.268312859748091
59,0.2906368577054569,0.28230783343315125,0.28621890928064075,0.2697979765278952,0.30728928319045473,0.2822630597012384
60,0.568343962941851,0.3268777983529227,0.35189049584524973,0.32789868329252514,0.3975715807506016,0.3255379966327122
61,0.4588788492338998,0.21716070813792093,0.23108485553945815,0.22552864679268428,0.22250331512519292,0.19568479593311036
62,0.18607834833008902,0.05899161845445633,0.06547526749117034,0.07022747663514954,0.05590500629373959,0.056010151015860696
63,0.19580723771027156,0.059444598853588104,0.07357274368405342,0.07185084692069463,0.06300852128437587,0.06563450076750346
64,0.20911009396825517,0.07328216412237712,0.08022479553307806,0.08625834967408862,0.0705271650637899,0.07533530199101993
65,0.1787720833505903,0.06812410748430661,0.07563854434660502,0.07721939363649913,0.06519896989422184,0.0700558376099382
66,0.17492595208542688,0.06658223111714635,0.07100179365703038,0.07689256274274417,0.06601209805480071,0.0700435856623309
67,,0.13574530822890146,,,,
68,,0.08849550836852618,,,,
69,0.17412562561886652,0.07051486788051468,0.078697498355593,0.08586397660630089,0.0709817319044045,0.07281085156968661
70,0.2552620470523834,0.1441923337323325,0.1412239990064076,0.16922922538859503,0.12243902151073728,0.13031590623514994
71,0.27407020543302807,0.13967246349368775,0.14620832992451532,0.16741626603262766,0.13587880560329982,0.13286940114838736
72,0.19297892706734793,0.07962317951023579,0.08749331746782575,0.10011235092367445,0.07747510714190346,0.08206894940563611
73,0.20379713390554702,0.09712359788162368,0.10592493947063174,0.12441119445221764,0.09695551491209439,0.09997910793338503
74,0.46424512778009686,0.3433591680867331,0.36238052589552744,0.38971915202481405,0.3557950236967632,0.3507018855639866
75,0.11380138141768319,0.07311523306582655,0.07204639805214745,0.10478814531649862,0.06530904583632946,0.08200206980109215
76,0.138415949685233,0.08956218351210866,0.08659655281475612,0.10377295687794685,0.07711606472730637,0.09113757578389985
77,0.09108148568442889,0.05142043850251606,0.04155061473803861,0.060499908668654304,0.045156202145985196,0.0529943938766207
78,0.09205161939774241,0.05047091974743775,0.04569864086806774,0.06615342279630047,0.048801470547914505,0.05317637563816139
79,0.11920818580048424,0.09085241651960782,0.09293349087238312,0.13438457729560987,0.10518111075673785,0.09951646359903472
80,0.12619562659944808,0.09478337104831423,0.09723177818315369,0.13579091429710388,0.10377427084105355,0.10185409816248077
81,0.10449184264455523,0.05541952805859702,0.054500979504414966,0.07172054371663503,0.06255775317549706,0.060356211715510914
82,0.06510032128010478,0.03721239497619016,0.03644175348537309,0.04569481499493122,0.030321974839482988,0.040532225742936134
0,0.6858700394630433,0.5737438499927521,0.6028836727142334,0.40140032172203066,0.5750685274600983,0.5784883260726928
1,0.5778197169303894,0.42547577023506167,0.45359227657318113,0.31078616380691526,0.4449198842048645,0.43577250838279724
2,0.5613785982131958,0.3862100005149841,0.3986465990543365,0.36399914026260377,0.40292096734046934,0.40708537101745607
3,0.7349396109580993,0.691911518573761,0.7137908697128296,0.6451643347740174,0.6603493690490723,0.6844653725624085
4,0.450682008266449,0.320618736743927,0.3610812723636627,0.3162220627069473,0.38061279356479644,0.32518318593502044
5,0.2551614075899124,0.1438951700925827,0.13882324993610382,0.1062024027109146,0.16210198402404785,0.14995213001966476
6,0.18392505943775178,0.14322327077388763,0.1496906042098999,0.13040622919797898,0.15402856320142747,0.13262190520763398
7,0.34686448574066164,0.3141807526350021,0.2855746954679489,0.3003924757242203,0.3020311176776886,0.2845219522714615
8,0.14946887493133545,0.08536179810762405,0.08783329278230667,0.08633168414235115,0.09760370030999184,0.08439332693815231
9,0.28902571499347685,0.15991351902484893,0.1706361338496208,0.17291477620601653,0.15553439259529114,0.1601690709590912
10,0.4626914024353027,0.29119146764278414,0.2900760740041733,0.26229672133922577,0.3334809958934784,0.2827126234769821
11,0.390839034318924,0.3238655269145966,0.3750271648168564,0.2521079868078232,0.361126446723938,0.3633850246667862
12,0.2616426944732666,0.21315057277679444,0.23003565073013305,0.1643877685070038,0.2468617171049118,0.24079765379428864
13,0.3836482226848602,0.21427773237228392,0.21252039670944214,0.19887015223503113,0.24224939346313476,0.2167235791683197
14,0.3595937013626099,0.20553779006004333,0.20019865036010742,0.17612392753362655,0.21244888305664061,0.2059383511543274
15,0.07831895276904106,0.06220241189002991,0.061650332808494565,0.05385916456580162,0.05623069256544113,0.05102971494197846
16,0.07547497972846032,0.06116652861237526,0.04948103278875351,0.04784433990716934,0.04775024242699146,0.055756568908691406
17,0.8140975356101989,0.836741030216217,0.8031912803649902,0.8202648043632508,0.8154653072357178,0.8307008862495422
18,0.8412304043769836,0.7154051423072815,0.6785152912139892,0.7176638960838317,0.7156748294830322,0.7066334009170532
19,0.6618863224983216,0.5729429960250855,0.5664779722690583,0.6443360209465027,0.5179874122142791,0.589575469493866
20,0.6086315453052521,0.4995003819465637,0.47619639039039613,0.5334480762481689,0.5107788503170013,0.5019981265068054
21,0.6115833640098571,0.5458498299121857,0.5810940146446228,0.5987368941307067,0.5219795048236847,0.5832857728004456
22,0.7001887202262879,0.5704590141773224,0.6422378659248352,0.6358399391174316,0.5497705101966858,0.6428040981292724
23,0.8864242672920227,0.8123980164527893,0.7814450860023499,0.8039467453956604,0.7594755291938782,0.810365629196167
24,0.887633216381073,0.7725059151649475,0.7776936292648315,0.7731634020805359,0.758135998249054,0.7914233088493348
25,0.588386619091034,0.4861542105674744,0.47406710386276246,0.5850499153137207,0.485373443365097,0.4928536117076874
26,0.6634443163871765,0.5993070006370544,0.5939541339874268,0.6494999170303345,0.5555436134338378,0.5858127057552338
27,0.8055237293243408,0.7323740243911743,0.7365603923797608,0.7683749794960022,0.688898766040802,0.7290825009346008
28,0.920551311969757,0.8961570620536804,0.8892472863197327,0.8835359215736389,0.8757338047027587,0.898959481716156
29,0.14888756424188615,0.04602208398282528,0.046317252516746524,0.05425865054130554,0.04568723812699318,0.05148597359657288
30,0.2989072442054749,0.14046626836061477,0.19091687947511674,0.18664889931678771,0.15338826775550843,0.168231400847435
31,0.1756861090660095,0.11382795944809913,0.12295021489262581,0.11891906708478928,0.1083380788564682,0.10697081685066223
32,0.15846425890922547,0.12245140969753265,0.13408029228448867,0.13375603556632995,0.12360329777002335,0.12771543711423874
33,0.18753849864006042,0.17579636871814727,0.20181233882904054,0.17299913763999938,0.18203785121440888,0.206436687707901
34,0.12031667828559875,0.07562474235892296,0.09419843144714832,0.08731509819626808,0.0884672686457634,0.08615695759654045
35,0.16965461373329163,0.06689424179494381,0.07902743518352509,0.08073970302939415,0.06186477392911911,0.06578828059136868
36,0.47571487426757814,0.4972517967224121,0.40980647802352904,0.3876557767391205,0.48390370011329653,0.4640881955623627
37,0.5775241732597352,0.39349800944328306,0.41244088411331176,0.3706474483013153,0.48057237863540647,0.418525755405426
38,0.17193583846092225,0.09376362115144729,0.10653440207242966,0.13271324336528778,0.09616146832704545,0.09186741709709167
39,0.1313385084271431,0.054729164391756055,0.061646847426891326,0.05692695677280426,0.05860246941447258,0.05584384053945542
40,0.34014018774032595,0.20870370864868165,0.2134410709142685,0.20153568983078002,0.19441775977611542,0.17511034458875657
41,0.8566205143928528,0.9060716748237609,0.8894741773605347,0.8311094522476197,0.9079675197601318,0.9089268207550049
42,0.85095716714859,0.9168081283569336,0.9260966539382934,0.8864779353141785,0.9248463153839112,0.9311261296272277
43,0.8815910339355468,0.900976026058197,0.9126574277877808,0.8908637881278991,0.9144346475601196,0.9109924912452698
44,0.9335435390472412,0.9594973921775818,0.9647790193557739,0.9592775940895081,0.9611849665641785,0.9612385511398316
45,0.9418737292289734,0.9615806579589844,0.96178218126297,0.9384461402893066,0.9685667037963868,0.9599466323852539
46,0.8673931121826172,0.8919467329978943,0.8779522061347962,0.8459449529647827,0.8976929187774658,0.8728154420852661
47,0.8252552390098572,0.8282669186592102,0.8162221074104309,0.7967540979385376,0.8431015968322754,0.8108541369438171
48,0.902676773071289,0.9312212467193604,0.9235805153846741,0.9058773756027222,0.9410970211029053,0.920517110824585
49,0.9480188846588135,0.9700405120849609,0.9657224178314209,0.9519580602645874,0.9733121633529663,0.9652266025543212
50,0.9598930239677429,0.9784068465232849,0.9773248076438904,0.9666012525558472,0.9796374797821045,0.9773530006408692
51,0.9419913053512573,0.9620962500572204,0.9587299227714539,0.9347216129302979,0.9679683446884155,0.9572695612907409
52,0.8655091404914856,0.9363691091537476,0.9312180399894714,0.9211164474487304,0.9518292903900146,0.9308130025863648
53,0.8826972007751465,0.9057100772857666,0.8993463039398193,0.8539369106292725,0.9013736009597778,0.9018214344978333
54,0.8776100277900696,0.8939718961715698,0.8831434488296509,0.8710319757461548,0.8992609262466431,0.9040939688682557
55,0.6976256847381592,0.4865681707859039,0.5261326611042023,0.45573208332061765,0.5047814846038818,0.4748970210552216
56,0.1740155339241028,0.08446676433086395,0.07886009216308594,0.08529863357543946,0.09743692055344581,0.08780638873577118
57,0.411503267288208,0.2197754666209221,0.23485438525676727,0.2956405758857727,0.2627882301807404,0.2315349280834198
58,0.8763102650642395,0.8742204427719116,0.8607590556144714,0.8127170085906983,0.8592496871948242,0.8746676802635193
59,0.7938189744949341,0.727879524230957,0.7234977006912231,0.5364608764648438,0.7387287020683289,0.737925386428833
60,0.8621704697608947,0.8574042081832886,0.850572919845581,0.7130121469497681,0.8581840872764588,0.8593237400054932
61,,0.7310771107673645,,,,
62,0.5392878592014313,0.2915637493133545,0.2894614338874817,0.25963792502880095,0.29912340342998506,0.2759777337312698
63,0.11411924362182617,0.04135331735014915,0.049259206652641295,0.05148220509290695,0.04606653116643429,0.04728016071021557
64,0.11955771446228028,0.11128113567829132,0.11399105936288834,0.1147752046585083,0.12620275616645812,0.1082395076751709
65,0.30249267220497134,0.2254355877637863,0.24107350111007692,0.21898409426212312,0.21352071762084962,0.20832390785217286
66,0.5524925231933594,0.3054630488157272,0.3069184809923172,0.32457734942436217,0.30824078917503356,0.3300730884075165
67,0.4754920184612274,0.31429316103458405,0.2914691656827927,0.23596920371055602,0.3493823617696762,0.3229148417711258
68,0.12662489265203475,0.06810025200247764,0.07283321619033814,0.06993430405855179,0.07770286202430725,0.07075759097933769
69,0.08574124872684478,0.05216637998819351,0.049316179007291794,0.04678372740745544,0.048495448753237726,0.05296110361814499
70,0.17908428460359574,0.08627419173717499,0.08376943469047546,0.08776087537407876,0.09896771833300591,0.0851690299808979
71,0.7718273997306824,0.7307669997215271,0.6815765380859375,0.7413041710853576,0.7175425171852112,0.7497539043426513
72,0.23359468281269075,0.14754752516746522,0.14115246683359145,0.10426076203584671,0.14290538877248765,0.14927493929862976
73,0.26138848066329956,0.15573368966579437,0.15514683574438096,0.12918610721826554,0.17688016593456268,0.1581975981593132
74,0.2400495082139969,0.16459178775548935,0.1548236280679703,0.15347853749990464,0.16765675246715545,0.16362653076648712
75,0.2500227153301239,0.22118805050849916,0.1995721638202667,0.1876579686999321,0.2021797329187393,0.21466172337532044
76,0.4152562260627747,0.3004233747720718,0.30033526569604874,0.3032196551561356,0.28204906582832334,0.29134958386421206
77,0.3741804391145706,0.21833643317222595,0.21456973254680634,0.1997883215546608,0.22181437462568282,0.20393773764371873
78,0.2542663305997849,0.15082162320613862,0.14794807732105256,0.12599030137062073,0.16421980261802674,0.15706487596035004
79,0.1894267112016678,0.11631599962711334,0.11012615263462067,0.09578406512737274,0.12099996209144592,0.12401572316884994
80,0.1469851866364479,0.36386244297027587,0.3585363030433655,0.3037856161594391,0.2787004202604294,0.33994007110595703
81,0.19374862611293792,0.13306064605712892,0.11962908953428268,0.11778048425912857,0.14206803888082503,0.12417338341474533
0,0.018243191647343338,0.01448106300085783,0.017815209925174713,0.015049542998895049,0.012139414553530514,0.016072449274361134
1,0.023000446730293334,0.012260689632967114,0.01434767444152385,0.014328368823044002,0.011440050671808422,0.016300839255563915
2,0.05096259154379368,0.07047947123646736,0.09886188991367817,0.08510973956435919,0.10110071580857038,0.08718730974942446
3,0.016899476991966367,0.03793712891638279,0.04412082675844431,0.03134402446448803,0.04950133804231882,0.035404929891228676
4,,,,0.013275264296680689,,
5,,,,0.045315274968743324,,
6,,,,0.31113190948963165,,
7,,,,0.5476471111178398,,
8,,,,0.32265836000442505,,
9,,,,0.3465908244252205,,
10,,,,0.34898821264505386,,
11,,,,0.6540874093770981,,
12,,,,0.5084779337048531,,
13,,,,0.290754996240139,,
14,,,,0.4034786894917488,,
15,,,,0.4898742586374283,,
16,,,,0.8126563429832458,,
17,,,,0.8727316111326218,,
18,,,,0.7449589371681213,,
19,,,,0.4895704463124275,,
20,,,,0.4727298989892006,,
21,,,,0.46622876822948456,,
22,,,,0.5179583355784416,,
23,,,,0.22034693881869316,,
24,,,,0.2393224537372589,,
25,,,,0.8693915009498596,,
26,,,,0.8030271977186203,,
27,0.8096767514944077,0.7345501184463501,0.7358845472335815,0.7067842483520508,0.62201027572155,0.7286307364702225
28,0.7937327176332474,0.7444733381271362,0.7193333208560944,0.6709998548030853,0.6993844509124756,0.7208743244409561
29,0.941096156835556,0.9207960665225983,0.9282788783311844,0.9236521273851395,0.9225770980119705,0.9209781289100647
30,0.6501256227493286,0.48782408237457275,0.4655265584588051,0.46211908757686615,0.45118972659111023,0.4653703346848488
0,0.16087603121995925,0.10684048384428024,0.11453379094600677,0.09872223958373069,0.11336837038397789,0.1117621436715126
1,0.10521174855530262,0.0926902323961258,0.10345001965761184,0.080714500695467,0.0777937076985836,0.08397945240139962
2,0.1205408163368702,0.06887556426227093,0.07272786796092987,0.061105021834373476,0.07835224084556103,0.06306151449680328
3,0.12124598324298859,0.05156734958291054,0.05747418329119682,0.09329860433936119,0.06679939478635788,0.056363928318023684
4,,,,0.09514388516545295,,
5,,,,0.1671885222196579,,
6,,,,0.193683023750782,,
7,,,,0.18892616629600525,,
8,,,,0.11804284304380416,,
9,,,,0.12886447608470916,,
10,,,,0.6284606575965881,,
11,,,,0.6360259056091309,,
12,,,,0.3026204645633698,,
13,,,,0.579358983039856,,
14,,,,0.7060281276702881,,
15,,,,0.7342953324317932,,
16,,,,0.44803656339645387,,
17,,,,0.5989316701889038,,
18,,,,0.6210378408432007,,
19,,,,0.8170714497566223,,
20,,,,0.6033010482788086,,
21,,,,0.5102561771869659,,
22,,,,0.3460084080696106,,
23,,,,0.4400231659412384,,
24,,,,0.36583189368247987,,
25,,,,0.8412257671356201,,
26,,,,0.7328733563423157,,
27,0.8683738827705383,0.8976321458816529,0.8617693781852722,0.8937571287155152,0.875853168964386,0.8771485090255737
28,0.8590437531471252,0.8665148138999939,0.8375166296958924,0.8538223028182983,0.7595328450202942,0.8603440523147583
29,0.5933696269989014,0.4212563395500183,0.3854973793029785,0.4375057280063629,0.30037875175476075,0.38174278736114503
30,0.6714269876480102,0.5380468308925629,0.5800694346427917,0.6544963836669921,0.5417147696018219,0.5562025666236877
0,0.053905139118433,0.02473709098994732,0.0296251256018877,0.031588050350546834,0.014253512397408486,0.024672103673219682
1,0.05713499933481216,0.021389389783143996,0.02567563857883215,0.028629018180072307,0.019213565997779368,0.02108483426272869
2,0.04632481411099434,0.01516364812850952,0.0170099476352334,0.017789363488554956,0.01422275360673666,0.014760950021445752
3,0.0740397110581398,0.025384964421391487,0.025273163989186286,0.03180787824094296,0.021729610860347748,0.024441676586866377
4,,,,0.20084157586097717,,
5,,,,0.1116701379418373,,
6,,,,0.07565766125917435,,
7,,,,0.2620550036430359,,
8,,,,0.3246078252792358,,
9,,,,0.18843075037002563,,
10,,,,0.19761402606964112,,
11,,,,0.19184020161628723,,
12,,,,0.19002915620803834,,
13,,,,0.2407759964466095,,
14,,,,0.24747175574302674,,
15,,,,0.18138309717178344,,
16,,,,0.29865161776542665,,
17,,,,0.3427121639251709,,
18,,,,0.7232200503349304,,
19,,,,0.6088524580001831,,
20,,,,0.5557332515716553,,
21,,,,0.15882169902324678,,
22,,,,0.7545200824737549,,
23,,,,0.8838384628295899,,
24,,,,0.6874014496803283,,
25,,,,0.9394417643547058,,
26,,,,0.9660892724990845,,
27,0.9061723351478577,0.8732661485671998,0.852373194694519,0.8572566986083985,0.882671320438385,0.872939383983612
28,0.923681914806366,0.8938483834266663,0.9290866255760193,0.9135429859161377,0.917627215385437,0.9104785799980164
0,0.06156250610947609,0.02098358180373907,0.02471592240035534,0.020347430557012557,0.025465676560997963,0.02420289143919945
1,0.09326357543468475,0.038887486606836316,0.04388072490692139,0.034553338587284085,0.03872324749827385,0.0425755225121975
2,0.06237525939941406,0.02006366476416588,0.02134251967072487,0.018179541826248168,0.019304434396326543,0.019075705111026763
3,0.07570628896355629,0.028577910736203194,0.02371986545622349,0.02461195606738329,0.027731480821967126,0.02887200005352497
4,,,,0.19050785005092621,,
5,,,,0.15622542202472686,,
6,,,,0.19553088247776032,,
7,,,,0.17969089448451997,,
8,,,,0.1329488605260849,,
9,,,,0.10463354885578155,,
10,,,,0.12373867034912109,,
11,,,,0.12812983691692353,,
12,,,,0.23315281867980958,,
13,,,,0.24060923755168914,,
14,,,,0.24328255653381348,,
15,,,,0.1770314335823059,,
16,,,,0.2136164754629135,,
17,,,,0.353713196516037,,
18,,,,0.1543935388326645,,
19,,,,0.2967026710510254,,
20,,,,0.2854555368423462,,
21,,,,0.5248288333415985,,
22,,,,0.6553432226181031,,
23,,,,0.8098901987075806,,
24,,,,0.7506208300590516,,
25,,,,0.8521501898765564,,
26,,,,0.9429413199424743,,
27,0.9583752870559692,0.9544076085090637,0.9564352869987488,0.9509939789772034,0.9561034321784974,0.9604922413825989
28,0.8481293678283691,0.9221186518669129,0.9334060430526734,0.8940491080284119,0.9017308712005615,0.870710575580597
29,0.355225020647049,0.6882171392440796,0.7362995505332947,0.72791006565094,0.7058642268180847,0.6735616683959961
0,0.02009182684123516,0.010311310458928347,0.011912339879199863,0.01012919689528644,0.008290029689669609,0.011386108677834272
1,0.030795147083699702,0.013736596796661615,0.015372129809111356,0.0121108275372535,0.014096422214061021,0.014300121739506722
2,0.06611064448952675,0.02319814283400774,0.023381021432578565,0.02696660589426756,0.02648884616792202,0.027483291178941726
3,0.06510274931788444,0.03229448851197958,0.027717523276805878,0.03774697706103325,0.0386422973126173,0.03173558451235294
4,,,,0.39612839818000795,,
5,,,,0.19346239268779755,,
6,,,,0.18327457010746,,
7,,,,0.521298861503601,,
8,,,,0.3354229837656021,,
9,,,,0.23327125906944274,,
10,,,,0.19323447346687317,,
11,,,,0.18864461183547973,,
12,,,,0.19119533002376557,,
13,,,,0.17569996565580367,,
14,,,,0.262682044506073,,
15,,,,0.22040339112281798,,
16,,,,0.2152784451842308,,
17,,,,0.7291310906410218,,
18,,,,0.4621391832828522,,
19,,,,0.44798731803894043,,
20,,,,0.4313659131526947,,
21,,,,0.9071712970733643,,
22,,,,0.8926438808441162,,
23,,,,0.8161147117614747,,
24,,,,0.49711490869522096,,
25,,,,0.8506445407867431,,
26,,,,0.8128687977790833,,
27,0.9125736951828003,0.8890686869621277,0.899999463558197,0.8909817576408386,0.8981820702552795,0.8896312594413758
28,0.841957402229309,0.7616574883460998,0.7678760290145874,0.7383900284767151,0.7208463311195373,0.7278923749923706
0,0.25688547392686206,0.16201947008570036,0.16010340054829916,0.13219584400455156,0.18021771187583605,0.16200572873155275
1,0.24488752583662668,0.1656938095887502,0.17742208888133368,0.15405353034536043,0.2004731328537067,0.17168432784577212
2,0.28678911179304123,0.15647934253017107,0.17243956526120505,0.12597532818714777,0.17035244653622308,0.1657931705315908
3,0.2506071428457896,0.10259679953257243,0.11910911028583844,0.10759806570907433,0.11748813713590305,0.10508794834216435
4,,,,0.1634188319245974,,
5,,,,0.16458403070767721,,
6,,,,0.038079489643375077,,
7,,,,0.19342991461356482,,
8,,,,0.05439062726994356,,
9,,,,0.23396809150775275,,
10,,,,0.2406308352947235,,
11,,,,0.19161477436621985,,
12,,,,0.15922180687387785,,
13,,,,0.2025222765902678,,
14,,,,0.19401736557483673,,
15,,,,0.1581243301431338,,
16,,,,0.1537170447409153,,
17,,,,0.11960385863979657,,
18,,,,0.1774024118979772,,
19,,,,0.7371140917142233,,
20,,,,0.48658189674218494,,
21,,,,0.8282162050406138,,
22,,,,0.8770033617814382,,
23,,,,0.6027506490548452,,
24,,,,0.9208105007807413,,
25,,,,0.9142490228017172,,
26,,,,0.9731614788373312,,
27,0.9184792141119639,0.8874626656373342,0.8835190633932749,0.8169409434000651,0.8828477362791697,0.8893072009086609
28,0.8312112291653951,0.7739130755265554,0.763433188199997,0.7346615294615427,0.7712393403053284,0.7820562322934469
29,0.8423787355422974,0.7755659222602844,0.7662501633167267,0.6577242910861969,0.7746298809846243,0.7887619336446127
30,0.7490067283312479,0.5980142255624136,0.559977854291598,0.5649067560831705,0.5455991129080454,0.6218388775984446
0,0.3082682900130749,0.1546727493405342,0.1532798893749714,0.13663165643811226,0.17081099189817905,0.18153556995093822
1,0.05875377543270588,0.12491625361144543,0.12829679995775223,0.12480596452951431,0.12097352277487516,0.1448876839131117
2,0.042637744918465614,0.1489031258970499,0.14990902133286,0.14019278436899185,0.15055910218507051,0.1740300990641117
3,0.09488711645826697,0.09899738896638155,0.11095290072262287,0.08537585847079754,0.09844919759780169,0.10639161709696054
4,,,,0.558494359254837,,
5,,,,0.14480692893266678,,
6,,,,0.16179390251636505,,
7,,,,0.37016288191080093,,
8,,,,0.5289746671915054,,
9,,,,0.49886028468608856,,
10,,,,0.6963261663913727,,
11,,,,0.21737636253237724,,
12,,,,0.5805332064628601,,
13,,,,0.362247496843338,,
14,,,,0.20526618510484695,,
15,,,,0.8281764090061188,,
16,,,,0.8036594837903976,,
17,,,,0.29178161546587944,,
18,,,,0.40194380283355713,,
19,,,,0.13369759172201157,,
20,,,,0.3148287832736969,,
21,,,,0.6753273755311966,,
22,,,,0.437116801738739,,
23,,,,0.5112640708684921,,
24,,,,0.4831930175423622,,
25,,,,0.7154591232538223,,
26,,,,0.8188049346208572,,
27,0.8752522617578506,0.8299413621425629,0.851156160235405,0.8597614467144012,0.8229704350233078,0.8410972356796265
28,0.8822974413633347,0.8398884981870651,0.8685919791460037,0.8604170233011246,0.8283416777849197,0.838430792093277
29,0.879532665014267,0.7670035660266876,0.8014443516731262,0.7885290831327438,0.8053391426801682,0.7866508215665817
30,0.8848003894090652,0.7799330204725266,0.7899433374404907,0.8093592822551727,0.8252113908529282,0.7988972514867783
0,0.8681018253167471,0.7937082052230835,0.7935680349667867,0.7954853475093842,0.791595866282781,0.8071175018946329
1,0.8908912142117819,0.8388358155886332,0.8446040153503418,0.8474644223848978,0.8585041463375092,0.8500886758168539
2,0.8774462739626566,0.8221110304196676,0.8295917610327402,0.840623696645101,0.8510240415732065,0.8337987959384918
3,0.8605263630549113,0.7863969306151072,0.7806769013404846,0.7715123295783997,0.8099344472090403,0.7984120845794678
4,,,,0.803794672091802,,
5,,,,0.5111463069915771,,
6,,,,0.43357570469379425,,
7,,,,0.513028676311175,,
8,,,,0.47479645907878876,,
9,,,,0.3224107027053833,,
10,,,,0.8264485696951548,,
11,,,,0.3781818250815074,,
12,,,,0.19453246891498566,,
13,,,,0.33874643842379254,,
14,,,,0.11657315616806348,,
15,,,,0.12082867448528607,,
16,,,,0.10105248043934505,,
17,,,,0.11814531063040097,,
18,,,,0.0986941047012806,,
19,,,,0.18953841800491014,,
20,,,,0.17754835759600004,,
21,,,,0.4250343590974808,,
22,,,,0.24524549891551337,,
23,,,,0.26774945110082626,,
24,,,,0.35437313715616864,,
25,,,,0.6279552280902863,,
26,,,,0.7568339506785074,,
27,0.9334289133548737,0.9484585126241049,0.9502552648385366,0.9216441611448923,0.956016739209493,0.9433162013689677
28,0.7521181007226309,0.7041820089022318,0.6980350613594055,0.6033732195695242,0.7219504316647848,0.6858564416567484
29,0.837670087814331,0.8987220128377279,0.8930550913016001,0.8501598735650381,0.9126038948694865,0.8987220227718353
30,0.9090037246545156,0.9433649679025015,0.9428483347098032,0.9139320850372314,0.9457528988520304,0.9400560359160105
0,0.030637201232214768,0.021829583992560703,0.027480435868104298,0.0196852699543039,0.029536408682664234,0.01799053481469552
1,0.028495111192266147,0.014711326143393913,0.01913218122596542,0.017927896852294605,0.021516804738591116,0.017765377337733906
2,0.07489796727895737,0.05083726098140081,0.06690823038419087,0.05999316026767095,0.0590790044516325,0.057950623954335846
3,0.16049381842215857,0.04407433606684208,0.03897378717859586,0.033443535367647804,0.03972887247800827,0.04807912620405356
4,,,,0.19058860341707864,,
5,,,,0.03455074690282345,,
6,,,,0.13461304207642874,,
7,,,,0.08269902567068736,,
8,,,,0.15497028082609177,,
9,,,,0.22739872833093008,,
10,,,,0.12706930190324783,,
11,,,,0.1334476793805758,,
12,,,,0.47615517179171246,,
13,,,,0.6771708329518636,,
14,,,,0.26312312483787537,,
15,,,,0.28175266087055206,,
16,,,,0.6624881227811178,,
17,,,,0.2778758555650711,,
18,,,,0.626078188419342,,
19,,,,0.8034543395042419,,
20,,,,0.8580758968989054,,
21,,,,0.802757461865743,,
22,,,,0.7080230315526327,,
23,,,,0.7793804407119751,,
24,,,,0.33792124191919964,,
25,,,,0.7628381450970968,,
26,,,,0.32817431290944415,,
27,0.7508147954940796,0.6325286626815796,0.6245169242223104,0.6247648596763611,0.6665147542953491,0.6954033772150675
28,0.8666664163271586,0.7639224926630656,0.7612540523211161,0.8010847369829813,0.7588706215222677,0.7760862509409586
29,0.9018692771593729,0.8175760904947916,0.8106904029846191,0.8282187779744467,0.8258873820304871,0.8411998550097147
30,0.9376864631970724,0.92326953013738,0.925663689772288,0.9311692317326864,0.903382142384847,0.9340352416038513
0,0.12276595644652843,0.12375571951270103,0.10622275993227959,0.11787829920649529,0.1127946525812149,0.12723012641072273
1,0.3265623673796654,0.24425048381090164,0.2586919441819191,0.18088400177657604,0.24831523001194,0.24187005683779716
2,0.37423497438430786,0.21068833023309708,0.219737246632576,0.20733600109815598,0.18227406404912472,0.21938300877809525
3,0.20620263740420341,0.11961506865918636,0.13173656538128853,0.09293451346457005,0.13865583576261997,0.14403764717280865
4,,,,0.16998614370822906,,
5,,,,0.2560633681714535,,
6,,,,0.3240150064229965,,
7,,,,0.24342023208737373,,
8,,,,0.32048945128917694,,
9,,,,0.558891624212265,,
10,,,,0.7289355099201202,,
11,,,,0.7155471444129944,,
12,,,,0.6078669130802155,,
13,,,,0.8230964988470078,,
14,,,,0.9183021038770676,,
15,,,,0.9089547395706177,,
16,,,,0.8082165569067001,,
17,,,,0.8236440420150757,,
18,,,,0.8458342254161835,,
19,,,,0.1485883891582489,,
20,,,,0.13569485396146774,,
21,,,,0.17471334896981716,,
22,,,,0.14852680079638958,,
23,,,,0.38482245802879333,,
24,,,,0.16939613968133926,,
25,,,,0.5063836127519608,,
26,,,,0.6205537915229797,,
27,0.16796519607305527,0.05417316406965256,0.04728027293458581,0.06757682655006647,0.04026583535596728,0.044901827815920115
28,0.32200975716114044,0.22165179997682571,0.2353845350444317,0.2616887427866459,0.24726513400673866,0.2596029192209244
29,0.35642891377210617,0.20431198552250862,0.19625188410282135,0.18453428894281387,0.2098115235567093,0.21224497631192207
30,0.6235820204019547,0.5448364838957787,0.5114099830389023,0.42480331659317017,0.5292173326015472,0.49344896525144577
0,0.15908768773078918,0.06756901927292347,0.11332297325134277,0.08840816468000412,0.0842426959425211,0.08181752450764179
1,0.13475145772099495,0.06882442161440849,0.07052472606301308,0.07120728120207787,0.057165954262018204,0.06165875494480133
2,0.2015911489725113,0.13436811044812202,0.14500563219189644,0.15211036056280136,0.10577498376369476,0.09893323481082916
3,0.27318042516708374,0.15257155150175095,0.25923166796565056,0.22437214851379395,0.13103701174259186,0.1688950639218092
4,,,,0.12735074013471603,,
5,,,,0.16011103242635727,,
6,,,,0.39619845151901245,,
7,,,,0.7813662588596344,,
8,,,,0.2561565712094307,,
9,,,,0.2260790914297104,,
10,,,,0.18584294617176056,,
11,,,,0.09621506556868553,,
12,,,,0.40086187422275543,,
13,,,,0.33221468329429626,,
14,,,,0.287798747420311,,
15,,,,0.29456959664821625,,
16,,,,0.18946664780378342,,
17,,,,0.24548514187335968,,
18,,,,0.1735205538570881,,
19,,,,0.2200435772538185,,
20,,,,0.16499394550919533,,
21,,,,0.33923371136188507,,
22,,,,0.19717052578926086,,
23,,,,0.23154838383197784,,
24,,,,0.24231840670108795,,
25,,,,0.8237781524658203,,
26,,,,0.8486943542957306,,
27,0.8759981095790863,0.8290281295776367,0.8264044225215912,0.8008750081062317,0.8216275274753571,0.8227597773075104
28,0.9480532109737396,0.9347703158855438,0.9403012096881866,0.9244710803031921,0.9403261244297028,0.9477689862251282
29,0.9497573673725128,0.9686911702156067,0.9707542955875397,0.9515980184078217,0.9731630980968475,0.9627838730812073
30,0.9263232946395874,0.8703320920467377,0.8310098648071289,0.8229058980941772,0.8711704313755035,0.8741412162780762
0,0.22803679704666138,0.23463551551103592,0.25394742041826246,0.19806419163942338,0.21354301273822784,0.20053972750902177
1,0.24271574914455413,0.23860975354909897,0.27621702700853346,0.16313027888536452,0.23891869187355042,0.24814473390579223
2,0.2303474262356758,0.19198185652494432,0.22344849407672882,0.17199173495173453,0.194231379032135,0.19858720749616623
3,0.22197068631649017,0.1472350150346756,0.15474313795566558,0.14986098557710648,0.13104809522628785,0.14895284920930862
4,,,,0.11463065072894096,,
5,,,,0.1300790175795555,,
6,,,,0.13327984511852264,,
7,,,,0.12229746580123901,,
8,,,,0.12784347608685492,,
9,,,,0.1201479822397232,,
10,,,,0.12290631383657455,,
11,,,,0.75050128698349,,
12,,,,0.8704877734184265,,
13,,,,0.4963697075843811,,
14,,,,0.8511792659759522,,
15,,,,0.8893261909484863,,
16,,,,0.6633462309837341,,
17,,,,0.29888449907302855,,
18,,,,0.19409119039773942,,
19,,,,0.5104132235050202,,
20,,,,0.2001916855573654,,
21,,,,0.24924436807632447,,
22,,,,0.21137516498565673,,
23,,,,0.22834393233060837,,
24,,,,0.3170710563659668,,
25,,,,0.9182971119880676,,
26,,,,0.9154440879821777,,
27,0.914004921913147,0.8535894989967346,0.852377462387085,0.7800504326820373,0.8611681222915649,0.8470630884170532
28,0.9140514016151429,0.8797064065933228,0.8894837260246277,0.8481561064720153,0.9053166270256042,0.8844829678535462
29,0.9104352593421936,0.9153660416603089,0.926658546924591,0.8997549533843994,0.9268732070922852,0.9126169085502625
30,0.843805193901062,0.7991451382637024,0.821443521976471,0.8134926080703735,0.777687919139862,0.8114694595336914
0,0.17803724855184555,0.14891154691576958,0.15887931982676187,0.17315495386719704,0.19042379036545753,0.1513212025165558
1,0.17001046861211458,0.1446083908279737,0.15723595395684242,0.16719031954805055,0.203291155397892,0.1532141976058483
2,0.16672064984838167,0.14313736806313196,0.15445711091160774,0.16579795380433401,0.1971906969944636,0.14917063837250075
3,0.17399714514613152,0.17254195362329483,0.1907824824253718,0.20215416327118874,0.2409567174812158,0.19199027369419733
4,,,,0.10628306617339452,,
5,,,,0.2523025870323181,,
6,,,,0.15935221686959267,,
7,,,,0.1263484793404738,,
8,,,,0.18988809982935587,,
9,,,,0.8124739627043406,,
10,,,,0.7827892899513245,,
11,,,,0.37277328471342724,,
12,,,,0.4908316234747569,,
13,,,,0.7598353226979574,,
14,,,,0.5245485653479894,,
15,,,,0.4946087449789047,,
16,,,,0.665259043375651,,
17,,,,0.5889029701550802,,
18,,,,0.40773484607537586,,
19,,,,0.3819466332594554,,
20,,,,0.37798026700814563,,
21,,,,0.569453110297521,,
22,,,,0.7181919515132904,,
23,,,,0.5687108337879181,,
24,,,,0.7822379271189371,,
25,,,,0.6206393341223398,,
26,,,,0.6345592538515726,,
27,0.5115372588237127,0.3149454245964686,0.2832435394326846,0.345882626871268,0.280198335647583,0.3006559784213702
28,0.8398498296737671,0.6869683563709259,0.6885010898113251,0.6793479224046072,0.646956741809845,0.688373476266861
29,0.817528118689855,0.7345268030961355,0.7654988169670105,0.7407398025194804,0.7079117596149445,0.7584886252880096
30,0.6180299321810404,0.5672626247008642,0.5648026963075002,0.504664346575737,0.48896344006061554,0.5304231295982996
0,0.11738124117255211,0.042161423712968826,0.051342884078621864,0.04480726085603237,0.042203483171761036,0.046137891709804535
1,0.14954587072134018,0.05741862766444683,0.0573128554970026,0.04535376653075218,0.0399217214435339,0.0660307053476572
2,0.2079361155629158,0.15309417247772217,0.11106622964143753,0.1410621702671051,0.09394476935267448,0.12249069660902023
3,0.13055894523859024,0.08456199616193771,0.07017876580357552,0.05120017193257809,0.030028454959392548,0.05823880061507225
4,,,,0.7735222280025482,,
5,,,,0.35903678834438324,,
6,,,,0.7876501381397247,,
7,,,,0.5088048875331879,,
8,,,,0.25485852360725403,,
9,,,,0.49884796142578125,,
10,,,,0.1521562784910202,,
11,,,,0.23305758088827133,,
12,,,,0.31752536445856094,,
13,,,,0.44856368005275726,,
14,,,,0.18275883048772812,,
15,,,,0.6109375059604645,,
16,,,,0.6525871455669403,,
17,,,,0.24821586906909943,,
18,,,,0.18824408948421478,,
19,,,,0.1647437959909439,,
20,,,,0.1081402450799942,,
21,,,,0.12676432356238365,,
22,,,,0.13256199285387993,,
23,,,,0.14542146772146225,,
24,,,,0.3257090747356415,,
25,,,,0.9283323884010315,,
26,,,,0.8808714151382446,,
27,0.7253848612308502,0.6218355298042297,0.7454685270786285,0.5849075019359589,0.6805560886859894,0.668943852186203
28,0.5513104498386383,0.436294361948967,0.37223944067955017,0.42733417451381683,0.3508106768131256,0.33880215883255005
29,0.8464032709598541,0.7910729944705963,0.8091228306293488,0.815546989440918,0.7955271303653717,0.7806924879550934
30,0.5664193630218506,0.3253750801086426,0.37174658477306366,0.40422323346138,0.3260897248983383,0.3571840673685074
0,0.25028781841198605,0.13098313783605894,0.15620367849866548,0.1387819486359755,0.15406590575973192,0.13610266894102097
1,0.27208777020374936,0.13226341704527536,0.15348547572890917,0.14248978719115257,0.15598712613185248,0.13397657622893652
2,0.2403218410909176,0.1319118415315946,0.15570438529054323,0.1350790187716484,0.1629450743397077,0.12695136293768883
3,0.24979916711648306,0.11743566890557607,0.12138560911019643,0.12063215176264445,0.12895152096947035,0.1231934241950512
4,,,,0.13157449786861738,,
5,,,,0.09190442351003487,,
6,,,,0.09058000333607197,,
7,,,,0.166760524113973,,
8,,,,0.1677149012684822,,
9,,,,0.21493882685899734,,
10,,,,0.22743369390567145,,
11,,,,0.09703130399187405,,
12,,,,0.12840716913342476,,
13,,,,0.20593863725662231,,
14,,,,0.21421084801355997,,
15,,,,0.3184945533672969,,
16,,,,0.3914222965637843,,
17,,,,0.24879275759061178,,
18,,,,0.2928103332718213,,
19,,,,0.7433666288852692,,
20,,,,0.505956381559372,,
21,,,,0.8217715422312418,,
22,,,,0.6260326306025187,,
23,,,,0.5240799834330877,,
24,,,,0.4235151410102844,,
25,,,,0.7892933388551077,,
26,,,,0.9270558754603068,,
27,0.8232631087303162,0.7331904768943787,0.6998256544272105,0.7220067977905273,0.7274318436781565,0.7414078215758005
28,0.8893912335236868,0.8651329278945923,0.855150947968165,0.8447078267733256,0.85051362713178,0.870662659406662
29,0.9441908796628317,0.9381593962510427,0.9441177248954773,0.9354594945907593,0.9472177823384603,0.9478002885977427
30,0.9626245597998301,0.9767215351263682,0.9830444157123566,0.9704207976659139,0.9821307361125946,0.9797631402810415
0,0.44104040165742237,0.2628633479277293,0.27902571360270184,0.23092388610045114,0.3020586296916008,0.2770426621039708
1,0.4530213077863057,0.30256474514802295,0.3042392705877622,0.2548551882306735,0.3405517314871152,0.283222330113252
2,0.49033644795417786,0.37472085903088254,0.39394117643435794,0.2917899787425995,0.337713581820329,0.3405427398780982
3,0.6223514179388682,0.5032289723555247,0.510723943511645,0.4223555376132329,0.5052385032176971,0.5262730916341146
4,,,,0.33992550770441693,,
5,,,,0.4274977892637253,,
6,,,,0.6088432272275289,,
7,,,,0.5837094783782959,,
8,,,,0.7022797763347626,,
9,,,,0.6289387345314026,,
10,,,,0.580577959616979,,
11,,,,0.4155714809894562,,
12,,,,0.30654605726401013,,
13,,,,0.4435648371775945,,
14,,,,0.6417572597662607,,
15,,,,0.2421931947271029,,
16,,,,0.20492152869701385,,
17,,,,0.12387126125395298,,
18,,,,0.1129543495674928,,
19,,,,0.29199154675006866,,
20,,,,0.3764247993628184,,
21,,,,0.5275085965792338,,
22,,,,0.8096063335736593,,
23,,,,0.7967008848985037,,
24,,,,0.7105857829252878,,
25,,,,0.5598712166150411,,
26,,,,0.6229010025660197,,
27,0.855369915564855,0.8125864664713541,0.8179401357968649,0.8355684081713358,0.8724435071150461,0.805898129940033
28,0.8488545914491018,0.8076267739137014,0.81572953859965,0.8266934057076772,0.8203970094521841,0.7958918611208597
29,0.8497071663538615,0.8049622575441996,0.8189869821071625,0.8351196646690369,0.8153916398684183,0.8019082645575205
0,0.5701992392539978,0.42195905447006227,0.4044823169708252,0.34951180815696714,0.38436407446861265,0.40972253680229187
1,0.5689887523651123,0.44354912638664246,0.4483112931251526,0.3939271330833435,0.4618165135383606,0.4619241714477539
2,0.2649795860052109,0.15135756731033326,0.158420629799366,0.11339647024869919,0.17433835864067077,0.16075207144021988
3,0.5867851853370667,0.4309796094894409,0.45181614756584165,0.4522283971309662,0.47789415121078493,0.45347018241882325
4,,,,0.7933082103729248,,
5,,,,0.7391644477844238,,
6,,,,0.35328592658042907,,
7,,,,0.49588358998298643,,
8,,,,0.4231564521789551,,
9,,,,0.2935598403215408,,
10,,,,0.15278386771678926,,
11,,,,0.2921413600444794,,
12,,,,0.435613626241684,,
13,,,,0.2618128478527069,,
14,,,,0.11982861459255219,,
15,,,,0.18209599405527116,,
16,,,,0.09683670103549957,,
17,,,,0.08639540746808053,,
18,,,,0.11357972174882888,,
19,,,,0.22447122633457184,,
20,,,,0.34686036705970763,,
21,,,,0.4809238076210022,,
22,,,,0.20291051566600798,,
23,,,,0.31011457145214083,,
24,,,,0.34245051741600036,,
25,,,,0.8772458434104919,,
26,,,,0.8931828737258911,,
27,0.8968281745910645,0.9268399238586426,0.9242403984069825,0.8860295414924622,0.9369750618934631,0.9238408923149108
28,0.9537756323814393,0.9681365013122558,0.9677971243858338,0.9472961187362671,0.9723772287368775,0.966944670677185
29,0.828635060787201,0.7520354747772217,0.7414059281349182,0.7607815742492676,0.8013630032539367,0.7531981945037842
30,0.9122092962265015,0.9069745063781738,0.9030371308326721,0.8937845826148987,0.9194856882095337,0.897465991973877
0,0.2111440747976303,0.14852021634578705,0.12514261901378632,0.17584356665611267,0.15678267180919647,0.13999539613723755
1,0.13369198143482208,0.13107024133205414,0.1124039739370346,0.11873307824134827,0.12490878254175186,0.08825990557670593
2,0.332640677690506,0.25749343633651733,0.2297760248184204,0.2026500105857849,0.22411896288394928,0.1858106553554535
3,0.5183347463607788,0.3049888014793396,0.316264271736145,0.294864684343338,0.30063334107398987,0.261152446269989
4,,,,0.36566412448883057,,
5,,,,0.26523905992507935,,
6,,,,0.6326550245285034,,
7,,,,0.5202690362930298,,
8,,,,0.3231305181980133,,
9,,,,0.18914678692817688,,
10,,,,0.1911758929491043,,
11,,,,0.17142659425735474,,
12,,,,0.12584936618804932,,
13,,,,0.3535502851009369,,
14,,,,0.8583153486251831,,
15,,,,0.8994634747505188,,
16,,,,0.9356523752212524,,
17,,,,0.9357642531394958,,
18,,,,0.5992491841316223,,
19,,,,0.3736746907234192,,
20,,,,0.12930478155612946,,
21,,,,0.2631036937236786,,
22,,,,0.3122102916240692,,
23,,,,0.13410255312919617,,
24,,,,0.12431321293115616,,
25,,,,0.9692085981369019,,
26,,,,0.8123811483383179,,
27,0.6571460962295532,0.5706190466880798,0.556027889251709,0.5285074710845947,0.5865762829780579,0.575162410736084
28,0.6544615626335144,0.5389482975006104,0.5757035613059998,0.5352538824081421,0.5217968821525574,0.5705769658088684
29,0.7997474670410156,0.7326290607452393,0.7636495232582092,0.699938178062439,0.731235682964325,0.7635024785995483
0,0.2545141763985157,0.10014908201992512,0.10902922600507736,0.11124027706682682,0.11696645617485046,0.09696806594729424
1,0.1364751048386097,0.06479051988571882,0.07128858752548695,0.06771654170006514,0.07189671602100134,0.06334027741104364
2,0.1627491656690836,0.06864473316818476,0.08387684170156717,0.0863119326531887,0.07612934056669474,0.07005502004176378
3,0.3904647156596184,0.24381917715072632,0.24087978154420853,0.2667216472327709,0.23726898059248924,0.2487482652068138
4,,,,0.11176375858485699,,
5,,,,0.11867151595652103,,
6,,,,0.1281162742525339,,
7,,,,0.18067657947540283,,
8,,,,0.12526965886354446,,
9,,,,0.130881791934371,,
10,,,,0.14672269113361835,,
11,,,,0.10636746138334274,,
12,,,,0.1112463679164648,,
13,,,,0.07266666274517775,,
14,,,,0.3056039586663246,,
15,,,,0.5166350528597832,,
16,,,,0.16227677650749683,,
17,,,,0.20327875390648842,,
18,,,,0.3441575914621353,,
19,,,,0.32068632543087006,,
20,,,,0.5430258214473724,,
21,,,,0.3911814019083977,,
22,,,,0.3668796122074127,,
23,,,,0.7404392808675766,,
24,,,,0.8628852367401123,,
25,,,,0.9049967527389526,,
26,,,,0.9454357773065567,,
27,0.765022948384285,0.64365354180336,0.6673562824726105,0.6131827980279922,0.6729253232479095,0.6590586453676224
28,0.9046107679605484,0.8413910418748856,0.8478296101093292,0.7731166481971741,0.861321359872818,0.8538692742586136
29,0.9187228232622147,0.9290506988763809,0.9324248433113098,0.8958773612976074,0.9343781173229218,0.9293616414070129
30,0.8894948214292526,0.9124441742897034,0.9208154082298279,0.877667561173439,0.9341136068105698,0.922590970993042
0,0.09894715001185735,0.042528399576743446,0.04757057999571165,0.04915073017279307,0.0249988151093324,0.04975842932860056
1,0.07391821593046188,0.05383821576833725,0.06098098183671633,0.04663675961395105,0.04667914845049381,0.05996854975819588
2,0.09877944240967433,0.041019339114427567,0.04507984469334284,0.06106193239490191,0.035648961241046585,0.053684916347265244
3,0.07823469489812851,0.049442630261182785,0.04414850473403931,0.04332271032035351,0.039237054685751595,0.04836792126297951
4,,,,0.10161857803662618,,
5,,,,0.18047327796618143,,
6,,,,0.15394900739192963,,
7,,,,0.27128617465496063,,
8,,,,0.5679229100545248,,
9,,,,0.3462340384721756,,
10,,,,0.24676681061585745,,
11,,,,0.4485270480314891,,
12,,,,0.531494160493215,,
13,,,,0.4416633148988088,,
14,,,,0.38138731320699054,,
15,,,,0.37414376934369403,,
16,,,,0.6123965382575989,,
17,,,,0.5787091453870138,,
18,,,,0.24138890703519186,,
19,,,,0.5927795171737671,,
20,,,,0.4635128279527028,,
21,,,,0.6415509978930155,,
22,,,,0.6918869415918986,,
23,,,,0.5987619161605835,,
24,,,,0.2730665405591329,,
25,,,,0.7045013109842936,,
26,,,,0.48685358961423236,,
27,0.8854141235351562,0.8317975004514059,0.7968319654464722,0.8356857498486837,0.8302205602327982,0.8141256173451742
28,0.8831590811411539,0.9094807306925455,0.8931363026301066,0.9030763705571493,0.8787657221158346,0.8965840538342794
29,0.908329983552297,0.8932814002037048,0.8769870599110922,0.8858424623807272,0.9012733300526937,0.8906663060188293
30,0.8708773056666056,0.8544727365175883,0.8246098160743713,0.8500215808550516,0.8690005938212076,0.8483122785886129
0,0.10284076444804668,0.06850218120962381,0.07608423288911581,0.08649448212236166,0.05278697842732072,0.08664148207753897
1,0.20153535157442093,0.12535549327731133,0.1225260030478239,0.09218258038163185,0.14993583224713802,0.11670723557472229
2,0.12372040748596191,0.05447408463805914,0.056796533055603504,0.06057562306523323,0.06143728271126747,0.04778403602540493
3,0.10074498318135738,0.0487335086800158,0.045828422997146845,0.04527235170826316,0.05315172579139471,0.033828279469162226
4,,,,0.2636212147772312,,
5,,,,0.39028749614953995,,
6,,,,0.2674829587340355,,
7,,,,0.2391153834760189,,
8,,,,0.18388056382536888,,
9,,,,0.165380222722888,,
10,,,,0.14612618647515774,,
11,,,,0.14736604690551758,,
12,,,,0.22288187965750694,,
13,,,,0.35770346224308014,,
14,,,,0.3010411038994789,,
15,,,,0.3781546503305435,,
16,,,,0.4779559373855591,,
17,,,,0.30220741033554077,,
18,,,,0.3188730627298355,,
19,,,,0.36672037094831467,,
20,,,,0.4223395511507988,,
21,,,,0.40771470218896866,,
22,,,,0.4205072894692421,,
23,,,,0.30900251120328903,,
24,,,,0.4384840279817581,,
25,,,,0.942155584692955,,
26,,,,0.9549719244241714,,
27,0.7975663095712662,0.6972000449895859,0.6779750287532806,0.6937098950147629,0.6733924001455307,0.6953040808439255
28,0.7762878388166428,0.5493224561214447,0.5481364876031876,0.6140592843294144,0.5328197032213211,0.585131362080574
29,0.9604171067476273,0.9586315900087357,0.9572884291410446,0.9529051631689072,0.9597152471542358,0.9559794068336487
30,0.9714085608720779,0.990863099694252,0.9904291331768036,0.9841870814561844,0.9895007461309433,0.9872411340475082
0,0.029460954247042537,0.03038492612540722,0.04129386367276311,0.05924715707078576,0.030666041653603315,0.04105295822955668
1,0.015349823865108192,0.01786828925833106,0.021136915776878595,0.022726238006725907,0.01604603440500796,0.022519008023664355
2,0.02297113125678152,0.020412377547472715,0.026663128286600113,0.03270696895197034,0.017610996961593628,0.03005290566943586
3,0.04358002031221986,0.0503501845523715,0.06066446239128709,0.07846807362511754,0.042031549382954836,0.06867699651047587
4,,,,0.2673867754638195,,
5,,,,0.2676957882940769,,
6,,,,0.24899077415466309,,
7,,,,0.42005719244480133,,
8,,,,0.6842768043279648,,
9,,,,0.8792327046394348,,
10,,,,0.8295965194702148,,
11,,,,0.6898976862430573,,
12,,,,0.4929973855614662,,
13,,,,0.6408496797084808,,
14,,,,0.5927746891975403,,
15,,,,0.6669345945119858,,
16,,,,0.797589585185051,,
17,,,,0.7325908988714218,,
18,,,,0.761549174785614,,
19,,,,0.2632277123630047,,
20,,,,0.27829520404338837,,
21,,,,0.25312208384275436,,
22,,,,0.42275482416152954,,
23,,,,0.7441379576921463,,
24,,,,0.8295632004737854,,
25,,,,0.9434685558080673,,
26,,,,0.5607817471027374,,
27,0.7846302688121796,0.5898709148168564,0.5370622873306274,0.5870802998542786,0.5678469836711884,0.5864799469709396
28,0.8612299561500549,0.7603557407855988,0.7554401308298111,0.7523552924394608,0.7320743650197983,0.7569679617881775
29,0.8202057480812073,0.7602749168872833,0.7573306113481522,0.7129367589950562,0.7005029022693634,0.7638568580150604
0,0.9239442646503448,0.8942680656909943,0.8780903816223145,0.9002158641815186,0.8220255970954895,0.9013073146343231
1,0.9385799765586853,0.9022829830646515,0.8720472753047943,0.9190759062767029,0.8126685619354248,0.8989852964878082
2,0.9243702590465546,0.8787031769752502,0.8661364018917084,0.909009575843811,0.8046554625034332,0.8385063707828522
3,0.8842575252056122,0.7476502060890198,0.742376446723938,0.8493343889713287,0.7222362458705902,0.7272703051567078
4,,,,0.6437149941921234,,
5,,,,0.5355481505393982,,
6,,,,0.38964055478572845,,
7,,,,0.37027139961719513,,
8,,,,0.5656979084014893,,
9,,,,0.4834051728248596,,
10,,,,0.23924961686134338,,
11,,,,0.17771102488040924,,
12,,,,0.18195179849863052,,
13,,,,0.19396669417619705,,
14,,,,0.29870645701885223,,
15,,,,0.32578878104686737,,
16,,,,0.15310043096542358,,
17,,,,0.16165243834257126,,
18,,,,0.09770935773849487,,
19,,,,0.17767977714538574,,
20,,,,0.2277982011437416,,
21,,,,0.14338809996843338,,
22,,,,0.41493579745292664,,
23,,,,0.09194253385066986,,
24,,,,0.03033432550728321,,
25,,,,0.7804111242294312,,
26,,,,0.8515802621841431,,
27,0.8595652282238007,0.9132654666900635,0.9343427419662476,0.9297611713409424,0.9391394555568695,0.9282277226448059
0,0.20978539933760962,0.10172875349720319,0.123032891501983,0.12257479007045428,0.11730716874202092,0.10388789946834247
1,0.24264631668726602,0.13609041521946588,0.15167795990904173,0.14195589224497476,0.1649941404660543,0.13862126196424165
2,0.2721915865937869,0.2169189676642418,0.21120293686787286,0.1985870972275734,0.2030327059328556,0.20415946965416273
3,0.30305245518684387,0.2514804427822431,0.2888132110238075,0.2304695670803388,0.2722475652893384,0.25182296832402545
4,,,,0.302179512878259,,
5,,,,0.14311884716153145,,
6,,,,0.22124253461758295,,
7,,,,0.6185246308644613,,
8,,,,0.6431039174397787,,
9,,,,0.5642688820759455,,
10,,,,0.19567901144425073,,
11,,,,0.20240959028402963,,
12,,,,0.17420776933431625,,
13,,,,0.209197536110878,,
14,,,,0.20880530029535294,,
15,,,,0.0949644607802232,,
16,,,,0.09032583857576053,,
17,,,,0.33143616716067,,
18,,,,0.15111958980560303,,
19,,,,0.3652738680442174,,
20,,,,0.23368452986081442,,
21,,,,0.29618922372659046,,
22,,,,0.42258501052856445,,
23,,,,0.6630024413267771,,
24,,,,0.44651931524276733,,
25,,,,0.8411107063293457,,
26,,,,0.7669901351133982,,
27,0.8053976694742838,0.8697714904944102,0.8623587588469187,0.8740465839703878,0.8796334465344747,0.858142614364624
28,0.93971186876297,0.9466114044189453,0.9412458141644796,0.9355014264583588,0.9485252598921458,0.9352790911992391
0,0.022747427225112915,0.015834858641028404,0.012942718341946602,0.009945565834641457,0.018058426678180695,0.01660401187837124
1,0.023578021675348282,0.014765937812626362,0.015247339382767677,0.016292693093419075,0.017971443012356758,0.010957804508507252
2,0.032224103808403015,0.009006543084979057,0.010997263714671135,0.009119714610278606,0.00885917991399765,0.008017946034669876
3,0.0410943478345871,0.013349267654120922,0.009587345644831657,0.01373430248349905,0.009881720878183842,0.009935809299349785
4,,,,0.7060672044754028,,
5,,,,0.5659269094467163,,
6,,,,0.20932543277740479,,
7,,,,0.26026225090026855,,
8,,,,0.18028037250041962,,
9,,,,0.3816758394241333,,
10,,,,0.3754056692123413,,
11,,,,0.6663929224014282,,
12,,,,0.5157831311225891,,
13,,,,0.32237914204597473,,
14,,,,0.2994272708892822,,
15,,,,0.31022754311561584,,
16,,,,0.39563366770744324,,
17,,,,0.30824869871139526,,
18,,,,0.2710278332233429,,
19,,,,0.5724760890007019,,
20,,,,0.6824826002120972,,
21,,,,0.5829232931137085,,
22,,,,0.1745186299085617,,
23,,,,0.5454751253128052,,
24,,,,0.7059991359710693,,
25,,,,0.8566015362739563,,
26,,,,0.9190403819084167,,
27,0.9003061652183533,0.9046440720558167,0.8928001523017883,0.8937847018241882,0.8856983184814453,0.905186653137207
28,0.8273497223854065,0.6687447428703308,0.6916014552116394,0.7553340196609497,0.6619225740432739,0.7193564772605896
29,0.6117929816246033,0.38236185908317566,0.35960954427719116,0.45660707354545593,0.4222206771373749,0.4876100420951843
30,0.7058053016662598,0.6216597557067871,0.6407107710838318,0.6073038578033447,0.524643063545227,0.6250402331352234
0,0.8883747458457947,0.8648871630430222,0.8509923219680786,0.7538619190454483,0.8626650124788284,0.8586148917675018
1,0.9179167449474335,0.9344556927680969,0.9335827529430389,0.8802202939987183,0.9333063364028931,0.9395856261253357
2,0.6495475918054581,0.4720153138041496,0.4887557551264763,0.34729938209056854,0.4855515956878662,0.4594062715768814
3,0.6956581175327301,0.4350208267569542,0.47107063978910446,0.3465624302625656,0.4473680257797241,0.43093421310186386
4,,,,0.5321884378790855,,
5,,,,0.2750784792006016,,
6,,,,0.22671040892601013,,
7,,,,0.29636936634778976,,
8,,,,0.5816840380430222,,
9,,,,0.09465073235332966,,
10,,,,0.17847822606563568,,
11,,,,0.21194012090563774,,
12,,,,0.2368982583284378,,
13,,,,0.19079382717609406,,
14,,,,0.12854549661278725,,
15,,,,0.06867774482816458,,
16,,,,0.12914600782096386,,
17,,,,0.22985703498125076,,
18,,,,0.13215961307287216,,
19,,,,0.11183739826083183,,
20,,,,0.2430604062974453,,
21,,,,0.0601591719314456,,
22,,,,0.37376656010746956,,
23,,,,0.17670668102800846,,
24,,,,0.09018158726394176,,
25,,,,0.9429542422294617,,
26,,,,0.6469435691833496,,
27,0.9620417505502701,0.9761022329330444,0.9737112522125244,0.9605576694011688,0.9649081975221634,0.9738753288984299
28,0.9208418726921082,0.9344282895326614,0.9256586134433746,0.8972816169261932,0.9136955291032791,0.9342545866966248
29,0.8561194390058517,0.7593293637037277,0.7684613168239594,0.7557578086853027,0.7177484482526779,0.7625714540481567
30,0.8766069114208221,0.7586425840854645,0.7846802920103073,0.7469756454229355,0.7627328038215637,0.7370309382677078
0,0.3612738102674484,0.12170198435584705,0.12256445363163948,0.12287323921918869,0.1476526347299417,0.126267579694589
1,0.47877303262551624,0.2125655064980189,0.2080798620978991,0.18079454948504767,0.23144895831743875,0.22373040268818536
2,0.5043100963036219,0.24798530091842017,0.2388092279434204,0.1997218206524849,0.23074677338202795,0.22081384807825089
3,0.4692022204399109,0.2369007666905721,0.258091576397419,0.20354061077038446,0.22781169166167578,0.2475289503733317
4,,,,0.2621576637029648,,
5,,,,0.30729341010252637,,
6,,,,0.144195639838775,,
7,,,,0.33929938077926636,,
8,,,,0.24446568886439005,,
9,,,,0.2877069239815076,,
10,,,,0.19924101481835046,,
11,,,,0.27108414719502133,,
12,,,,0.2283064896861712,,
13,,,,0.18213103214899698,,
14,,,,0.17405489087104797,,
15,,,,0.09506552728513877,,
16,,,,0.20230178286631903,,
17,,,,0.22307516634464264,,
18,,,,0.29213626434405643,,
19,,,,0.2861331452926,,
20,,,,0.2638632381955783,,
21,,,,0.20781778047482172,,
22,,,,0.25383539249499637,,
23,,,,0.21830500910679498,,
24,,,,0.16949418683846793,,
25,,,,0.8687840700149536,,
26,,,,0.8690099716186523,,
27,0.9150874416033427,0.9279317557811737,0.9414761563142141,0.8995737433433533,0.950224369764328,0.9358953634897867
28,0.9252056777477264,0.9434310992558798,0.9602527519067129,0.9301355282465616,0.9591784874598185,0.951586922009786
29,0.5957844033837318,0.610288679599762,0.6444702545801798,0.635906532406807,0.6600760072469711,0.5942281037569046
0,0.5971640050411224,0.6172667860984802,0.6628300786018372,0.663546907901764,0.5040570497512817,0.5742075085639954
1,0.6433946132659912,0.6772718369960785,0.6865139424800872,0.7113842010498047,0.576513797044754,0.6396696984767913
2,0.7693673491477966,0.7226617693901062,0.719462776184082,0.7551536083221435,0.6551304459571838,0.7029772520065307
3,0.5701169669628143,0.45001752972602843,0.4360718667507172,0.4926258146762848,0.35099683701992035,0.42203466296195985
4,,,,0.323601633310318,,
5,,,,0.14730719476938248,,
6,,,,0.13669119030237198,,
7,,,,0.1579008251428604,,
8,,,,0.27940734624862673,,
9,,,,0.3268681228160858,,
10,,,,0.2704393148422241,,
11,,,,0.07959504425525665,,
12,,,,0.21988068222999574,,
13,,,,0.5410246789455414,,
14,,,,0.19897614121437074,,
15,,,,0.38990375995635984,,
16,,,,0.24655860662460327,,
17,,,,0.28037268817424776,,
18,,,,0.46594751477241514,,
19,,,,0.23345034569501877,,
20,,,,0.19613932371139525,,
21,,,,0.07462459728121758,,
22,,,,0.27309096455574033,,
23,,,,0.4736015260219574,,
24,,,,0.48756523728370665,,
25,,,,0.7564103603363037,,
26,,,,0.4850736796855927,,
27,0.925395393371582,0.9360283255577088,0.9333154559135437,0.9204641819000244,0.934037721157074,0.9376587510108948
28,0.939155662059784,0.8795970916748047,0.8931430101394653,0.9027309894561768,0.8483373641967773,0.8974883794784546
29,0.8270315527915955,0.7561448335647583,0.7372639775276184,0.8152469396591187,0.7419301033020019,0.7509087920188904
30,0.8423916935920716,0.7294905662536622,0.745008385181427,0.7846694946289062,0.7057334184646606,0.7693960070610046
0,0.2895544767379761,0.16691969335079193,0.13245892524719238,0.1620878279209137,0.20871613919734955,0.14232531189918518
1,0.2107403427362442,0.11620493978261948,0.07954299449920654,0.09150001406669617,0.12070333957672119,0.0733553022146225
2,0.2609705924987793,0.18303832411766052,0.1253233402967453,0.14243634045124054,0.1424832046031952,0.14645934104919434
3,0.1457139402627945,0.06070108339190483,0.0914357453584671,0.09928196668624878,0.06231246888637543,0.0635528489947319
4,,,,0.17306624352931976,,
5,,,,0.4630219638347626,,
6,,,,0.7489942908287048,,
7,,,,0.5160410404205322,,
8,,,,0.6296668648719788,,
9,,,,0.6264817118644714,,
10,,,,0.6099064946174622,,
11,,,,0.37535738945007324,,
12,,,,0.3301008343696594,,
13,,,,0.30548378825187683,,
14,,,,0.13768891990184784,,
15,,,,0.10564649105072021,,
16,,,,0.11712802201509476,,
17,,,,0.08025771379470825,,
18,,,,0.07591573148965836,,
19,,,,0.30083778500556946,,
20,,,,0.24377256631851196,,
21,,,,0.23045296967029572,,
22,,,,0.14058752357959747,,
23,,,,0.1791931390762329,,
24,,,,0.15276509523391724,,
25,,,,0.9673998951911926,,
26,,,,0.8961426615715027,,
27,0.8222398161888123,0.6581257581710815,0.6364012360572815,0.7371994853019714,0.632569432258606,0.7083332538604736
28,0.9050374031066895,0.7567846179008484,0.7809412479400635,0.8315317034721375,0.7602977156639099,0.7956584692001343
29,0.9409736394882202,0.8697701096534729,0.8963756561279297,0.9126627445220947,0.9063310623168945,0.8897764682769775
30,0.9437745809555054,0.9125916361808777,0.8997858166694641,0.9297536015510559,0.8934616446495056,0.9104669094085693
0,0.0889594778418541,0.1014699935913086,0.0891482209165891,0.12616865833600363,0.07373396431406339,0.1014998232324918
1,0.20076925059159598,0.18806221832831702,0.19751551250616708,0.27405400077501935,0.17197896043459573,0.2145292287071546
2,0.20528662453095117,0.12233576426903407,0.1419598584373792,0.12812802692254385,0.1543841746946176,0.1587647187213103
3,0.19720053548614183,0.34229202071825665,0.35700854162375134,0.37649578352769214,0.23929110914468765,0.37338730196158093
4,0.22507828970750174,0.30734046796957654,0.34024349848429364,0.3253975709279378,0.31786755720774335,0.31728283564249676
5,0.3294866681098938,0.33244099219640094,0.36454513172308606,0.3765600224335988,0.3525010198354721,0.4131677746772766
6,0.23993455866972604,0.20618107914924622,0.18749239047368368,0.25009892880916595,0.1589750126004219,0.21279004961252213
7,0.5228113432725271,0.34261749188105267,0.3582070271174113,0.3318481693665187,0.3847323457400004,0.36101754506429035
8,0.4708761473496755,0.21615766982237497,0.18356635669867197,0.15813761949539185,0.19529606898625693,0.1858428716659546
9,0.379608616232872,0.2896801879008611,0.25920217235883075,0.2798967957496643,0.23263501624266306,0.24700242777665457
10,0.30462007721265155,0.2031500736872355,0.21494024495283762,0.22863618036111197,0.20921616007884344,0.20560786128044128
11,0.15630241483449936,0.09508038436373074,0.09362511088450749,0.10895735770463943,0.11195042977730434,0.09639256199200948
12,0.1401428058743477,0.13750998675823212,0.14038304487864176,0.14132214337587357,0.1215870479742686,0.11911088476578395
13,0.12899838387966156,0.10450044025977452,0.10884766280651093,0.10622218747933705,0.10534446686506271,0.08652113129695256
14,0.14643411586682,0.11672385782003403,0.13487258305152258,0.13166450709104538,0.10643066341678302,0.12125843266646068
15,0.10510098437468211,0.061825595796108246,0.06393305212259293,0.07053692763050397,0.061749680588642754,0.052163573602835335
16,0.1563384011387825,0.13340923438469568,0.13382665067911148,0.13912837704022726,0.11681934942801793,0.11242587367693584
17,0.30574338634808856,0.21960935990015665,0.21873274942239126,0.2498458425203959,0.24109972516695657,0.23007091383139291
18,0.19671047727266947,0.1292483111222585,0.12288970996936162,0.12128579616546631,0.13482946654160818,0.1203632727265358
19,0.1979398379723231,0.1303238868713379,0.12207996100187302,0.13051984210809073,0.13782649487257004,0.1315945933262507
20,0.37827596068382263,0.20647189021110535,0.22875672082106271,0.2331085354089737,0.19222951432069144,0.21404138704140982
21,0.7434574564297994,0.6412599086761475,0.6163248419761658,0.6282930771509806,0.5347341299057007,0.6383452812830607
22,0.1807919442653656,0.1188570111989975,0.10878719389438629,0.11194220433632533,0.11360027144352595,0.10246435801188152
23,0.644594689210256,0.45718055963516235,0.4364294111728668,0.4863167405128479,0.3695286214351654,0.4494130512078603
24,0.6852904955546061,0.5162806510925293,0.5232628087202708,0.5396559238433838,0.42534073193868,0.5056914786497752
25,0.17687570552031198,0.11592141538858414,0.10721008727947871,0.12258655329545338,0.10915502160787582,0.11211738487084706
26,0.6014454563458761,0.37922274072964984,0.4100564420223236,0.4057086706161499,0.38976457715034485,0.3853081663449605
27,0.41294313470522565,0.27395377059777576,0.29026936491330463,0.29392751057942706,0.3052947421868642,0.29079413414001465
28,0.2794304738442103,0.16077502071857452,0.17829311887423197,0.16296312709649405,0.15207820137341818,0.1636694371700287
29,0.4313816428184509,0.25790726641813916,0.26904191076755524,0.2695905715227127,0.27861112852891284,0.2752381016810735
30,0.45516446232795715,0.280637522538503,0.26594660182793933,0.2990123728911082,0.30411360661188763,0.27508928378423053
31,0.7627390027046204,0.5405840078989664,0.5543105204900106,0.5049905578295389,0.49106699228286743,0.5201234320799509
32,0.804470936457316,0.6419110298156738,0.6160459915796915,0.6436891953150431,0.6552555561065674,0.6640337308247884
33,0.9123765230178833,0.956758956114451,0.9505270520846049,0.9387343327204386,0.9562089641888937,0.9690173665682474
0,0.8017434179782867,0.7462249100208282,0.7682172358036041,0.8268897533416748,0.8519869446754456,0.7787075936794281
1,0.743602842092514,0.37973882257938385,0.3824526071548462,0.4134548455476761,0.4237043112516403,0.3763570785522461
2,0.8738342821598053,0.7958427965641022,0.7766811847686768,0.8163412511348724,0.731208860874176,0.7855291068553925
3,0.842284768819809,0.8423882126808167,0.8383972942829132,0.8583672344684601,0.8172619044780731,0.8166137635707855
4,0.5981078147888184,0.2663540840148926,0.28939685225486755,0.29441630840301514,0.26429110765457153,0.2274317815899849
5,0.9314030706882477,0.9638208150863647,0.9653376638889313,0.9538443386554718,0.9522542059421539,0.9609840512275696
6,0.8520145118236542,0.6978788673877716,0.7321850657463074,0.7605583667755127,0.611683577299118,0.7294743657112122
7,0.7680437862873077,0.6431844234466553,0.6251940429210663,0.6620230376720428,0.5189421772956848,0.6630768775939941
8,0.3133283704519272,0.15387142449617386,0.14091630280017853,0.1638093665242195,0.16022726893424988,0.1457587331533432
9,0.18174056708812714,0.058870669454336166,0.06288841553032398,0.09518273174762726,0.07722911238670349,0.06337002664804459
10,0.2791638672351837,0.10571926459670067,0.12629439681768417,0.16982001811265945,0.1276806853711605,0.13032928109169006
11,0.6145259737968445,0.43579328060150146,0.4274716377258301,0.4178095757961273,0.3762311339378357,0.43452250957489014
12,0.2827296555042267,0.1489158645272255,0.14437279850244522,0.14909248799085617,0.16740167140960693,0.13990509510040283
13,0.48675575852394104,0.20591262727975845,0.25218144059181213,0.27965231239795685,0.3168477863073349,0.21240058541297913
14,0.7336677610874176,0.6396122872829437,0.631500244140625,0.6848734617233276,0.554997593164444,0.6188963949680328
15,0.6425942480564117,0.4849768131971359,0.4921417534351349,0.5632408559322357,0.3732503801584244,0.4558694362640381
16,0.582204282283783,0.4123951941728592,0.3916361778974533,0.4250009208917618,0.4018464982509613,0.43359698355197906
17,0.6189395487308502,0.42080216109752655,0.396504282951355,0.4556146562099457,0.3424932360649109,0.38517531752586365
18,0.369789257645607,0.2259390577673912,0.2282515987753868,0.22744080424308777,0.2121417000889778,0.23833878338336945
19,0.2486870214343071,0.08722684532403946,0.11440569162368774,0.11319399997591972,0.06554688513278961,0.09715809300541878
20,0.13324743509292603,0.044231291860342026,0.04747103899717331,0.06234966963529587,0.038589050993323326,0.04496337100863457
21,0.14863372221589088,0.053542960435152054,0.05381385795772076,0.05834118463099003,0.03885166347026825,0.048483580350875854
22,0.3262530416250229,0.20208640396595,0.21923045068979263,0.2084500417113304,0.19384220242500305,0.19682136178016663
23,0.4091093987226486,0.307379812002182,0.29890352487564087,0.2382529079914093,0.2527623772621155,0.2912048101425171
24,0.07202230021357536,0.020457622595131397,0.030872933566570282,0.0270750904455781,0.019269677810370922,0.025436910800635815
25,0.06016402691602707,0.021780618466436863,0.02445852942764759,0.02414099220186472,0.020344329997897148,0.02209630236029625
26,0.10494278743863106,0.034722418524324894,0.04138024430721998,0.02604443859308958,0.020994917955249548,0.028140030801296234
0,0.19996741910775503,0.13516638427972794,0.12030480553706487,0.15600253641605377,0.1452407737572988,0.12852189938227335
1,0.07903226216634114,0.047252280016740165,0.0448957234621048,0.04752182587981224,0.04688421015938123,0.052022611101468406
2,0.18499589463075003,0.08465477948387463,0.10222925866643588,0.10069372380773227,0.08081239710251491,0.08804268203675747
3,0.18311679611603418,0.14334810338914394,0.10009917927285035,0.1364059845606486,0.1954903950293859,0.12180283106863499
4,0.18283981954058012,0.09878281503915787,0.09442506358027458,0.11509471759200096,0.10958607370654742,0.09361056983470917
5,0.8897611101468405,0.9039605061213175,0.8859443068504333,0.8338095347086588,0.9028692642847697,0.9092288414637247
6,0.8842225472132365,0.8828099370002747,0.8737064997355143,0.7351126472155253,0.8689436912536621,0.8759643832842509
7,0.7152513265609741,0.5701466500759125,0.55061407883962,0.5328686734040579,0.5315514902273814,0.5431270102659861
8,0.15997322897116342,0.06789942954977353,0.06797707701722781,0.08349327743053436,0.07028112063805263,0.06830485165119171
9,0.10349754989147186,0.04228147740165392,0.04327602994938692,0.0508037693798542,0.047122612595558167,0.04008015928169092
10,0.10323745508988698,0.06621824701627095,0.06976453959941864,0.07534176483750343,0.07267954076329868,0.07077694932619731
11,0.2777913014094035,0.1772556354602178,0.17671020328998566,0.16483652591705322,0.1683609535296758,0.17773746450742087
12,0.3041096826394399,0.26427575449148816,0.23309086759885153,0.21962383886178335,0.22151689728101095,0.22606498003005981
13,0.22054814795653024,0.12936697155237198,0.205222616593043,0.1978868544101715,0.16956394910812378,0.1890427122513453
14,0.8409979740778605,0.8765249848365784,0.8778899113337199,0.8140665690104166,0.8793670336405436,0.8927140434583029
15,0.8881504535675049,0.907969077428182,0.8974077105522156,0.840907633304596,0.9042051633199056,0.9091423352559408
16,0.8975596030553182,0.8885729114214579,0.88296906153361,0.8064895470937093,0.8788178165753683,0.8968552748362223
17,0.8699101010958353,0.8603646953900655,0.8540135820706686,0.8279680411020914,0.8589023152987162,0.8565728465716044
18,0.8039577205975851,0.7146522601445516,0.7060738007227579,0.7587960163752238,0.7556460897127787,0.7688245971997579
19,0.8600527048110962,0.7975504199663798,0.7856520414352417,0.7895457744598389,0.767784575621287,0.7723505099614462
20,0.7517590125401815,0.6509258151054382,0.5403955578804016,0.6929377118746439,0.5768982569376627,0.6388683716456095
21,0.6714341640472412,0.5766208171844482,0.541997879743576,0.585023025671641,0.45457616448402405,0.5668073693911234
22,0.4376294215520223,0.28120708962281543,0.3151078174511592,0.3258545200030009,0.2456739048163096,0.3181353112061818
23,0.18490984539190927,0.10378395517667134,0.09015558908383052,0.11360947042703629,0.08916667600472768,0.09556180487076442
24,0.3064657151699066,0.14504106839497885,0.14983240018288294,0.13949746638536453,0.15126025676727295,0.14544139057397842
0,0.07429125718772411,0.05226175549129645,0.049851207786964044,0.06318413673175706,0.05942195550435119,0.05309765599668026
1,0.08235014209316836,0.056595149346523814,0.048924448175562754,0.0542890348782142,0.05791008182697826,0.053491743902365364
2,0.06606211285624239,0.03980713482532236,0.031813526422613196,0.03688166766530938,0.04089294373989105,0.042260041253434286
3,0.07362364770637618,0.05403848613301913,0.04361532504359881,0.046397647303011685,0.051494177223907575,0.050159846949908465
4,0.07939443468219703,0.058271676715877324,0.05753075290057394,0.05966711209879981,0.0637571695778105,0.06406101791395082
5,0.6900468071301779,0.8987636102570428,0.873504466480679,0.8994507524702284,0.8988617327478197,0.9021929105122884
6,0.7970548272132874,0.9711483915646871,0.9703792730967203,0.9631067713101705,0.9723449349403381,0.9699757827652825
7,0.693899929523468,0.4261079364352756,0.44271833035680985,0.5198454724417793,0.3820707102616628,0.4174506300025516
8,0.28853164778815377,0.1358768285976516,0.13792396088441214,0.14534030854701996,0.1366227095325788,0.13023496088054445
9,0.16907103028562334,0.07502934667799208,0.07251160053743257,0.07977488968107435,0.07790577701396412,0.08013165328237745
10,0.1087757291065322,0.034306869531671204,0.03199142879909939,0.03763708886173037,0.034441971530516945,0.033599834268291794
11,0.18913986285527548,0.09549170815282398,0.10421376095877753,0.1278723163737191,0.09574130343066321,0.10217558923694822
12,0.19319255650043488,0.11626036796304914,0.11365484197934468,0.12930214405059814,0.1143503917588128,0.11304986394113964
13,0.11667498118347591,0.04461849770612187,0.05238089938130644,0.05731623392138216,0.05055099767115381,0.04923701989981863
14,0.21174121068583596,0.1258273662792312,0.12105753852261437,0.1252937780486213,0.13716012818945778,0.11584891047742632
15,0.12029503368669087,0.05611855329738723,0.057276669475767344,0.0590788469546371,0.06708916359477574,0.050159797072410583
16,0.12387371063232422,0.07129101662172212,0.07272417181067997,0.08201410124699275,0.07924866634938452,0.06878138830264409
17,0.12949727889564303,0.07069781298438708,0.0775296183096038,0.08158932502071063,0.07274052624901135,0.07351107564237383
18,0.8718292117118835,0.910568442609575,0.8957032892439101,0.8870482643445333,0.8938754200935364,0.9166810644997491
19,0.9384339253107706,0.9517087539037069,0.9381907913419936,0.9272885455025567,0.9081724418534173,0.948768330944909
20,0.9318170878622267,0.9282273848851522,0.9088325103123983,0.9159572521845499,0.9177249272664388,0.9188639322916666
21,0.9092771212259928,0.8633826971054077,0.8820763892597623,0.8778183923827277,0.8604819973309835,0.8604287770059373
22,0.790440109041002,0.7523956166373359,0.7635880510012308,0.7466561728053622,0.7595653865072463,0.7568967805968391
23,0.3551501863532596,0.16812407556507322,0.1688415656487147,0.20363361636797586,0.1443801588482327,0.1501052843199836
24,0.3634060025215149,0.17245926376846102,0.17136523293124306,0.18103633572657904,0.16437117838197285,0.16388163881169426
25,0.2782610770728853,0.15998928248882294,0.1596313069264094,0.162787107957734,0.15679561098416647,0.16562719643115997
26,0.2417156977785958,0.1408005232612292,0.13801211615403494,0.13851765874359342,0.1590797868039873,0.14635148644447327
27,0.452701167927848,0.29769573277897304,0.31205355127652484,0.2880321509308285,0.3325015174018012,0.33085892266697353
28,0.18987692726982963,0.09090385420454873,0.09479770147138172,0.09856205681959788,0.11186281508869594,0.09268042321006457
29,0.29801775018374127,0.20584040052360958,0.19486178788873884,0.2227693630589379,0.2289168503549364,0.21535328527291617
30,0.733859552277459,0.5196967588530647,0.4876602556970384,0.5166485408941904,0.5211364593770769,0.5140097008811103
0,0.1823010854423046,0.27497992664575577,0.2994985327124596,0.24352063834667206,0.3316033124923706,0.28782840967178347
1,0.2326266050338745,0.18634855151176452,0.16021264791488649,0.17077016979455947,0.15825499445199967,0.17799082696437835
2,0.3026773929595947,0.275325283408165,0.2820231795310974,0.2586348086595535,0.24158836007118226,0.2726918876171112
3,0.12103996276855469,0.0666113555431366,0.06014138013124466,0.07101616114377976,0.0368962362408638,0.05566051006317139
4,0.12352895140647888,0.0989774540066719,0.07489516213536263,0.1054970681667328,0.03736280575394631,0.07404428496956825
5,0.7950291633605957,0.8328286290168763,0.7958397150039673,0.7201194524765014,0.8310557007789612,0.8367356896400452
6,0.8279737234115601,0.8058236718177796,0.8131171226501465,0.6847352743148803,0.811825406551361,0.817181670665741
7,0.8556801795959472,0.865781044960022,0.8285254716873169,0.8252370715141296,0.8559053063392639,0.8725103139877319
8,0.8234220266342163,0.7187035918235779,0.7305694222450256,0.7530197501182556,0.71351637840271,0.7392452955245972
9,0.4901030123233795,0.2680808216333389,0.2502215623855591,0.23224297761917115,0.1976344108581543,0.23911985158920288
10,0.5113855242729187,0.3030019521713257,0.25579740703105924,0.2835663020610809,0.18021844327449799,0.24498999118804932
11,0.558003842830658,0.29150584936141966,0.2884042352437973,0.2867822915315628,0.25223811715841293,0.290764120221138
12,0.27785308957099913,0.12438756674528122,0.09675609543919564,0.1440907135605812,0.0878636971116066,0.13021931797266006
13,0.34081937074661256,0.1582285389304161,0.16680320650339125,0.17553362101316453,0.17024416625499725,0.1689978763461113
14,0.30062462091445924,0.13958021700382234,0.13492528200149537,0.1417373761534691,0.13580453991889954,0.14531944543123246
15,0.11900300979614258,0.02644924893975258,0.02575694303959608,0.03121521882712841,0.02941378504037857,0.02493569776415825
16,0.32838293313980105,0.14467980414628984,0.1627953305840492,0.1530156284570694,0.15829890221357346,0.1609169974923134
17,0.523878276348114,0.33057567179203035,0.2998994171619415,0.3173947989940643,0.31755551397800447,0.3064951956272125
18,0.627000916004181,0.800229835510254,0.7525267243385315,0.7677966237068177,0.7623948812484741,0.7712859034538269
19,0.6624551773071289,0.8433243274688721,0.8220829129219055,0.8271828532218933,0.7723165631294251,0.8313658356666564
20,0.6835323095321655,0.5910988807678222,0.5974349856376648,0.5833791434764862,0.4540110945701599,0.569491958618164
21,0.4241567015647888,0.3221100628376007,0.268868562579155,0.2427878797054291,0.30373538136482237,0.2934174001216888
22,0.30028786063194274,0.1811894804239273,0.20531745553016661,0.19215623736381532,0.20378002524375916,0.20630701780319213
23,0.19264255166053773,0.14757076799869537,0.12486166656017303,0.13373721688985823,0.1081258088350296,0.1389378070831299
24,0.17864909023046494,0.1541741669178009,0.15860866010189056,0.14066577404737474,0.1717738389968872,0.17288432866334916
25,0.18634764552116395,0.17022739946842194,0.19177689403295517,0.16139581203460693,0.18707915246486664,0.1813089743256569
26,0.47595069408416746,0.3950844883918762,0.3945354402065277,0.29637130796909333,0.3474959909915924,0.36046144366264343
0,0.02246214138964812,0.033560238778591156,0.040221748770111136,0.04898477118048403,0.04496977354089419,0.03623464827736219
1,0.01809696234866149,0.017488570262988407,0.0177734126854274,0.024913257712291345,0.01570177838827173,0.01853127001474301
2,0.014875101080785194,0.014858026316182481,0.015969326512681112,0.02156200415144364,0.024802147255589563,0.01620198522383968
3,0.019874923034674592,0.028141695592138503,0.028993959331678018,0.036856912904315524,0.029815083783533838,0.0308045566909843
4,0.013245735472689072,0.017629643229560718,0.019620373017258115,0.02396087669250038,0.019739834384785757,0.01958484844201141
5,0.33696452114317155,0.15386210216416252,0.15142136977778542,0.14603338142236075,0.1194980065855715,0.1500280557407273
6,0.547869473695755,0.5163733263810476,0.5331816375255585,0.5113472971651289,0.5283530818091499,0.5400661461883121
7,0.7533044550153944,0.6619761420620812,0.6856037411424849,0.6483658386601342,0.7179656094974942,0.6902352339691586
8,0.8967907494968839,0.8625025550524393,0.8306195868386163,0.7947889036602445,0.8014468219545152,0.8537186251746284
9,0.5609265069166819,0.4030354420344035,0.39582332968711853,0.2944030910730362,0.35778099960751003,0.3759638766447703
10,0.3627120190196567,0.20010114543967777,0.20523776610692343,0.16335302011834252,0.20169813765419853,0.1999751759899987
11,0.6456095774968466,0.4787901010778215,0.5084764858086904,0.5281054940488603,0.4912681778271993,0.49115415745311314
12,0.21018054915799034,0.09336201184325749,0.09694445547130373,0.09799838976727591,0.09942106902599335,0.08583114503158464
13,0.322431484858195,0.1890898131661945,0.17483859095308515,0.21148693561553955,0.18237357669406468,0.1779468134045601
14,0.752633167637719,0.6290912098354764,0.5731614496972826,0.5572128792603811,0.5883046620421939,0.6230742434660593
15,0.40876776973406476,0.23809724383884007,0.20123308565881518,0.16655800491571426,0.24544572664631736,0.231016359395451
16,0.8095063037342496,0.708060622215271,0.6768070393138461,0.6302937931484647,0.689235786596934,0.7019706302218967
17,0.8976468841234843,0.7981749706798129,0.7777558697594537,0.7881800068749322,0.78433848089642,0.7993594540490044
18,0.9209634396764967,0.8694658875465393,0.8746541937192281,0.8595921066072252,0.8251788881089952,0.886455065674252
19,0.9344887468549941,0.9614341921276517,0.9553984668519762,0.9392730792363485,0.9438414110077752,0.9576434559292264
20,0.9378501375516256,0.9576719933085971,0.9548058576054044,0.9473303821351793,0.9516837265756395,0.965532018078698
21,0.5060807797643874,0.5777279668384128,0.6186651388804117,0.6440518233511183,0.6654586096604665,0.6465984582901001
22,0.6976397501097785,0.5485572980509864,0.5301973356140984,0.47348229421509636,0.5374399953418307,0.5272509356339773
23,0.5654661854108175,0.3881155451138814,0.40059558550516766,0.42249947786331177,0.33929990728696185,0.3719380067454444
24,0.5744342936409844,0.44346969326337177,0.4518497851159837,0.45410802960395813,0.3804085718260871,0.42781692412164474
25,0.3503155642085605,0.18855023052957323,0.19444406115346485,0.19847888002792993,0.1851715420683225,0.1789188873436716
26,0.19316288332144418,0.0717443000111315,0.08874667808413506,0.09244794895251592,0.06310279149976042,0.07518953084945679
27,0.5930552879969279,0.3884843322965834,0.3780491484536065,0.3271959291564094,0.35889348056581283,0.38096411029497784
28,0.5968037479453616,0.28670190936989254,0.2726844698190689,0.258873270617591,0.2848580562406116,0.2728927665286594
29,0.723279509279463,0.5470753709475199,0.5354202621512942,0.474267926481035,0.5271249347262912,0.5429230233033498
0,0.09478966643412907,0.06060780708988508,0.04576462755600611,0.06401421253879865,0.06637447948257129,0.06829888373613358
1,0.09513493130604427,0.046913949151833854,0.04662765935063362,0.06068451330065727,0.05350097641348839,0.036552450309197106
2,0.08627771337827046,0.06286246950427692,0.04942555477221807,0.05538754413525263,0.06787617752949397,0.05237432817618052
3,0.162564550836881,0.11780377725760142,0.10125979781150818,0.10279230028390884,0.10517915338277817,0.09944189836581548
4,0.19397962590058646,0.3971274495124817,0.3831031024456024,0.43195729454358417,0.4347080687681834,0.42584336797396344
5,0.7532987594604492,0.7106000582377116,0.7576539913813273,0.7861949404080709,0.7488221327463785,0.740686297416687
6,0.6367438832918803,0.6765106320381165,0.6413169304529825,0.6493962009747823,0.5398805240790049,0.6575759847958883
7,0.33454376459121704,0.20664739608764648,0.24320465326309204,0.23931616048018137,0.26929547389348346,0.19628246128559113
8,0.49599530299504596,0.32458070913950604,0.3873664637406667,0.3523057202498118,0.3864457110563914,0.36781076590220135
9,0.31565864384174347,0.23589257895946503,0.23308718701203665,0.27182650069395703,0.2553407698869705,0.2403493970632553
10,0.3553357720375061,0.2918667395909627,0.2870990087588628,0.24259778360525766,0.25680650770664215,0.2950107703606288
11,0.4394438862800598,0.33965396881103516,0.32944431404272717,0.3426415026187897,0.3170285224914551,0.33968013028303784
12,0.3124698797861735,0.16126488149166107,0.20117742319901785,0.19700871407985687,0.13950183242559433,0.20543882250785828
13,0.753983755906423,0.6988640030225118,0.6866599718729655,0.7206061085065206,0.6042163074016571,0.658648153146108
14,0.788160502910614,0.8823048869768778,0.8843207955360413,0.7911009788513184,0.881860613822937,0.8701135913530985
15,0.889725903669993,0.8121794660886129,0.8132164080937704,0.8288560708363851,0.719182292620341,0.8068643808364868
16,0.8566874663035074,0.7374331553777059,0.7065630753835043,0.7489919861157736,0.6658389369646708,0.7493738134702047
17,0.532163143157959,0.4208073914051056,0.37994545698165894,0.3657779296239217,0.3882121642430623,0.40209545691808063
18,0.5615536669890085,0.4864408075809479,0.486254741748174,0.48675500353177387,0.43135781089464825,0.44963887333869934
19,0.4554505745569865,0.32060349980990094,0.2642204960187276,0.3843415280183156,0.3053332368532817,0.31476784745852154
20,0.4334580699602763,0.3635007341702779,0.3170148432254791,0.4021621644496918,0.3650184174378713,0.3575371603171031
21,0.38644784688949585,0.18198285003503165,0.1627167041103045,0.1620726635058721,0.15800464153289795,0.17576595644156137
22,0.7170565128326416,0.7403383056322733,0.671036422252655,0.6574749747912089,0.6326144138971964,0.7051242391268412
23,0.8618811766306559,0.8388656775156657,0.8249544103940328,0.8307519356409708,0.79034024477005,0.8279771407445272
24,0.8382323185602824,0.7899466554323832,0.7536868850390116,0.8312861919403076,0.7017226417859396,0.7853581309318542
0,0.10973757989704609,0.07033941596746444,0.06725145690143108,0.07501254230737686,0.0689375028014183,0.07406283691525459
1,0.2789800614118576,0.20190490186214446,0.19798728823661804,0.19368834793567657,0.194524385035038,0.20865267962217332
2,0.2427699089050293,0.1669903352856636,0.17645903825759887,0.15542776733636857,0.1443600669503212,0.15777693688869476
3,0.16189410388469697,0.27216648682951927,0.26948428601026536,0.2512014821171761,0.1768054947257042,0.22638939321041107
4,0.9016326069831848,0.8942304491996765,0.8865501403808593,0.9111527800559998,0.8455633878707886,0.8800433158874512
5,0.8206757664680481,0.6871360659599304,0.6490599989891053,0.6651565074920655,0.6427030682563781,0.6879794120788574
6,0.9181383490562439,0.9313452363014221,0.9285143136978149,0.9223604083061219,0.9187714219093323,0.9232272863388061
7,0.3302692711353302,0.1388557195663452,0.11764680296182632,0.13119328022003174,0.13027915060520173,0.11797179281711578
8,0.24857208728790284,0.1024932861328125,0.08559012860059738,0.12280857414007187,0.0969158262014389,0.09430423676967621
9,0.23198204934597016,0.09758139103651046,0.08766931593418122,0.13620631843805314,0.09607932120561599,0.09775096774101258
10,0.19092219471931457,0.07182476818561553,0.064075069129467,0.07393730357289315,0.06648379638791084,0.06878172755241393
11,0.15221164226531983,0.06589998118579388,0.0562127873301506,0.07332569360733032,0.05857204273343086,0.060246773064136505
12,0.08432866856455803,0.04159062281250954,0.04245718307793141,0.053047721087932584,0.04160777069628239,0.0442032415419817
13,0.1082309328019619,0.061407683044672014,0.04867624938488006,0.07143795862793922,0.059754394739866254,0.057616743445396426
14,0.5742635250091552,0.4626434803009033,0.36075885891914367,0.42411512732505796,0.35463584661483766,0.3658342480659485
15,0.6979819059371948,0.7753944993019104,0.7378352165222168,0.771797513961792,0.7815996766090393,0.7881416320800781
16,0.8410546660423279,0.8239510297775269,0.7969339489936829,0.8007743120193481,0.8428329944610595,0.834357213973999
17,0.8602172374725342,0.8664182901382447,0.8722358703613281,0.8678112149238586,0.7463425397872925,0.8522672533988953
18,0.8726986646652222,0.8667369484901428,0.8768435835838317,0.8427090644836426,0.8382771611213684,0.8691585063934326
19,0.5540544331073761,0.4045375347137451,0.4215328454971313,0.3787629306316376,0.3839954614639282,0.4041825830936432
20,0.16606027483940125,0.0756012186408043,0.07583554163575172,0.08438742533326149,0.0769779585301876,0.07056265398859977
21,0.13811237514019012,0.06483517065644265,0.07671494111418724,0.07426327839493752,0.0914369836449623,0.06673109158873558
22,0.2904506057500839,0.15062395185232164,0.16343925297260284,0.16841881424188615,0.15588838905096053,0.1550736129283905
23,0.14960039556026458,0.05288485810160637,0.06103766709566116,0.07069120332598686,0.06321150884032249,0.05472275838255882
24,0.0745371088385582,0.02439507432281971,0.025506268069148064,0.024475574679672717,0.02821824997663498,0.024277072586119174
0,0.7369715809822083,0.5581320345401763,0.5607601225376129,0.6292685627937317,0.5546799540519715,0.5536425352096558
1,0.6691195726394653,0.5712953209877014,0.5576854586601258,0.6104828774929046,0.5687240719795227,0.5381411731243133
2,0.653804349899292,0.466867059469223,0.46129084229469297,0.5772463321685791,0.4392065167427063,0.4695942461490631
3,0.7948817014694214,0.699802839756012,0.6788053512573242,0.7699493288993835,0.7053532481193543,0.7029011249542236
4,0.8256141781806946,0.75817391872406,0.7286482572555542,0.8223202586174011,0.7716990232467651,0.7879379987716675
5,0.9382739424705505,0.9717325210571289,0.9705727219581604,0.9668718218803406,0.9716804146766662,0.9634719491004944
6,0.928203022480011,0.9730629801750184,0.969402265548706,0.9724827408790588,0.9671007990837097,0.9646445631980896
7,0.47338281869888305,0.24757688343524933,0.2178294450044632,0.25769974291324615,0.2401563197374344,0.295461043715477
8,0.1947700038552284,0.12760613933205606,0.12460704296827316,0.14239089488983153,0.10818986594676971,0.11809969544410706
9,0.1879732310771942,0.12626958936452864,0.12495819702744485,0.11700765639543534,0.10826062075793744,0.1108221784234047
10,0.14540267437696458,0.07824726328253746,0.08719026520848275,0.08199049308896064,0.07004742287099361,0.07728577740490436
11,0.17169562429189683,0.11298799738287926,0.11820675805211067,0.10173209719359874,0.10701587609946728,0.09853571355342865
12,0.20558994114398957,0.1398254305124283,0.13413330614566804,0.11984933987259865,0.14080861881375312,0.13625833317637442
13,0.30435408353805543,0.15498095750808716,0.14702485203742982,0.17993042021989822,0.15907047539949418,0.15645109862089157
14,0.322491329908371,0.30962431728839873,0.3542906314134598,0.33795891106128695,0.22047294229269027,0.35603456795215604
15,0.5344358146190643,0.32436815500259397,0.3349145591259003,0.3072227716445923,0.35721310377120974,0.3240724802017212
16,0.4399288475513458,0.4363573849201202,0.43838745951652525,0.36489433646202085,0.40095836818218233,0.4165490746498108
17,0.4422240316867828,0.3018409937620163,0.2928008854389191,0.2758847177028656,0.28339981138706205,0.2988449245691299
18,0.31168133914470675,0.19234284162521362,0.21586814820766448,0.20675721466541291,0.20657683908939362,0.19871830344200134
19,0.2863664567470551,0.22879341542720794,0.24180021584033967,0.21572028398513793,0.20059977769851683,0.2068575695157051
20,0.32506656646728516,0.25962403416633606,0.2445252060890198,0.23406009376049042,0.24272151291370392,0.24027173817157746
21,0.2980449587106705,0.21582126021385192,0.1995390385389328,0.17272900342941283,0.1978483483195305,0.19294412136077882
22,0.27435916662216187,0.17929993122816085,0.17879927456378936,0.15230501741170882,0.16558810472488403,0.15175508558750153
23,0.30274642407894137,0.1702030837535858,0.183600515127182,0.17735255360603333,0.16182076781988144,0.17362577468156815
24,0.32162393927574157,0.22443838715553283,0.22304302155971528,0.19851996302604674,0.2331312984228134,0.22894397377967834
0,0.027483968995511532,0.036114742048084736,0.036985959857702255,0.05528613366186619,0.04893355816602707,0.040432803332805634
1,0.07944099232554436,0.15431370586156845,0.15238667652010918,0.1502397172152996,0.1600920706987381,0.14259023219347
2,0.09138361737132072,0.1030944287776947,0.0974074937403202,0.1527520939707756,0.1282380260527134,0.09405970945954323
3,0.2835334613919258,0.18365339934825897,0.15974029898643494,0.1662394031882286,0.17771705985069275,0.15668248385190964
4,0.3024080842733383,0.1362871639430523,0.14932935312390327,0.17870671302080154,0.22229744121432304,0.14764349162578583
5,0.7668577432632446,0.8130924701690674,0.7994394600391388,0.6982511579990387,0.8380423486232758,0.8229323923587799
6,0.9058877229690552,0.8889835774898529,0.8751643002033234,0.7847598195075989,0.8972683548927307,0.891592413187027
7,0.8368556499481201,0.7668308019638062,0.7425771355628967,0.7433335185050964,0.698085218667984,0.7602337300777435
8,0.8182287514209747,0.6565908789634705,0.6596478223800659,0.6593078076839447,0.6218538880348206,0.6468964517116547
9,0.6391983926296234,0.5051102042198181,0.4995144456624985,0.4909888058900833,0.47429564595222473,0.5107790231704712
10,0.6689428687095642,0.5473134219646454,0.5577183812856674,0.5769643783569336,0.5154575258493423,0.5659813284873962
11,0.7583107352256775,0.5663775205612183,0.5601650178432465,0.4891301691532135,0.54671910405159,0.585953027009964
12,0.4121078550815582,0.20637961477041245,0.21472161263227463,0.1899612694978714,0.2248498871922493,0.23080738633871078
13,0.36621591448783875,0.14672166109085083,0.16643162816762924,0.16503460705280304,0.15885943919420242,0.13683107495307922
14,0.44945281744003296,0.19386565685272217,0.21329182386398315,0.17281531542539597,0.15282244980335236,0.20209569483995438
15,0.32598617672920227,0.2086286023259163,0.22575341165065765,0.2151065319776535,0.20258678495883942,0.221842460334301
16,0.27596941590309143,0.13084949180483818,0.14653000235557556,0.1338360384106636,0.13533999398350716,0.14555925875902176
17,0.45371823012828827,0.28847895562648773,0.2963353246450424,0.2554645240306854,0.19025695323944092,0.2675290033221245
18,0.9063206315040588,0.7837392687797546,0.8322151005268097,0.8859301209449768,0.7140300273895264,0.8345907330513
19,0.9048576056957245,0.9117752909660339,0.9446686506271362,0.914098709821701,0.9100995063781738,0.9294656813144684
20,0.9166554808616638,0.9555307924747467,0.94826939702034,0.9410318732261658,0.9321553409099579,0.9439087510108948
21,0.6422635614871979,0.3493959903717041,0.30257079005241394,0.4301982522010803,0.29749034345149994,0.3261865824460983
22,0.29611892998218536,0.1046593114733696,0.1269129179418087,0.11923417076468468,0.1521015800535679,0.13133511692285538
23,0.4031696915626526,0.20819177478551865,0.19897979497909546,0.1873226761817932,0.2751168757677078,0.23524266481399536
24,0.2390870898962021,0.13671369850635529,0.13706074655056,0.08796889707446098,0.12161750718951225,0.11101707071065903
25,0.3018239885568619,0.252091683447361,0.3153017610311508,0.23818594962358475,0.26110799610614777,0.27244481444358826
26,0.3660210967063904,0.2724636420607567,0.2648846358060837,0.23482463508844376,0.2439606636762619,0.2951059341430664
27,0.2249947413802147,0.11538290604948997,0.11676052957773209,0.10188309103250504,0.08594587445259094,0.08940503746271133
28,0.11859747767448425,0.09407604485750198,0.07671868428587914,0.06927075609564781,0.06459775008261204,0.08865092508494854
29,0.33078835904598236,0.2680285647511482,0.28129153698682785,0.21503598242998123,0.2523954436182976,0.24585769325494766
30,0.26539403200149536,0.1474457085132599,0.14706332236528397,0.16691604256629944,0.14372604340314865,0.13456988334655762
31,0.25376274436712265,0.21397477388381958,0.21606066823005676,0.1514185592532158,0.23215460777282715,0.19173845648765564
0,0.10615464175740878,0.05150565753380457,0.05621861356000105,0.054465516159931816,0.056642760833104454,0.051438696682453156
1,0.0702957846224308,0.030855280657609303,0.02942271965245406,0.022761625548203785,0.02556097445388635,0.028805528456966083
2,0.07967977101604144,0.03487736669679483,0.035058651119470596,0.029923437163233757,0.031028191248575848,0.034139739349484444
3,0.04056244467695554,0.011050178358952204,0.012790380045771599,0.009460846272607645,0.010327913332730532,0.012027720920741558
4,0.9284886519114176,0.927426815032959,0.9287872115770975,0.8978287577629089,0.9203377167383829,0.9210765163103739
5,0.9422416885693868,0.9469265739123026,0.9429913361867269,0.9350809256235758,0.919873853524526,0.9543319741884867
6,0.9177816907564799,0.8878881732622782,0.8894138336181641,0.8902389605840048,0.8601584235827128,0.8847080667813619
7,0.8037447730700175,0.7385435700416565,0.6970190604527792,0.7901919881502787,0.737231969833374,0.7609519561131796
8,0.49851929148038227,0.2991122206052144,0.3174181977907817,0.3490501443545024,0.28150417904059094,0.2769345889488856
9,0.25933680931727093,0.09821854531764984,0.09936172266801198,0.12204754104216893,0.09249225010474522,0.09283697853485744
10,0.2616976151863734,0.13357354700565338,0.14508934815724692,0.15448016673326492,0.13664477318525314,0.15042137602965036
11,0.18868855138619742,0.1173487330476443,0.11912779261668523,0.13296332707007727,0.13291745136181513,0.11788839350144069
12,0.1416890819867452,0.09136340022087097,0.09567765394846599,0.09722788383563359,0.09048750003178914,0.09494517619411151
13,0.19006715218226114,0.1207819680372874,0.1042498101790746,0.13837233682473501,0.13071702669064203,0.13206866631905237
14,0.08826450755198796,0.053332688907782234,0.05970268944899241,0.0501013807952404,0.06009780863920847,0.048991588254769645
15,0.12716340521971384,0.057475936909516655,0.06258221715688705,0.05368207395076752,0.0535590797662735,0.050309148927529655
16,0.715149720509847,0.7925995190938314,0.6907764275868734,0.7668339610099792,0.7098429799079895,0.7683220903078715
17,0.8303645451863607,0.8111274441083273,0.797153373559316,0.7741156617800394,0.7718318700790405,0.7906978726387024
18,0.6644215981165568,0.48537025849024457,0.39846744139989215,0.3823976119359334,0.38014092048009235,0.3586110870043437
19,0.5519434809684753,0.3302372048298518,0.3052491545677185,0.2927665114402771,0.26195572813351947,0.2608054280281067
20,0.4880903462568919,0.40081923206647235,0.363765021165212,0.4677036801973979,0.35718223949273425,0.4017048080762227
21,0.6495415568351746,0.4592037300268809,0.44146596391995746,0.4735439419746399,0.4250570336977641,0.4942389130592346
22,0.7375640273094177,0.7008002003033956,0.6706392765045166,0.5773376822471619,0.6545634667078654,0.7019309600194296
23,0.4506728947162628,0.34755751490592957,0.3677881757418315,0.3031000594298045,0.3633146584033966,0.3099717100461324
24,0.3484658896923065,0.3181741237640381,0.2900631974140803,0.24016062915325165,0.30568181971708935,0.28525210916996
25,0.2067821572224299,0.13901489228010178,0.12401627252499263,0.14917831619580588,0.15485219905773798,0.11423028508822124
26,0.2641744613647461,0.11085086564222972,0.10824012756347656,0.11742058644692104,0.09853803366422653,0.09691360841194789
0,0.026841027196496725,0.03943689027801156,0.037502576829865575,0.047421674244105816,0.032121256459504366,0.029854899737983942
1,0.06774097494781017,0.046074616722762585,0.04642326384782791,0.0665042563341558,0.036637927405536175,0.052507062908262014
2,0.08211704436689615,0.041199795552529395,0.03453944553621113,0.03871471551246941,0.025026129093021154,0.03484622063115239
3,0.09775750525295734,0.05775712989270687,0.05227181687951088,0.06545971008017659,0.04225081671029329,0.05372093617916107
4,0.42510320991277695,0.3486637771129608,0.2956102006137371,0.3240184374153614,0.3160281889140606,0.3082863837480545
5,0.7584757506847382,0.8146854788064957,0.7690270692110062,0.7434643507003784,0.805630698800087,0.8158215135335922
6,0.5566285029053688,0.7552994787693024,0.7521774768829346,0.7323185801506042,0.6287659108638763,0.7114918231964111
7,0.8223122656345367,0.7044718265533447,0.6490927636623383,0.6825438439846039,0.6978149116039276,0.6972261965274811
8,0.6138714849948883,0.43070129305124283,0.4105943664908409,0.4849642589688301,0.3995704725384712,0.42146557569503784
9,0.7291229665279388,0.6683657616376877,0.6975014060735703,0.6717574447393417,0.5672566741704941,0.6546741127967834
10,0.3118613585829735,0.1450535412877798,0.12501972541213036,0.1664363406598568,0.12401190027594566,0.12274355441331863
11,0.13049167580902576,0.028612832073122263,0.028950440231710672,0.0459276894107461,0.026053577661514282,0.027618838008493185
12,0.6404194384813309,0.5893202126026154,0.5278027653694153,0.5957323163747787,0.5094225332140923,0.533364899456501
13,0.5895037800073624,0.4545873552560806,0.5121942460536957,0.5315087512135506,0.38988979160785675,0.4639259800314903
14,0.8176403492689133,0.5457570552825928,0.5415792167186737,0.6033967137336731,0.5359257161617279,0.548047699034214
15,0.8886040598154068,0.7744088023900986,0.7873968631029129,0.7572957873344421,0.6970919370651245,0.7710228264331818
16,0.5703544244170189,0.41773245483636856,0.4249652177095413,0.4113878011703491,0.3270748071372509,0.4226410686969757
17,0.8212998360395432,0.8984774798154831,0.877236470580101,0.8580540269613266,0.8366529196500778,0.8740672469139099
18,0.8556185215711594,0.9430654793977737,0.9229314476251602,0.8922879546880722,0.9282494783401489,0.9242899864912033
19,0.8305211067199707,0.7145029157400131,0.7013476192951202,0.7046273797750473,0.6684583574533463,0.7292821407318115
20,0.2623887322843075,0.4653547927737236,0.46753571182489395,0.4431222900748253,0.47408922016620636,0.47617673873901367
21,0.43635376542806625,0.31998834013938904,0.3060469776391983,0.313875213265419,0.2911023534834385,0.3262554928660393
22,0.20797410979866982,0.08361190278083086,0.09760094247758389,0.09438125789165497,0.07209646422415972,0.08633215166628361
23,0.11706836335361004,0.032968738581985235,0.03762074373662472,0.036256948951631784,0.045943750999867916,0.04121727542951703
24,0.42268531024456024,0.24546314403414726,0.22284045070409775,0.2560676857829094,0.23915532231330872,0.24992090836167336
25,0.8177920579910278,0.7534838169813156,0.7114813327789307,0.7343905717134476,0.7426670789718628,0.7519108653068542
26,0.40051648020744324,0.20539385080337524,0.20509229972958565,0.17090485244989395,0.19336164742708206,0.2102396860718727
27,0.055035825818777084,0.032432779436931014,0.02426023967564106,0.03024428989738226,0.028354547917842865,0.031401281245052814
28,0.04800095234531909,0.01509119279216975,0.013163223746232688,0.020575488335452974,0.017191856517456472,0.016266079852357507
29,0.03180586593225598,0.027110141701996326,0.027365991845726967,0.030998483067378402,0.028197544626891613,0.02849779138341546
0,0.4194929227232933,0.2562062405049801,0.2579978369176388,0.2500147894024849,0.25365158915519714,0.252614364027977
1,0.30844538286328316,0.20909640938043594,0.19528603926301003,0.18901323527097702,0.145644323900342,0.21654538437724113
2,0.2160869501531124,0.15841700788587332,0.13355059921741486,0.14842901472002268,0.09513860382139683,0.13977216929197311
3,0.2516831010580063,0.15528045129030943,0.14331017062067986,0.143962518312037,0.10222875326871872,0.13910110108554363
4,0.39705514907836914,0.30883242189884186,0.2974050045013428,0.26381346955895424,0.323187418282032,0.30152563005685806
5,0.9268428832292557,0.9322682023048401,0.9201658070087433,0.9138169884681702,0.8850475549697876,0.9381235241889954
6,0.9259680658578873,0.9037407338619232,0.9233563989400864,0.9015704840421677,0.9010646343231201,0.9136801660060883
7,0.9175502955913544,0.9090662598609924,0.8886283785104752,0.8655068874359131,0.882132425904274,0.9079397916793823
8,0.7813300341367722,0.6484413892030716,0.6394367963075638,0.5817826390266418,0.6115892231464386,0.6447125822305679
9,0.47522561997175217,0.26936277002096176,0.282982274889946,0.3022679463028908,0.24499059841036797,0.2614281699061394
10,0.5719513595104218,0.41837260127067566,0.38383064419031143,0.3539382815361023,0.3230232074856758,0.34315910935401917
11,0.32913555949926376,0.1580895148217678,0.16808860376477242,0.16768281906843185,0.15078597515821457,0.16202706843614578
12,0.40474607050418854,0.2757542133331299,0.2816966213285923,0.31534741818904877,0.2676508016884327,0.2934337668120861
13,0.21015027910470963,0.1134576890617609,0.10703575611114502,0.11526150535792112,0.09740053676068783,0.11436454020440578
14,0.28545624390244484,0.253005214035511,0.2329353615641594,0.2589189372956753,0.2375279851257801,0.24008658528327942
15,0.31163275986909866,0.2789437361061573,0.2651570402085781,0.1977941244840622,0.25984811037778854,0.28531375154852867
16,0.38815971463918686,0.20327028632164001,0.2008771225810051,0.16424009390175343,0.18769041821360588,0.19810758903622627
17,0.11429103650152683,0.03787527326494455,0.04560885950922966,0.06497349217534065,0.05059245554730296,0.045704163145273924
18,0.8550070822238922,0.8410442918539047,0.8104447424411774,0.8069932013750076,0.8025894165039062,0.8421551436185837
19,0.9178611785173416,0.8315262645483017,0.7985917776823044,0.8070342540740967,0.7897078543901443,0.8305548131465912
20,0.9300130158662796,0.9097672998905182,0.8736742436885834,0.9129555821418762,0.8849858343601227,0.9048360735177994
21,0.7162380069494247,0.5991180464625359,0.5607031956315041,0.644863098859787,0.5652247443795204,0.6114085912704468
22,0.8378454893827438,0.7411882430315018,0.749183252453804,0.7006115019321442,0.721059188246727,0.7569377422332764
23,0.28315864503383636,0.19698919728398323,0.2058071382343769,0.1710444577038288,0.19028861820697784,0.17718682065606117
24,0.11598255857825279,0.04992008954286575,0.06893078051507473,0.06793342996388674,0.039043708704411983,0.055939885787665844
25,0.027889550663530827,0.01830739458091557,0.016634054016321898,0.020163470995612442,0.01463192980736494,0.01655176025815308
26,0.038708724081516266,0.019850508542731404,0.02114972285926342,0.01980906818062067,0.02797977183945477,0.02721903519704938
27,0.03301282168831676,0.01141911931335926,0.012027621152810752,0.01386446668766439,0.01654160814359784,0.012988433940336108
28,0.011286832392215729,0.010264622047543526,0.010143383289687335,0.011179152526892722,0.008382321335375309,0.009230620111338794
0,0.7942797541618347,0.6217874884605408,0.5605306625366211,0.5640904903411865,0.5665132999420166,0.5801463723182678
1,0.7475764751434326,0.6147191524505615,0.5730530023574829,0.5560464262962341,0.5976172089576721,0.5887269377708435
2,0.725970983505249,0.5470870137214661,0.6139371991157532,0.5807591080665588,0.5153986811637878,0.5294455885887146
3,0.5567252039909363,0.35590270161628723,0.336603581905365,0.45978349447250366,0.39967548847198486,0.380545437335968
4,0.4886776804924011,0.2640494704246521,0.2390591949224472,0.25538408756256104,0.29895222187042236,0.23858124017715454
5,0.6525797843933105,0.8443177342414856,0.807694673538208,0.8062273263931274,0.8699012994766235,0.8386080265045166
6,0.9401652812957764,0.9306002259254456,0.9092267751693726,0.9247440099716187,0.923675537109375,0.9301347136497498
7,0.8628153800964355,0.7227822542190552,0.8046236038208008,0.8034718632698059,0.7589147686958313,0.7833247780799866
8,0.8734464645385742,0.8037118911743164,0.7619535326957703,0.763433575630188,0.7699471712112427,0.7609872221946716
9,0.778700590133667,0.7353137135505676,0.7107380032539368,0.7791966795921326,0.6909012198448181,0.7147221565246582
10,0.8053359389305115,0.7936059236526489,0.8003709316253662,0.6562106013298035,0.7846887707710266,0.8125982880592346
11,0.32909056544303894,0.16225536167621613,0.1823338270187378,0.1928015500307083,0.18676885962486267,0.14674505591392517
12,0.2121167927980423,0.10259653627872467,0.08374230563640594,0.09954838454723358,0.1512954980134964,0.08103711158037186
13,0.22121603786945343,0.12087954580783844,0.15302090346813202,0.20091792941093445,0.1482384204864502,0.16120758652687073
14,0.1145101934671402,0.05873258784413338,0.08608360588550568,0.14718833565711975,0.045126404613256454,0.07424844801425934
15,0.24027611315250397,0.17947544157505035,0.197950080037117,0.24398082494735718,0.10627888888120651,0.19974200427532196
16,0.17921845614910126,0.12216119468212128,0.13315774500370026,0.11560533195734024,0.1276763379573822,0.1275521069765091
17,0.40758630633354187,0.2548989951610565,0.20773018896579742,0.17871367931365967,0.15926724672317505,0.22952710092067719
18,0.934176504611969,0.9310799837112427,0.9323996901512146,0.8959299325942993,0.902416467666626,0.917854368686676
19,0.9355790019035339,0.966128945350647,0.9551995992660522,0.9254477024078369,0.9349163770675659,0.9495083093643188
20,0.8501151204109192,0.8173595070838928,0.7942801117897034,0.7409292459487915,0.7718076705932617,0.8110743761062622
21,0.4229466915130615,0.5132092237472534,0.4041450619697571,0.556332528591156,0.5292822122573853,0.5097324848175049
22,0.48103684186935425,0.25025293231010437,0.25179147720336914,0.21868319809436798,0.1953018456697464,0.265176385641098
23,0.10665547102689743,0.05613899230957031,0.05746239796280861,0.07656361907720566,0.0683942511677742,0.04308144003152847
24,0.09314049780368805,0.08364728093147278,0.07826104760169983,0.0837702825665474,0.037069059908390045,0.07727488875389099
25,0.05366476997733116,0.04054805636405945,0.03783104568719864,0.04698006063699722,0.03670521825551987,0.04170936718583107
26,0.0622437559068203,0.01653180457651615,0.025822585448622704,0.03955533355474472,0.02413513883948326,0.02605559676885605
27,0.047392792999744415,0.01712687872350216,0.020599106326699257,0.02546939067542553,0.022997450083494186,0.0333288349211216
28,0.06827705353498459,0.025314800441265106,0.03045903705060482,0.03794826939702034,0.030371932312846184,0.04648834466934204
29,0.02441510371863842,0.03136754035949707,0.035804908722639084,0.043031852692365646,0.045047592371702194,0.04661571979522705
30,0.06396152079105377,0.10238686949014664,0.12234017997980118,0.10699288547039032,0.08956771343946457,0.0944518968462944
0,0.3440781980752945,0.22634391859173775,0.23569656908512115,0.2052361387759447,0.22242483496665955,0.23520958051085472
1,0.4545506611466408,0.28665001317858696,0.2809227481484413,0.28311575949192047,0.2778887450695038,0.3416255787014961
2,0.32907375134527683,0.30086878314614296,0.2993766814470291,0.2843518294394016,0.2973386384546757,0.30978328734636307
3,0.430850550532341,0.3201938271522522,0.3390699550509453,0.3289623185992241,0.3174673467874527,0.3378124311566353
4,0.23466608673334122,0.2558492422103882,0.32584794610738754,0.2591302953660488,0.28598225489258766,0.33063147217035294
5,0.24342910200357437,0.17389841191470623,0.15999817848205566,0.15567774325609207,0.14981584064662457,0.1645176075398922
6,0.2005672575905919,0.22197976894676685,0.14223572053015232,0.1562968697398901,0.14040821976959705,0.17280708067119122
7,0.24281961098313332,0.1163268443197012,0.12832947075366974,0.14511427842080593,0.10596106573939323,0.1269505601376295
8,0.062250809744000435,0.03414398292079568,0.03825492458418012,0.03665640577673912,0.030362398829311132,0.03368999529629946
9,0.41768065094947815,0.36518095433712006,0.3530949652194977,0.351039320230484,0.37226272374391556,0.37869783490896225
10,0.416103295981884,0.36780816316604614,0.3650487959384918,0.346795454621315,0.33403629064559937,0.3661770895123482
11,0.5409264340996742,0.3443768881261349,0.37122684717178345,0.34912222623825073,0.36476876586675644,0.33980412781238556
12,0.7290407717227936,0.6088462173938751,0.6132085025310516,0.5748410522937775,0.5630751848220825,0.6175347864627838
13,0.3149747848510742,0.1976146288216114,0.18907110020518303,0.20780017226934433,0.1909351646900177,0.19871104508638382
14,0.2316845878958702,0.1272611152380705,0.1359739601612091,0.16823142394423485,0.13322673179209232,0.12815802544355392
15,0.6490970104932785,0.40677501261234283,0.4195609614253044,0.39641784876585007,0.394582100212574,0.41222134977579117
16,0.879718542098999,0.8099609017372131,0.8392937183380127,0.8460371196269989,0.8046136200428009,0.8312378227710724
17,0.694108709692955,0.7798771560192108,0.7358434647321701,0.75929394364357,0.6980895549058914,0.739320695400238
18,0.5903307050466537,0.3095300421118736,0.3108321949839592,0.33319904655218124,0.26251744851469994,0.3213827461004257
19,0.3602079898118973,0.30814068019390106,0.33014047890901566,0.3263595327734947,0.32385531812906265,0.2997916080057621
20,0.5276456922292709,0.3700343444943428,0.3521922752261162,0.3681926280260086,0.35002248734235764,0.3806573674082756
21,0.8170283734798431,0.8007887005805969,0.7800528705120087,0.7695706337690353,0.7876607030630112,0.8035358339548111
22,0.843771830201149,0.8075121939182281,0.7915512025356293,0.7729494273662567,0.7893351912498474,0.7995834499597549
23,0.8445088714361191,0.8085676431655884,0.789251983165741,0.760169193148613,0.7884723842144012,0.7839935421943665
24,0.6832307130098343,0.5561719909310341,0.562299333512783,0.5776982977986336,0.5301905050873756,0.5036012977361679
25,0.6605540364980698,0.5079147964715958,0.49617375433444977,0.5055305883288383,0.4649410545825958,0.46395644545555115
26,0.682976484298706,0.45637382566928864,0.4296891465783119,0.49013837426900864,0.45180743932724,0.4217411056160927
27,0.3592232018709183,0.206582922488451,0.1940857581794262,0.22117145359516144,0.1864163503050804,0.22187059372663498
28,0.34970080107450485,0.15081774443387985,0.1515529751777649,0.22333477810025215,0.13161511719226837,0.17725858837366104
29,0.25395574420690536,0.12077935226261616,0.11754143983125687,0.13326945342123508,0.10674059018492699,0.11879104562103748
0,0.08549279098709424,0.3098156700531642,0.30934765934944153,0.37790467341740924,0.21857472757498422,0.30292996764183044
1,0.7595851620038351,0.5823006133238474,0.6159885128339132,0.6488293011983236,0.5063618322213491,0.5567044019699097
2,0.6003319621086121,0.33007138470808667,0.337374026576678,0.3299680252869924,0.33941832681496936,0.2904544671376546
3,0.5323062539100647,0.4217056930065155,0.4230479598045349,0.3699012001355489,0.3044561743736267,0.4496102035045624
4,0.42529649535814923,0.30318963527679443,0.31980633238951367,0.26620012521743774,0.20995516081651053,0.29951534668604535
5,0.496770699818929,0.49408557017644245,0.4621756275494893,0.36194804310798645,0.4925362865130107,0.46310898661613464
6,0.7656215230623881,0.7062121431032816,0.6246969302495321,0.588344673315684,0.6333796977996826,0.6157179474830627
7,0.6620069742202759,0.5703410903612772,0.538695216178894,0.5019982953866323,0.5375422437985738,0.5734208226203918
8,0.34246594707171124,0.18789868305126825,0.16051009545723596,0.2405738284190496,0.16180635740359625,0.18322420865297318
9,0.16383389631907144,0.07147892812887828,0.07029621427257855,0.07733015964428584,0.06468661998709042,0.06552168230215709
10,0.6228584249814352,0.3530299663543701,0.3160495658715566,0.35810044407844543,0.2947332412004471,0.31768502791722614
11,0.6656111677487692,0.41652895013491315,0.36795636018117267,0.3634541531403859,0.39160001277923584,0.36114322145779926
12,0.23113804558912912,0.14113958179950714,0.12988497565189996,0.15718096743027368,0.12108392268419266,0.1264697735508283
13,0.7336023847262064,0.8574925263722738,0.8590427041053772,0.8159664471944174,0.8296754956245422,0.8382099668184916
14,0.8495511412620544,0.9323127468427023,0.9199055830637614,0.8932515382766724,0.9191139737764994,0.9136149088541666
15,0.8297331929206848,0.8389940857887268,0.8215048313140869,0.790915052096049,0.7722603480021158,0.7980770468711853
16,0.7989838322003683,0.713085949420929,0.6812097032864889,0.6448196371396383,0.6259299914042155,0.6824172735214233
17,0.6735080679257711,0.5468543171882629,0.5071820318698883,0.5081175267696381,0.4487740198771159,0.49541767438252765
18,0.4758748511473338,0.3350638250509898,0.3649328649044037,0.304263432820638,0.3407350977261861,0.38131101926167804
19,0.3220826983451843,0.20058479408423105,0.1783076524734497,0.1935850183169047,0.20200358827908835,0.18817124764124551
20,0.1807739958167076,0.0932723085085551,0.10270047063628833,0.09906896700461705,0.12776833027601242,0.11285375555356343
21,0.1747471938530604,0.12838940570751825,0.1161578396956126,0.13943144182364145,0.11477314432462056,0.13616250455379486
22,0.10588022818168004,0.07846301918228467,0.06566612298289935,0.06988656148314476,0.05370941758155823,0.07065820197264354
23,0.07458535706003507,0.05889951561888059,0.04329322651028633,0.051822581638892494,0.04292998587091764,0.04946410283446312
24,0.05614988630016645,0.0358253289014101,0.026926763355731964,0.0379927729566892,0.029911625509460766,0.030603904277086258
25,0.09404484927654266,0.0538792721927166,0.04230646789073944,0.05072811742623647,0.04519397268692652,0.04274666433533033
26,0.13210390011469522,0.07890747239192326,0.06938063850005467,0.08718008548021317,0.06893869241078694,0.058024572829405464
0,0.4472336173057556,0.33053305745124817,0.29871369153261185,0.3071527071297169,0.24369963258504868,0.2645691707730293
1,0.6849306970834732,0.48469259589910507,0.4403233751654625,0.42297153919935226,0.4402075558900833,0.41072042286396027
2,0.8385657519102097,0.7632078528404236,0.7353076040744781,0.7078386098146439,0.754640981554985,0.702972874045372
3,0.36098627746105194,0.30423830449581146,0.2620045132935047,0.2926173023879528,0.22181817889213562,0.22077986225485802
4,0.20820476487278938,0.15903239324688911,0.18060352467000484,0.223586518317461,0.09815872833132744,0.14355463720858097
5,0.2748086638748646,0.1648423857986927,0.1742066154256463,0.16491627972573042,0.16148152854293585,0.1440123077481985
6,0.1805693507194519,0.09884569607675076,0.10475379601120949,0.09292339906096458,0.09163719043135643,0.10300585441291332
7,0.15127032063901424,0.10808424837887287,0.09857379831373692,0.08727034740149975,0.091143480502069,0.09327904228121042
8,0.10367648303508759,0.06605949951335788,0.06884472630918026,0.06549571733921766,0.05040941433981061,0.06155456276610494
9,0.17009859066456556,0.11677252687513828,0.12797614373266697,0.12000066041946411,0.10064825974404812,0.11638185009360313
10,0.4415703974664211,0.5634958148002625,0.5482512935996056,0.4976736456155777,0.5922337584197521,0.544082373380661
11,0.3509598821401596,0.3440624661743641,0.353010818362236,0.33326856046915054,0.3046420179307461,0.3374433182179928
12,0.5289179980754852,0.5112801268696785,0.45773904025554657,0.4453049749135971,0.47454771399497986,0.5099810138344765
13,0.5693206191062927,0.6043487191200256,0.530213750898838,0.5379153937101364,0.5076415836811066,0.6069464609026909
14,0.3108368031680584,0.21238434314727783,0.17795491591095924,0.16080407239496708,0.1798979789018631,0.1986686959862709
15,0.6033425480127335,0.4802912250161171,0.4407004043459892,0.40537311136722565,0.4545402154326439,0.4741514325141907
16,0.43037931621074677,0.4022752344608307,0.3358239233493805,0.3899555504322052,0.31460315734148026,0.3578866869211197
17,0.44911739975214005,0.40287645906209946,0.36540088057518005,0.3625258579850197,0.360548235476017,0.3914952203631401
18,0.4801059812307358,0.6274470835924149,0.6739291399717331,0.6839132905006409,0.5257449969649315,0.6877724975347519
19,0.15801035799086094,0.06643755454570055,0.07253815606236458,0.08317738678306341,0.05714604165405035,0.0731536503881216
20,0.565299965441227,0.42888984829187393,0.4793529361486435,0.4272809438407421,0.43243324011564255,0.462337426841259
21,0.743426114320755,0.6539425700902939,0.663755863904953,0.6688818484544754,0.5925918519496918,0.6523432284593582
22,0.6251734495162964,0.3973323926329613,0.4208512604236603,0.41251252591609955,0.3757544979453087,0.41881604492664337
23,0.39326006174087524,0.2798880562186241,0.2876655384898186,0.24818377941846848,0.27718254923820496,0.22370415553450584
24,0.7389919310808182,0.6189793944358826,0.6205389648675919,0.6019601076841354,0.5832003504037857,0.6456873714923859
25,0.6320929080247879,0.5608861967921257,0.563637763261795,0.6161558926105499,0.5557205975055695,0.584807425737381
26,0.49247439950704575,0.4955917149782181,0.5234215259552002,0.4787793233990669,0.44362742453813553,0.49864229559898376
0,0.837754875421524,0.7035958766937256,0.6644622087478638,0.6865879595279694,0.6937144100666046,0.6935138404369354
1,0.7594462633132935,0.6971023827791214,0.6740162670612335,0.6517760157585144,0.6992380768060684,0.6917213350534439
2,0.6709175705909729,0.41712335497140884,0.43599578738212585,0.3858203589916229,0.4251617342233658,0.4140348508954048
3,0.9208201467990875,0.8848812282085419,0.8687401115894318,0.8782733380794525,0.8394825309514999,0.8910020738840103
4,0.8979324251413345,0.8920933455228806,0.89319808781147,0.8937794268131256,0.8544825613498688,0.9058266878128052
5,0.754865974187851,0.6798867434263229,0.6469409912824631,0.6996893137693405,0.6339018046855927,0.6230804473161697
6,0.6205921992659569,0.8523503839969635,0.831975981593132,0.8013678640127182,0.7800484299659729,0.8243579417467117
7,0.6399506032466888,0.4383118525147438,0.4753652438521385,0.38035113364458084,0.4122141972184181,0.4592684581875801
8,0.7168406844139099,0.5837132856249809,0.5704130381345749,0.658608466386795,0.4853461980819702,0.5428549200296402
9,0.9002574533224106,0.8024080544710159,0.8559623062610626,0.8613879978656769,0.7586163580417633,0.8485005348920822
10,0.7817627638578415,0.6162541955709457,0.6766897141933441,0.6433246582746506,0.5422494933009148,0.6350540518760681
11,0.33952656388282776,0.16329775378108025,0.16853806376457214,0.19630105420947075,0.14037123508751392,0.18026647716760635
12,0.4105175659060478,0.1589807439595461,0.16640773601830006,0.15703623741865158,0.1424144245684147,0.15333148837089539
13,0.5328537672758102,0.27400513738393784,0.284574456512928,0.3310360312461853,0.23244939371943474,0.25620797649025917
14,0.22704871371388435,0.1264027375727892,0.1522929985076189,0.1250802930444479,0.08277931064367294,0.1074800044298172
15,0.4167029783129692,0.2233702689409256,0.253371212631464,0.2109781764447689,0.1836822982877493,0.21771839633584023
16,0.13132212217897177,0.1461584661155939,0.14964274689555168,0.12750188633799553,0.11423507612198591,0.13252772390842438
17,0.1566522978246212,0.1449030600488186,0.16159232519567013,0.15237986110150814,0.1416919305920601,0.16804152727127075
18,0.4965406432747841,0.358283132314682,0.3722230792045593,0.3655218183994293,0.3571137562394142,0.38968903571367264
19,0.5188098475337029,0.3349186107516289,0.31674714013934135,0.31643010675907135,0.2719946727156639,0.33808600902557373
20,0.44571153819561005,0.3594348281621933,0.3034382648766041,0.28073884546756744,0.34150872379541397,0.2951604127883911
21,0.2723722979426384,0.26159996166825294,0.31104840338230133,0.2480040043592453,0.21202192641794682,0.24434849992394447
22,0.24617670103907585,0.2233830988407135,0.2306690514087677,0.21908031404018402,0.24325041100382805,0.2191528081893921
23,0.4016621261835098,0.2994939461350441,0.3079332038760185,0.26667868345975876,0.3168063424527645,0.2911349721252918
24,0.14305719174444675,0.06843932252377272,0.0818805992603302,0.08322095219045877,0.06549494713544846,0.08144695684313774
25,0.09101320430636406,0.036787638906389475,0.03731420589610934,0.04710183944553137,0.047541603446006775,0.040412324480712414
26,0.10173958726227283,0.03872896824032068,0.04304155008867383,0.045393873937428,0.04140237346291542,0.04056771472096443
27,0.04486520355567336,0.023756993701681495,0.03008082276210189,0.028087811078876257,0.0217641475610435,0.026305655017495155
28,0.051104079466313124,0.05409719329327345,0.04374509723857045,0.06244148500263691,0.04607868753373623,0.05108322389423847
0,0.16399972637494406,0.10686776787042618,0.1304745947321256,0.11915826300779979,0.0866786390542984,0.09372179210186005
1,0.3312195340792338,0.4121957669655482,0.39462868372599286,0.40902523199717206,0.24960450331370035,0.3977647125720978
2,0.2537906616926193,0.4780930082003276,0.5357489983240763,0.6027785241603851,0.539326032002767,0.5548989276091257
3,0.6892290314038595,0.7516185243924459,0.7739388744036356,0.7781968116760254,0.778391977151235,0.8163513342539469
4,0.855057418346405,0.9019105434417725,0.8664925495783488,0.8584845463434855,0.8619532187779745,0.8885774811108907
5,0.9043485323588053,0.9453317920366923,0.9372082153956095,0.9328187306722006,0.9315726359685262,0.9452846050262451
6,0.9205561677614847,0.9197164376576742,0.9067084789276123,0.8901906410853068,0.8913693030675253,0.9171616435050964
7,0.899654229482015,0.8355977733929952,0.8476712902386984,0.831648568312327,0.8299147685368856,0.847300668557485
8,0.7572607398033142,0.6022289196650187,0.6212326089541117,0.60634446144104,0.5986474951108297,0.5958471894264221
9,0.6317312121391296,0.538817822933197,0.5296037594477335,0.508684515953064,0.5614202817281088,0.5488892098267873
10,0.9096531867980957,0.8779426018397013,0.8882748683293661,0.8634225130081177,0.8741512894630432,0.8938755393028259
11,0.8728154500325521,0.8629481196403503,0.8587473829587301,0.8349845210711161,0.8435877561569214,0.8750495314598083
12,0.8257334033648173,0.8262449105580648,0.8157063126564026,0.8421063224474589,0.7694562673568726,0.8415754834810892
13,0.7042468587557474,0.6098816792170206,0.6814815203348795,0.6951274871826172,0.5864961544672648,0.64713982741038
14,0.642189641793569,0.4179571767648061,0.4427305857340495,0.41651297609011334,0.4827795624732971,0.43385791778564453
15,0.6308148304621378,0.419929176568985,0.44364283482233685,0.4267304241657257,0.3836483259995778,0.43285922209421795
16,0.5509294867515564,0.3824182053407033,0.3833131492137909,0.3774460554122925,0.3875132004419963,0.3986235062281291
17,0.16381517052650452,0.05209144577383995,0.05439934258659681,0.051125042140483856,0.06947783629099528,0.05353571598728498
18,0.16329828401406607,0.05936874325076739,0.06696054587761562,0.06348556901017825,0.07809373488028844,0.06920124342044194
19,0.17261307934919992,0.0766280045111974,0.07200805221994717,0.08149829506874084,0.09063015629847844,0.08233383546272914
20,0.13128701597452164,0.039529006307323776,0.03743404212097327,0.046215406308571495,0.04419425191978613,0.03613396858175596
21,0.1936874638001124,0.08628620952367783,0.0876423567533493,0.1197925607363383,0.10081121325492859,0.08981571346521378
22,0.24267451465129852,0.17029422521591187,0.15087548891703287,0.1948937326669693,0.1631245811780294,0.15233125785986582
23,0.41375666856765747,0.23043506840864816,0.25095584988594055,0.25440660615762073,0.23426837225755057,0.22826744119326273
24,0.7078540523846945,0.4697783589363098,0.4571998218695323,0.496468464533488,0.4808191657066345,0.48975517352422077
25,0.20465621848901114,0.13773058851559958,0.1367806593577067,0.181508868932724,0.14686966190735498,0.14290388921896616
26,0.21921038627624512,0.16611169775327048,0.15182873606681824,0.193389430642128,0.15246172746022543,0.16482647260030112
27,0.4505000710487366,0.3075980991125107,0.30959802865982056,0.3259748617808024,0.33398641149202984,0.2911998778581619
28,0.2658879409233729,0.23625768721103668,0.26339193681875867,0.32290223240852356,0.23805388808250427,0.2316168745358785
29,0.2491466999053955,0.1637231856584549,0.14750064412752786,0.17028464873631796,0.15204628805319467,0.14925253887971243
30,0.35986082752545673,0.27235540747642517,0.2523583422104518,0.27314533789952594,0.2418109973271688,0.25970353682835895
31,0.5466733872890472,0.4839214285214742,0.49058107535044354,0.4766666094462077,0.47013219197591144,0.4678315619627635
32,0.5647253394126892,0.5190522571404775,0.4891934593518575,0.525252640247345,0.4590143859386444,0.49039440353711444
33,0.4629732072353363,0.487730731566747,0.4985154966513316,0.43114063143730164,0.4106626808643341,0.42282309134801227
34,0.3258100201686223,0.24549196660518646,0.2424470583597819,0.23540558914343515,0.24264859159787497,0.22824870546658835
35,0.3514581521352132,0.27646805346012115,0.2632795224587123,0.27526837090651196,0.23755698402722678,0.2510320842266083
36,0.34561023116111755,0.167287215590477,0.18727730214595795,0.1992028405268987,0.18130350609620413,0.18394315739472708
37,0.493711253007253,0.23136568069458008,0.23884245256582895,0.3159224291642507,0.2691616217295329,0.2397077182928721
38,0.5598364671071371,0.46100719769795734,0.4599191149075826,0.5224358836809794,0.41994544863700867,0.4917510747909546
39,0.48293835918108624,0.40129438042640686,0.40942078828811646,0.4463203251361847,0.40039463837941486,0.4295952518781026
40,0.6019139687220255,0.5529491603374481,0.5362696250279745,0.5848063230514526,0.5113359689712524,0.5359444320201874
41,0.06334466859698296,0.22979703048865,0.23966313898563385,0.2539752374092738,0.2501581112543742,0.21547561883926392
42,0.06132527068257332,0.17428874224424362,0.16181978086630502,0.19885056714216867,0.13943785925706229,0.1592590386668841
43,0.05095807525018851,0.14326842377583185,0.12154173726836841,0.1583758865793546,0.09788861994942029,0.1099025768538316
44,0.507582018772761,0.2953864385684331,0.3870061784982681,0.3742727190256119,0.2591536045074463,0.31633491814136505
45,0.6883728702863058,0.49009929100672406,0.5182697673638662,0.5162693460782369,0.4484433134396871,0.4774080018202464
46,0.2776920994122823,0.13467873384555182,0.12628417213757834,0.1329328566789627,0.11624161154031754,0.12269221742947896
47,0.20837185283501944,0.0910310335457325,0.07675477241476376,0.09864356865485509,0.10666994998852412,0.09031745046377182
48,0.2084872672955195,0.10310856501261394,0.09635736048221588,0.1177453026175499,0.12555253257354101,0.1142451564470927
49,0.12164424111445744,0.046253940711418785,0.05585618441303571,0.0502123994131883,0.055043128629525505,0.047953726102908455
50,0.14044355352719626,0.043748745073874794,0.0470989178866148,0.045813050121068954,0.05824414889017741,0.044839080423116684
51,0.36354273557662964,0.14801717549562454,0.14372894167900085,0.13773252069950104,0.14172031978766123,0.15161548306544623
52,0.7143181959788004,0.5557742913564047,0.565613329410553,0.5296024481455485,0.5282965898513794,0.5502738555272421
53,0.8123366038004557,0.7886734207471212,0.7659118374188741,0.7323725620905558,0.7425559957822164,0.7562541762987772
54,0.8540850480397543,0.7999917268753052,0.7758449912071228,0.7885178923606873,0.745630701382955,0.7895373900731405
55,0.3013298412164052,0.18152891099452972,0.18259944021701813,0.21635526418685913,0.180718960861365,0.1936949541171392
56,0.3431510627269745,0.2674945543209712,0.2904672722021739,0.3423815468947093,0.24344424406687418,0.2969406843185425
57,0.3133113582928975,0.19477448364098868,0.2105888823668162,0.2268181343873342,0.19042844573656717,0.20935609440008798
58,0.8042644659678141,0.7061324318250021,0.6966023445129395,0.6973749200503031,0.6153113842010498,0.6883304913838705
59,0.8853516181310018,0.8945363163948059,0.8886400063832601,0.8597764571507772,0.8897632360458374,0.8923629522323608
60,0.7199170192082723,0.6304361621538798,0.5854380130767822,0.5630318522453308,0.5818182031313578,0.6215802033742269
61,0.3809533516565959,0.15001113464434943,0.16103783249855042,0.19835556050141653,0.1960419019063314,0.15481905142466226
62,0.26949626704057056,0.22639664510885874,0.21437025566895804,0.2605689813693364,0.22370785474777222,0.21464107433954874
63,0.3534547686576843,0.3450503995021184,0.28382917245229083,0.34543055295944214,0.30275554458300274,0.2888803531726201
64,0.4155815541744232,0.19636717438697815,0.22385619084040323,0.23026358087857565,0.23524393637975058,0.19837629795074463
65,0.4110485116640727,0.25764696300029755,0.2780342598756154,0.3026159703731537,0.3279273708661397,0.27150581280390423
66,0.2702215115229289,0.20982448756694794,0.17812635004520416,0.2499947796265284,0.1937537888685862,0.17213215927282968
67,0.2266876051823298,0.1468906799952189,0.15826185792684555,0.18829810619354248,0.14652508000532785,0.1271720752120018
68,0.24739937484264374,0.18284940967957178,0.1347126911083857,0.17557785908381143,0.1384860798716545,0.13362661749124527
69,0.33506642778714496,0.2906408707300822,0.25438491503397626,0.30818834404150647,0.2675417711337407,0.22944636642932892
70,0.16231813033421835,0.1446432222922643,0.15815003216266632,0.21782268583774567,0.1744497319062551,0.13218009968598685
71,0.36958659688631695,0.26997143030166626,0.29444584747155506,0.3163602153460185,0.3293310006459554,0.276382714509964
72,0.3330586453278859,0.2499664475520452,0.2239703337351481,0.27983330686887103,0.19819794595241547,0.2159160077571869
73,0.4561701516310374,0.34523627161979675,0.3359240194161733,0.3431896169980367,0.3548911511898041,0.31016438206036884
74,0.7199773987134298,0.4697973032792409,0.49864570299784344,0.5713523825009664,0.49762896696726483,0.4412027398745219
75,0.5504496296246847,0.4241194824377696,0.4080042739709218,0.41848334670066833,0.39177831013997394,0.39661174019177753
76,0.6979501048723856,0.6940991282463074,0.7197747826576233,0.7238526940345764,0.6455838680267334,0.7333985169728597
77,0.8039012551307678,0.7322322527567545,0.7231693267822266,0.6081669727961222,0.7168101072311401,0.7150127291679382
78,0.23498190442721048,0.17829002439975739,0.22273164490858713,0.2189447432756424,0.15276520202557245,0.2302762195467949
79,0.27452584604422253,0.17741183936595917,0.15817760427792868,0.17623579750458399,0.1520063728094101,0.16585472226142883
80,0.22264748811721802,0.14138484994570413,0.13608016073703766,0.12886949628591537,0.1142977053920428,0.12096989899873734
81,0.2795106768608093,0.18063062926133475,0.18315606067577997,0.18532910446325937,0.16997749358415604,0.1772578383485476
82,0.3452875812848409,0.3074045131603877,0.26768038670221966,0.29128897686799365,0.23464032262563705,0.23579159379005432
0,0.7477475106716156,0.5325459241867065,0.5672513842582703,0.5530748218297958,0.56451016664505,0.5911624431610107
1,0.7698814868927002,0.6112922728061676,0.6427311897277832,0.5635412931442261,0.5916202962398529,0.6099943220615387
2,0.916657418012619,0.8751162886619568,0.8319911956787109,0.8360975384712219,0.8510089814662933,0.8654768764972687
3,0.7522369027137756,0.9755712747573853,0.9719367027282715,0.968162328004837,0.9751337468624115,0.9786736369132996
4,0.9325948655605316,0.9802444577217102,0.9812375903129578,0.9756599068641663,0.9806137382984161,0.983773797750473
5,0.9580704867839813,0.9888743162155151,0.9863004982471466,0.9782654345035553,0.9878687262535095,0.9881456196308136
6,0.962983101606369,0.9776040315628052,0.9790952205657959,0.9586717784404755,0.9763575792312622,0.9768655002117157
7,0.9605174958705902,0.9733147323131561,0.971495658159256,0.9687444567680359,0.9753835201263428,0.9787214398384094
8,0.9298627078533173,0.9473008811473846,0.9329020380973816,0.9071899652481079,0.9220691025257111,0.9489552974700928
9,0.8332326710224152,0.6535720825195312,0.6821754276752472,0.7269264459609985,0.6729751527309418,0.6735340058803558
10,0.8549306094646454,0.6777170300483704,0.7046675980091095,0.7130350172519684,0.677806556224823,0.6930079460144043
11,0.7686797082424164,0.5740174055099487,0.6214177906513214,0.6446384787559509,0.5601179599761963,0.5697857737541199
12,0.4625697731971741,0.2989141643047333,0.2579784318804741,0.3219161778688431,0.3100738823413849,0.24873273074626923
13,0.23959219455718994,0.062400370836257935,0.05152575112879276,0.07601896300911903,0.07033245638012886,0.05652004852890968
14,0.2290181666612625,0.11958543583750725,0.11267127096652985,0.1453462950885296,0.11835746467113495,0.09862469881772995
15,0.2753624767065048,0.2510446086525917,0.2656879723072052,0.21850203722715378,0.2217431142926216,0.23303867876529694
16,0.19029103964567184,0.09403319284319878,0.09999611601233482,0.08146941289305687,0.10346635431051254,0.10155965760350227
17,0.21212970465421677,0.09697696194052696,0.12002962455153465,0.08172657340765,0.12355824187397957,0.10210931673645973
18,0.16878291219472885,0.10013438388705254,0.10246967896819115,0.10111889243125916,0.11241132020950317,0.10649056360125542
19,0.16443218290805817,0.07745107263326645,0.0775100365281105,0.09773058071732521,0.08837298303842545,0.08184174820780754
20,0.27644266188144684,0.1511179283261299,0.13425401598215103,0.1661892756819725,0.11513808369636536,0.1381874457001686
21,0.21980997920036316,0.11762719973921776,0.13314224779605865,0.15061064437031746,0.10523530468344688,0.12246123701334
22,0.23699116706848145,0.13324728980660439,0.15563635528087616,0.15041900426149368,0.13640820235013962,0.13345398753881454
23,0.22998392581939697,0.11700526624917984,0.125377357006073,0.1226460188627243,0.10385027155280113,0.11094026640057564
24,0.15176663547754288,0.05399721674621105,0.07349427416920662,0.07678055018186569,0.06753597222268581,0.05732735060155392
25,0.1609860509634018,0.0594044029712677,0.08012174069881439,0.07724256068468094,0.07347795367240906,0.06649640016257763
26,0.15590641647577286,0.0626438558101654,0.0749606266617775,0.07470942288637161,0.07319435477256775,0.06096934713423252
27,0.15292292833328247,0.059044549241662025,0.05611853301525116,0.06874833814799786,0.05063152685761452,0.07243666052818298
28,0.08666375651955605,0.03289437107741833,0.03465991094708443,0.04715692438185215,0.03297113999724388,0.034247483126819134
29,0.05858351103961468,0.030077925883233547,0.03459225036203861,0.03215409256517887,0.031176546588540077,0.03656299412250519
30,0.0986294150352478,0.03446575626730919,0.038366420194506645,0.04324804060161114,0.03620143234729767,0.033457047306001186
31,0.07168920338153839,0.03245018422603607,0.029279276728630066,0.040452148765325546,0.042743101716041565,0.032185918651521206
32,0.06214059330523014,0.03484382852911949,0.03736140765249729,0.03200266323983669,0.03574315179139376,0.038950115442276
33,0.10003140568733215,0.047618193551898,0.05089375004172325,0.04421004466712475,0.04378597252070904,0.047636255621910095
34,0.13025003299117088,0.07191532477736473,0.07452756725251675,0.06849942728877068,0.07298379205167294,0.0774756409227848
35,0.4149535000324249,0.28467682003974915,0.2742897719144821,0.264990895986557,0.2473248615860939,0.24061239510774612
36,0.9101693332195282,0.9003001749515533,0.8600622713565826,0.7974506914615631,0.8527638912200928,0.8908065855503082
37,0.32592636346817017,0.13184566050767899,0.13172287121415138,0.1145174652338028,0.12575219199061394,0.12683063745498657
38,0.09426964074373245,0.04835063964128494,0.03772658482193947,0.03842474799603224,0.0429525189101696,0.03897261060774326
39,0.12119699642062187,0.07293102145195007,0.08370273746550083,0.0642305463552475,0.061180971562862396,0.07466838136315346
40,0.11056516692042351,0.087115827947855,0.08756610378623009,0.07491667568683624,0.10415427386760712,0.08387336134910583
41,0.19667965918779373,0.0944037027657032,0.08958866447210312,0.09978542849421501,0.09571712464094162,0.1091003529727459
42,0.1696326956152916,0.09564319625496864,0.11110861226916313,0.09904299676418304,0.08024262636899948,0.10410212725400925
43,0.19478361308574677,0.09111593291163445,0.10626097768545151,0.1289369761943817,0.08221139013767242,0.11223099008202553
44,0.19851575046777725,0.17353206127882004,0.1812194585800171,0.2033805251121521,0.17693768441677094,0.1562412828207016
45,0.08130593597888947,0.027412026189267635,0.03253870364278555,0.03345004376024008,0.041844675317406654,0.02591799572110176
46,0.07551241293549538,0.03690320439636707,0.038198440335690975,0.03512992989271879,0.0446469709277153,0.03747078124433756
47,0.381750151515007,0.34241175651550293,0.3759957551956177,0.4207317382097244,0.32355017960071564,0.3260750472545624
48,0.44003020226955414,0.32710862159729004,0.3164411187171936,0.3458330035209656,0.2664734050631523,0.30464617908000946
49,0.42113441228866577,0.37280724942684174,0.35246212780475616,0.35551394522190094,0.3569503575563431,0.38472791016101837
50,0.31708262860774994,0.21817197650671005,0.20298239588737488,0.22421704232692719,0.2058151587843895,0.2016960233449936
51,0.27134422957897186,0.17914752662181854,0.17486227303743362,0.17826178669929504,0.15368947386741638,0.16418693214654922
52,0.17551874741911888,0.08399921655654907,0.10266651958227158,0.09629952535033226,0.06309457682073116,0.09655709937214851
53,0.21243109554052353,0.12284930422902107,0.11571081355214119,0.12466945126652718,0.10221115872263908,0.1101713702082634
0,0.04146300016769341,0.057350082589047294,0.060795195932899206,0.03690438611166818,0.0561618118413857,0.05527039138334138
1,0.018119868955441883,0.04647951892444065,0.04138626903295517,0.032609118414776664,0.03880890565259116,0.04399968710328851
2,0.0023881979452978286,0.10115139133163861,0.08955572545528412,0.10828033249293055,0.06017240110252585,0.09587189475340503
3,0.04053732566535473,0.03723662053900106,0.042172725179365704,0.042685438745788166,0.06493316936705794,0.05043825959520681
4,0.022520589775272777,0.03797293534236295,0.04012693624411311,0.029474042622106417,0.04079231460179601,0.041423922670739036
5,0.014180668496659823,0.16212915096964156,0.13818327763250896,0.11908050732953208,0.1436071672609874,0.15267780210290635
6,0.019193376281431744,0.01795496924647263,0.02066613614026989,0.02019327972084284,0.019714263933045522,0.03009011915751866
7,0.6425961894648415,0.826676777430943,0.7933438675744193,0.8152150682040623,0.8389350857053485,0.8663561684744698
8,0.8641554457800729,0.8770360180309841,0.8659723060471671,0.8554045557975769,0.8742695961679731,0.8822794045720782
9,0.842803452696119,0.7851225393159049,0.7928676179477147,0.8156091400555202,0.7955551488058907,0.8064999154635838
10,0.7463014466421944,0.6577276417187282,0.6099992905344281,0.6324511766433716,0.6201289125851223,0.6577985457011631
11,0.8141407796314785,0.8123733486448016,0.7766811677387783,0.7784595489501953,0.7682422399520874,0.8154969215393066
12,0.8861890435218811,0.8689549991062709,0.8787626113210406,0.8895331536020551,0.8434172868728638,0.8885485189301627
13,0.9252422111374992,0.9033388580594744,0.9136018753051758,0.9072368655885968,0.8989843896457127,0.9166145835603986
14,0.8971664990697589,0.8357949001448495,0.8393270713942391,0.8380027668816703,0.8305301495960781,0.8403868590082441
15,0.8702722873006549,0.8294156193733215,0.8140978642872402,0.838823275906699,0.8002420578684125,0.8124588557652065
16,0.9030255164418902,0.8880253178732735,0.879365691116878,0.8704190594809396,0.8715993336268834,0.8555050151688712
17,0.8417974455016,0.7836226735796247,0.7937230382646833,0.794747565473829,0.7959735819271633,0.7765514169420514
18,0.5012595908982413,0.36141551605292727,0.32868312299251556,0.44004050322941374,0.2657232901879719,0.3525412252971104
19,0.5888512688023704,0.3581879564693996,0.3344190376145499,0.45210650988987516,0.32674816250801086,0.375559572662626
20,0.8240827747753688,0.6926892740385873,0.6994770765304565,0.7447422657694135,0.686933193887983,0.7050404974392482
21,0.8248607175690787,0.7310215064457485,0.7303637521607536,0.7690525991576058,0.7097574727875846,0.7376518504960197
22,0.5662850184100015,0.3644609408719199,0.32077010188783917,0.3804883658885956,0.34608023933001925,0.3318336329289845
23,0.6463817783764431,0.4185820775372641,0.38481877531324116,0.505086077111108,0.38880700724465506,0.43636694124766756
24,0.8047254851886204,0.6790709154946464,0.643736047404153,0.7248395340783256,0.6267216546194894,0.6958413294383458
25,0.8528327771595546,0.7882920759064811,0.8100747721535819,0.7770930017743792,0.7706638659749713,0.7950619544301715
26,0.7371023212160382,0.6105019279888698,0.6174962605748858,0.6180959343910217,0.6526902062552316,0.6270841189793178
27,0.5072425561291831,0.2583531588315964,0.2602196271930422,0.29601290609155384,0.2530492480312075,0.25116204576832907
28,0.32707689915384563,0.13694396508591516,0.12674869117992266,0.17454941145011357,0.15056492388248444,0.13696487035070146
29,0.492759964295796,0.2581871300935745,0.25404275953769684,0.2754385130746024,0.25843857654503416,0.2456089279481343
30,0.6812084061758858,0.5357360414096287,0.5453608291489738,0.44154389415468487,0.5099196987492698,0.5220852494239807
31,0.2900135793856212,0.15530224676643098,0.16737086113010133,0.18211360914366587,0.1581423623221261,0.16409131458827428
32,0.24008711959634507,0.1256472851548876,0.11647666352135795,0.1251279722367014,0.09907234672989164,0.10613475420645305
33,0.7343556370053973,0.5329900767121997,0.48922112584114075,0.43839805892535616,0.48471255387578693,0.5162274709769658
34,0.6333267348153251,0.4415193029812404,0.4447495298726218,0.35375218306268963,0.4576618415968759,0.4397463457924979
35,0.18114863974707468,0.07539492419787816,0.07435963143195425,0.08457700908184052,0.06791399578963007,0.07042706651347024
36,0.19621627245630538,0.09946607000061444,0.09706497032727514,0.11357011060629572,0.10916941825832639,0.09142178882445608
37,0.15765215988670075,0.08654046484402247,0.07684119844010898,0.09189148300460406,0.08859119670731681,0.07655967266431876
38,0.21527386350291117,0.16920126229524612,0.16406999847718648,0.16400303691625595,0.13064282706805638,0.13807466732604162
39,0.7137894204684666,0.54610789673669,0.5100889205932617,0.4519136846065521,0.5309912477220807,0.5518381765910557
40,0.8132998773029873,0.691059274332864,0.6469675387654986,0.6916070325034005,0.6949507934706551,0.6897620643888202
41,0.6268607803753444,0.37922533069338116,0.36354243755340576,0.37586077196257456,0.2942140975168773,0.38188225456646513
42,0.28504784192357746,0.5377604024750846,0.5233203215258462,0.5889404926981244,0.6012225491659982,0.5645103837762561
43,0.7404981851577759,0.6156348330633981,0.6062718757561275,0.5317468558038984,0.6118820224489484,0.6126802478517804
44,0.2563728839159012,0.15019293129444122,0.17022634723356792,0.15884711486952646,0.16505099833011627,0.16903039174420492
45,0.283275516969817,0.11016677958624703,0.12828672038657324,0.1234697869845799,0.12558255451066153,0.11950196432215827
46,0.13157406449317932,0.08814334177545138,0.08284988307527133,0.09815468479480062,0.09904564917087555,0.08167586848139763
47,0.18745611714465277,0.1737170730318342,0.15110687485763005,0.16550109748329436,0.1396115400961467,0.15040487689631327
48,0.21065835654735565,0.1566887774637767,0.14896836131811142,0.1806283359016691,0.1635222030537469,0.1558156247649874
49,0.3253014747585569,0.2298757987362998,0.2450161107948848,0.2649898890938078,0.23746266535350255,0.2216471199478422
50,0.5546810712133136,0.33412580617836546,0.31894932261535097,0.30795604416302275,0.34994042345455717,0.3214974956853049
51,0.7149595788546971,0.6716113643986839,0.6334698115076337,0.7120951243809291,0.7201095393725804,0.7021111335073199
52,0.7563248447009495,0.6835152591977801,0.629705148083823,0.6902828642300197,0.6746697000094822,0.7058973482676915
53,0.19833736547401973,0.07707047728555542,0.07801159258399691,0.07657655807478088,0.09073252922722272,0.08507012629083224
54,0.13216382477964675,0.06363560418997492,0.0623649890933718,0.07360637560486794,0.06048910692334175,0.05514023612652506
55,0.12072502289499555,0.07573003109012331,0.07254744693636894,0.07930694360818182,0.07632428407669067,0.0690113753080368
56,0.11049185533608709,0.06343786870794636,0.054184430677975924,0.06343834820602622,0.06098702017750059,0.05494380582656179
57,0.07456622804914202,0.053356182628444264,0.046166335099509785,0.050661120297653336,0.05758330385599818,0.04206821961062295
58,0.07420489537928786,0.039544938930443356,0.04218659829348326,0.04397746095699923,0.038974945566483905,0.03543828454400812
59,0.1272746260677065,0.07975229248404503,0.07603320213300842,0.0809696896799973,0.05334504534091268,0.07027070596814156
60,0.20770245577607835,0.13578385966164724,0.116875273840768,0.1240532153419086,0.11090675209249769,0.12168711317437035
61,0.2937226636069162,0.15814358634608133,0.1650500095316342,0.13915388392550604,0.13022499957254954,0.15858729290110724
62,0.14414657865251815,0.08686651236244611,0.07715113035270146,0.08876530027815274,0.08466334215232305,0.07554935025317329
63,0.04659805766173771,0.025650416101728166,0.02655135653913021,0.027952375090015785,0.02446713498128312,0.023578832325126444
64,0.08053608983755112,0.04481397782053266,0.04364394236888204,0.04825044849089214,0.04118115454912186,0.036624914567385404
65,0.07222960144281387,0.04200707748532295,0.0479114188679627,0.04874616542032787,0.03409197820084436,0.037832626806838174
66,0.07596392557024956,0.038311629955257685,0.043436367862990925,0.04339475025023733,0.035867027672273774,0.035121986110295565
67,0.08641732377665383,0.05238670376794679,0.047298944156084745,0.06728109903633595,0.0545111322509391,0.04142028678740774
68,0.07230475065963608,0.03774844828460898,0.03614850129399981,0.043880413419434,0.03698725067079067,0.03298481686839035
69,0.05216338272605624,0.035580700795565336,0.030766565086586133,0.030731558533651487,0.03153076954185963,0.030415541625448635
70,0.04781527604375567,0.031650319163288386,0.0325025101857526,0.023934727534651756,0.03726571000048092,0.027534039158906256
71,0.3819127806595394,0.23838053217955998,0.2384046039411,0.16077912492411478,0.27127172478607725,0.2567651356969561
72,0.5569793028490884,0.37659671902656555,0.3801781577723367,0.3533193511622293,0.3292274389948164,0.3825498116867883
73,0.37970649770327974,0.25034276821783613,0.2486772303070341,0.2409080799136843,0.25193322769233156,0.25465741966451916
74,0.6727326256888253,0.4916033829961504,0.4746541210583278,0.4804371339934213,0.478685872895377,0.4797243859086718
75,0.32110334294182913,0.7745385595730373,0.7358653289931161,0.7543509432247707,0.7922518849372864,0.7989813770566668
0,0.3271302580833435,0.1504857987165451,0.1221931129693985,0.2077159583568573,0.19737793505191803,0.1436053216457367
1,0.3482472896575928,0.3269640803337097,0.3993638753890991,0.43379902839660645,0.37253403663635254,0.40028107166290283
2,0.35423824191093445,0.5516644716262817,0.5577130913734436,0.6330379843711853,0.61788010597229,0.5730550289154053
3,0.2983175814151764,0.4863872528076172,0.49865952134132385,0.5865136384963989,0.5438385605812073,0.5221189260482788
4,0.28573331236839294,0.35743144154548645,0.37271636724472046,0.4869137108325958,0.4564412236213684,0.4100317358970642
5,0.3648495078086853,0.5504662990570068,0.49201327562332153,0.6028088927268982,0.5438357591629028,0.5677968263626099
6,0.33076319098472595,0.504433274269104,0.46338343620300293,0.5694430470466614,0.5195726752281189,0.5329087972640991
7,0.4865794777870178,0.2953859269618988,0.28550776839256287,0.26668503880500793,0.30423709750175476,0.2597159743309021
8,0.3229992687702179,0.17631588876247406,0.17621980607509613,0.2653583288192749,0.19784359633922577,0.12958329916000366
9,0.16839487850666046,0.11163888871669769,0.13442786037921906,0.13594123721122742,0.12653620541095734,0.12492428719997406
10,0.1648791879415512,0.12119320780038834,0.13432970643043518,0.13464440405368805,0.13052396476268768,0.12315761297941208
11,0.08316408842802048,0.04729531705379486,0.049973271787166595,0.051281604915857315,0.045083802193403244,0.04597555473446846
12,0.23985472321510315,0.10623383522033691,0.1313237100839615,0.1554742306470871,0.16622336208820343,0.12823979556560516
13,0.31085461378097534,0.11038721352815628,0.15350642800331116,0.20820115506649017,0.2050473392009735,0.17637957632541656
14,0.6616755723953247,0.37649741768836975,0.3129846155643463,0.37494561076164246,0.31862467527389526,0.37410563230514526
15,0.5580785870552063,0.31114524602890015,0.3011685609817505,0.2791976034641266,0.24765178561210632,0.32905083894729614
16,0.26390716433525085,0.1277989000082016,0.10373608022928238,0.14621585607528687,0.10290081053972244,0.09623144567012787
17,0.6449716091156006,0.3891526162624359,0.37142467498779297,0.39558127522468567,0.37894579768180847,0.3711268901824951
18,0.7808064818382263,0.49225538969039917,0.5055909752845764,0.6178073287010193,0.5903430581092834,0.564834713935852
19,0.46140801906585693,0.3002396523952484,0.3266684412956238,0.29936063289642334,0.2863318920135498,0.2690349221229553
20,0.2324826419353485,0.1434909999370575,0.146375834941864,0.150082066655159,0.14649343490600586,0.13804535567760468
21,0.2611788511276245,0.17718927562236786,0.17853890359401703,0.20129205286502838,0.19060386717319489,0.1622309684753418
22,0.40368738770484924,0.36500221490859985,0.35223910212516785,0.32604748010635376,0.3493557572364807,0.3192749321460724
23,0.2724458873271942,0.20270630717277527,0.18666496872901917,0.18593378365039825,0.19828668236732483,0.18601898849010468
24,0.5897837281227112,0.42171889543533325,0.35983094573020935,0.4825163185596466,0.3884389400482178,0.40548285841941833
25,0.5719205737113953,0.44398969411849976,0.34790024161338806,0.481424480676651,0.38649222254753113,0.40407896041870117
26,0.051329925656318665,0.24964222311973572,0.22312021255493164,0.12372046709060669,0.25387969613075256,0.18937329947948456
27,0.2941990792751312,0.16776904463768005,0.1663457155227661,0.11586897820234299,0.17209474742412567,0.2194167971611023
28,0.30138808488845825,0.1450730860233307,0.18262603878974915,0.15886782109737396,0.149152472615242,0.15104195475578308
29,0.3492804765701294,0.1977905035018921,0.2020622193813324,0.21503134071826935,0.2121049165725708,0.17951981723308563
30,0.4579591453075409,0.24077489972114563,0.20320996642112732,0.21980918943881989,0.24771374464035034,0.2323359102010727
31,0.48953163623809814,0.2241417020559311,0.23196926712989807,0.2427349090576172,0.28143203258514404,0.23068705201148987
32,0.5457280874252319,0.3093782961368561,0.30387869477272034,0.358095645904541,0.331197589635849,0.3170330226421356
33,0.8249771595001221,0.6696178317070007,0.6955491304397583,0.6913479566574097,0.6291636228561401,0.6811820864677429
34,0.6253313422203064,0.6333478093147278,0.634687602519989,0.7254090905189514,0.6567785143852234,0.6242294907569885
35,0.6164247989654541,0.5507917404174805,0.5397182106971741,0.6367102861404419,0.5368260145187378,0.5198431015014648
36,0.43105775117874146,0.25640252232551575,0.2972539961338043,0.3058437407016754,0.2490512877702713,0.2824830710887909
37,0.4382101595401764,0.23357833921909332,0.24678374826908112,0.25954797863960266,0.26084840297698975,0.2343924641609192
38,0.33843618631362915,0.1491144448518753,0.1734870821237564,0.2014116793870926,0.16636985540390015,0.16180071234703064
39,0.18798679113388062,0.10108977556228638,0.1257304698228836,0.16040456295013428,0.12071544677019119,0.12712053954601288
40,0.2716403901576996,0.13508464395999908,0.2072317749261856,0.23479753732681274,0.18494482338428497,0.19244280457496643
41,0.3287416398525238,0.23554185032844543,0.26013660430908203,0.29720625281333923,0.2557573616504669,0.23439395427703857
42,0.2807670533657074,0.13708703219890594,0.1583424210548401,0.17137406766414642,0.13566835224628448,0.14887936413288116
43,0.20331843197345734,0.11350824683904648,0.1350874900817871,0.15331147611141205,0.11971428990364075,0.1093839779496193
44,0.32845112681388855,0.1888834536075592,0.21931087970733643,0.23111088573932648,0.177131786942482,0.1950681507587433
45,0.4645957946777344,0.3100356161594391,0.3289041221141815,0.2938099205493927,0.3483307361602783,0.36040401458740234
46,0.2297632098197937,0.17780032753944397,0.17271047830581665,0.1772579848766327,0.16355681419372559,0.17802713811397552
47,0.20111127197742462,0.1187402606010437,0.12234539538621902,0.11654224246740341,0.1400817632675171,0.1015995442867279
48,0.23902828991413116,0.1656266301870346,0.12220609933137894,0.16728568077087402,0.14430436491966248,0.11803317070007324
49,0.31713396310806274,0.25020575523376465,0.21771159768104553,0.22585202753543854,0.2513575255870819,0.19249501824378967
50,0.37028583884239197,0.22462144494056702,0.21638204157352448,0.26563653349876404,0.247379869222641,0.19202636182308197
51,0.2223326712846756,0.13092650473117828,0.13158759474754333,0.17008571326732635,0.1363448053598404,0.1387692540884018
52,0.48359009623527527,0.17092503607273102,0.21888385713100433,0.21702195703983307,0.17512750625610352,0.17698228359222412
53,0.552559494972229,0.23481063544750214,0.28001827001571655,0.29779520630836487,0.2432735711336136,0.2672773003578186
54,0.1901121586561203,0.0850813239812851,0.11265259981155396,0.1382085680961609,0.12704317271709442,0.09534144401550293
55,0.26582130789756775,0.08951489627361298,0.11485765874385834,0.14527446031570435,0.10522196441888809,0.1029859408736229
56,0.25237688422203064,0.09117038547992706,0.15708324313163757,0.14400804042816162,0.12206818908452988,0.11850481480360031
57,0.29605215787887573,0.12794482707977295,0.15490739047527313,0.18665122985839844,0.14385485649108887,0.16222260892391205
58,0.5916846394538879,0.2776091992855072,0.2816544771194458,0.2719590663909912,0.2843010127544403,0.3003614842891693
59,0.709857702255249,0.3228044807910919,0.3502652645111084,0.38117650151252747,0.3447766602039337,0.3008342683315277
60,0.11833351850509644,0.08845718950033188,0.11331656575202942,0.10754035413265228,0.08048968017101288,0.14239628612995148
61,0.13432163000106812,0.07989775389432907,0.09194440394639969,0.12656454741954803,0.1340731531381607,0.10844162851572037
62,0.11464781314134598,0.1085512638092041,0.0744495615363121,0.10023034363985062,0.11567200720310211,0.09296423941850662
63,0.06905999779701233,0.05974077060818672,0.05638549476861954,0.07210621237754822,0.04755711555480957,0.061960991472005844
64,0.30522778630256653,0.21188750863075256,0.20938585698604584,0.30320972204208374,0.2369973361492157,0.25051775574684143
0,0.45737724006175995,0.2587988115847111,0.2592380419373512,0.29588861390948296,0.24182578176259995,0.2578585781157017
1,0.8595235347747803,0.721566915512085,0.7121927589178085,0.7379291355609894,0.7167361378669739,0.7070240378379822
2,0.8604572415351868,0.9488434940576553,0.9411814212799072,0.9025552272796631,0.9275213927030563,0.9420270323753357
3,0.32429925352334976,0.9492064416408539,0.9419829249382019,0.9174810945987701,0.933214470744133,0.9434058964252472
4,0.5395600870251656,0.9447816163301468,0.9275352954864502,0.9233236461877823,0.9284193068742752,0.9511487185955048
5,0.9217808842658997,0.9716423749923706,0.9637774229049683,0.9417521953582764,0.9630750715732574,0.9732464998960495
6,0.9636337012052536,0.989653468132019,0.9893209338188171,0.9801895022392273,0.9894149005413055,0.9873693883419037
7,0.7774842381477356,0.6891393959522247,0.7277626246213913,0.6139576882123947,0.7249027788639069,0.6842325180768967
8,0.604084700345993,0.5006867870688438,0.4892638027667999,0.35823144018650055,0.48916809260845184,0.4751673489809036
9,0.4213779494166374,0.30096419528126717,0.33883460238575935,0.3506570905447006,0.32552478834986687,0.31158721446990967
10,0.4102417603135109,0.22766848653554916,0.22640788182616234,0.22886690497398376,0.24100659415125847,0.2293446697294712
11,0.36742258071899414,0.19805721566081047,0.20740121975541115,0.15870028734207153,0.18484737910330296,0.18874603882431984
12,0.4328051880002022,0.24585234746336937,0.2174978330731392,0.21808892861008644,0.21938768401741982,0.2079881988465786
13,0.6434320509433746,0.48814161121845245,0.4893127530813217,0.4777944013476372,0.3797740861773491,0.48543237149715424
14,0.3178301677107811,0.21317113190889359,0.21026292815804482,0.22200897336006165,0.194536954164505,0.22642867267131805
15,0.526160940527916,0.35811640322208405,0.3780786171555519,0.363965705037117,0.36234432458877563,0.37148670107126236
16,0.526089072227478,0.375321701169014,0.3940015807747841,0.3925219625234604,0.37528005987405777,0.3914249762892723
17,0.23934166878461838,0.16418636962771416,0.16375388018786907,0.1646896842867136,0.1674769837409258,0.17632403038442135
18,0.19874240830540657,0.1270359344780445,0.1400077436119318,0.13007134199142456,0.1404215358197689,0.14157216995954514
19,0.405319407582283,0.2683671861886978,0.27112526074051857,0.24515801295638084,0.2946919612586498,0.24890292808413506
20,0.4582330510020256,0.3095246087759733,0.31221647560596466,0.27445447631180286,0.30638961493968964,0.28403219394385815
21,0.13615191169083118,0.07502827420830727,0.07765363808721304,0.0907582975924015,0.05898971203714609,0.0786010455340147
22,0.1079426109790802,0.04796787677332759,0.05032855039462447,0.0713774198666215,0.046930394135415554,0.05209361808374524
23,0.0973886251449585,0.05535708274692297,0.04900481645017862,0.06585516780614853,0.048838729970157146,0.05359606072306633
24,0.07685326412320137,0.03606676449999213,0.037842053920030594,0.04696623329073191,0.033064821269363165,0.042802114970982075
25,0.184858875349164,0.1203384306281805,0.1279134675860405,0.14642496593296528,0.11682743579149246,0.11571707390248775
26,0.13225001469254494,0.06727811880409718,0.08212440740317106,0.08480574004352093,0.07961891777813435,0.07474939711391926
27,0.09172931872308254,0.04104283265769482,0.03904207097366452,0.04000964714214206,0.043899727519601583,0.04045323235914111
28,0.10711373761296272,0.047817669808864594,0.05411617923527956,0.055436247028410435,0.05766828544437885,0.05413283035159111
29,0.07575414609164,0.035743017215281725,0.03840902727097273,0.03877073246985674,0.039729463402181864,0.04195704450830817
30,0.07111331168562174,0.02770515438169241,0.029664311558008194,0.03541145846247673,0.03330201003700495,0.03198479535058141
31,0.07914519961923361,0.044246772304177284,0.03997446829453111,0.03649942856281996,0.042498746421188116,0.040431223809719086
32,0.07769211940467358,0.052190117072314024,0.04764225799590349,0.05501717561855912,0.046241354662925005,0.05039001442492008
33,0.09694337006658316,0.05913347378373146,0.05276861414313316,0.05710030626505613,0.058716271072626114,0.05626484239473939
34,0.13320677168667316,0.06652220245450735,0.06872529815882444,0.07971326913684607,0.06693579070270061,0.06431737914681435
35,0.678503692150116,0.5390495508909225,0.5524464696645737,0.49229079484939575,0.5873564183712006,0.5648214221000671
36,0.7465363293886185,0.6441419571638107,0.6882330030202866,0.6265776306390762,0.7021294683218002,0.6737613379955292
37,0.30010876059532166,0.5048643201589584,0.530799612402916,0.5130919143557549,0.47582221031188965,0.5222451016306877
38,0.3515275940299034,0.19387639686465263,0.1754959411919117,0.22892748191952705,0.18556731939315796,0.17516367137432098
39,0.23048318549990654,0.1275550052523613,0.11595324985682964,0.1402243934571743,0.1119401790201664,0.12156439945101738
40,0.2828953117132187,0.17818479612469673,0.1964997574687004,0.18038120493292809,0.17433588206768036,0.19331051036715508
41,0.2565058767795563,0.1850714422762394,0.19663958624005318,0.19235579669475555,0.18872343748807907,0.18265711143612862
42,0.19730078056454659,0.11155090108513832,0.12474463880062103,0.11022115498781204,0.11075226962566376,0.1184481531381607
43,0.19707155972719193,0.12118824571371078,0.13248843140900135,0.1093530748039484,0.10500101000070572,0.13264892622828484
44,0.37937285751104355,0.27479113265872,0.28359419479966164,0.2808098867535591,0.31028298661112785,0.28002554178237915
45,0.5794199258089066,0.28348157927393913,0.27213458716869354,0.24189022183418274,0.3204168938100338,0.23826809599995613
46,0.48923318088054657,0.30306868255138397,0.3430185131728649,0.26283030211925507,0.3594103008508682,0.3018893785774708
47,0.1798072475939989,0.13831636775285006,0.14358466677367687,0.16077990643680096,0.13188409805297852,0.13345391489565372
48,0.16569377854466438,0.11425057612359524,0.1348994094878435,0.15708280354738235,0.1404117289930582,0.138342447578907
49,0.10957061313092709,0.10837303847074509,0.12512950412929058,0.14241361059248447,0.1128084771335125,0.11805757880210876
50,0.09511585906147957,0.04773268848657608,0.05144311208277941,0.05331687908619642,0.04982159938663244,0.051055473275482655
51,0.06812173966318369,0.029341263696551323,0.0337420329451561,0.03957615699619055,0.02788093499839306,0.031011125771328807
52,0.12471033819019794,0.054874869994819164,0.06348326429724693,0.0669282004237175,0.06896800454705954,0.05756758898496628
53,0.0552733251824975,0.02891987608745694,0.03012488828971982,0.03634899063035846,0.0314254779368639,0.03257610648870468
54,0.046549308113753796,0.01587568991817534,0.01692533423192799,0.018881124909967184,0.016288710525259376,0.017824019305408
55,0.12468412891030312,0.0775364562869072,0.07075122930109501,0.07553632277995348,0.07908219192177057,0.07737917639315128
56,0.12072595953941345,0.07259609829634428,0.07407314609736204,0.06496964301913977,0.07328571565449238,0.07638771645724773
57,0.10448809899389744,0.057977824471890926,0.05128824710845947,0.051918127574026585,0.05264238268136978,0.05552840605378151
58,0.11554094403982162,0.07450611609965563,0.060268253087997437,0.08073099702596664,0.06767636630684137,0.06980866845697165
59,0.10709538217633963,0.06155669316649437,0.06247136369347572,0.0690520741045475,0.06178687792271376,0.05749142123386264
60,0.45237240195274353,0.28997088223695755,0.29177697002887726,0.30791038274765015,0.2916046977043152,0.285194743424654
61,0.34989816695451736,0.19834472984075546,0.20204604044556618,0.21400411799550056,0.18078311160206795,0.20089660212397575
62,0.2502472884953022,0.13936799578368664,0.14736950024962425,0.16055731289088726,0.12126372009515762,0.14498265087604523
63,0.38249683380126953,0.23554173856973648,0.2068801000714302,0.21582799404859543,0.2111995965242386,0.21952923759818077
64,0.5451383590698242,0.36531296744942665,0.3608306273818016,0.3731882572174072,0.3453829921782017,0.33531156927347183
0,0.7026433348655701,0.5639902353286743,0.503439873456955,0.46477600932121277,0.5328509509563446,0.5211468040943146
1,0.7906161546707153,0.7724939286708832,0.7233691215515137,0.7542771100997925,0.7249975204467773,0.7655190825462341
2,0.831983745098114,0.9003458023071289,0.8907986283302307,0.8964399993419647,0.838110625743866,0.8976185917854309
3,0.9278306365013123,0.9238819777965546,0.9043414294719696,0.8771010637283325,0.8729700148105621,0.9202599227428436
4,0.9143970310688019,0.8405448198318481,0.864793211221695,0.8362434804439545,0.8214791715145111,0.8496035933494568
5,0.9583854079246521,0.9584037363529205,0.9565743505954742,0.9565034210681915,0.9616801142692566,0.9557130932807922
6,0.8465924561023712,0.8825518190860748,0.8964054584503174,0.8854347467422485,0.9126834273338318,0.8853333294391632
7,0.11205275729298592,0.4062865823507309,0.48305077850818634,0.5061261057853699,0.44447939097881317,0.4110126942396164
8,0.10096364095807076,0.5520881116390228,0.5694094598293304,0.6494139730930328,0.560596376657486,0.5114778727293015
9,0.4258529767394066,0.5067654103040695,0.5854727327823639,0.5281039327383041,0.5240591466426849,0.4895109683275223
10,0.32673613727092743,0.4802929311990738,0.4468538463115692,0.5101659446954727,0.4544275552034378,0.5177862197160721
11,0.6607300937175751,0.35045909881591797,0.38212665915489197,0.5109519511461258,0.3548332452774048,0.3951691538095474
12,0.34359508752822876,0.11849680915474892,0.12880102545022964,0.14329079538583755,0.12005108967423439,0.11365139111876488
13,0.5643628835678101,0.37877319753170013,0.40100353956222534,0.46646755933761597,0.3745950162410736,0.43343643844127655
14,0.5796901285648346,0.3722977936267853,0.38712655007839203,0.4627082049846649,0.3118366152048111,0.37804433703422546
15,0.5295024514198303,0.30372896790504456,0.36005033552646637,0.40531808137893677,0.2908746227622032,0.30253221839666367
16,0.6287323832511902,0.41474948823451996,0.41028715670108795,0.4406573474407196,0.32606402039527893,0.4491495192050934
17,0.37961530685424805,0.1607193574309349,0.1600041389465332,0.21231647580862045,0.13562170788645744,0.17463047057390213
18,0.24174591153860092,0.08475124835968018,0.08984678983688354,0.1018231138586998,0.0952143482863903,0.10254495963454247
19,0.16722088679671288,0.05300759710371494,0.06744026206433773,0.07706721127033234,0.06377509795129299,0.07398165389895439
20,0.14157158881425858,0.06065966747701168,0.07773813605308533,0.07250905595719814,0.05396985076367855,0.06216292642056942
21,0.18985527008771896,0.09255119040608406,0.12304574623703957,0.13115622848272324,0.09667299687862396,0.11376991868019104
22,0.1904631406068802,0.11425259336829185,0.11969727277755737,0.1757057160139084,0.19990038126707077,0.18410272896289825
23,0.37226566672325134,0.26683584600687027,0.31152524054050446,0.26941073685884476,0.28452280163764954,0.2884644865989685
24,0.44145897030830383,0.27444301545619965,0.28171686828136444,0.2640575021505356,0.3045598268508911,0.300987645983696
25,0.19660025089979172,0.10803887248039246,0.09988728910684586,0.12408114224672318,0.11314357817173004,0.1075780801475048
26,0.12219811603426933,0.040131205692887306,0.041187845170497894,0.06146804429590702,0.03893626481294632,0.0433985386043787
27,0.16938087344169617,0.09062400460243225,0.0765231903642416,0.11947785317897797,0.08061041496694088,0.09454983100295067
28,0.190951406955719,0.11369961872696877,0.10093531757593155,0.14689965918660164,0.09946954995393753,0.10579967871308327
29,0.4194963723421097,0.2523374855518341,0.27592799067497253,0.26856083422899246,0.2979583740234375,0.256834052503109
30,0.45216403901576996,0.27437467873096466,0.2597784548997879,0.27619269490242004,0.2904651165008545,0.27595676481723785
31,0.6421895027160645,0.3613432049751282,0.3641994297504425,0.3840479403734207,0.37510475516319275,0.3712140917778015
32,0.415545791387558,0.23719868063926697,0.24603372812271118,0.2567831724882126,0.3066520243883133,0.26032185554504395
33,0.6274965107440948,0.2958375960588455,0.294400617480278,0.3607430011034012,0.3349519819021225,0.2749297171831131
34,0.7271203100681305,0.38580460846424103,0.33755114674568176,0.41999614238739014,0.38831833004951477,0.3625015914440155
35,0.2505463659763336,0.12284793332219124,0.1202392689883709,0.1176018975675106,0.1196242906153202,0.13618113100528717
36,0.19718755036592484,0.1316990777850151,0.10742637887597084,0.10567203164100647,0.15460768342018127,0.1258212849497795
37,0.08645768463611603,0.12923285365104675,0.13081899285316467,0.13316375762224197,0.1337653174996376,0.13480670005083084
38,0.15727222710847855,0.13568225502967834,0.10464977100491524,0.12412086501717567,0.14453944191336632,0.11503437161445618
39,0.1601690649986267,0.07798409461975098,0.07797960750758648,0.08828048408031464,0.09384562820196152,0.077700424939394
40,0.29807837307453156,0.22054968029260635,0.20824862271547318,0.22018739581108093,0.23094458132982254,0.20026705414056778
41,0.1549418643116951,0.09115160256624222,0.10417624935507774,0.11356734484434128,0.10480393841862679,0.10330924391746521
42,0.17786700278520584,0.14911548793315887,0.15098442882299423,0.16545718163251877,0.12959997728466988,0.14716578274965286
43,0.1908547356724739,0.11607896536588669,0.13176267221570015,0.18970810621976852,0.1296878680586815,0.13072996586561203
44,0.2285662591457367,0.16858115047216415,0.1801774948835373,0.18595833331346512,0.21480167657136917,0.173293337225914
45,0.5885076522827148,0.33030183613300323,0.3532492518424988,0.34784334897994995,0.336218923330307,0.3492238372564316
46,0.6409963071346283,0.3907655030488968,0.39895375072956085,0.40813809633255005,0.3920492082834244,0.4015834480524063
47,0.3909933418035507,0.23821242153644562,0.25653883814811707,0.2692084163427353,0.23293256759643555,0.2557220458984375
48,0.1924501731991768,0.09674116224050522,0.08555388823151588,0.11388221755623817,0.09785503521561623,0.1035139262676239
49,0.23178429901599884,0.11266116052865982,0.11953026056289673,0.16571804136037827,0.12041199207305908,0.11916807293891907
50,0.4237314313650131,0.33177483081817627,0.3066173493862152,0.30095624923706055,0.27373990416526794,0.30787722766399384
51,0.556020200252533,0.3632967621088028,0.3934934139251709,0.3618161827325821,0.3799236863851547,0.4066733419895172
52,0.6027544736862183,0.37444885075092316,0.3637935668230057,0.38829880952835083,0.37930017709732056,0.3728484660387039
53,0.48773984611034393,0.2714001536369324,0.2646540179848671,0.25180499255657196,0.21992050856351852,0.22937044501304626
54,0.4948142021894455,0.34098201990127563,0.30590158700942993,0.3326658606529236,0.28812217712402344,0.30705417692661285
55,0.6472978889942169,0.4887833595275879,0.45967455208301544,0.45292961597442627,0.48275549709796906,0.5022500455379486
56,0.4953180104494095,0.3665613979101181,0.3684339076280594,0.38191772997379303,0.3481758087873459,0.3753128945827484
57,0.39068542420864105,0.24614451080560684,0.2838602662086487,0.28467148542404175,0.23593676090240479,0.2607787698507309
58,0.6216396391391754,0.3491215109825134,0.36837758123874664,0.4859106093645096,0.3659587651491165,0.3676333576440811
59,0.7362563610076904,0.9228019118309021,0.9235476553440094,0.884283721446991,0.9145272374153137,0.8931573331356049
60,0.6758338212966919,0.625689297914505,0.6716941297054291,0.5976443290710449,0.6222255527973175,0.6319586634635925
61,0.34285636246204376,0.3091771751642227,0.3071454018354416,0.3457411229610443,0.2600260227918625,0.29137156903743744
62,0.07750571332871914,0.03718896862119436,0.040198096074163914,0.04445271659642458,0.04044734127819538,0.03594377823174
63,0.077877476811409,0.037760503590106964,0.03745920769870281,0.04024623893201351,0.03627793863415718,0.03567759692668915
64,0.09294997900724411,0.0736459232866764,0.06211939640343189,0.0628308393061161,0.06096160598099232,0.05823744274675846
65,0.08548234775662422,0.05480271019041538,0.0592035036534071,0.05147792212665081,0.051471980288624763,0.047971807420253754
66,0.23012490570545197,0.08146395348012447,0.09674122929573059,0.10695885866880417,0.07902194745838642,0.082445053383708
0,0.8734532992045084,0.9230736295382181,0.9366599718729655,0.8944475253423055,0.9293602307637533,0.9345051248868307
1,0.8891669313112894,0.9110082387924194,0.911958654721578,0.8570476373036703,0.9089577595392863,0.907621423403422
2,0.9269528985023499,0.9136093258857727,0.9040798346201578,0.8988683621088663,0.923122505346934,0.9130289355913798
3,0.9160154859224955,0.8981967767079672,0.8846688469250997,0.8689897060394287,0.9126429359118143,0.8938552339871725
4,0.8561822573343912,0.8190473914146423,0.8030381798744202,0.8250425656636556,0.86354527870814,0.8075088262557983
5,0.8375708858172098,0.7457664608955383,0.7434036731719971,0.762437621752421,0.8161068558692932,0.7590505878130595
6,0.8036630749702454,0.7092326482137045,0.6983734766642252,0.720985213915507,0.7852611939112345,0.7124847571055094
7,0.8691957791646322,0.7813052932421366,0.7910824219385783,0.7883866429328918,0.8304386536280314,0.7754823366800944
8,0.7745725512504578,0.6563493609428406,0.6637543241182963,0.6479109128316244,0.6832586129506429,0.6826610565185547
9,0.7219065030415853,0.5845807989438375,0.5704209407170614,0.6276253461837769,0.6179980238278707,0.6024153033892313
10,0.7175974448521932,0.5593294699986776,0.5409543812274933,0.5966732303301493,0.5607183376948038,0.5507033864657084
11,0.6773692568143209,0.5166213115056356,0.5004104971885681,0.5128538409868876,0.5242030123869578,0.5081235965092977
12,0.6911166310310364,0.5029471715291342,0.5040049354235331,0.4790635406970978,0.5119736591974894,0.4981496532758077
13,0.6430398027102152,0.4606687327226003,0.5068560540676117,0.41501741607983905,0.505155603090922,0.48580403129259747
14,0.7080808679262797,0.5432721773783366,0.5819162329037985,0.46237388253211975,0.5693187713623047,0.5639464259147644
15,0.609774669011434,0.45764421423276264,0.4540581504503886,0.3521379232406616,0.47322892149289447,0.4800790051619212
16,0.5935117602348328,0.4015653332074483,0.4249754051367442,0.31525732080141705,0.4632217288017273,0.4215081234773
17,0.6217737992604574,0.4953354795773824,0.4970974922180176,0.40720008810361225,0.5346923073132833,0.5001093943913778
18,0.6189127564430237,0.47735153635342914,0.5084212521711985,0.40763620535532635,0.5240863362948099,0.4989171822865804
19,0.6451785167058309,0.541910856962204,0.542928566535314,0.4387836257616679,0.5825768311818441,0.5504474639892578
20,0.5457766652107239,0.39882785081863403,0.43100714683532715,0.28759538133939105,0.4702355166276296,0.44148412346839905
21,0.5395045081774393,0.40226497252782184,0.4368168115615845,0.3367583453655243,0.4704693555831909,0.4255232810974121
22,0.518872857093811,0.3202804923057556,0.3212590118249257,0.24880986909071603,0.38546255230903625,0.32405586043993634
23,0.43886475761731464,0.3518967628479004,0.3537091116110484,0.2944311896959941,0.3760197361310323,0.3693018356959025
24,0.43205031752586365,0.3184808890024821,0.3429811696211497,0.2655680278937022,0.3541872203350067,0.32495881120363873
25,0.32656968633333844,0.2641386886437734,0.27244427303473157,0.19645129640897116,0.25604453682899475,0.2580742339293162
26,0.353869507710139,0.30862222611904144,0.3196699023246765,0.25973843038082123,0.291913777589798,0.3227218985557556
27,0.27536789576212567,0.24280322591463724,0.2410279562075933,0.2037450671195984,0.22638734181722006,0.2474286009867986
28,0.2799460192521413,0.2196304847796758,0.23474029203255972,0.20328053335348764,0.22044708828131357,0.21894076466560364
29,0.2704318364461263,0.2009941190481186,0.20020626982053122,0.14894173045953116,0.1898584912220637,0.2032766491174698
30,0.27294670542081195,0.2105895777543386,0.20881947378317514,0.1456532726685206,0.19256708522637686,0.2229807823896408
31,0.28002020716667175,0.19694369037946066,0.22527500490347543,0.21561973790327707,0.20595132807890573,0.2154378443956375
32,0.2364325374364853,0.15411368509133658,0.1522290805975596,0.13519939283529916,0.15672503660122553,0.1607769380013148
33,0.9105111161867777,0.8942385117212931,0.8931192954381307,0.8473473985989889,0.9010868271191915,0.9036750197410583
34,0.7286714911460876,0.5931825240453085,0.560243566830953,0.6303385297457377,0.5976608594258627,0.6070602536201477
35,0.7131553490956625,0.534479022026062,0.5361765921115875,0.5586218039194742,0.5333472688992819,0.5423815250396729
36,0.7462189594904581,0.5890028874079386,0.5935134092966715,0.6177618106206259,0.6062254309654236,0.5724472602208456
37,0.7414629260698954,0.6033055981000265,0.6060850620269775,0.5654693245887756,0.6203080614407858,0.6046338280042013
38,0.7360265056292216,0.5829454064369202,0.6171344121297201,0.5142638186613718,0.571579098701477,0.5950472156206766
39,0.7140428026517233,0.524765302737554,0.566982368628184,0.45390363534291583,0.5486604372660319,0.5591092308362325
40,0.6621692180633545,0.4817185401916504,0.5211631457010905,0.4418181578318278,0.5103781521320343,0.5166492859522501
41,0.7645506262779236,0.6326438188552856,0.6770874261856079,0.5586239298184713,0.6384893457094828,0.6607104539871216
42,0.6924242178599039,0.5368667344252268,0.5761109789212545,0.4902613162994385,0.5506499409675598,0.5555379192034403
43,0.638437807559967,0.44355059663454693,0.46399210890134174,0.3510952393213908,0.47742558519045514,0.43299781282742816
44,0.5915653109550476,0.36606542269388836,0.37442689140637714,0.31759848197301227,0.39667930205663043,0.3597331444422404
45,0.5823911428451538,0.4060244858264923,0.4110659758249919,0.24769617120424905,0.42539339264233905,0.43472111225128174
46,0.6284033258756002,0.4475743571917216,0.47258348266283673,0.31351128220558167,0.5099539657433828,0.4779598315556844
47,0.5795299013455709,0.4182712137699127,0.44922099510828656,0.2936224937438965,0.49127130707105,0.4523966312408447
48,0.6992886662483215,0.5934558510780334,0.61363552014033,0.490922490755717,0.6430542866388956,0.6045129696528116
49,0.6718532840410868,0.6011380553245544,0.6205000678698221,0.49031083782513935,0.6090407371520996,0.5826235810915629
50,0.7497859001159668,0.8513376712799072,0.8470691243807474,0.6770265698432922,0.8560316363970438,0.8420718510945638
51,0.746600071589152,0.8683331410090128,0.865805427233378,0.7091159025828043,0.8653371334075928,0.8594803611437479
52,0.664390762646993,0.5165490806102753,0.5798568328221639,0.4043329358100891,0.5238795280456543,0.5525783896446228
53,0.6514658331871033,0.5156764884789785,0.5402769049008688,0.402033398548762,0.5052185654640198,0.5107442935307821
54,0.6018573443094889,0.4490065773328145,0.467629075050354,0.31101587414741516,0.45929306745529175,0.46698854366938275
55,0.5144637326399485,0.35229426622390747,0.3760969340801239,0.2056660254796346,0.3930203815301259,0.3760553201039632
56,0.5779531796773275,0.4543251395225525,0.49651503562927246,0.3511708279450734,0.5061073303222656,0.47136108080546063
57,0.6553574204444885,0.5357830127080282,0.5594539443651835,0.4704267084598541,0.559494137763977,0.5559474031130472
58,0.6937017838160197,0.5890602668126425,0.5759175618489584,0.4899941881497701,0.6391027768452963,0.5646403829256693
59,0.6326587994893392,0.5298918684323629,0.5144411822160085,0.48725971579551697,0.5401432712872823,0.5424402157465616
60,0.2962915102640788,0.5068437059720358,0.4473764697710673,0.41226327419281006,0.5062676866849264,0.565271278222402
61,0.30401426553726196,0.5525750915209452,0.46208615104357403,0.4232550760110219,0.5187511444091797,0.5954557061195374
62,0.06892161319653194,0.060127017398675285,0.05944404688974222,0.052311988547444344,0.05841138958930969,0.0570809164394935
63,0.07039663071433704,0.06872754357755184,0.06672631452480952,0.05635868447522322,0.07259050197899342,0.05930508362750212
64,0.0767701305449009,0.06994551854828994,0.06975574667255084,0.06570553469161193,0.07749085997541745,0.06535854438940684
65,0.09744418660799663,0.0884827437500159,0.10959757988651593,0.10908076663812001,0.09974107891321182,0.09103264659643173
66,0.07527370937168598,0.08992824082573254,0.09672550732890765,0.08704822758833568,0.0950245497127374,0.08671372632185619
0,0.7936859528223673,0.6562857925891876,0.6535216271877289,0.6965893308321635,0.6300378739833832,0.6552243034044901
1,0.9247188866138458,0.9559438129266103,0.9540584981441498,0.9299355745315552,0.9542974730332693,0.9441010852654775
2,0.9278005758921305,0.9586670498053232,0.9578995803991953,0.9374840160210928,0.957387109597524,0.9567877550919851
3,0.9113559424877167,0.9530816276868185,0.9458022316296896,0.9214026828606924,0.9469424287478129,0.9481772780418396
4,0.9288441042105356,0.9624336163202921,0.962403138478597,0.9439099828402201,0.9615814089775085,0.9627950290838877
5,0.9082463085651398,0.8699299891789755,0.8653187950452169,0.8679089744885763,0.8477998276551565,0.8768554329872131
6,0.9062970379988352,0.890821635723114,0.8870218098163605,0.896863708893458,0.8549408614635468,0.8917440672715505
7,0.9069959223270416,0.9170318444569906,0.9245680967966715,0.9199401239554087,0.881055215994517,0.9218854506810507
8,0.9277724126974741,0.8822725713253021,0.8610335091749827,0.8679560025533041,0.8487165669600168,0.880635400613149
9,0.8850642939408621,0.8225748538970947,0.819237470626831,0.8109268744786581,0.8091911474863688,0.8276620507240295
10,0.820859839518865,0.7006819347540537,0.6704055269559225,0.7175304591655731,0.6746989885965983,0.6939632892608643
11,0.3110189810395241,0.1179882325232029,0.1250691364208857,0.16379694019754729,0.11716505512595177,0.11662412186463673
12,0.1506990728278955,0.046852157140771546,0.049217398588856064,0.05558266180257002,0.0437742176776131,0.044935508631169796
13,0.3877411137024562,0.1951221227645874,0.1925304854909579,0.19630180299282074,0.20463517059882483,0.1913063401977221
14,0.5583488096793493,0.3817187895377477,0.4147527813911438,0.42863158881664276,0.4178767303625743,0.38340115050474805
15,0.14751946181058884,0.0595383836577336,0.06427437315384547,0.07380000688135624,0.06651291251182556,0.062292312582333885
16,0.41685525079568225,0.26295681049426395,0.27502504736185074,0.30376212547222775,0.31659287214279175,0.2670956527193387
17,0.4426325311263402,0.2782902717590332,0.22976293663183847,0.28387599686781567,0.2985981007417043,0.24599064141511917
18,0.13084357976913452,0.05756294168531895,0.06028658710420132,0.07745903047422568,0.06387404600779216,0.061639013389746346
19,0.3141946072379748,0.17838499695062637,0.18012437224388123,0.22355102747678757,0.19616718962788582,0.17847472677628198
20,0.3756364931662877,0.1586304654677709,0.15650046740969023,0.1637200303375721,0.15790424620111784,0.14770833030343056
21,0.5934308270613352,0.6038795908292135,0.5927732984224955,0.6122353772322336,0.6021792888641357,0.6092986563841502
22,0.7625212470690409,0.647599458694458,0.5899642010529836,0.6333373089631399,0.618836522102356,0.6260122160116831
23,0.3527158349752426,0.26604682207107544,0.23879381269216537,0.2826111341516177,0.2719908033808072,0.2554350097974141
24,0.28419578323761624,0.18037879591186842,0.17046707247694334,0.2135025362173716,0.17813736821214357,0.17412468294302622
25,0.32453303039073944,0.16746166596810022,0.16601109132170677,0.24200532585382462,0.1746567040681839,0.20497842381397882
26,0.42173534135023755,0.29045695811510086,0.2965424805879593,0.32770713170369464,0.2813088844219844,0.2912006626526515
27,0.4188360124826431,0.2861982087294261,0.2894777109225591,0.3537580445408821,0.27160461743672687,0.29099077731370926
28,0.33388901750246686,0.1865513175725937,0.2026082401474317,0.24258461346228918,0.17188817883531252,0.18897465616464615
29,0.35709814230600995,0.2043945367137591,0.21055641770362854,0.2888152375817299,0.18914780393242836,0.20989971111218134
30,0.3545416345198949,0.18800791104634604,0.19697015235821405,0.25179482996463776,0.15928632641832033,0.19175739089647928
31,0.2791798437635104,0.1467547466357549,0.1530102069179217,0.18314729382594427,0.11981404448548953,0.1472297472258409
32,0.20879231144984564,0.12418774018685023,0.13401149585843086,0.14952251687645912,0.1036351869503657,0.1284404123822848
33,0.2480247144897779,0.18529894948005676,0.20589472850163779,0.27526696274677914,0.15123969440658888,0.18599850684404373
34,0.3108389377593994,0.13804776221513748,0.138571976373593,0.18868833035230637,0.12037203088402748,0.14221432680884996
35,0.4359891364971797,0.31661438445250195,0.32535409927368164,0.3079350143671036,0.3362540702025096,0.3149764984846115
36,0.037150529523690544,0.7861198981602987,0.7893938918908437,0.8111501832803091,0.8171416918436686,0.7601006428400675
37,0.06985726517935593,0.5479982942342758,0.4921829551458359,0.46382488310337067,0.4996648629506429,0.49306853115558624
38,0.2538764600952466,0.33025941252708435,0.35454576710859936,0.3771499792734782,0.3093595802783966,0.3062172258893649
39,0.7771257758140564,0.6174052457014719,0.6343493759632111,0.6583774586518606,0.638576090335846,0.6020454466342926
40,0.5458069692055384,0.3496343344449997,0.3433590680360794,0.3754703203837077,0.37348440289497375,0.33174098531405133
41,0.594943106174469,0.33905182282129925,0.36835511525472003,0.3499840746323268,0.3776435653368632,0.3437339862187703
42,0.6099114517370859,0.3193754404783249,0.352605273326238,0.3479970296223958,0.36841386059919995,0.3405734996000926
43,0.5502165506283442,0.27531204869349796,0.27003541340430576,0.24537389973799387,0.3020343656341235,0.28461501250664395
44,0.521716465552648,0.24715594202280045,0.24998186777035394,0.29468315839767456,0.22025673588116965,0.26180224617322284
45,0.4526514708995819,0.2640174130598704,0.27438802023728687,0.2321414202451706,0.29409972081581753,0.25605466216802597
46,0.2729959686597188,0.133203544964393,0.13178141911824545,0.14744359254837036,0.1298037270704905,0.13154474894205728
47,0.2831834778189659,0.16214698428908983,0.16277042279640833,0.1779948795835177,0.15418178836504617,0.15898403525352478
48,0.46889589726924896,0.31657689809799194,0.30093566576639813,0.2623756652077039,0.3455679714679718,0.3153223991394043
49,0.20022952308257422,0.11858948444326718,0.11699540043870608,0.11989169691999753,0.11150584742426872,0.12109702825546265
50,0.2048600142200788,0.11436156928539276,0.12461493785182635,0.13084199155370393,0.09493851661682129,0.11098236342271169
51,0.12039371331532796,0.043352420441806316,0.05066582870980104,0.06777890274922053,0.058310938999056816,0.057946473360061646
52,0.08012112850944202,0.022566193404297035,0.024065008386969566,0.028989615850150585,0.02534770593047142,0.02196686031917731
53,0.09096308176716168,0.035182259666423,0.040279329443971314,0.04178932495415211,0.03649492375552654,0.03752299708624681
54,0.3170049414038658,0.184869517882665,0.1937376856803894,0.17009545862674713,0.19458030412594476,0.1766844019293785
55,0.626908948024114,0.5001393208901087,0.4901700069506963,0.44198459883530933,0.5043056805928549,0.49844543139139813
56,0.6722921431064606,0.5754943092664083,0.5754750321308771,0.49279312292734784,0.607700397570928,0.576276570558548
57,0.20556729783614477,0.08837232552468777,0.08665817603468895,0.10930750394860904,0.08487907176216443,0.08688199147582054
58,0.19675320386886597,0.08651020439962546,0.08630752749741077,0.11045045778155327,0.08167614911993344,0.08183936588466167
59,0.21456273893515268,0.08580724149942398,0.09062204634149869,0.11337444310386975,0.07204983631769817,0.08382923590640227
60,0.2583922743797302,0.10445242126782735,0.10578705246249835,0.13928235322237015,0.08654036745429039,0.09705261265238126
61,0.36419632534186047,0.13783790792028108,0.14856435979406038,0.18293565760056177,0.1302351877093315,0.14559827372431755
0,0.5259520014127096,0.4905717174212138,0.4686201512813568,0.4802277684211731,0.482268104950587,0.46819373965263367
1,0.6438216964403788,0.4847569167613983,0.4932220975557963,0.46004512906074524,0.4440961480140686,0.4847114284833272
2,0.3322986960411072,0.7856215039889017,0.8144912719726562,0.8102839390436808,0.8548755844434103,0.8392937978108724
3,0.6337540745735168,0.7490240335464478,0.8027269641558329,0.7851966420809428,0.8055975238482157,0.7847802440325419
4,0.824850857257843,0.9069764018058777,0.9117006460825602,0.9060419996579488,0.9166927735010783,0.9007120132446289
5,0.8829694390296936,0.9421172340710958,0.9433380762736002,0.9345604777336121,0.9368897279103597,0.938047448794047
6,0.9097030560175577,0.9320929050445557,0.9281967083613077,0.9228999416033427,0.9075952172279358,0.9284718036651611
7,0.04527958482503891,0.5998847583929697,0.510216603676478,0.686344305674235,0.5401937564214071,0.5751707752545675
8,0.7815556327501932,0.8091070055961609,0.7772437135378519,0.7162034114201864,0.7450976371765137,0.7828789552052816
9,0.5020609696706136,0.3167459964752197,0.29401056965192157,0.25720015664895374,0.31171712279319763,0.3050489326318105
10,0.29130083322525024,0.186128040154775,0.18545293311278024,0.16248802840709686,0.17093650499979654,0.16985811789830527
11,0.33452876408894855,0.20392340421676636,0.18375708162784576,0.15567965308825174,0.1699835260709127,0.19236049056053162
12,0.29930365085601807,0.2396548887093862,0.21500218907992044,0.20725242296854654,0.21138031780719757,0.19216157495975494
13,0.21503247320652008,0.1261353219548861,0.12520340830087662,0.13253732025623322,0.11327504863341649,0.12307410190502803
14,0.2767604688803355,0.1757459193468094,0.15191867450873056,0.1717878778775533,0.16373411317666373,0.16574216385682425
15,0.43390392263730365,0.36382897694905597,0.33171849449475604,0.32766257723172504,0.35366809368133545,0.33949310580889386
16,0.28111037115255993,0.18237357834974924,0.19045359392960867,0.17621654768784842,0.19562160472075144,0.19964452584584555
17,0.44513483842213947,0.31384003162384033,0.29472234348456067,0.31831540664037067,0.3197387754917145,0.33355964223543805
18,0.28585514922936756,0.1957626442114512,0.16827021539211273,0.17616176108519235,0.19680828849474588,0.17731667558352152
19,0.4203868905703227,0.38370590408643085,0.350488821665446,0.30004777510960895,0.35445045431454975,0.36922796567281085
20,0.23915762702624002,0.19871901969114938,0.189821258187294,0.17348065475622812,0.20176094273726145,0.1900341659784317
21,0.1652752955754598,0.1731124222278595,0.15574637552102408,0.17703249057133993,0.18042300144831339,0.18909873068332672
22,0.4587152302265167,0.33475826183954877,0.3383154471715291,0.3405537207921346,0.33847976724306744,0.37981969118118286
23,0.5370880663394928,0.5039792458216349,0.488353153069814,0.43030866980552673,0.5077603061993917,0.506167987982432
24,0.38243429859479267,0.30230658253033954,0.30222393075625104,0.28528181711832684,0.3365340232849121,0.3243868152300517
25,0.39273566007614136,0.3519391715526581,0.3212561408678691,0.304592231909434,0.3202388783295949,0.34599066774050397
26,0.44114020466804504,0.30470986664295197,0.2870985418558121,0.29891667266686756,0.33067787686983746,0.3266236384709676
27,0.45625903209050495,0.3363511959711711,0.36629680792490643,0.35926657915115356,0.3616350591182709,0.3669898907343547
28,0.548440416653951,0.5881778796513876,0.5651660164197286,0.5575416684150696,0.5947521527608236,0.5575863917668661
29,0.2372261236111323,0.17442175249258676,0.15958083669344583,0.169928510983785,0.16186409195264181,0.16565359632174173
30,0.18840384980042776,0.1318964163462321,0.11393663783868153,0.13466514647006989,0.1378775561849276,0.13617651164531708
31,0.24366499980290732,0.11653126527865727,0.10065064082543056,0.14339431623617807,0.1376181865731875,0.1336053212483724
32,0.529172420501709,0.3125393291314443,0.318083996574084,0.3244865636030833,0.32363927364349365,0.32615671555201214
33,0.7208171486854553,0.5740282436211904,0.513995369275411,0.6161116361618042,0.5932325522104899,0.5977421800295512
34,0.41957921783129376,0.22359799345334372,0.24002558986345926,0.2786761671304703,0.2632469981908798,0.24721152087052664
35,0.649996836980184,0.4910288353761037,0.4606972336769104,0.4626356860001882,0.5032597581545512,0.5019440452257792
36,0.5702517429987589,0.4125655194123586,0.41922155022621155,0.475218802690506,0.45079227288564044,0.42056243618329364
37,0.2693045288324356,0.1286715865135193,0.12833292285601297,0.1612290491660436,0.15045028924942017,0.1561927298704783
38,0.45024004578590393,0.34284618496894836,0.3108715812365214,0.40569769342740375,0.37247954805692035,0.3521234194437663
39,0.3106987178325653,0.1630188524723053,0.15049257626136145,0.17939792076746622,0.17481790979703268,0.1665357599655787
40,0.3466239869594574,0.26233575244744617,0.22627221047878265,0.26674099266529083,0.24423390130201975,0.24291793008645376
41,0.7042444547017416,0.6905377904574076,0.6420266628265381,0.622393528620402,0.6150887608528137,0.6739908456802368
42,0.6997670531272888,0.5136170585950216,0.5209043423334757,0.536689301331838,0.4543585181236267,0.5107912123203278
43,0.6458489100138346,0.4515793025493622,0.43819256623586017,0.5184848507245382,0.47530873616536456,0.4921358525753021
44,0.6975740393002828,0.5917881727218628,0.5635320246219635,0.5660895903905233,0.54051074385643,0.5839175581932068
45,0.6994874278704325,0.5937096079190572,0.5856590469678243,0.5696596304575602,0.557302325963974,0.5812228719393412
46,0.7763351798057556,0.6693939963976542,0.6322003205617269,0.643986443678538,0.6152313947677612,0.657521386941274
47,0.7901460329691569,0.664759079615275,0.6547978520393372,0.6151053706804911,0.6210978229840597,0.6740667025248209
48,0.6413016517957052,0.5164795021216074,0.5000931521256765,0.5022267401218414,0.4336629609266917,0.5122155944506327
49,0.6173456907272339,0.3841310342152913,0.4057673513889313,0.46542999148368835,0.39427000284194946,0.42209364970525104
50,0.5848414699236552,0.4255659182866414,0.44026321172714233,0.36391281088193256,0.4217176636060079,0.4334805409113566
51,0.48412517706553143,0.3004749019940694,0.2968427240848541,0.3099009096622467,0.3108620246251424,0.316055695215861
52,0.5106424887975057,0.2682838439941406,0.2780510187149048,0.28850042323271435,0.27104103565216064,0.2793632100025813
53,0.7103722294171652,0.5755060513814291,0.5759909550348917,0.5970666607220968,0.50845006108284,0.5705520908037821
54,0.7067548433939616,0.5002331435680389,0.49126633008321124,0.5486707091331482,0.4748415946960449,0.5044049123922983
55,0.7383519212404887,0.514523575703303,0.5200674037138621,0.5322966774304708,0.4796117345492045,0.5137722591559092
56,0.5986502567927042,0.47144827246665955,0.4459449847539266,0.520662913719813,0.47108860810597736,0.49077526728312176
57,0.7791706720987955,0.6275719205538431,0.6066609223683676,0.6214924454689026,0.6059385339419047,0.631419817606608
58,0.04800890882809957,0.031942338372270264,0.0369598555068175,0.03851523778090874,0.026281277338663738,0.03773515733579794
59,0.055964733163515724,0.02963169788320859,0.046295067916313805,0.03649667836725712,0.02405986872812112,0.03596023780604204
60,0.05349579080939293,0.027968810871243477,0.03897920995950699,0.03690659006436666,0.022087632368008297,0.03176551995178064
61,0.07330488537748654,0.0508137879272302,0.05758033817013105,0.04904335488875707,0.04461365441481272,0.055292341858148575
62,0.1090601459145546,0.06981173406044643,0.09494243810574214,0.0817309742172559,0.0806785374879837,0.08015143871307373
0,0.7104928195476532,0.46178241074085236,0.4747876524925232,0.5328816324472427,0.47982026636600494,0.4644807428121567
1,0.5770082473754883,0.6484481990337372,0.5617837011814117,0.6116340756416321,0.6592987775802612,0.6459567844867706
2,0.9317292869091034,0.9091800451278687,0.9109723269939423,0.8424790799617767,0.9113309383392334,0.9133594334125519
3,0.9463375508785248,0.9463880658149719,0.943181961774826,0.9123169779777527,0.9416047632694244,0.9467146396636963
4,0.947339653968811,0.9470811188220978,0.9457393288612366,0.9043146967887878,0.9463431239128113,0.9484029710292816
5,0.5689647793769836,0.5425350666046143,0.5737057626247406,0.51274374127388,0.5831698179244995,0.5180466026067734
6,0.7771616280078888,0.6407936811447144,0.6250240504741669,0.6229065358638763,0.5840024352073669,0.5682143867015839
7,0.3462410345673561,0.808457612991333,0.8270948529243469,0.864948958158493,0.876061886548996,0.8445640504360199
8,0.8661276400089264,0.7015966773033142,0.7580209374427795,0.753872275352478,0.7997031807899475,0.7341143488883972
9,0.715155303478241,0.46381060779094696,0.4826503247022629,0.4992123544216156,0.40815648436546326,0.3941548615694046
10,0.6087536513805389,0.44584476947784424,0.39687369763851166,0.4978421926498413,0.37540724873542786,0.41223807632923126
11,0.5635511875152588,0.22130925208330154,0.203608438372612,0.36090874671936035,0.17285048961639404,0.22519364207983017
12,0.8113738596439362,0.7941076755523682,0.7914081513881683,0.8178925216197968,0.6454364061355591,0.8084457814693451
13,0.767062246799469,0.6183358728885651,0.6027482748031616,0.6192381680011749,0.5446387380361557,0.6174339354038239
14,0.3486495316028595,0.17518480122089386,0.1772427335381508,0.17503342032432556,0.14733996987342834,0.17007878422737122
15,0.407723143696785,0.26473692804574966,0.2996603399515152,0.3302404284477234,0.26852185279130936,0.31134504079818726
16,0.3737630397081375,0.2696682810783386,0.3021240383386612,0.3307153582572937,0.255886510014534,0.2698119282722473
17,0.7900271117687225,0.5992484092712402,0.588454931974411,0.6061018705368042,0.5517004430294037,0.613780289888382
18,0.9130002856254578,0.8842915296554565,0.8667044937610626,0.8343005776405334,0.8611169457435608,0.8848084211349487
19,0.7440987527370453,0.6029466688632965,0.6291383504867554,0.5737199783325195,0.5594627261161804,0.6088418662548065
20,0.439896360039711,0.29070521891117096,0.3061469793319702,0.33278053998947144,0.28552135825157166,0.28212030977010727
21,0.217893585562706,0.12448100000619888,0.12168993055820465,0.1178034320473671,0.14966131001710892,0.11797091737389565
22,0.13572786003351212,0.06428875587880611,0.06535161659121513,0.0727967768907547,0.07583649829030037,0.07445260509848595
23,0.12765538319945335,0.08691627345979214,0.0851975679397583,0.10099153965711594,0.10037828981876373,0.08997919782996178
24,0.19752312451601028,0.12351258471608162,0.1201099082827568,0.13236967846751213,0.15779991447925568,0.12567486986517906
25,0.09372278302907944,0.040373966097831726,0.04002470523118973,0.04742582142353058,0.04065919853746891,0.03860340267419815
26,0.08790431544184685,0.04215424880385399,0.04000245779752731,0.0422377847135067,0.040083639323711395,0.039704231545329094
27,0.1263926737010479,0.07016824930906296,0.07183070108294487,0.07202224060893059,0.07481674477458,0.0648473221808672
28,0.16827688366174698,0.06623407267034054,0.0662358682602644,0.05993165075778961,0.060251666232943535,0.05983440764248371
29,0.14935646951198578,0.08262543380260468,0.0711439996957779,0.0746859721839428,0.07939654588699341,0.07709487155079842
30,0.05818952061235905,0.049747245386242867,0.041427042335271835,0.046767108142375946,0.03985343500971794,0.04638327285647392
31,0.05423172190785408,0.023306286893785,0.02169450093060732,0.029025401920080185,0.021981412544846535,0.019063826650381088
32,0.06600753962993622,0.039609890431165695,0.03690861351788044,0.045882271602749825,0.03076950553804636,0.03041627537459135
33,0.28747743368148804,0.24284086376428604,0.22843100130558014,0.17859956622123718,0.19741064310073853,0.23981889337301254
34,0.47534097731113434,0.2621616721153259,0.2980234771966934,0.2954373061656952,0.29347601532936096,0.25546690076589584
35,0.36568085849285126,0.19659649580717087,0.20938871800899506,0.1771017611026764,0.1995050385594368,0.19673296809196472
36,0.15667760372161865,0.07030020467936993,0.0670807883143425,0.05443017557263374,0.06625561788678169,0.06259064562618732
37,0.1088920310139656,0.03460721671581268,0.03295142389833927,0.036800503730773926,0.032541305758059025,0.03566395305097103
38,0.10187164694070816,0.04330545477569103,0.04099595919251442,0.042724039405584335,0.043025027960538864,0.04059465415775776
39,0.15605399012565613,0.07164159789681435,0.0772894062101841,0.09345681965351105,0.08613451570272446,0.09636743739247322
40,0.08846047893166542,0.031075093895196915,0.029607185162603855,0.03903419151902199,0.03339782822877169,0.03213154524564743
41,0.23698149621486664,0.14007651805877686,0.12557712942361832,0.12535393238067627,0.1578519195318222,0.1285560168325901
42,0.14253417402505875,0.07229145057499409,0.06265376135706902,0.07078883983194828,0.07053843326866627,0.07785172574222088
43,0.08861934766173363,0.0478215217590332,0.04972118325531483,0.05224892124533653,0.04831339046359062,0.04382665455341339
44,0.07669172435998917,0.024467797949910164,0.02330597583204508,0.04002363421022892,0.026835480704903603,0.0204206807538867
45,0.09291887283325195,0.03942326083779335,0.03692491352558136,0.04356660693883896,0.04166754335165024,0.032173472456634045
46,0.09038518741726875,0.05087475851178169,0.048820238560438156,0.05791507661342621,0.04591837525367737,0.044133822433650494
47,0.054499970749020576,0.023372989147901535,0.022133021615445614,0.028125117532908916,0.02311557251960039,0.02211302937939763
48,0.047658318653702736,0.017782015725970268,0.016132410615682602,0.024414166808128357,0.017434452660381794,0.016658338252454996
49,0.06401705928146839,0.054380614310503006,0.042658766731619835,0.05453554354608059,0.05056235007941723,0.048738107085227966
50,0.0935598760843277,0.0913451574742794,0.08231476321816444,0.11653060466051102,0.07098324224352837,0.08218830451369286
51,0.11100324243307114,0.10463513806462288,0.08679613098502159,0.09647173434495926,0.08556995913386345,0.07903718948364258
52,0.0994739793241024,0.05819489061832428,0.06001751869916916,0.06782497838139534,0.058753181248903275,0.05191369540989399
53,0.07333619892597198,0.0334091791883111,0.024839648976922035,0.03981890622526407,0.031673758290708065,0.03056510630995035
54,0.08609742671251297,0.05187901854515076,0.04493440315127373,0.05813034251332283,0.04821464791893959,0.0450900886207819
55,0.08712596818804741,0.05673806183040142,0.05042540840804577,0.05385180190205574,0.049286749213933945,0.05382353998720646
56,0.10108688101172447,0.05545492842793465,0.04567222110927105,0.08230248093605042,0.0395961981266737,0.05180365405976772
57,0.11332926526665688,0.06784922629594803,0.06271575577557087,0.09142786636948586,0.055490005761384964,0.061720505356788635
58,0.1450776346027851,0.09974495694041252,0.10864551737904549,0.15855416655540466,0.09151105210185051,0.09622815623879433
59,0.7027619183063507,0.9776498973369598,0.9730435907840729,0.9620048701763153,0.9602406620979309,0.9647441506385803
60,0.9146993458271027,0.9858507513999939,0.9826964735984802,0.9698886275291443,0.9773868024349213,0.9776276051998138
61,0.9544505178928375,0.9810601472854614,0.9820231795310974,0.961786299943924,0.9759536385536194,0.9771056771278381
62,0.9424959719181061,0.9360441267490387,0.9190101027488708,0.9034821093082428,0.9170536398887634,0.9292694628238678
63,0.869614988565445,0.8234541118144989,0.8109663128852844,0.8095258474349976,0.7933070361614227,0.8233166337013245
0,0.8597531119982401,0.8517147699991862,0.8289334972699484,0.8316782812277476,0.8230439027150472,0.8613937397797903
1,0.8099019626776377,0.8755451043446859,0.8575131595134735,0.8420501351356506,0.8611395061016083,0.8910492956638336
2,0.8973863820234934,0.9385949770609537,0.9287976026535034,0.9298739433288574,0.9130921165148417,0.9424964388211569
3,0.8919346034526825,0.9315242866675059,0.9228843947251638,0.9365626772244772,0.9245992302894592,0.934023121992747
4,0.9005517363548279,0.9781529804070791,0.973814845085144,0.9703770776589712,0.9833658734957377,0.9810421069463094
5,0.68209175268809,0.9567981759707133,0.9450329542160034,0.9492335319519043,0.9651904702186584,0.9642978211243948
6,0.5336887041727701,0.9026329716046652,0.8718695938587189,0.9100067714850107,0.9076078534126282,0.9090251723925272
7,0.7297827502091726,0.9237941205501556,0.8978824019432068,0.9037790993849436,0.916243294874827,0.9357490440209707
8,0.8348470826943716,0.8812520305315653,0.8667234679063162,0.8587902386983236,0.8580722411473592,0.8871090312798818
9,0.5970564782619476,0.4296078532934189,0.4140963653723399,0.36807026465733844,0.4080876410007477,0.4259066581726074
10,0.2680840715765953,0.091480885942777,0.1015774595240752,0.10429153591394424,0.07604153826832771,0.09053392211596172
11,0.34670647978782654,0.1993629609545072,0.20719167590141296,0.24383321156104407,0.13606185466051102,0.1898904393116633
12,0.36692224939664203,0.27645550419886905,0.2946043635408084,0.25144507239262265,0.2756655638416608,0.30124399314324063
13,0.5365897715091705,0.4187435805797577,0.4098597119251887,0.3616710553566615,0.37339412172635394,0.43165457745393115
14,0.36690689126650494,0.23173153648773828,0.2203468307852745,0.23346608877182007,0.2382394547263781,0.23712366074323654
15,0.4525299022595088,0.42155007521311444,0.4093196739753087,0.484367698431015,0.3286603515346845,0.41459400455156964
16,0.2625698323051135,0.13018409783641496,0.13044298316041628,0.1546714094777902,0.10194761430223782,0.1374587764342626
17,0.28895092010498047,0.14361470068494478,0.15342751145362854,0.1849019651611646,0.10684466982881229,0.15646508211890855
18,0.1928118815024694,0.09280144919951756,0.1048640509446462,0.10338226457436879,0.07388882835706075,0.08943285793066025
19,0.34757914145787555,0.34482728441556293,0.3780369857947032,0.3546503235896428,0.3318156724174817,0.3416777377327283
20,0.8144754568735758,0.7468342284361521,0.7101227541764578,0.7507650852203369,0.6963059504826864,0.7317459285259247
21,0.7686874568462372,0.6932325661182404,0.6483659048875173,0.6721996665000916,0.6695067683855692,0.6954120695590973
22,0.41986340284347534,0.29226935903231305,0.2692951535185178,0.20032819112141928,0.2740035851796468,0.27470430980126065
23,0.13918848459919295,0.08101017152269681,0.09552921851476033,0.07820327828327815,0.06823976524174213,0.07990023555854957
24,0.17339836557706198,0.0725275141497453,0.07109467561046283,0.07138765541215737,0.06330274107555549,0.07043599026898544
25,0.4261457820733388,0.18454507241646448,0.1881898728509744,0.1906908079981804,0.20018273095289865,0.18063973262906075
26,0.3461631586154302,0.2294157793124517,0.20473850518465042,0.21352696418762207,0.2210229312380155,0.21456163376569748
27,0.7299061914285024,0.5161204437414805,0.47159067293008167,0.4741658369700114,0.45027900735537213,0.506932924191157
28,0.7302374045054117,0.523487851023674,0.4959793339172999,0.5244425584872564,0.5165058672428131,0.522097130616506
29,0.6379161179065704,0.40193966527779895,0.3678705245256424,0.4048641224702199,0.4168197363615036,0.4162427435318629
30,0.5690977275371552,0.4547612965106964,0.4338430315256119,0.3644511550664902,0.39015326897303265,0.4225713660319646
31,0.40895308057467145,0.33906350284814835,0.2852555265029271,0.28719397137562436,0.36292873322963715,0.3566167304913203
32,0.24877694994211197,0.30339934180180234,0.29283354183038074,0.3013253112634023,0.36147227386633557,0.3355184942483902
33,0.19026457766691843,0.11472290630141894,0.11345019812385242,0.1025690995156765,0.08517778913180034,0.10105717182159424
34,0.6891674300034841,0.6278604616721472,0.5919061948855718,0.6446489791075388,0.645965705315272,0.6506760617097219
35,0.13202993323405585,0.041972954757511616,0.03813633229583502,0.04358752568562826,0.03884392852584521,0.038800512440502644
36,0.0925311166793108,0.030050664208829403,0.028320323986311752,0.03419463708996773,0.031087241135537624,0.03014202198634545
37,0.2950104350845019,0.15484332541624704,0.1565193384885788,0.1178799495100975,0.15428265805045763,0.16036617135008177
38,0.2574820841352145,0.12586306656400362,0.13084685429930687,0.11354172974824905,0.1357866662244002,0.13407894223928452
39,0.18063697218894958,0.08765456142524879,0.08922835936148961,0.08645496765772502,0.09281934797763824,0.0877851036687692
40,0.09245129426320393,0.037048506550490856,0.04195387475192547,0.05284352973103523,0.05099422174195448,0.04305534685651461
41,0.061197939639290176,0.016036295797675848,0.016871567349880934,0.02230334607884288,0.014654644144078096,0.01716781205808123
42,0.17582356929779053,0.0726955917974313,0.07161763993402322,0.09297229163348675,0.0699128620326519,0.06585432526965936
43,0.08240505804618199,0.045546142073969044,0.05621011617283026,0.06260245479643345,0.03716006440420946,0.05190036197503408
44,0.13817407563328743,0.05485859575370947,0.06339476630091667,0.06322655702630679,0.04902396351099014,0.05460884484151999
45,0.31154465427001315,0.15682604784766832,0.17614378035068512,0.20091819018125534,0.18660091422498226,0.1752820834517479
46,0.24563964704672495,0.13038319845994314,0.11321096308529377,0.10776237584650517,0.0744663905352354,0.11528983215490977
47,0.15558956190943718,0.09539266303181648,0.10354922711849213,0.08541431526343028,0.09003336913883686,0.09272237122058868
48,0.062220859651764236,0.028282783925533295,0.029409787617623806,0.032292076386511326,0.020548862560341757,0.02698644359285633
49,0.04928003499905268,0.02003584538275997,0.016605447977781296,0.01692514292274912,0.015807039570063353,0.016474608797580004
50,0.03668226767331362,0.013662995460132757,0.01328682123372952,0.011748417591055235,0.010127600282430649,0.011327985518922409
51,0.03097873491545518,0.014332698347667852,0.013792903705810508,0.015611230550954739,0.010954612167552114,0.011853726658349236
52,0.09389331191778183,0.03618444688618183,0.04165241898347934,0.05104892452557882,0.03174193110316992,0.032322523184120655
53,0.11554420242706935,0.0670993672683835,0.05827760541190704,0.07574496697634459,0.05238957920422157,0.04973763103286425
54,0.04850569708893696,0.03311466549833616,0.03923547019561132,0.04871765927722057,0.025918634918828804,0.03528474302341541
55,0.07052182219922543,0.05302854379018148,0.049750832530359425,0.06321030048032601,0.04524951738615831,0.055985975389679275
56,0.04786364330599705,0.025057908923675615,0.020073340662444632,0.03196777651707331,0.018415703360612195,0.02576491329818964
57,0.029172718214492004,0.015856542546922963,0.012435234151780605,0.010630403722946843,0.008795025137563547,0.012255943225075802
58,0.10294746110836665,0.05349648371338844,0.059096437568465866,0.0545611542960008,0.03752526671936115,0.0458146749685208
59,0.7664223512013754,0.775804748137792,0.7588072816530863,0.7494040628274282,0.752951314051946,0.7546460032463074
60,0.7725104590257009,0.5984738270441691,0.5860519111156464,0.5724628369013468,0.606340746084849,0.5795210202534994
61,0.7455621759096781,0.566729262471199,0.5304273317257563,0.5632631331682205,0.4839073220888774,0.5326920946439108
62,0.6342983941237131,0.48047981162865955,0.42999688784281415,0.5130452166001002,0.3759436731537183,0.48132693270842236
63,0.7002759178479513,0.7314741214116415,0.708270788192749,0.6931981046994528,0.6183425088723501,0.6943349838256836
0,0.47449073791503904,0.23701739311218262,0.2383435845375061,0.25120751559734344,0.23513104021549225,0.2429649591445923
1,0.2994809538125992,0.1756877213716507,0.1476637527346611,0.2385983258485794,0.16219957172870636,0.15904890447854997
2,0.4905333578586578,0.6704630017280578,0.594373220205307,0.6349362015724183,0.646534776687622,0.619162917137146
3,0.9332063913345336,0.9321149587631226,0.9323626756668091,0.9198959469795227,0.937621819972992,0.9151762843132019
4,0.8295699119567871,0.7942513704299927,0.8005624294281006,0.8255888223648071,0.7917569279670715,0.7832695841789246
5,0.8530522227287293,0.8274316787719727,0.8428324580192565,0.8199930906295776,0.8075912475585938,0.8129613757133484
6,0.9113463997840882,0.9394267082214356,0.9352554440498352,0.924640691280365,0.9308578968048096,0.9294723987579345
7,0.9018749356269836,0.9083752155303955,0.8903266549110412,0.8776128411293029,0.8934139847755432,0.8878353834152222
8,0.5380380332469941,0.3730515718460083,0.345977658033371,0.33085874617099764,0.38002963066101075,0.371351420879364
9,0.4082653284072876,0.238772514462471,0.22768923938274382,0.23092532455921172,0.22354864478111267,0.2279764235019684
10,0.26184317767620086,0.11953613758087159,0.11455803215503693,0.14341035038232802,0.13926423639059066,0.13251135349273682
11,0.22123954594135284,0.13254802227020263,0.12663713544607164,0.12925613224506377,0.13726112693548204,0.12028457671403885
12,0.3028710871934891,0.14491190761327744,0.14541853964328766,0.16101600974798203,0.1529562696814537,0.15028862208127974
13,0.2835125684738159,0.128022700548172,0.12997689843177795,0.14901228845119477,0.12174139022827149,0.13374634683132172
14,0.2744824022054672,0.15046031922101974,0.14706235826015474,0.1506984055042267,0.15527756810188292,0.1488123506307602
15,0.2973057568073273,0.16831128001213075,0.1692078799009323,0.1650318682193756,0.1641292005777359,0.16708269119262695
16,0.2130444973707199,0.13433439284563065,0.1466282218694687,0.14010976254940033,0.14125735610723494,0.14001577198505402
17,0.5710553288459778,0.4047998130321503,0.4031631886959076,0.4294140338897705,0.4375631332397461,0.4126504361629486
18,0.6201739072799682,0.461310601234436,0.4466820597648621,0.47331179976463317,0.4869848132133484,0.4520980715751648
19,0.18458155691623687,0.13581155687570573,0.13894661366939545,0.1374887689948082,0.1418953076004982,0.13647694140672684
20,0.18216861933469772,0.13401740342378615,0.14463182240724565,0.16424098163843154,0.14411151111125947,0.13540132343769073
21,0.33974563479423525,0.2960954666137695,0.26642313301563264,0.303413450717926,0.2610839605331421,0.2989856988191605
22,0.21060843467712403,0.13386197686195372,0.14330634623765945,0.15834676772356032,0.1411648452281952,0.13617482483386995
23,0.2967838406562805,0.23371899724006653,0.21219218373298646,0.23805489540100097,0.23780885338783264,0.23132962882518768
24,0.4400707006454468,0.3616248548030853,0.34348798990249635,0.3788500964641571,0.36391746401786806,0.3456706166267395
25,0.4622205138206482,0.4311081290245056,0.44952783584594724,0.4531435191631317,0.44868950843811034,0.4468123376369476
26,0.39257572889328,0.43825270533561705,0.41389185190200806,0.42376338839530947,0.40616958737373354,0.41991612911224363
27,0.2271009087562561,0.16401031017303466,0.17693394124507905,0.1522317111492157,0.19078606516122817,0.1618279606103897
28,0.2597400426864624,0.1990417718887329,0.21635958552360535,0.1885049521923065,0.24452371001243592,0.21767971217632293
29,0.3370582699775696,0.27201321721076965,0.26896480917930604,0.24152078926563264,0.2825517863035202,0.2654217123985291
30,0.3432476043701172,0.24955829679965974,0.26122020483016967,0.23183819353580476,0.26080784797668455,0.2495756983757019
31,0.3029609709978104,0.22586113810539246,0.21124089360237122,0.19588852524757386,0.24188980758190154,0.22215446531772615
32,0.2503643333911896,0.14955025613307954,0.1463455393910408,0.13331856429576874,0.1264730229973793,0.13360199630260466
33,0.26448652148246765,0.12964627891778946,0.14248432517051696,0.13757494539022447,0.1293609008193016,0.13149216026067734
34,0.2584707051515579,0.11287597119808197,0.12423820197582244,0.11912712901830673,0.12381519079208374,0.11121414303779602
35,0.24187777936458588,0.19064545035362243,0.18395304530858994,0.16853791624307632,0.2088063985109329,0.19922661185264587
36,0.16544902324676514,0.1070089042186737,0.10727868676185608,0.12468004822731019,0.117486172914505,0.10911436378955841
37,0.39085323810577394,0.3041549503803253,0.27712222933769226,0.2802734345197678,0.2917453467845917,0.2797970026731491
38,0.3630069851875305,0.2331659108400345,0.23917680382728576,0.22322532832622527,0.23888528048992158,0.22073691487312316
39,0.6552100539207458,0.48877570033073425,0.4882747530937195,0.5424456179141999,0.48430694341659547,0.5081787705421448
40,0.8298828959465027,0.7197501540184021,0.7088393568992615,0.7391966342926025,0.6871986389160156,0.7138680577278137
41,0.8383068442344666,0.8212186574935914,0.8320909023284913,0.8494595289230347,0.8009227395057679,0.8251963257789612
42,0.42222985029220583,0.29431915283203125,0.31133214831352235,0.2914827674627304,0.29779933094978334,0.30289928913116454
43,0.15542369782924653,0.07567043602466583,0.08034020140767098,0.09621093049645424,0.08691326975822448,0.08434737697243691
44,0.26323885917663575,0.18789738714694976,0.17292174249887465,0.18711888641119004,0.16131081134080888,0.17975411117076873
45,0.4332058846950531,0.34693976044654845,0.3245257318019867,0.3554043173789978,0.36468685865402223,0.33681843280792234
46,0.44799968004226687,0.2864458739757538,0.2564940184354782,0.286702761054039,0.3142878770828247,0.28693921864032745
47,0.6336410522460938,0.4597482025623322,0.4724666833877563,0.5481243789196014,0.45768279433250425,0.4911234676837921
48,0.7299347400665284,0.814215874671936,0.8254818201065064,0.8394437909126282,0.7227269530296325,0.8177769899368286
49,0.7311655282974243,0.6732133865356446,0.7147384405136108,0.7275531053543091,0.6261958241462707,0.6823396205902099
50,0.5072131752967834,0.3781898319721222,0.364483106136322,0.3737217366695404,0.3709252953529358,0.3742621839046478
51,0.6158596396446228,0.4494425892829895,0.4832680463790894,0.5189533710479737,0.428029203414917,0.4519671738147736
52,0.6586876749992371,0.5022660076618195,0.5259337365627289,0.5898543477058411,0.49815781116485597,0.5250541031360626
53,0.3874965012073517,0.28133485019207,0.2838364660739899,0.3202733933925629,0.29531894326210023,0.28161918818950654
54,0.6002508401870728,0.5023521780967712,0.5233603835105896,0.513172036409378,0.4986756443977356,0.5193681240081787
55,0.3882430911064148,0.3301295220851898,0.33597723841667176,0.3416793137788773,0.30997714698314666,0.3301389396190643
56,0.39848043620586393,0.27009254693984985,0.2822935074567795,0.3203326940536499,0.26489046812057493,0.2977212488651276
57,0.7264419555664062,0.5442801058292389,0.5153963148593903,0.5789584517478943,0.5596917748451233,0.5333686351776123
58,0.9046396136283874,0.8808033227920532,0.86812903881073,0.8607785105705261,0.8591002583503723,0.8895029902458191
59,0.3905159533023834,0.18309209644794464,0.18610571324825287,0.19616345167160035,0.16667073965072632,0.17880087792873384
60,0.7035146474838256,0.48508026599884035,0.4907815456390381,0.5754122853279113,0.46123563647270205,0.49930973052978517
61,0.5393204092979431,0.35208097100257874,0.34040987491607666,0.39973031878471377,0.3311083674430847,0.3340383946895599
62,0.2179298296570778,0.620587682723999,0.5428763866424561,0.5643447637557983,0.5617009937763214,0.5913677036762237
63,0.16197748929262162,0.42450533509254457,0.38867145478725434,0.4513519316911697,0.3626237988471985,0.4385877072811127
0,0.042754299473017454,0.0312965651974082,0.036163375712931156,0.030298851896077394,0.04011507425457239,0.03491048840805888
1,0.08536605909466743,0.044223309960216284,0.04323157109320164,0.052123745903372765,0.04601177852600813,0.04956855718046427
2,0.0928694661706686,0.0596131905913353,0.06040154676884413,0.06451090704649687,0.0515907253138721,0.06603522878140211
3,0.10342985624447465,0.13524825032800436,0.17256136238574982,0.15052418783307076,0.11248086718842387,0.15800807252526283
4,0.1083943359553814,0.24335892125964165,0.28703022189438343,0.30951352789998055,0.3276824466884136,0.29300903528928757
0,0.09760943613946438,0.03795757470652461,0.04067111108452082,0.045840051025152206,0.04145626490935683,0.04254737589508295
1,0.08266643062233925,0.035770435351878405,0.04138563061133027,0.043342848774045706,0.03708784515038133,0.03702732780948281
2,0.17826261557638645,0.10047365911304951,0.09658130072057247,0.13761542178690434,0.13037317618727684,0.09884826838970184
3,0.560631051659584,0.3027246557176113,0.21557851508259773,0.2495613992214203,0.29407551139593124,0.30276675894856453
4,0.8261917978525162,0.8034427911043167,0.733207643032074,0.763299286365509,0.7348779290914536,0.7817102372646332
5,0.8668943345546722,0.7784106731414795,0.7452768087387085,0.7904065400362015,0.6898322403430939,0.7712715268135071
6,0.8985722959041595,0.8440565913915634,0.8338616043329239,0.8294750452041626,0.7843307852745056,0.832419216632843
7,0.9089758545160294,0.8931705206632614,0.890956848859787,0.8715592473745346,0.8754895478487015,0.8874331265687943
8,0.5834029167890549,0.38977691531181335,0.34333959966897964,0.4469485729932785,0.35174357518553734,0.3621272146701813
9,0.4397571459412575,0.23711686581373215,0.22084517404437065,0.25259459018707275,0.24997803196310997,0.22317880019545555
10,0.5740795284509659,0.3569037988781929,0.3806757777929306,0.3464946374297142,0.3680024743080139,0.3465730845928192
11,0.547467976808548,0.37155474722385406,0.3525209352374077,0.3896827921271324,0.33375100791454315,0.37107472866773605
12,0.47858069092035294,0.27852238714694977,0.2680533416569233,0.2831737734377384,0.2523108161985874,0.2735200487077236
13,0.4764232337474823,0.31524500995874405,0.3168613836169243,0.3218477740883827,0.31597137451171875,0.3316179886460304
14,0.43842194974422455,0.2784474082291126,0.2510688230395317,0.2554810792207718,0.2758076339960098,0.2777373418211937
15,0.3833528831601143,0.2165563888847828,0.21005387231707573,0.21606597676873207,0.23555586859583855,0.22629228234291077
16,0.1800938192754984,0.12025965005159378,0.13158098608255386,0.12852415442466736,0.13931082002818584,0.11950084380805492
17,0.16855199448764324,0.1019105538725853,0.1123017817735672,0.11188015528023243,0.11580172739923,0.11089624650776386
18,0.30533506721258163,0.25616248697042465,0.2524180542677641,0.23626693338155746,0.30001575499773026,0.24857625924050808
19,0.37461166083812714,0.21815166249871254,0.24578925967216492,0.26430879160761833,0.24345584586262703,0.20464366860687733
20,0.2369760498404503,0.17198283225297928,0.17567968182265759,0.19601646810770035,0.19820335507392883,0.1677529141306877
21,0.13042056374251842,0.08006161451339722,0.08019995037466288,0.08540592342615128,0.08182039856910706,0.06528018414974213
22,0.06455518025904894,0.02128927828744054,0.023060946259647608,0.02791679510846734,0.02460743486881256,0.023310051299631596
23,0.07212947029620409,0.031039156951010227,0.027579222805798054,0.03429391793906689,0.033299559727311134,0.02844281541183591
24,0.07490685489028692,0.02398643270134926,0.024770068936049938,0.029466851614415646,0.025644841138273478,0.025261831004172564
25,0.1460457667708397,0.0531647689640522,0.04882599413394928,0.058646359480917454,0.04779012221843004,0.047698695212602615
26,0.14563926681876183,0.05113030783832073,0.048095621168613434,0.05873515456914902,0.04498879425227642,0.04683202877640724
27,0.055395036935806274,0.028948551043868065,0.027633076068013906,0.036091189831495285,0.028466499410569668,0.028581834863871336
28,0.06764041446149349,0.03487318800762296,0.03730719815939665,0.03603326575830579,0.03421608731150627,0.04299662262201309
29,0.8519534766674042,0.846491128206253,0.8581819534301758,0.8131655007600784,0.8142862319946289,0.8560848981142044
30,0.8774168938398361,0.8393285125494003,0.838342472910881,0.8049818873405457,0.8409738093614578,0.8432360291481018
31,0.9118452221155167,0.9252293854951859,0.9353541284799576,0.8972335904836655,0.9213952422142029,0.9364121109247208
32,0.7759539633989334,0.790579691529274,0.781679317355156,0.7337074428796768,0.7541296035051346,0.7665940076112747
33,0.4113255739212036,0.16083551198244095,0.14128714427351952,0.1758444532752037,0.12006556056439877,0.13578110374510288
34,0.2855280488729477,0.1056105513125658,0.10716544464230537,0.15966568514704704,0.10160607099533081,0.10540701635181904
35,0.5263836085796356,0.3862672820687294,0.3809669092297554,0.41610176116228104,0.35794562101364136,0.37028635293245316
36,0.1933211013674736,0.38011467456817627,0.34168318659067154,0.4215974509716034,0.32067902386188507,0.34165704995393753
37,0.3134670555591583,0.12900641560554504,0.12520463578402996,0.14730523899197578,0.13215128891170025,0.1352856643497944
38,0.2889659106731415,0.12903988175094128,0.12056132219731808,0.13072095066308975,0.11943431943655014,0.12848684191703796
39,0.6598685681819916,0.44405489414930344,0.44017477333545685,0.3842865228652954,0.45897984504699707,0.4486446902155876
40,0.6741356700658798,0.4642575904726982,0.4768267646431923,0.4155660942196846,0.4886423572897911,0.4703798443078995
41,0.6655407547950745,0.46555279940366745,0.4750497192144394,0.4057029113173485,0.48408833146095276,0.46698524057865143
42,0.6606954038143158,0.4446825236082077,0.45318837463855743,0.4229457676410675,0.4683006927371025,0.42962975800037384
43,0.31758345663547516,0.2043965980410576,0.19045858830213547,0.1862860731780529,0.21079155430197716,0.16850759834051132
44,0.31394656747579575,0.17716195061802864,0.17741651460528374,0.1536469552665949,0.1699591465294361,0.1469616051763296
45,0.6032954752445221,0.35993901640176773,0.3660053685307503,0.2730421796441078,0.40839733928442,0.3480863496661186
46,0.38879720866680145,0.28459207713603973,0.3058401495218277,0.3194749280810356,0.2678186520934105,0.27915168181061745
47,0.37338459864258766,0.24415229074656963,0.2562890090048313,0.28693540021777153,0.21331467665731907,0.2401905208826065
48,0.5389257669448853,0.36680837720632553,0.3539653345942497,0.3290081098675728,0.31620732322335243,0.2905830703675747
0,0.8469098508358002,0.8532097637653351,0.8456695526838303,0.8773288130760193,0.8209711760282516,0.8657244890928268
1,0.8707749992609024,0.8684178739786148,0.8674474656581879,0.8800497949123383,0.8894259631633759,0.8867136240005493
2,0.8808622509241104,0.9576151669025421,0.9604668617248535,0.9469005465507507,0.9558245539665222,0.9546816498041153
3,0.9218854308128357,0.9860071539878845,0.9857530742883682,0.9787787348031998,0.9865006506443024,0.9863232970237732
4,0.8734584301710129,0.9419444054365158,0.9307081252336502,0.9193804264068604,0.9311409145593643,0.9412687569856644
5,0.8724902719259262,0.9219978451728821,0.9125052094459534,0.9044609069824219,0.9228346198797226,0.9249879419803619
6,0.9063729494810104,0.9391767829656601,0.9319372326135635,0.9256880432367325,0.9407113194465637,0.9439133405685425
7,0.7242249995470047,0.6190864443778992,0.6309424787759781,0.6402012258768082,0.6175367534160614,0.6231825798749924
8,0.6542468369007111,0.4465462788939476,0.42847084254026413,0.49879010021686554,0.44604288041591644,0.41006241738796234
9,0.5590426400303841,0.4169425964355469,0.399259477853775,0.5201009288430214,0.26642611995339394,0.3996551111340523
10,0.29230374097824097,0.11576605588197708,0.11481741070747375,0.14333746396005154,0.1343920473009348,0.11440525762736797
11,0.5318945795297623,0.3643801584839821,0.34315650165081024,0.3641432449221611,0.3604493588209152,0.36873336881399155
12,0.36070623248815536,0.18793677166104317,0.19199536740779877,0.23700104281306267,0.20399430021643639,0.18272938206791878
13,0.539288841187954,0.3462251201272011,0.3323913887143135,0.3759728670120239,0.3279404640197754,0.34056999534368515
14,0.4443230479955673,0.3142852894961834,0.32853249460458755,0.35145578533411026,0.31387823075056076,0.32000691443681717
15,0.5824038982391357,0.4688710719347,0.4745551347732544,0.5012481361627579,0.39733297377824783,0.4605182707309723
16,0.9135214537382126,0.8604403287172318,0.8544581234455109,0.8254757672548294,0.826990008354187,0.8773354738950729
17,0.7454057484865189,0.5041185840964317,0.4712804704904556,0.4870361164212227,0.4071248844265938,0.503897063434124
18,0.208279088139534,0.07655307650566101,0.07983963191509247,0.08031577430665493,0.08617127127945423,0.082194983959198
19,0.17962194234132767,0.0662907138466835,0.06804315000772476,0.06821609567850828,0.07309794425964355,0.06731411814689636
20,0.6257106512784958,0.37940763682127,0.320180281996727,0.38928331434726715,0.30634981393814087,0.3231540843844414
21,0.6797420084476471,0.4570758640766144,0.4448135942220688,0.43372366577386856,0.4669361636042595,0.41179562360048294
22,0.2012835368514061,0.09709666855633259,0.12706098705530167,0.11271579191088676,0.10462791845202446,0.11294637247920036
23,0.17611438408493996,0.11614623293280602,0.12105677649378777,0.125237088650465,0.11549015901982784,0.11909029260277748
24,0.30480651557445526,0.1624603606760502,0.16636900417506695,0.16902844049036503,0.15025257132947445,0.17007045820355415
25,0.16153978183865547,0.07525740843266249,0.07591798435896635,0.09857432544231415,0.07895125634968281,0.06953672599047422
26,0.16575459018349648,0.07926217187196016,0.08961829356849194,0.07749336119741201,0.06640420760959387,0.07305988483130932
27,0.16335806623101234,0.07933393865823746,0.07507289107888937,0.08492408599704504,0.08867163024842739,0.08088329434394836
28,0.0625314749777317,0.03034826274961233,0.03432759176939726,0.02829295862466097,0.02660576766356826,0.031989302951842546
29,0.03891147626563907,0.021715619135648012,0.025174233131110668,0.02931836387142539,0.02420826070010662,0.022054207744076848
30,0.05517946556210518,0.034224655479192734,0.0375750083476305,0.03895878070034087,0.021585829323157668,0.03383132768794894
31,0.045081710908561945,0.032344362465664744,0.03158465214073658,0.026644662022590637,0.02544498909264803,0.02274150215089321
32,0.46245212107896805,0.4821707755327225,0.5443393513560295,0.661514550447464,0.588127851486206,0.6196518987417221
33,0.1801287941634655,0.08095134142786264,0.11531874723732471,0.10271092131733894,0.08922632969915867,0.09946826100349426
34,0.1488705649971962,0.07705607265233994,0.09001726657152176,0.07877787575125694,0.05701282620429993,0.0869180615991354
35,0.0778738372027874,0.027156611438840628,0.028055742383003235,0.03437553998082876,0.028485281392931938,0.026962399017065763
36,0.05582854989916086,0.025015963707119226,0.02524839248508215,0.017734625609591603,0.021380257327109575,0.022090625250712037
37,0.0907000657171011,0.04317485634237528,0.044838410802185535,0.052522520534694195,0.045558951795101166,0.03950603539124131
38,0.18789984285831451,0.08658321853727102,0.08722355030477047,0.07726263534277678,0.08702089078724384,0.0784375462681055
39,0.20591647177934647,0.1224732231348753,0.13512771762907505,0.10926707275211811,0.1181465107947588,0.12300729379057884
40,0.10285187512636185,0.13962822780013084,0.15167683735489845,0.18613101169466972,0.13781408593058586,0.1575486809015274
41,0.08523683529347181,0.06600130815058947,0.08310649264603853,0.08175021596252918,0.07048320025205612,0.0583062581717968
42,0.1042891088873148,0.08369430527091026,0.08692587912082672,0.07681211549788713,0.07349193282425404,0.06821954064071178
43,0.23136935383081436,0.21784573048353195,0.18781494535505772,0.20341951865702868,0.24008729122579098,0.21194939501583576
44,0.16729145869612694,0.09578888304531574,0.09844843484461308,0.10932035744190216,0.09729263558983803,0.09412788785994053
45,0.3319391496479511,0.13958180136978626,0.14851834625005722,0.19730884954333305,0.1642494611442089,0.16223104484379292
46,0.2791788801550865,0.0760166784748435,0.07064597308635712,0.09529478568583727,0.0854167127981782,0.08568111341446638
47,0.31829972565174103,0.17177106626331806,0.14861692115664482,0.1607457734644413,0.14143219590187073,0.1600508615374565
48,0.3873816207051277,0.17572445049881935,0.1458090040832758,0.14987774193286896,0.11297252774238586,0.15804772451519966
49,0.1150487158447504,0.05488682817667723,0.04376091156154871,0.057730199303478,0.046322321984916925,0.04931650357320905
50,0.06620735116302967,0.032200335059314966,0.034828128293156624,0.035725809168070555,0.019130325177684426,0.033536722883582115
51,0.11470634676516056,0.07883611042052507,0.06265860423445702,0.08927448838949203,0.0823669582605362,0.07714671548455954
52,0.5904290974140167,0.5222928449511528,0.44989679753780365,0.49124427884817123,0.4842577874660492,0.5169612169265747
53,0.5974438339471817,0.7685641795396805,0.8180571496486664,0.7909267693758011,0.8026425838470459,0.8230914324522018
54,0.7695174217224121,0.7632101327180862,0.7578253149986267,0.6822585463523865,0.6974019110202789,0.7628719955682755
55,0.7439330369234085,0.928659051656723,0.9286128878593445,0.8934603482484818,0.9082716107368469,0.9422303885221481
56,0.7732303291559219,0.9771591275930405,0.9751719087362289,0.9519546777009964,0.9748969078063965,0.9778240621089935
57,0.6663566827774048,0.851523369550705,0.8685339540243149,0.706060141324997,0.8711177110671997,0.8636197000741959
58,0.6394752860069275,0.8052417188882828,0.756381019949913,0.7176606804132462,0.7709290236234665,0.7962209135293961
0,0.489033006131649,0.3263323940336704,0.3408109322190285,0.3641622066497803,0.35148534923791885,0.3514584004878998
1,0.5730688869953156,0.7144711762666702,0.7196694165468216,0.7129956930875778,0.7149980813264847,0.7447595298290253
2,0.5330880582332611,0.7423267215490341,0.7332990765571594,0.6981261968612671,0.7641714811325073,0.7320840060710907
3,0.7825927138328552,0.804756224155426,0.8275806903839111,0.7951188683509827,0.8059886544942856,0.8016136735677719
4,0.904717355966568,0.9337402582168579,0.9276257455348969,0.9086039513349533,0.9249202162027359,0.9141827374696732
5,0.9154595136642456,0.8755457848310471,0.8562038242816925,0.8471254259347916,0.8440243452787399,0.8611855655908585
6,0.9470448195934296,0.9585550725460052,0.9532349705696106,0.9479812830686569,0.9515433460474014,0.952971950173378
7,0.49961165338754654,0.6969152837991714,0.713055431842804,0.6970868855714798,0.7109867632389069,0.7064870297908783
8,0.813945546746254,0.7331981956958771,0.7428244203329086,0.6967918127775192,0.7087314128875732,0.7202769964933395
9,0.7722803205251694,0.7358409613370895,0.7456764280796051,0.7139844745397568,0.7403560876846313,0.7685522437095642
10,0.46802040934562683,0.3518014997243881,0.3791836351156235,0.34154339134693146,0.3110220357775688,0.3241039514541626
11,0.7370383888483047,0.5823603123426437,0.57373908162117,0.6502179056406021,0.5077272206544876,0.577734462916851
12,0.6955703049898148,0.5676494091749191,0.6000636219978333,0.4574737176299095,0.54655671864748,0.5889021456241608
13,0.6611593663692474,0.47292956709861755,0.50119199603796,0.40676185488700867,0.4917610138654709,0.49543294310569763
14,0.38548532873392105,0.21525488793849945,0.229019396007061,0.23688265308737755,0.23252706974744797,0.22483105212450027
15,0.28629886358976364,0.11295383423566818,0.11295456998050213,0.12929319217801094,0.12845555879175663,0.10941296815872192
16,0.28803569823503494,0.14083034358918667,0.13887844793498516,0.1657810565084219,0.15605802088975906,0.14386632293462753
17,0.3689163401722908,0.14640355296432972,0.14906177297234535,0.146125677973032,0.17057178169488907,0.13909096457064152
18,0.5154241323471069,0.2725268118083477,0.2736462131142616,0.28607918322086334,0.2453627809882164,0.27458909153938293
19,0.6087303161621094,0.44249483197927475,0.4499637931585312,0.4824550896883011,0.42865123599767685,0.4764626696705818
20,0.4359666630625725,0.24633940681815147,0.25225599110126495,0.2648497223854065,0.2638367712497711,0.26452432945370674
21,0.3227512128651142,0.23068359680473804,0.25238073244690895,0.2984233405441046,0.219473697245121,0.2506332490593195
22,0.345978744328022,0.17581864073872566,0.1560825128108263,0.18192175775766373,0.17687964625656605,0.15041051246225834
23,0.21939591318368912,0.0994851179420948,0.0815452253445983,0.10414598323404789,0.09172296524047852,0.08681551739573479
24,0.24088793992996216,0.1539505422115326,0.15350576862692833,0.17080138064920902,0.16915521584451199,0.16660894826054573
25,0.5969335585832596,0.43311557918787,0.45325296372175217,0.3742870092391968,0.4883916899561882,0.4462016820907593
26,0.3589972145855427,0.23262232542037964,0.259891826659441,0.24987241998314857,0.26386283338069916,0.24764126166701317
27,0.5183825418353081,0.24583445861935616,0.2797938100993633,0.29040758684277534,0.2577616684138775,0.2457420416176319
28,0.4520227536559105,0.2524585910141468,0.2779882177710533,0.2771310582756996,0.2368248738348484,0.2631205655634403
29,0.19483819231390953,0.11376736965030432,0.11371354945003986,0.13449211604893208,0.12800966389477253,0.11675017513334751
30,0.2670547105371952,0.16106859408318996,0.1603927407413721,0.1886529140174389,0.18390118330717087,0.17541354522109032
31,0.28977761045098305,0.1985296681523323,0.1937643215060234,0.20648004114627838,0.19444427639245987,0.2039683684706688
32,0.2575042210519314,0.18418118357658386,0.18490764312446117,0.1927100047469139,0.1762689296156168,0.18614930845797062
33,0.25786635279655457,0.20068800263106823,0.17889485508203506,0.19154580496251583,0.19206779263913631,0.18398747965693474
34,0.21436885744333267,0.17491390369832516,0.16419672966003418,0.18643240816891193,0.16495603509247303,0.1657608561217785
35,0.5951464921236038,0.42562657594680786,0.43444038927555084,0.3726241737604141,0.47369471192359924,0.42313195019960403
36,0.6039947420358658,0.4321155920624733,0.45815716683864594,0.3832976520061493,0.48664573580026627,0.45789114385843277
37,0.1629341058433056,0.39433836936950684,0.35114768147468567,0.44914817065000534,0.38086722046136856,0.30960650369524956
38,0.319929376244545,0.08260691910982132,0.07819877378642559,0.10517754405736923,0.08024177514016628,0.08588343858718872
39,0.4377320185303688,0.14513438567519188,0.1525784395635128,0.187363862991333,0.15968617424368858,0.16073846444487572
40,0.4262605682015419,0.2098989263176918,0.20362256094813347,0.2028041034936905,0.1878393515944481,0.20286289975047112
41,0.33427832275629044,0.15843350812792778,0.1507340893149376,0.1755053587257862,0.16288276389241219,0.15967849642038345
42,0.17133770883083344,0.08030342496931553,0.07648161426186562,0.08195656351745129,0.08920561149716377,0.08871552906930447
43,0.5460263639688492,0.37257736921310425,0.3378555662930012,0.36312703788280487,0.31540414690971375,0.3407909944653511
44,0.6967607140541077,0.5437394306063652,0.5475508943200111,0.4853461682796478,0.5867970362305641,0.5554868802428246
45,0.639409750699997,0.5388974472880363,0.5131213963031769,0.49142641574144363,0.5128304213285446,0.47606050223112106
46,0.6640761196613312,0.6155754774808884,0.6266951709985733,0.6202025562524796,0.6455256938934326,0.6075137406587601
47,0.45818549394607544,0.3891309127211571,0.36489287763834,0.3738981857895851,0.38981441408395767,0.3744730204343796
48,0.23509808257222176,0.16690188832581043,0.16707300394773483,0.17229661159217358,0.15771063975989819,0.15686914511024952
49,0.19056297093629837,0.11805195361375809,0.1250779964029789,0.13397550769150257,0.10428102035075426,0.10820605978369713
50,0.35257746279239655,0.20745010301470757,0.20040496066212654,0.23138360306620598,0.1949520818889141,0.23116282746195793
51,0.25951987877488136,0.16406533867120743,0.16213734447956085,0.1835179217159748,0.16283115185797215,0.16537558659911156
52,0.11679340712726116,0.05521052610129118,0.061906478367745876,0.08218867052346468,0.05944388173520565,0.06130376923829317
53,0.14080353267490864,0.06910442002117634,0.07033243775367737,0.08921825047582388,0.06328999437391758,0.06829533819109201
54,0.5656380653381348,0.5527279004454613,0.5974047631025314,0.5623554885387421,0.5795484334230423,0.6180284023284912
55,0.5528562441468239,0.5884062051773071,0.5886642187833786,0.5377396792173386,0.5588555708527565,0.5596294179558754
56,0.4544954150915146,0.5649811923503876,0.6005266532301903,0.5732670351862907,0.5098419189453125,0.5761165618896484
57,0.1414567120373249,0.08864843286573887,0.08944062516093254,0.11294667888432741,0.07149021420627832,0.08533503860235214
58,0.10595276392996311,0.05264454474672675,0.04728740127757192,0.07024398725479841,0.04806337598711252,0.04993269685655832
59,0.17265493795275688,0.11302414536476135,0.10193464066833258,0.13336133304983377,0.0948953777551651,0.10013999976217747
60,0.305542279034853,0.27856073901057243,0.25921064987778664,0.2966570146381855,0.27478431165218353,0.2659519650042057
61,0.38376038521528244,0.24691855162382126,0.22411011531949043,0.2719464935362339,0.174665205180645,0.23503252863883972
0,0.38549954692522687,0.27736111481984455,0.30946414669354755,0.268121600151062,0.31623805562655133,0.30953415234883624
1,0.29973214864730835,0.18565188348293304,0.16695868968963623,0.22199084361394247,0.1983472208182017,0.19428794582684836
2,0.5429733196894327,0.5255050361156464,0.5971158146858215,0.6249948740005493,0.510342945655187,0.5806116461753845
3,0.520727296670278,0.3942676583925883,0.39955950776735943,0.4391321341196696,0.42187965909639996,0.4372396369775136
4,0.6763810714085897,0.5840627551078796,0.6094964941342672,0.5985857844352722,0.5933573444684347,0.592422624429067
5,0.4803408881028493,0.29004554947217304,0.3250512232383092,0.39050666491190594,0.31796108682950336,0.27574603259563446
6,0.6891501744588217,0.5042716264724731,0.5318680008252462,0.6193936665852865,0.5343311627705892,0.511498232682546
7,0.7884502212206522,0.706284781297048,0.6936460336049398,0.7592277725537618,0.7028754750887553,0.7053360541661581
8,0.7779112259546915,0.6961116393407186,0.6697901487350464,0.682068924109141,0.6135791540145874,0.6518306136131287
9,0.5899295806884766,0.5009461343288422,0.5201860268910726,0.5017413198947906,0.5009664992491404,0.4959888160228729
10,0.35680249333381653,0.4443061351776123,0.4109809895356496,0.46430989106496173,0.41835875312487286,0.4459108312924703
11,0.4565277695655823,0.2551840196053187,0.236147070924441,0.2807871649662654,0.23991340895493826,0.23831159373124441
12,0.5567711989084879,0.3088838954766591,0.29162267843882245,0.324849267800649,0.31085620323816937,0.31733259558677673
13,0.7235879898071289,0.5122002065181732,0.5090788702170054,0.5472616255283356,0.5115975240866343,0.513184388478597
14,0.8799609343210856,0.8115251859029134,0.8236726721127828,0.8446250756581625,0.8008566300074259,0.8121736844380697
15,0.9067055583000183,0.8869499564170837,0.8729319969813029,0.9021705389022827,0.8299738566080729,0.8776554862658182
16,0.8774491548538208,0.8108493288358053,0.8014980355898539,0.8415366411209106,0.712618092695872,0.8092374801635742
17,0.7226793169975281,0.4946662187576294,0.5139023462931315,0.5992416739463806,0.45757325490315753,0.5106329421202341
18,0.4420425494511922,0.1661986137429873,0.16770391911268234,0.2252419094244639,0.16090461611747742,0.16448052475849786
19,0.7626124819119772,0.6054036815961202,0.5706551671028137,0.6818175315856934,0.5481798450152079,0.583966851234436
20,0.616692324479421,0.40718058745066327,0.40548381209373474,0.5119336843490601,0.4471806486447652,0.41048315167427063
21,0.5384923617045084,0.2801462362209956,0.3192334324121475,0.4028920332590739,0.3203287571668625,0.29062466820081073
22,0.8863297700881958,0.804000198841095,0.7918633619944254,0.8497750163078308,0.7439310749371847,0.8131548961003622
23,0.8935626347859701,0.8155166506767273,0.8108777205149332,0.8580204844474792,0.7526514331499735,0.8198466102282206
24,0.8258033394813538,0.7197917103767395,0.7142071922620138,0.7745108803113302,0.6358869671821594,0.6995009978612264
25,0.7396641174952189,0.5642035603523254,0.5843427777290344,0.7101475199063619,0.4991252322991689,0.5853675206502279
26,0.14458096772432327,0.14078250775734583,0.16349469870328903,0.25096126397450763,0.14551332096258798,0.1295726920167605
27,0.04843781950573126,0.1523729165395101,0.16722089300553003,0.23677178472280502,0.15579509238402048,0.18694629023472467
28,0.26154526074727374,0.3031669557094574,0.23037148515383402,0.360007181763649,0.3235437100132306,0.32304972658554715
29,0.06681739973525207,0.036577396715680756,0.03368849245210489,0.04778476245701313,0.0345628559589386,0.037638124699393906
30,0.07811562530696392,0.05444692944486936,0.04979927589495977,0.06879884873827298,0.05698936991393566,0.058455113942424454
31,0.3014252483844757,0.23260989288489023,0.21748689313729605,0.29315651456514996,0.24449962874253592,0.3221989820400874
32,0.6112501819928488,0.7225249210993449,0.6721353729565939,0.7388209700584412,0.5557656486829122,0.7489186922709147
33,0.08887908359368642,0.1139748642841975,0.11831493799885114,0.2075422927737236,0.12028443068265915,0.09180816759665807
34,0.24593766033649445,0.1781808609763781,0.18414651354153952,0.21382620930671692,0.20380436877409616,0.18649361282587051
35,0.37370214859644574,0.22342521448930105,0.2505296419064204,0.27088593939940137,0.2332278365890185,0.23676898082097372
36,0.17818079888820648,0.09201823361217976,0.10529441013932228,0.11685786272088687,0.09757222669819991,0.10121225131054719
37,0.20018566896518072,0.08992129378020763,0.11561986307303111,0.11257011070847511,0.0949596477051576,0.09285079936186473
38,0.331531489888827,0.19618501017491022,0.2675544520219167,0.2553671995798747,0.2478270431359609,0.21683354675769806
39,0.2572421381870906,0.14685294901331267,0.15318231905500093,0.17280208319425583,0.15155176570018133,0.14635538309812546
40,0.18311740209658942,0.09749516596396764,0.11096504827340443,0.14992376292745271,0.10924002652366956,0.10867544387777646
41,0.4259417951107025,0.34643515944480896,0.3600475639104843,0.373322069644928,0.3877251942952474,0.3480695237716039
42,0.3794500281413396,0.2596146787206332,0.2898283253113429,0.30172265072663623,0.2390516127149264,0.2833051532506943
43,0.3522717257340749,0.21358894556760788,0.2472532962759336,0.2517480750878652,0.21174013117949167,0.22731121381123862
44,0.7086678743362427,0.603908360004425,0.616774340470632,0.679239292939504,0.6312756141026815,0.6126205722490946
45,0.5803628365198771,0.47249293327331543,0.4697166879971822,0.49912263949712116,0.44772785902023315,0.4623630841573079
46,0.6025093793869019,0.46053900321324664,0.4587760965029399,0.4862523873647054,0.46050052841504413,0.4584360321362813
47,0.6173566977183024,0.3937508563200633,0.3892725904782613,0.44075191020965576,0.3765116035938263,0.3824138045310974
48,0.4055824081103007,0.23176262776056925,0.22881340980529785,0.21064110596974692,0.2594400892655055,0.2215546319882075
49,0.31456757585207623,0.1708714043100675,0.15797010560830435,0.1545854757229487,0.1649159441391627,0.14121610671281815
50,0.44920318325360614,0.23141311605771384,0.21711486081282297,0.262571449081103,0.2065179944038391,0.1989054630200068
51,0.49842671553293866,0.3054283758004506,0.303154855966568,0.3107088506221771,0.2873183836539586,0.2841782619555791
52,0.7765100995699564,0.6965336402257284,0.7142614722251892,0.7196909785270691,0.677156388759613,0.7068495551745096
53,0.5258534650007883,0.3550867239634196,0.3841932515303294,0.4179145594437917,0.39762858549753827,0.39261187116305035
54,0.6075593829154968,0.40392744541168213,0.39454054832458496,0.4730919698874156,0.39707613984743756,0.4366220235824585
55,0.4398896396160126,0.1908112714687983,0.2068487455447515,0.2610365053017934,0.2254462937513987,0.20962606370449066
56,0.6496825615564982,0.45360716183980304,0.46373799443244934,0.5536318520704905,0.42523009578386944,0.442343145608902
57,0.8729663491249084,0.81923375527064,0.8117338220278422,0.8062893549601237,0.7461894750595093,0.7972049117088318
58,0.7827642361323038,0.7112441460291544,0.6784180800120035,0.718914786974589,0.5836746493975321,0.6967026988665262
59,0.2951877514521281,0.10772624363501866,0.14028056959311166,0.16775121539831161,0.11368139336506526,0.10306312640508015
60,0.28133518000443775,0.13886025051275888,0.1319852645198504,0.2082253893216451,0.14138607929150263,0.13551967094341913
61,0.08422142763932546,0.2955204000075658,0.318164865175883,0.4080512921015422,0.3357545832792918,0.3114057630300522
62,0.6379154324531555,0.48635581135749817,0.49545590082804364,0.46060942610104877,0.5433253347873688,0.5024712085723877
63,0.5799757639567057,0.43170355757077533,0.4404982527097066,0.3754569987456004,0.4791996280352275,0.42175190647443134
0,0.43208813667297363,0.22554092605908713,0.29523087044556934,0.2976931383212407,0.29690830409526825,0.276747390627861
1,0.7563312848409017,0.636879563331604,0.6803691784540812,0.664559543132782,0.650911271572113,0.6463349064191183
2,0.888470470905304,0.8533803423245748,0.8693753679593405,0.8789467215538025,0.8268297910690308,0.8639998038609823
3,0.8674559593200684,0.8143471082051595,0.816625734170278,0.8273645242055258,0.7764691710472107,0.8251835902531942
4,0.8552137215932211,0.7761099139849345,0.7722045183181763,0.8115436236063639,0.7582889596621195,0.7880533933639526
5,0.7492860953013102,0.6641731262207031,0.6526013612747192,0.7097439567248026,0.6604321797688802,0.6723950306574503
6,0.8835432132085165,0.8491202592849731,0.8492829203605652,0.8634575009346008,0.8261516690254211,0.8454389373461405
7,0.7686685721079508,0.7271696130434672,0.749782125155131,0.6914043029149374,0.7631428639094034,0.7216472029685974
8,0.4203617771466573,0.561465322971344,0.5923212965329488,0.4877583185831706,0.647589921951294,0.6043999195098877
9,0.014411640353500843,0.01244799979031086,0.011496306397020817,0.02484521425018708,0.015239634861548742,0.013362882503618797
10,0.31100185215473175,0.14273259292046228,0.15786956002314886,0.2033215711514155,0.2112637162208557,0.14337879667679468
11,0.43271589279174805,0.19999008377393088,0.24705725411574045,0.26346918443838757,0.2588347444931666,0.19332294166088104
12,0.43079084157943726,0.19892434775829315,0.2456562121709188,0.26231418550014496,0.2503238370021184,0.2060412416855494
13,0.3403870513041814,0.13153847058614096,0.1525123491883278,0.18234050273895264,0.1541741838057836,0.1413074309627215
14,0.23941195011138916,0.1019582450389862,0.13123183697462082,0.14233923703432083,0.11438869436581929,0.11358473201592763
15,0.25617726147174835,0.10786687955260277,0.12142897148927052,0.15629943956931433,0.11642690747976303,0.11755555123090744
16,0.29518771171569824,0.10055746634801228,0.12102358788251877,0.15617918968200684,0.10376676668723424,0.1161767914891243
17,0.22107904652754465,0.08430381119251251,0.08670102059841156,0.11870593825976054,0.07797886431217194,0.07806144654750824
18,0.15957539776961008,0.07499711712201436,0.0785531426469485,0.11015708496173222,0.06994761526584625,0.08206492165724437
19,0.18281109631061554,0.09438973168532054,0.1042751893401146,0.1261551653345426,0.0971752256155014,0.09279664854208629
20,0.261936883131663,0.1591501384973526,0.15823564430077872,0.20271868507067362,0.16035822530587515,0.14568866789340973
21,0.4334606925646464,0.24247667690118155,0.22837244470914206,0.30097898840904236,0.2282886803150177,0.2442746708790461
22,0.1565353274345398,0.10776615887880325,0.128384530544281,0.14815658827622732,0.11634270598491032,0.1153004417816798
23,0.2666904230912526,0.6271321177482605,0.6770629485448202,0.6872835159301758,0.44824304183324176,0.5974484284718832
24,0.43780943751335144,0.7316876649856567,0.734026292959849,0.716763973236084,0.5784870088100433,0.6853711605072021
25,0.21043825149536133,0.1792639841636022,0.19779223203659058,0.202482799688975,0.1907146026690801,0.16816406945387521
26,0.1973938395579656,0.14884520322084427,0.1391013910373052,0.15213860074679056,0.1444557805856069,0.16037661333878836
27,0.23157302041848501,0.14963590602080026,0.12843839824199677,0.16396239896615347,0.1621973067522049,0.14664708574612936
28,0.28039000431696576,0.18221243719259897,0.1806135723988215,0.23061563074588776,0.19563572108745575,0.18534332513809204
29,0.22945886850357056,0.13780266046524048,0.1347674032052358,0.1563027799129486,0.1452464759349823,0.1415153220295906
30,0.3150091965993245,0.2806033442417781,0.2692425300677617,0.3249671707550685,0.26594578723112744,0.26139846940835315
31,0.3196367522080739,0.24413994948069254,0.23510538538297018,0.2752718577782313,0.2513366788625717,0.24568353593349457
32,0.6515317559242249,0.5224448541800181,0.5044667820135752,0.46871498227119446,0.5514822204907736,0.5222847064336141
33,0.6252923607826233,0.44106810291608173,0.4088551898797353,0.4099825918674469,0.45784710844357807,0.447195827960968
34,0.43767544627189636,0.26159896949927014,0.2565525869528453,0.27115775644779205,0.26827627420425415,0.24600298206011453
35,0.5199240148067474,0.3762753903865814,0.38196995854377747,0.3782895704110463,0.4007625877857208,0.3666575352350871
36,0.48572368423144024,0.3216838836669922,0.30303438007831573,0.30260247985521954,0.34006696939468384,0.32318592071533203
37,0.8249813516934713,0.5014182726542155,0.5202760199705759,0.5331548551718394,0.47839759786923725,0.49381813406944275
38,0.7369777162869772,0.5258778134981791,0.5049317876497904,0.5704316794872284,0.5416435798009237,0.4980563819408417
39,0.8279927571614584,0.6403722564379374,0.6094996333122253,0.6481594244639078,0.6630889773368835,0.6271467606226603
40,0.7729664444923401,0.5829256176948547,0.5596057772636414,0.6202696164449056,0.6091277599334717,0.5562739471594492
41,0.5600764354070028,0.3155177632967631,0.3323531250158946,0.40050257245699566,0.3020614484945933,0.29230302075544995
42,0.7331931591033936,0.5961455702781677,0.6033183336257935,0.5915592908859253,0.6291687687238058,0.5528247356414795
43,0.2751982659101486,0.11334339777628581,0.0989987204472224,0.13830426086982092,0.11784966289997101,0.10437068343162537
44,0.5435097217559814,0.34751273194948834,0.3269780178864797,0.38835052649180096,0.37699759006500244,0.3740860124429067
45,0.6767165263493856,0.5025384823481241,0.5117247700691223,0.44652552405993146,0.5237588485081991,0.5027929941813151
46,0.6048354506492615,0.4176885783672333,0.4401748875776927,0.3587029774983724,0.4104788800080617,0.39892136057217914
47,0.7899197936058044,0.7011638482411703,0.6994647979736328,0.6769532163937887,0.6747892697652181,0.6905831098556519
48,0.5872559746106466,0.43537768721580505,0.44239968061447144,0.5146409471829733,0.4614694019158681,0.45558303594589233
49,0.716059943040212,0.5353443225224813,0.5577853719393412,0.574230819940567,0.5348078012466431,0.5475909411907196
50,0.5672025978565216,0.36128225922584534,0.43041884899139404,0.38787107666333515,0.4288059373696645,0.39986029267311096
51,0.5670542120933533,0.5173743367195129,0.5113601485888163,0.5365247428417206,0.5580631494522095,0.5284019807974497
52,0.6577791372934977,0.5344370206197103,0.5748623808224996,0.5447716116905212,0.5481834014256796,0.5474235018094381
53,0.603816827138265,0.3892151415348053,0.43878350655237836,0.44844116767247516,0.38448606928189594,0.4194776912530263
54,0.7509567737579346,0.6192131439844767,0.6590030988057455,0.6691925326983134,0.6418535908063253,0.6157216827074686
34,0.02369629529615243,,,,,
35,0.011500093309829632,,,,,
36,0.012102403057118257,,,,,
37,0.011326733433331052,,,,,
38,0.011495860836779078,,,,,
39,0.011227592593058944,,,,,
40,0.011582784121856093,,,,,
41,0.011813001396755377,,,,,
42,0.023539621693392593,,,,,
43,0.01872006105259061,,,,,
44,0.017784011239806812,,,,,
45,0.02300168915341298,,,,,
46,0.022575312138845522,,,,,
47,0.014331832062453032,,,,,
48,0.011396182468160987,,,,,
49,0.013693047066529592,,,,,
50,0.013129943826546272,,,,,
51,0.012013889693965515,,,,,
52,0.011484678834676743,,,,,
53,0.010754070865611235,,,,,
54,0.010375259754558405,,,,,
55,0.009665112011134624,,,,,
56,0.0125477093582352,,,,,
57,0.015101840409139792,,,,,
58,0.012853428488597274,,,,,
59,0.013545632051924864,,,,,
60,0.011791540697837869,,,,,
61,0.011231235538919767,,,,,
62,0.011336478171870112,,,,,
63,0.010635564026112357,,,,,
64,0.010714175567651788,,,,,
65,0.011670942573497692,,,,,
66,0.009872920888786515,,,,,
67,0.011785486868272224,,,,,
68,0.008230748508746425,,,,,
69,0.009715871264537176,,,,,
70,0.011140521693353852,,,,,
71,0.007910102605819702,,,,,
72,0.020764656985799473,,,,,
73,0.021539457142353058,,,,,
74,0.021557556465268135,,,,,
75,0.023052045454581577,,,,,
76,0.06223014990488688,,,,,
77,0.01582479476928711,,,,,
78,0.5035836597283682,,,,,
79,0.0272024255245924,,,,,
80,0.002050078590400517,,,,,
81,0.0017257454649855692,,,,,
82,0.00877134082838893,,,,,
83,0.008818125197043022,,,,,
84,0.008818125197043022,,,,,
85,0.008445228915661573,,,,,
86,0.008818125197043022,,,,,
87,0.008640820315728584,,,,,
88,0.0012727250189830859,,,,,
89,0.0017069420622040827,,,,,
90,0.0016021914004037778,,,,,
91,0.002054818750669559,,,,,
92,0.007792787936826547,,,,,
93,0.008614341883609692,,,,,
94,0.008007055924584469,,,,,
95,0.008231322125842174,,,,,
96,0.00204860403512915,,,,,
97,0.004255218819404642,,,,,
98,0.007789708984394868,,,,,
99,0.007920961982260147,,,,,
100,0.008587243190656105,,,,,
27,0.00797964760567993,,,,,
28,0.00806171796284616,,,,,
29,0.007222688989713788,,,,,
30,0.0055564421927556396,,,,,
31,0.007022867212072015,,,,,
32,0.0026971372426487505,,,,,
33,0.001395315193803981,,,,,
34,0.0013626870641019195,,,,,
35,0.0011919298267457634,,,,,
36,0.0010925852984655648,,,,,
37,0.002295501879416406,,,,,
38,0.0009190539130941033,,,,,
39,0.0011436737258918583,,,,,
40,0.0011054245987907052,,,,,
41,0.0010334998660255224,,,,,
42,0.001063896925188601,,,,,
43,0.0015140402829274535,,,,,
44,0.0009328468877356499,,,,,
45,0.002012652752455324,,,,,
46,0.0011826244299300015,,,,,
47,0.0009835002711042762,,,,,
48,0.001399214204866439,,,,,
49,0.0012885211035609245,,,,,
50,0.0012815974187105894,,,,,
51,0.0013503343216143548,,,,,
52,0.0012738361838273704,,,,,
53,0.0013526033144444227,,,,,
54,0.0012728319270536304,,,,,
55,0.0014106998569332063,,,,,
56,0.0009922727476805449,,,,,
57,0.0017339701880700886,,,,,
58,0.001556004921440035,,,,,
59,0.00114730978384614,,,,,
60,0.0011596575495786965,,,,,
61,0.0010306324111297727,,,,,
62,0.0012271992163732648,,,,,
63,0.0008341395587194711,,,,,
64,0.000692253845045343,,,,,
65,0.0007512728916481137,,,,,
66,0.0015240710927173495,,,,,
67,0.0015127281076274812,,,,,
68,0.0017958024400286376,,,,,
69,0.001788688008673489,,,,,
70,0.001674150233156979,,,,,
71,0.001276812341529876,,,,,
72,0.001124021568102762,,,,,
73,0.0011931243061553687,,,,,
74,0.0010501919605303556,,,,,
75,0.0010851453989744186,,,,,
76,0.0013154117041267455,,,,,
77,0.0017446113633923233,,,,,
78,0.0016101851942948997,,,,,
79,0.00035635317908599973,,,,,
80,0.00033475703094154596,,,,,
81,0.006922651082277298,,,,,
82,0.00034604464599397033,,,,,
83,0.0012701571104116738,,,,,
84,0.0015782982809469104,,,,,
85,0.0017021602834574878,,,,,
86,0.0016357574495486915,,,,,
87,0.0011660643795039505,,,,,
88,0.001170999661553651,,,,,
89,0.0012835669913329184,,,,,
90,0.0016382347093895078,,,,,
91,0.0010158209188375622,,,,,
92,0.0007269471534527838,,,,,
25,0.05791400993863741,,,,,
26,0.07851943373680115,,,,,
27,0.08740439638495445,,,,,
28,0.0959401602546374,,,,,
29,0.284751961628596,,,,,
30,0.4249068001906077,,,,,
31,0.3679550091425578,,,,,
32,0.24733702838420868,,,,,
33,0.19731001059214273,,,,,
34,0.1898904194434484,,,,,
35,0.18931645651658377,,,,,
36,0.19177815318107605,,,,,
37,0.19849972426891327,,,,,
38,0.2043876051902771,,,,,
39,0.2484442243973414,,,,,
40,0.13479622453451157,,,,,
41,0.0074692824855446815,,,,,
42,0.004070382642870148,,,,,
43,0.005177303683012724,,,,,
44,0.0081407541098694,,,,,
45,0.007065603509545326,,,,,
46,0.0045939001720398664,,,,,
47,0.005419945189108451,,,,,
48,0.008585136849433184,,,,,
49,0.005151845049113035,,,,,
50,0.0034180295964082084,,,,,
51,0.004881450751175483,,,,,
52,0.005394607937584321,,,,,
53,0.006253264844417572,,,,,
54,0.005599915205190579,,,,,
55,0.0020904693907747665,,,,,
56,0.0008331857970915735,,,,,
57,0.0010590766905806959,,,,,
58,0.0028001994360238314,,,,,
59,0.0023309612491478524,,,,,
60,0.0023505545298879347,,,,,
61,0.005907370398441951,,,,,
62,0.004985396284610033,,,,,
63,0.004583913212021192,,,,,
64,0.002475799488214155,,,,,
65,0.0019116213467592995,,,,,
66,0.0017129306603843968,,,,,
67,0.001962135429494083,,,,,
68,0.001412925194017589,,,,,
69,0.005390269371370475,,,,,
70,0.006310730862120788,,,,,
31,0.038848701450559825,,,,,
32,0.11124899155563778,,,,,
33,0.03776786538461844,,,,,
34,0.15495783338944116,,,,,
35,0.16280720631281534,,,,,
36,0.16540308545033136,,,,,
37,0.08193626668718126,,,,,
38,0.4407154983944363,,,,,
39,0.22287279698583815,,,,,
40,0.05189144569966528,,,,,
41,0.08254590858187941,,,,,
42,0.05694521591067314,,,,,
43,0.009488390241232183,,,,,
44,0.01599358084301154,,,,,
45,0.017761586078753073,,,,,
46,0.0030992748603845635,,,,,
47,0.0031211361832295856,,,,,
48,0.0016081083449535072,,,,,
49,0.001065079898883899,,,,,
50,0.0009959162303453519,,,,,
51,0.0012466749758459628,,,,,
52,0.0010225328409837352,,,,,
53,0.0009571264769571523,,,,,
54,0.0008966972236521542,,,,,
55,0.0008122047390012691,,,,,
56,0.0007992314187706345,,,,,
57,0.0009740088393704759,,,,,
58,0.000694465888146725,,,,,
59,0.0010308141386809035,,,,,
60,0.0012542904910838439,,,,,
61,0.0012733660793552797,,,,,
62,0.0010037239796171586,,,,,
63,0.0011632305233635837,,,,,
64,0.001127068587164912,,,,,
65,0.0010335543580974142,,,,,
66,0.0011203597726610799,,,,,
67,0.000882364117488679,,,,,
68,0.0008943704176797635,,,,,
69,0.000890845626903077,,,,,
70,0.0007884069766280138,,,,,
71,0.0007660044745231668,,,,,
72,0.0007853489110453262,,,,,
73,0.0005827409687400279,,,,,
74,0.00042967253506907984,,,,,
75,0.0005342222219850454,,,,,
76,0.0005616056635820618,,,,,
77,0.0005566953073462679,,,,,
78,0.0005248206402433829,,,,,
79,0.000498657166543934,,,,,
80,0.0005301955922429139,,,,,
81,0.0008851668616342875,,,,,
82,0.0005419227559792085,,,,,
83,0.0003101568565600448,,,,,
84,0.0005405249992488987,,,,,
85,0.000725519238686603,,,,,
86,0.00044626758446813456,,,,,
87,0.0005278439978913715,,,,,
88,0.0007872460312986126,,,,,
89,0.000634117255685851,,,,,
90,0.0007382107044880589,,,,,
91,0.0006508185340660728,,,,,
92,0.0005325966388530409,,,,,
93,0.0007091373425080545,,,,,
94,0.0010807389949655368,,,,,
95,0.002376263741300338,,,,,
96,0.002889147933779491,,,,,
97,0.003414597207059463,,,,,
27,0.009612329490482806,,,,,
28,0.043637852370738986,,,,,
29,0.09933762438595295,,,,,
30,0.17045996077358722,,,,,
31,0.23448176681995392,,,,,
32,0.489620578289032,,,,,
33,0.5468740820884704,,,,,
34,0.7871883869171142,,,,,
35,0.8656143426895142,,,,,
36,0.8628796815872193,,,,,
37,0.8314496397972106,,,,,
38,0.8807263374328613,,,,,
39,0.4654072403907776,,,,,
40,0.3046757221221924,,,,,
41,0.2717046082019806,,,,,
42,0.3295461803674698,,,,,
43,0.7185846328735351,,,,,
44,0.6784017562866211,,,,,
45,0.22432834804058074,,,,,
46,0.07317294105887413,,,,,
47,0.09164229035377502,,,,,
48,0.04671800099313259,,,,,
49,0.08185935840010643,,,,,
50,0.043728306889534,,,,,
51,0.025158960931003095,,,,,
52,0.07175845205783844,,,,,
53,0.033770368248224256,,,,,
54,0.030499805137515067,,,,,
55,0.049285149574279784,,,,,
56,0.09236039817333222,,,,,
57,0.04910070076584816,,,,,
58,0.038716744631528854,,,,,
59,0.0803406834602356,,,,,
60,0.05836622714996338,,,,,
61,0.041283079981803895,,,,,
62,0.035170228034257886,,,,,
63,0.058774732798337934,,,,,
64,0.03087509498000145,,,,,
65,0.049667658656835555,,,,,
66,0.0372751459479332,,,,,
67,0.025277451053261756,,,,,
68,0.010332167893648148,,,,,
69,0.011817773804068565,,,,,
70,0.034288054704666136,,,,,
71,0.03672421239316463,,,,,
72,0.056616905331611636,,,,,
73,0.028547408431768416,,,,,
74,0.016456033289432525,,,,,
75,0.020542993582785128,,,,,
76,0.012558428104966879,,,,,
77,0.009465951751917601,,,,,
78,0.008837562100961805,,,,,
79,0.007237071776762605,,,,,
80,0.003713152022100985,,,,,
81,0.005920728063210845,,,,,
82,0.037983601167798045,,,,,
83,0.06578948758542538,,,,,
84,0.5472750723361969,,,,,
85,0.5674221098423005,,,,,
86,0.1864263080060482,,,,,
87,0.30728226602077485,,,,,
88,0.40109541416168215,,,,,
89,0.6802062392234802,,,,,
90,0.7739457130432129,,,,,
30,0.013882912178006437,,,,,
31,0.0023926530654231706,,,,,
32,0.0024982410379581982,,,,,
33,0.0024758859201230938,,,,,
34,0.003330603371270829,,,,,
35,0.0053899462800472975,,,,,
36,0.009199216444459226,,,,,
37,0.003194891977020436,,,,,
38,0.0024910099390480253,,,,,
39,0.019118322369952995,,,,,
40,0.017928190839787323,,,,,
41,0.0023849976455999743,,,,,
42,0.003377647022716701,,,,,
43,0.008173827806280719,,,,,
44,0.017208217229280207,,,,,
45,0.01808412383413977,,,,,
46,0.027975350411401853,,,,,
47,0.024020374442140262,,,,,
48,0.04015921470191744,,,,,
49,0.09704289026558399,,,,,
50,0.06926999013457033,,,,,
51,0.07010724540385935,,,,,
52,0.07317916283177005,,,,,
53,0.05315175269626909,,,,,
54,0.0609279688861635,,,,,
55,0.013597729615867138,,,,,
56,0.02473328516094221,,,,,
57,0.029133651819494035,,,,,
58,0.03802806418389082,,,,,
59,0.05010084518127971,,,,,
60,0.6318870385487875,,,,,
61,0.7495552566316392,,,,,
62,0.808065242237515,,,,,
63,0.19682952678865856,,,,,
64,0.08239307627081871,,,,,
65,0.737465136580997,,,,,
66,0.7035620808601379,,,,,
67,0.7064093748728434,,,,,
68,0.24849100410938263,,,,,
69,0.5144799086782668,,,,,
70,0.6371696756945716,,,,,
71,0.5716117355558608,,,,,
72,0.7560515933566623,,,,,
73,0.11892674449417326,,,,,
74,0.9188947611384921,,,,,
75,0.9169988764656914,,,,,
76,0.21530448645353317,,,,,
77,0.794956260257297,,,,,
78,0.3608177883757485,,,,,
79,0.4126643372906579,,,,,
80,0.9322148429022895,,,,,
81,0.6298419800069597,,,,,
82,0.36593907409244114,,,,,
83,0.23333369029892814,,,,,
84,0.8824935952822367,,,,,
85,0.7715924249755012,,,,,
86,0.6274042129516602,,,,,
87,0.6153922544585334,,,,,
88,0.5988492568333944,,,,,
89,0.15655716260274252,,,,,
90,0.5311271515157487,,,,,
91,0.5987641414006551,,,,,
92,0.455417447619968,,,,,
93,0.3539423578315311,,,,,
94,0.10797636376486884,,,,,
95,0.1387079664402538,,,,,
96,0.10911637792984645,,,,,
25,0.0037758594068388143,,,,,
26,0.010754649216930071,,,,,
27,0.005677557705591123,,,,,
28,0.00521613269423445,,,,,
29,0.003959772953142722,,,,,
30,0.0020086788184319935,,,,,
31,0.0024804866407066584,,,,,
32,0.004332603809113304,,,,,
33,0.0037762430341293416,,,,,
34,0.00450215395539999,,,,,
35,0.002729772861736516,,,,,
36,0.005247598824401696,,,,,
37,0.004545749009897311,,,,,
38,0.005609578142563502,,,,,
39,0.003571864760791262,,,,,
40,0.0013893340559055407,,,,,
41,0.0012287626353402932,,,,,
42,0.0013722146783644955,,,,,
43,0.00497208652086556,,,,,
44,0.00497208652086556,,,,,
45,0.0012383414044355352,,,,,
46,0.001276818608554701,,,,,
47,0.0007989978378949066,,,,,
48,0.006920195960750182,,,,,
49,0.0017015784978866577,,,,,
50,0.0017322426429018378,,,,,
51,0.001623039289067189,,,,,
52,0.001720517602128287,,,,,
53,0.0014835043887918193,,,,,
54,0.0022800182923674583,,,,,
55,0.0029091840842738748,,,,,
56,0.006759367107103269,,,,,
57,0.0037918297263483205,,,,,
58,0.0030972552485764027,,,,,
59,0.0016523528999338548,,,,,
60,0.001427885377779603,,,,,
61,0.0016422062957038481,,,,,
62,0.003152870029831926,,,,,
63,0.006559180173402031,,,,,
64,0.0059460812869171304,,,,,
65,0.004906856842959921,,,,,
66,0.0017264611863841612,,,,,
67,0.0024668926295513907,,,,,
68,0.004106588972111543,,,,,
69,0.002874236165856322,,,,,
70,0.0027514398097991943,,,,,
71,0.0034189344538996616,,,,,
72,0.0027208070581158004,,,,,
73,0.0020060859775791564,,,,,
74,0.0027440409176051617,,,,,
75,0.003744262270629406,,,,,
76,0.005185798897097508,,,,,
77,0.006210276701798041,,,,,
78,0.004794566426426172,,,,,
25,0.0031872464343905447,,,,,
26,0.0065950616262853146,,,,,
27,0.06749879606068135,,,,,
28,0.8606234550476074,,,,,
29,0.580911248922348,,,,,
30,0.5917072176933289,,,,,
31,0.38193299472332,,,,,
32,0.5422293245792389,,,,,
33,0.668197226524353,,,,,
34,0.5140219926834106,,,,,
35,0.2087351679801941,,,,,
36,0.14821163713932037,,,,,
37,0.2134714677929878,,,,,
38,0.43741861581802366,,,,,
39,0.3440237522125244,,,,,
40,0.12707905285060406,,,,,
41,0.15559867434203625,,,,,
42,0.057331716641783714,,,,,
43,0.03232932314276695,,,,,
44,0.03935947958379984,,,,,
45,0.03394842697307467,,,,,
46,0.11172275170683861,,,,,
47,0.05472224168479443,,,,,
48,0.031334460526704785,,,,,
49,0.15921214669942857,,,,,
50,0.2854004383087158,,,,,
51,0.7082680702209473,,,,,
52,0.2351283311843872,,,,,
53,0.12925836443901062,,,,,
54,0.23943198770284652,,,,,
55,0.002339084609411657,,,,,
56,0.0019040695624426007,,,,,
57,0.002569309901446104,,,,,
58,0.0017955246148630977,,,,,
59,0.002011697622947395,,,,,
60,0.0021135837538167833,,,,,
61,0.0017110956134274602,,,,,
62,0.0018567400285974145,,,,,
63,0.0020440846448764203,,,,,
64,0.0016431540017947555,,,,,
65,0.001434579025954008,,,,,
66,0.00123402311000973,,,,,
67,0.001437704754061997,,,,,
68,0.001283057127147913,,,,,
69,0.0014329555444419384,,,,,
70,0.001620645564980805,,,,,
71,0.0015148090897127986,,,,,
72,0.0011718005291186274,,,,,
73,0.0009732090984471142,,,,,
74,0.001523562311194837,,,,,
75,0.00162400440312922,,,,,
76,0.0011946022044867278,,,,,
77,0.0019138376461341976,,,,,
78,0.001740362122654915,,,,,
79,0.001557710929773748,,,,,
80,0.0011047475156374276,,,,,
81,0.0010376828373409807,,,,,
82,0.0017127333907410503,,,,,
83,0.0014897133456543087,,,,,
84,0.0014931574929505586,,,,,
85,0.0016227519139647485,,,,,
86,0.001100487168878317,,,,,
87,0.0011670951265841723,,,,,
88,0.003972826059907675,,,,,
89,0.002523332368582487,,,,,
90,0.006505193561315537,,,,,
25,0.5420321464538574,,,,,
26,0.6817990779876709,,,,,
27,0.6864710688591004,,,,,
28,0.14848711490631103,,,,,
29,0.553095155954361,,,,,
30,0.4469560503959656,,,,,
31,0.05460514202713966,,,,,
32,0.05265888348221779,,,,,
33,0.06487890295684337,,,,,
34,0.08751733228564262,,,,,
35,0.5094704389572143,,,,,
36,0.049037934839725496,,,,,
37,0.11208122968673706,,,,,
38,0.17416628301143647,,,,,
39,0.6505997061729432,,,,,
40,0.10934100523591042,,,,,
41,0.22934651374816895,,,,,
42,0.16558850407600403,,,,,
43,0.6122431755065918,,,,,
44,0.6157690286636353,,,,,
45,0.1888918861746788,,,,,
46,0.3473023593425751,,,,,
47,0.35183969140052795,,,,,
48,0.4361224830150604,,,,,
49,0.6861158728599548,,,,,
50,0.27581811845302584,,,,,
51,0.5793256402015686,,,,,
52,0.6867074489593505,,,,,
53,0.2931783199310303,,,,,
54,0.3337401270866394,,,,,
55,0.7029040455818176,,,,,
56,0.7614836454391479,,,,,
57,0.49779893159866334,,,,,
58,0.4537627935409546,,,,,
59,0.7317151069641114,,,,,
60,0.7684557437896729,,,,,
61,0.8569141983985901,,,,,
62,0.8213045001029968,,,,,
63,0.17895096391439438,,,,,
64,0.09783776104450226,,,,,
65,0.0738420993089676,,,,,
66,0.042573388665914536,,,,,
67,0.009072527149692177,,,,,
68,0.007577842241153121,,,,,
69,0.006643024552613497,,,,,
70,0.006709349993616343,,,,,
71,0.006509817857295275,,,,,
72,0.005402035126462579,,,,,
73,0.011131126247346402,,,,,
74,0.007138331932947039,,,,,
75,0.003565664682537317,,,,,
76,0.006507630459964275,,,,,
77,0.007543593272566795,,,,,
78,0.005874625965952873,,,,,
79,0.00447410736232996,,,,,
80,0.0013319892808794976,,,,,
81,0.0020733766024932264,,,,,
82,0.003310036682523787,,,,,
83,0.005965927895158529,,,,,
84,0.00789592955261469,,,,,
85,0.010105200204998254,,,,,
86,0.021542925387620926,,,,,
87,0.01103197718039155,,,,,
88,0.0050103263929486275,,,,,
89,0.004751166794449091,,,,,
90,0.021076208166778087,,,,,
32,0.005196020007133484,,,,,
33,0.02094351127743721,,,,,
34,0.02384362183511257,,,,,
35,0.02110591158270836,,,,,
36,0.01969356369227171,,,,,
37,0.011641959194093943,,,,,
38,0.01873020175844431,,,,,
39,0.018054134212434292,,,,,
40,0.01940573751926422,,,,,
41,0.013391693122684956,,,,,
42,0.0222986014559865,,,,,
43,0.026178506202995777,,,,,
44,0.05088850110769272,,,,,
45,0.047671470791101456,,,,,
46,0.024160314816981554,,,,,
47,0.02063454920426011,,,,,
48,0.01897937571629882,,,,,
49,0.019291598349809647,,,,,
50,0.032955773174762726,,,,,
51,0.008572187973186374,,,,,
52,0.056199923157691956,,,,,
53,0.0751664750277996,,,,,
54,0.009621984558179975,,,,,
55,0.021239168476313353,,,,,
56,0.06029093265533447,,,,,
57,0.05771632306277752,,,,,
58,0.035471620969474316,,,,,
59,0.2312774658203125,,,,,
60,0.19896648079156876,,,,,
61,0.043081630021333694,,,,,
62,0.21478714793920517,,,,,
63,0.02404613420367241,,,,,
64,0.02740232553333044,,,,,
65,0.03173951618373394,,,,,
66,0.1526668258011341,,,,,
67,0.1338569074869156,,,,,
68,0.12016863375902176,,,,,
69,0.16715142875909805,,,,,
70,0.02673225197941065,,,,,
71,0.020175334066152573,,,,,
72,0.10699906572699547,,,,,
73,0.034638332203030586,,,,,
74,0.04454032704234123,,,,,
75,0.058302266523242,,,,,
76,0.06735425069928169,,,,,
77,0.030106481164693832,,,,,
78,0.021017751656472683,,,,,
79,0.025642162188887596,,,,,
80,0.7751016914844513,,,,,
81,0.08965882286429405,,,,,
82,0.1115168146789074,,,,,
83,0.06619207933545113,,,,,
84,0.08898142352700233,,,,,
85,0.06876030936837196,,,,,
86,0.02242985460907221,,,,,
87,0.5795632898807526,,,,,
88,0.07758512534201145,,,,,
89,0.05008951015770435,,,,,
90,0.06345392018556595,,,,,
91,0.18477747589349747,,,,,
92,0.1972576156258583,,,,,
93,0.28068172186613083,,,,,
94,0.28641361743211746,,,,,
95,0.25078753381967545,,,,,
96,0.18309132754802704,,,,,
97,0.22678161412477493,,,,,
0,0.0037629768873254457,,,,,
1,0.02116621658205986,,,,,
2,0.004304833244532347,,,,,
3,0.0042267107249548035,,,,,
4,0.006742592280109723,,,,,
5,0.0031454455262670913,,,,,
6,0.0041577745384226246,,,,,
7,0.0023663793690502644,,,,,
8,0.002323182144512733,,,,,
9,0.00470894326766332,,,,,
10,0.0046545169316232204,,,,,
11,0.004583129348854224,,,,,
12,0.0010216223502842088,,,,,
13,0.0007490434994300207,,,,,
14,0.00142825711130475,,,,,
15,0.0009044986606265107,,,,,
16,0.0009101305428581933,,,,,
17,0.0008670011690507332,,,,,
18,0.003078026076157888,,,,,
19,0.0038330204163988433,,,,,
20,0.002600539126433432,,,,,
21,0.0013353262717525165,,,,,
22,0.003360332455486059,,,,,
23,0.0038976790383458138,,,,,
24,0.001427905905681352,,,,,
25,0.0010962678740421932,,,,,
26,0.0034724868989239135,,,,,
27,0.003497846114138762,,,,,
28,0.0009614443406462669,,,,,
29,0.0008269339644660553,,,,,
30,0.0008539662618810931,,,,,
31,0.0011716021496492128,,,,,
32,0.0010508931785201032,,,,,
33,0.0013836473226547241,,,,,
34,0.0006925373066527148,,,,,
35,0.0007176386619297167,,,,,
36,0.0008141265134327114,,,,,
37,0.001387288561090827,,,,,
38,0.0012993807904422283,,,,,
39,0.0012569769363229473,,,,,
40,0.0010687538500254352,,,,,
41,0.0009484130617541572,,,,,
42,0.0008200995119599005,,,,,
43,0.0008325420203618705,,,,,
44,0.0008688569068908691,,,,,
45,0.0008269339644660553,,,,,
46,0.0008570476396319767,,,,,
47,0.0007196223984162012,,,,,
48,0.0008994623397787412,,,,,
49,0.0008335976550976435,,,,,
50,0.0008140994080652794,,,,,
51,0.0009080520831048489,,,,,
0,0.002073644893243909,,,,,
1,0.004331461386755109,,,,,
2,0.0037333755753934383,,,,,
3,0.0015011020392800372,,,,,
4,0.005177978814269106,,,,,
5,0.0009705169359222054,,,,,
6,0.0009845912378902237,,,,,
7,0.0014639820825929444,,,,,
29,0.017779943766072392,,,,,
30,0.17438188940286636,,,,,
31,0.0768411299213767,,,,,
32,0.23573019169270992,,,,,
33,0.38219303265213966,,,,,
34,0.3471808470785618,,,,,
35,0.19863451272249222,,,,,
36,0.20261791069060564,,,,,
37,0.02797902561724186,,,,,
38,0.01699979742988944,,,,,
39,0.015044791623950005,,,,,
40,0.05201633367687464,,,,,
41,0.07812074199318886,,,,,
42,0.10158916469663382,,,,,
43,0.09863594360649586,,,,,
44,0.08742021210491657,,,,,
45,0.08406318724155426,,,,,
46,0.0040137601317837834,,,,,
47,0.0035113043268211186,,,,,
48,0.023638883139938116,,,,,
49,0.005511167051736265,,,,,
50,0.015825865208171308,,,,,
51,0.4924592822790146,,,,,
52,0.38813304156064987,,,,,
53,0.5881724953651428,,,,,
54,0.9518521428108215,,,,,
55,0.9433985352516174,,,,,
56,0.7935450375080109,,,,,
57,0.8378809094429016,,,,,
58,0.0504064632114023,,,,,
59,0.026737351901829243,,,,,
60,0.004092757531907409,,,,,
61,0.006360426312312484,,,,,
62,0.009997333225328475,,,,,
63,0.008364844834432006,,,,,
64,0.004332627751864493,,,,,
65,0.0048420088132843375,,,,,
66,0.001608701451914385,,,,,
67,0.008239067159593105,,,,,
68,0.011201373534277081,,,,,
69,0.03038980718702078,,,,,
70,0.05367181496694684,,,,,
71,0.1129702590405941,,,,,
72,0.008632239419966936,,,,,
73,0.005460891465190798,,,,,
74,0.05631572660058737,,,,,
75,0.04374999925494194,,,,,
76,0.008359879720956087,,,,,
77,0.011932065477594733,,,,,
78,0.029547892976552248,,,,,
79,0.013393248664215207,,,,,
80,0.006389486079569906,,,,,
81,0.013075506198219955,,,,,
82,0.006328693125396967,,,,,
83,0.0014748508401680738,,,,,
84,0.0012430529022822157,,,,,
85,0.003037132672034204,,,,,
86,0.004766032856423408,,,,,
87,0.005857983662281185,,,,,
88,0.005857983662281185,,,,,
89,0.00464495993219316,,,,,
90,0.0014585162716684863,,,,,
91,0.0038467476260848343,,,,,
92,0.0031044917413964868,,,,,
93,0.0015885152533883229,,,,,
94,0.0019276676757726818,,,,,
95,0.0007088848942657933,,,,,
96,0.0009928841172950342,,,,,
31,0.06076434254646301,,,,,
32,0.32757368683815,,,,,
33,0.39020034670829773,,,,,
34,0.3545420467853546,,,,,
35,0.3402835726737976,,,,,
36,0.3335367441177368,,,,,
37,0.10307152569293976,,,,,
38,0.13641513884067535,,,,,
39,0.7457326054573059,,,,,
40,0.7915324568748474,,,,,
41,0.7843013405799866,,,,,
42,0.7494633793830872,,,,,
43,0.7889538407325745,,,,,
44,0.8014355301856995,,,,,
45,0.41202619671821594,,,,,
46,0.20689305663108826,,,,,
47,0.15210387110710144,,,,,
48,0.7934305667877197,,,,,
49,0.8684903979301453,,,,,
50,0.5541341304779053,,,,,
51,0.9084969758987427,,,,,
52,0.9387813210487366,,,,,
53,0.9361578226089478,,,,,
54,0.629417359828949,,,,,
55,0.22178435325622559,,,,,
56,0.21072040498256683,,,,,
57,0.19636335968971252,,,,,
58,0.932266354560852,,,,,
59,0.670254111289978,,,,,
60,0.9011158347129822,,,,,
61,0.48837873339653015,,,,,
62,0.10626228898763657,,,,,
63,0.0571797713637352,,,,,
64,0.12046746164560318,,,,,
65,0.07680556178092957,,,,,
66,0.002971087582409382,,,,,
67,0.012247319333255291,,,,,
68,0.003536381758749485,,,,,
69,0.004718541633337736,,,,,
70,0.00561491958796978,,,,,
71,0.002318225335329771,,,,,
72,0.004989782813936472,,,,,
73,0.0014412516029551625,,,,,
74,0.00046244417899288237,,,,,
75,0.00086694658966735,,,,,
76,0.002841152949258685,,,,,
77,0.0008216476999223232,,,,,
78,0.00247381255030632,,,,,
79,0.007704639341682196,,,,,
80,0.0005633308319374919,,,,,
81,0.0009409469785168767,,,,,
82,0.0006654101889580488,,,,,
83,0.0002279243926750496,,,,,
84,0.0080660879611969,,,,,
85,0.0014162564184516668,,,,,
86,0.0015509880613535643,,,,,
87,0.0004939431673847139,,,,,
88,0.0005299003096297383,,,,,
89,0.0011385513935238123,,,,,
90,0.001348027028143406,,,,,
91,0.00033970604999922216,,,,,
92,0.0003379773406777531,,,,,
93,0.0035197739489376545,,,,,
94,0.003817133139818907,,,,,
95,0.002906114561483264,,,,,
96,0.0016109599964693189,,,,,
97,0.0015277432976290584,,,,,
98,0.014464904554188251,,,,,
99,0.01805849000811577,,,,,
100,0.005122754257172346,,,,,
101,0.01258502621203661,,,,,
30,0.7075907438993454,,,,,
31,0.9059049189090729,,,,,
32,0.9387753903865814,,,,,
33,0.5276487022638321,,,,,
34,0.24553576111793518,,,,,
35,0.16249222680926323,,,,,
36,0.13466390781104565,,,,,
37,0.9393263161182404,,,,,
38,0.7112144231796265,,,,,
39,0.8966387659311295,,,,,
40,0.659859836101532,,,,,
41,0.36182383820414543,,,,,
42,0.4231411926448345,,,,,
43,0.32702169194817543,,,,,
44,0.013475100044161081,,,,,
45,0.003575230250135064,,,,,
46,0.0017306944937445223,,,,,
47,0.0069957313244231045,,,,,
48,0.24752594344317913,,,,,
49,0.4467339403927326,,,,,
50,0.42864470183849335,,,,,
51,0.5147060751914978,,,,,
52,0.4890253022313118,,,,,
53,0.30336928367614746,,,,,
54,0.184535788372159,,,,,
55,0.00865352968685329,,,,,
56,0.005431216617580503,,,,,
57,0.006858616252429783,,,,,
58,0.0028572052251547575,,,,,
59,0.003169686038745567,,,,,
60,0.02394300710875541,,,,,
61,0.023274619481526315,,,,,
62,0.046322436071932316,,,,,
63,0.09123970754444599,,,,,
64,0.14535559061914682,,,,,
65,0.1642368659377098,,,,,
66,0.03182122576981783,,,,,
67,0.05196700803935528,,,,,
68,0.20757806301116943,,,,,
69,0.4442364424467087,,,,,
70,0.2220396101474762,,,,,
71,0.13577029388397932,,,,,
72,0.027047556824982166,,,,,
73,0.04249207326211035,,,,,
74,0.17467699758708477,,,,,
75,0.3820115774869919,,,,,
76,0.7217841893434525,,,,,
77,0.22053112089633942,,,,,
78,0.17764966562390327,,,,,
79,0.24258799478411674,,,,,
80,0.012001198425423354,,,,,
81,0.005031725042499602,,,,,
82,0.0051993533270433545,,,,,
83,0.025736671872437,,,,,
84,0.021311851451173425,,,,,
85,0.00910015864064917,,,,,
86,0.2466159388422966,,,,,
87,0.7031083405017853,,,,,
88,0.4757092073559761,,,,,
89,0.7362350225448608,,,,,
90,0.6911221146583557,,,,,
91,0.08131118072196841,,,,,
92,0.04443809483200312,,,,,
93,0.416927807033062,,,,,
94,0.6341838389635086,,,,,
95,0.8999270498752594,,,,,
27,0.004371728282421827,,,,,
28,0.004185569705441594,,,,,
29,0.025309087708592415,,,,,
30,0.02093015859524409,,,,,
31,0.0121430524935325,,,,,
32,0.012587955531974634,,,,,
33,0.010830916464328766,,,,,
34,0.009128565900027752,,,,,
35,0.014217708880702654,,,,,
36,0.015025983254114786,,,,,
37,0.013694866560399532,,,,,
38,0.013521023094654083,,,,,
39,0.011966539857288202,,,,,
40,0.031140098969141643,,,,,
41,0.02173401601612568,,,,,
42,0.018289427272975445,,,,,
43,0.012121405452489853,,,,,
44,0.020817384123802185,,,,,
45,0.026965956514080364,,,,,
46,0.025788814450303715,,,,,
47,0.029065315301219623,,,,,
48,0.018581974630554516,,,,,
49,0.013316729416449865,,,,,
50,0.021920574828982353,,,,,
51,0.024340621195733547,,,,,
52,0.021537112072110176,,,,,
53,0.023702726388971012,,,,,
54,0.04709907993674278,,,,,
55,0.05248269438743591,,,,,
56,0.056774950275818505,,,,,
57,0.0801405558983485,,,,,
58,0.17767597486575445,,,,,
59,0.1315504734714826,,,,,
60,0.1114959145585696,,,,,
61,0.3271411557992299,,,,,
62,0.36352643370628357,,,,,
63,0.3636360466480255,,,,,
64,0.2483717476328214,,,,,
65,0.20956989377737045,,,,,
66,0.23985952138900757,,,,,
67,0.29598048826058704,,,,,
68,0.3801491856575012,,,,,
69,0.4145922064781189,,,,,
70,0.13991322865088782,,,,,
71,0.003259076504036784,,,,,
72,0.002729575615376234,,,,,
73,0.0018274190369993448,,,,,
74,0.0011199155900006492,,,,,
75,0.0011127316198932629,,,,,
76,0.0012654580253486831,,,,,
77,0.0010840119405960043,,,,,
78,0.0011563321265081565,,,,,
79,0.0011563321265081565,,,,,
80,0.0011127316198932629,,,,,
81,0.0012783487715447943,,,,,
82,0.0009849720906155806,,,,,
83,0.001750295787739257,,,,,
84,0.003423255014543732,,,,,
85,0.00414649994733433,,,,,
86,0.004999390492836635,,,,,
87,0.004871306475251913,,,,,
88,0.004245195693025987,,,,,
89,0.004808355122804642,,,,,
90,0.004796609437714021,,,,,
91,0.0038712709986915192,,,,,
92,0.0034464464988559484,,,,,
93,0.0030210583160320916,,,,,
27,0.018039806745946407,,,,,
28,0.008860615373123437,,,,,
29,0.012288226978853345,,,,,
30,0.015263566747307777,,,,,
31,0.011592839960940182,,,,,
32,0.009624622529372573,,,,,
33,0.010327011346817017,,,,,
34,0.012041895533911884,,,,,
35,0.013936623348854482,,,,,
36,0.013390301843173802,,,,,
37,0.00540990853914991,,,,,
38,0.01575099746696651,,,,,
39,0.014333013212308288,,,,,
40,0.0139326456701383,,,,,
41,0.009687400306575,,,,,
42,0.012415236502420157,,,,,
43,0.013390301843173802,,,,,
44,0.013390301843173802,,,,,
45,0.013390301843173802,,,,,
46,0.013390301843173802,,,,,
47,0.013068671571090817,,,,,
48,0.007290128152817488,,,,,
49,0.009661829913966358,,,,,
50,0.012401241750922054,,,,,
51,0.0036247767857275903,,,,,
52,0.003765456232940778,,,,,
53,0.00589045521337539,,,,,
54,0.012798201409168541,,,,,
55,0.008275644155219197,,,,,
56,0.0028733770304825157,,,,,
57,0.002940745631349273,,,,,
58,0.013390301843173802,,,,,
59,0.009964667959138751,,,,,
60,0.006347416900098324,,,,,
61,0.010526076657697558,,,,,
62,0.0037851357192266732,,,,,
63,0.002729368061409332,,,,,
64,0.0028822286112699658,,,,,
65,0.00320337840821594,,,,,
66,0.0030136680870782584,,,,,
67,0.0028733770304825157,,,,,
68,0.002849600714398548,,,,,
69,0.002892873206292279,,,,,
70,0.003132638259558007,,,,,
71,0.0037806255859322846,,,,,
72,0.013390301843173802,,,,,
73,0.013390301843173802,,,,,
74,0.0032948951702564955,,,,,
75,0.0036630222166422755,,,,,
76,0.0031697381054982543,,,,,
77,0.003083135699853301,,,,,
78,0.003225374937755987,,,,,
79,0.003155607235385105,,,,,
80,0.0023320532345678657,,,,,
81,0.0013714661763515323,,,,,
82,0.0011246866633882746,,,,,
83,0.0023191143409349024,,,,,
84,0.003623275668360293,,,,,
85,0.0036294840974733233,,,,,
86,0.008239877934101969,,,,,
87,0.025084393098950386,,,,,
88,0.019387976033613086,,,,,
89,0.007004328595940024,,,,,
90,0.010473583359271288,,,,,
91,0.011532350443303585,,,,,
92,0.0134930987842381,,,,,
29,0.014527932740747929,,,,,
30,0.007767560542561114,,,,,
31,0.007812389638274908,,,,,
32,0.008893998456187546,,,,,
33,0.00726360222324729,,,,,
34,0.0015469867794308811,,,,,
35,0.0013705786259379238,,,,,
36,0.013078151503577828,,,,,
37,0.006347119458951056,,,,,
38,0.01759172440506518,,,,,
39,0.01759172440506518,,,,,
40,0.020713024772703648,,,,,
41,0.012555166613310575,,,,,
42,0.008918239502236247,,,,,
43,0.005690290592610836,,,,,
44,0.005510496732313186,,,,,
45,0.015598222380504012,,,,,
46,0.01552461413666606,,,,,
47,0.01569619867950678,,,,,
48,0.00733506097458303,,,,,
49,0.0180183716583997,,,,,
50,0.027143245562911034,,,,,
51,0.024115740321576595,,,,,
52,0.03955595847219229,,,,,
53,0.03685535956174135,,,,,
54,0.03461395297199488,,,,,
55,0.03349562967196107,,,,,
56,0.02936504688113928,,,,,
57,0.030303478240966797,,,,,
58,0.001207951398100704,,,,,
59,0.026893689762800932,,,,,
60,0.01729192608036101,,,,,
61,0.019690537825226784,,,,,
62,0.001595380817889236,,,,,
63,0.028201902750879526,,,,,
64,0.030841349624097347,,,,,
65,0.03933909069746733,,,,,
66,0.003983787668403238,,,,,
67,0.00392534676939249,,,,,
68,0.019304970744997263,,,,,
69,0.020061568822711706,,,,,
70,0.001368303972412832,,,,,
71,0.0220440486446023,,,,,
72,0.02735461527481675,,,,,
73,0.0035872270818799734,,,,,
74,0.02792859962210059,,,,,
75,0.019227041862905025,,,,,
76,0.028747337870299816,,,,,
77,0.0015350133180618286,,,,,
78,0.001635450404137373,,,,,
79,0.001837174393585883,,,,,
80,0.0019351307128090411,,,,,
81,0.001911503350129351,,,,,
82,0.0018714330217335373,,,,,
83,0.0009744453855091706,,,,,
84,0.001063524847268127,,,,,
85,0.0016218844975810498,,,,,
86,0.0019394542614463717,,,,,
87,0.0008018176959012635,,,,,
88,0.0008233883345383219,,,,,
89,0.0014780611963942647,,,,,
90,0.0019683643185999244,,,,,
91,0.0013742368610110134,,,,,
92,0.001357343076961115,,,,,
93,0.0008286771553684957,,,,,
94,0.001502807645010762,,,,,
95,0.0014904712297720835,,,,,
83,0.18339231858650842,,,,,
84,0.17374780774116516,,,,,
85,0.14390462885300317,,,,,
86,0.06734117368857066,,,,,
87,0.08730677763621013,,,,,
88,0.2711634735266368,,,,,
89,0.24420586228370667,,,,,
90,0.17055313289165497,,,,,
91,0.20161962509155273,,,,,
92,0.1330890953540802,,,,,
93,0.05312241241335869,,,,,
94,0.02603296594073375,,,,,
95,0.10529658446709315,,,,,
96,0.12807294726371765,,,,,
97,0.09501913189888,,,,,
98,0.03015643854935964,,,,,
99,0.06846726437409718,,,,,
100,0.12501578529675803,,,,,
101,0.05594173943003019,,,,,
102,0.04720135902365049,,,,,
103,0.07867385943730672,,,,,
104,0.04965906714399656,,,,,
105,0.02576639906813701,,,,,
106,0.24620159467061362,,,,,
107,0.263444850842158,,,,,
108,0.3726094861825307,,,,,
109,0.27916215856870014,,,,,
110,0.7973061402638754,,,,,
111,0.31826446453730267,,,,,
112,0.0605941874285539,,,,,
113,0.0659513771533966,,,,,
114,0.006347243829319875,,,,,
115,0.0028522434489180646,,,,,
116,0.001893629552796483,,,,,
117,0.001328577190482368,,,,,
118,0.0007521392156680425,,,,,
119,0.0009456882641340295,,,,,
120,0.0010010528106552858,,,,,
121,0.0020098148573500416,,,,,
122,0.0006601107209765663,,,,,
123,0.0012317104847170413,,,,,
124,0.02057562132055561,,,,,
125,0.013319604098796844,,,,,
126,0.01555558123315374,,,,,
127,0.02022914697105686,,,,,
128,0.011116154530706504,,,,,
129,0.007570630793149273,,,,,
130,0.03979849008222421,,,,,
131,0.0047454754045854015,,,,,
132,0.0006431834772229195,,,,,
133,0.000803719594841823,,,,,
134,0.0010407472533794742,,,,,
135,0.0008009243271468828,,,,,
136,0.0019959876857077083,,,,,
137,0.0009457895066589117,,,,,
138,0.0008942702358278135,,,,,
139,0.0010130384956331302,,,,,
140,0.0015064844628795981,,,,,
141,0.003437937567165742,,,,,
142,0.0173670359266301,,,,,
143,0.009584296339501938,,,,,
144,0.009606105120231708,,,,,
145,0.0017231420303384464,,,,,
146,0.0009657759025382499,,,,,
147,0.0010263598330008488,,,,,
148,0.0008657363359816372,,,,,
149,0.0009040216876504322,,,,,
150,0.0005573855887632817,,,,,
151,0.000659359599618862,,,,,
152,0.0020554514679436884,,,,,
153,0.0015735117485746741,,,,,
154,0.0023637517976264157,,,,,
155,0.0036854601154724755,,,,,
156,0.001718105321439604,,,,,
157,0.0035433787076423564,,,,,
158,0.0006884504691697657,,,,,
159,0.00216838123742491,,,,,
160,0.004469170157487194,,,,,
161,0.004469170157487194,,,,,
162,0.004271092126145959,,,,,
163,0.0043465986382216215,,,,,
164,0.0011055973591282964,,,,,
165,0.004469170157487194,,,,,
166,0.004271092126145959,,,,,
167,0.0043465986382216215,,,,,
168,0.00530180474743247,,,,,
169,0.00530180474743247,,,,,
170,0.005920783616602421,,,,,
54,0.034870024770498276,,,,,
55,0.022934233769774437,,,,,
56,0.029856673441827297,,,,,
57,0.12045696005225182,,,,,
58,0.059100477024912834,,,,,
59,0.03555792570114136,,,,,
60,0.15606104582548141,,,,,
61,0.39092695713043213,,,,,
62,0.39209380745887756,,,,,
63,0.3636486530303955,,,,,
64,0.3968846946954727,,,,,
65,0.2566138207912445,,,,,
66,0.2095176950097084,,,,,
67,0.08553476072847843,,,,,
68,0.06935268081724644,,,,,
69,0.06446993909776211,,,,,
70,0.10888710245490074,,,,,
71,0.6661434471607208,,,,,
72,0.8684139251708984,,,,,
73,0.5931122601032257,,,,,
74,0.8418174684047699,,,,,
75,0.8677429556846619,,,,,
76,0.5698762834072113,,,,,
77,0.3747832030057907,,,,,
78,0.39271941781044006,,,,,
79,0.6830919981002808,,,,,
80,0.6878628134727478,,,,,
81,0.750838041305542,,,,,
82,0.09475453570485115,,,,,
83,0.07719359174370766,,,,,
84,0.8213824033737183,,,,,
85,0.27600885182619095,,,,,
86,0.15728101879358292,,,,,
87,0.5249477326869965,,,,,
88,0.08602871932089329,,,,,
89,0.09469162300229073,,,,,
90,0.3790295720100403,,,,,
91,0.07922040857374668,,,,,
92,0.03497137874364853,,,,,
93,0.02098913723602891,,,,,
94,0.055745672434568405,,,,,
95,0.14286889508366585,,,,,
96,0.17854469269514084,,,,,
97,0.19896110147237778,,,,,
98,0.03530118614435196,,,,,
99,0.5571773052215576,,,,,
100,0.549163818359375,,,,,
101,0.6797517538070679,,,,,
102,0.5009384155273438,,,,,
103,0.42156100273132324,,,,,
104,0.2329719439148903,,,,,
105,0.08421385660767555,,,,,
106,0.2932184338569641,,,,,
107,0.21736380457878113,,,,,
108,0.09323208779096603,,,,,
109,0.057397933676838875,,,,,
110,0.871342658996582,,,,,
76,0.014219608157873154,,,,,
77,0.017052705798830305,,,,,
78,0.01548771427146026,,,,,
79,0.02765408344566822,,,,,
80,0.03460783112261977,,,,,
81,0.01853221215839897,,,,,
82,0.02976859999554498,,,,,
83,0.020948086200015887,,,,,
84,0.019338229271982397,,,,,
85,0.01129651309124061,,,,,
86,0.014150859388921942,,,,,
87,0.014822474414748805,,,,,
88,0.015523310617676802,,,,,
89,0.007442288799211383,,,,,
90,0.008480886662645,,,,,
91,0.01662612027887787,,,,,
92,0.010384166413652045,,,,,
93,0.002230498191368367,,,,,
94,0.03666837353791509,,,,,
95,0.018225316357399737,,,,,
96,0.005057818223057049,,,,,
97,0.00496851938909718,,,,,
98,0.01045462688697236,,,,,
99,0.010042424180677958,,,,,
100,0.008361000900289841,,,,,
101,0.009918321988412313,,,,,
102,0.010969718053404773,,,,,
103,0.01438846266163247,,,,,
104,0.024206947136138166,,,,,
105,0.01892593809004341,,,,,
106,0.023126551615340368,,,,,
107,0.013492902807359184,,,,,
108,0.011435209973050016,,,,,
109,0.04765037713306291,,,,,
110,0.04721341495003019,,,,,
111,0.046140428366405625,,,,,
112,0.32215012184211184,,,,,
113,0.06691451370716095,,,,,
114,0.22557436781270163,,,,,
115,0.45662143400737215,,,,,
116,0.32038710372788565,,,,,
117,0.455462600503649,,,,,
118,0.34176095042909893,,,,,
119,0.5282462068966457,,,,,
120,0.25593552206243786,,,,,
121,0.1642049944826535,,,,,
122,0.4446502923965454,,,,,
123,0.6434654678617205,,,,,
124,0.6492413282394409,,,,,
125,0.5875227536473956,,,,,
126,0.6701172760554722,,,,,
127,0.6932415195873806,,,,,
128,0.6052972759519305,,,,,
129,0.376947534935815,,,,,
130,0.4653623402118683,,,,,
131,0.4176063452448164,,,,,
132,0.35622476041316986,,,,,
133,0.1286847527538027,,,,,
134,0.5868113168648311,,,,,
135,0.8647102287837437,,,,,
136,0.9004321353776115,,,,,
137,0.8979726689202445,,,,,
138,0.904710590839386,,,,,
139,0.5669028418404716,,,,,
140,0.34376683831214905,,,,,
141,0.7369286417961121,,,,,
142,0.8411582623209272,,,,,
143,0.8583238550594875,,,,,
144,0.8764494402068002,,,,,
145,0.03741093698356833,,,,,
146,0.09360146256429809,,,,,
147,0.16247843950986862,,,,,
148,0.07034855389169284,,,,,
149,0.30638409299509867,,,,,
150,0.30552374039377483,,,,,
151,0.6828543543815613,,,,,
152,0.5405236993517194,,,,,
153,0.4830750014100756,,,,,
154,0.5251261506761823,,,,,
155,0.46830158148493084,,,,,
156,0.4062460022313254,,,,,
157,0.3776757908718927,,,,,
158,0.37844631927353994,,,,,
159,0.13460167816707067,,,,,
160,0.1485014802643231,,,,,
161,0.2244688527924674,,,,,
162,0.20742416488272802,,,,,
163,0.032767370875392644,,,,,
65,0.0067611378617584705,,,,,
66,0.002210548147559166,,,,,
67,0.0193477813154459,,,,,
68,0.031633924692869186,,,,,
69,0.022797569632530212,,,,,
70,0.028681151568889618,,,,,
71,0.029578382149338722,,,,,
72,0.021801622584462166,,,,,
73,0.06871699541807175,,,,,
74,0.007841292768716812,,,,,
75,0.004061242565512657,,,,,
76,0.04786001890897751,,,,,
77,0.10535915195941925,,,,,
78,0.18846136331558228,,,,,
79,0.1761210560798645,,,,,
80,0.16714109480381012,,,,,
81,0.11416874825954437,,,,,
82,0.30495911836624146,,,,,
83,0.29454800486564636,,,,,
84,0.35494181513786316,,,,,
85,0.11756343394517899,,,,,
86,0.23523354530334473,,,,,
87,0.1986643522977829,,,,,
88,0.2173675298690796,,,,,
89,0.492172509431839,,,,,
90,0.7438719272613525,,,,,
91,0.038996025919914246,,,,,
92,0.04858613386750221,,,,,
93,0.03175341710448265,,,,,
94,0.04979283735156059,,,,,
95,0.03441406413912773,,,,,
96,0.031346458941698074,,,,,
97,0.02535432018339634,,,,,
98,0.02253054454922676,,,,,
99,0.05047428980469704,,,,,
100,0.03921607509255409,,,,,
101,0.03644623979926109,,,,,
102,0.05009513720870018,,,,,
103,0.04796365648508072,,,,,
104,0.09231733530759811,,,,,
105,0.10591010004281998,,,,,
106,0.16476935148239136,,,,,
107,0.28365135192871094,,,,,
108,0.004814790561795235,,,,,
109,0.0031219650991261005,,,,,
110,0.0024829839821904898,,,,,
111,0.0034697442315518856,,,,,
112,0.0034697442315518856,,,,,
113,0.0034024508204311132,,,,,
114,0.0034024508204311132,,,,,
115,0.0034024508204311132,,,,,
116,0.0034024508204311132,,,,,
117,0.0034024508204311132,,,,,
118,0.0034697442315518856,,,,,
119,0.0034697442315518856,,,,,
120,0.0034024508204311132,,,,,
121,0.0033247671090066433,,,,,
122,0.0034024508204311132,,,,,
123,0.0034024508204311132,,,,,
124,0.0033247671090066433,,,,,
125,0.0033247671090066433,,,,,
126,0.0033247671090066433,,,,,
127,0.003390529192984104,,,,,
128,0.0034024508204311132,,,,,
129,0.0034024508204311132,,,,,
130,0.0034593541640788317,,,,,
131,0.0034697442315518856,,,,,
132,0.0034024508204311132,,,,,
133,0.0034024508204311132,,,,,
134,0.0034697442315518856,,,,,
135,0.0034697442315518856,,,,,
136,0.0034024508204311132,,,,,
137,0.003390529192984104,,,,,
138,0.003390529192984104,,,,,
139,0.0034697442315518856,,,,,
140,0.0034697442315518856,,,,,
141,0.0033247671090066433,,,,,
142,0.003390529192984104,,,,,
143,0.0033247671090066433,,,,,
144,0.0033247671090066433,,,,,
145,0.0033247671090066433,,,,,
146,0.0033247671090066433,,,,,
65,0.08035000786185265,,,,,
66,0.12823148258030415,,,,,
67,0.08514614403247833,,,,,
68,0.09269128739833832,,,,,
69,0.06861644657328725,,,,,
70,0.06229071691632271,,,,,
71,0.1041642427444458,,,,,
72,0.05086045991629362,,,,,
73,0.17948636785149574,,,,,
74,0.17244327627122402,,,,,
75,0.1448068879544735,,,,,
76,0.2173638753592968,,,,,
77,0.37816350907087326,,,,,
78,0.19769664108753204,,,,,
79,0.5721736252307892,,,,,
80,0.5305064991116524,,,,,
81,0.3848005458712578,,,,,
82,0.2760734111070633,,,,,
83,0.13835259713232517,,,,,
84,0.1294044554233551,,,,,
85,0.10351251438260078,,,,,
86,0.1997901238501072,,,,,
87,0.22693254053592682,,,,,
88,0.1746673472225666,,,,,
89,0.1677488423883915,,,,,
90,0.20520400255918503,,,,,
91,0.20135246962308884,,,,,
92,0.22174688056111336,,,,,
93,0.22173140943050385,,,,,
94,0.1998581849038601,,,,,
95,0.29784850031137466,,,,,
96,0.288672111928463,,,,,
97,0.28035080805420876,,,,,
98,0.2591309919953346,,,,,
99,0.23965127021074295,,,,,
100,0.22668806463479996,,,,,
101,0.31332070380449295,,,,,
102,0.29254327714443207,,,,,
103,0.301826860755682,,,,,
104,0.23038679361343384,,,,,
105,0.2773383818566799,,,,,
106,0.3573945313692093,,,,,
107,0.30372479185462,,,,,
108,0.23106767237186432,,,,,
109,0.23604843020439148,,,,,
110,0.24724775552749634,,,,,
111,0.08972676144912839,,,,,
112,0.6589268893003464,,,,,
113,0.11000420618802309,,,,,
114,0.28176669776439667,,,,,
115,0.34376462548971176,,,,,
116,0.291919007897377,,,,,
117,0.2707131765782833,,,,,
118,0.0457410435192287,,,,,
119,0.02060889918357134,,,,,
120,0.2111097276210785,,,,,
121,0.22804057970643044,,,,,
122,0.02583909616805613,,,,,
123,0.18346408382058144,,,,,
124,0.33830708265304565,,,,,
125,0.3554081842303276,,,,,
126,0.7196714133024216,,,,,
127,0.15093125775456429,,,,,
128,0.20253947749733925,,,,,
129,0.2931053638458252,,,,,
130,0.44006434828042984,,,,,
131,0.3866787925362587,,,,,
132,0.21413841471076012,,,,,
133,0.004153720568865538,,,,,
134,0.00567245512502268,,,,,
135,0.005449606222100556,,,,,
136,0.0013436565641313791,,,,,
137,0.00032781297340989113,,,,,
138,0.0003539971039572265,,,,,
139,0.00033702520158840343,,,,,
140,0.00029110545801813714,,,,,
141,0.0003380158159416169,,,,,
142,0.00029139187608961947,,,,,
143,0.00034536965540610254,,,,,
144,0.00041860157944029197,,,,,
145,0.000687052081048023,,,,,
146,0.0008970041235443205,,,,,
147,0.0004785236160387285,,,,,
148,0.0006059185543563217,,,,,
149,0.0005746635360992514,,,,,
150,0.0006467539169534575,,,,,
151,0.0011316549353068694,,,,,
152,0.0008522957796230912,,,,,
153,0.0009246851986972615,,,,,
154,0.0009120211179833859,,,,,
155,0.0009120211179833859,,,,,
156,0.0010488616971997544,,,,,
157,0.0010793959518196061,,,,,
158,0.0013428475940600038,,,,,
159,0.0026571510825306177,,,,,
160,0.0034429989755153656,,,,,
161,0.004148794861976057,,,,,
162,0.005865915329195559,,,,,
163,0.0030540325096808374,,,,,
164,0.010681658750399947,,,,,
165,0.006053771357983351,,,,,
67,0.006860885303467512,,,,,
68,0.023089082911610603,,,,,
69,0.0020279783639125526,,,,,
70,0.015003798063844442,,,,,
71,0.018891219049692154,,,,,
72,0.012704126536846161,,,,,
73,0.005595816532149911,,,,,
74,0.0005562564329011366,,,,,
75,0.0008631868695374578,,,,,
76,0.011000577826052904,,,,,
77,0.011428702156990767,,,,,
78,0.010721200611442327,,,,,
79,0.011418021749705076,,,,,
80,0.012136232573539019,,,,,
81,0.013979759067296982,,,,,
82,0.0016596017521806061,,,,,
83,0.011611904948949814,,,,,
84,0.0143011468462646,,,,,
85,0.009057699702680111,,,,,
86,0.0014964909059926867,,,,,
87,0.0018371566548012197,,,,,
88,0.009672259446233511,,,,,
89,0.006129376357421279,,,,,
90,0.006015797378495336,,,,,
91,0.005393307423219085,,,,,
92,0.011071447748690844,,,,,
93,0.019902520813047886,,,,,
94,0.012315921019762754,,,,,
95,0.006799602182582021,,,,,
96,0.0003513293631840497,,,,,
97,0.00552168907597661,,,,,
98,0.005120360874570906,,,,,
99,0.006481352262198925,,,,,
100,0.009604306425899267,,,,,
101,0.006646981695666909,,,,,
102,0.0012227318657096475,,,,,
103,0.00894881715066731,,,,,
104,0.005060450523160398,,,,,
105,0.0027520349249243736,,,,,
106,0.0022835966665297747,,,,,
107,0.004452425288036466,,,,,
108,0.010849070735275745,,,,,
109,0.0064139035530388355,,,,,
110,0.006736797979101539,,,,,
111,0.010291585698723793,,,,,
112,0.004104855004698038,,,,,
113,0.00413495977409184,,,,,
114,0.001298748713452369,,,,,
115,0.0002525469317333773,,,,,
116,0.005046681268140674,,,,,
117,0.005194049095734954,,,,,
118,0.00029618652479257435,,,,,
119,0.0016554382164031267,,,,,
120,0.0061124342028051615,,,,,
121,0.0003165713569615036,,,,,
122,0.00032316750730387866,,,,,
123,0.0007355170964729041,,,,,
124,0.0002857010331354104,,,,,
125,0.0003004927566507831,,,,,
126,0.005338751012459397,,,,,
127,0.006177348783239722,,,,,
128,0.006292509147897363,,,,,
129,0.005120360874570906,,,,,
130,0.004927782341837883,,,,,
131,0.004927782341837883,,,,,
132,0.00479272089432925,,,,,
133,0.00479272089432925,,,,,
134,0.00479272089432925,,,,,
135,0.004927782341837883,,,,,
136,0.005120360874570906,,,,,
137,0.006472878158092499,,,,,
138,0.00537432124838233,,,,,
139,0.005120360874570906,,,,,
140,0.011510312091559172,,,,,
141,0.005120360874570906,,,,,
142,0.00479272089432925,,,,,
143,0.004927782341837883,,,,,
144,0.00032186557655222714,,,,,
145,0.0010126669076271355,,,,,
146,0.0011635898263193667,,,,,
147,0.00115718410233967,,,,,
148,0.0002905089786509052,,,,,
149,0.0003332202468300238,,,,,
150,0.0018300433875992894,,,,,
151,0.0012551721883937716,,,,,
152,0.00030660796619486064,,,,,
153,0.00030463823350146413,,,,,
154,0.00030660796619486064,,,,,
155,0.00031070547993294895,,,,,
67,0.0035958997905254364,,,,,
68,0.006338158932824929,,,,,
69,0.007083894374469916,,,,,
70,0.006338158932824929,,,,,
71,0.006448143317053716,,,,,
72,0.006810514722019434,,,,,
73,0.006144501113643249,,,,,
74,0.009791900559018055,,,,,
75,0.0072548592773576575,,,,,
76,0.0075781396590173244,,,,,
77,0.007669126149266958,,,,,
78,0.006412365163366,,,,,
79,0.006412365163366,,,,,
80,0.006810514722019434,,,,,
81,0.0069947886901597185,,,,,
82,0.006144501113643249,,,,,
83,0.006144501113643249,,,,,
84,0.0066808597184717655,,,,,
85,0.00707656688367327,,,,,
86,0.009016368227700392,,,,,
87,0.007325747516006231,,,,,
88,0.0070664289717872935,,,,,
89,0.03710250308116277,,,,,
90,0.004763654355580608,,,,,
91,0.013446472429980835,,,,,
92,0.009243284817785025,,,,,
93,0.14729774494965872,,,,,
94,0.15387943387031555,,,,,
95,0.16103745500246683,,,,,
96,0.14568076034386954,,,,,
97,0.006866779023160537,,,,,
98,0.007205313226828973,,,,,
99,0.005791551588724057,,,,,
100,0.005791551588724057,,,,,
101,0.005791551588724057,,,,,
102,0.005826511265089114,,,,,
103,0.00635730242356658,,,,,
104,0.005609589396044612,,,,,
105,0.005609589396044612,,,,,
106,0.005735547514632344,,,,,
107,0.005609589396044612,,,,,
108,0.005609589396044612,,,,,
109,0.005919485352933407,,,,,
110,0.005919485352933407,,,,,
111,0.005826511265089114,,,,,
112,0.005826511265089114,,,,,
113,0.005791551588724057,,,,,
114,0.005735547514632344,,,,,
115,0.005735547514632344,,,,,
116,0.005791551588724057,,,,,
117,0.005791551588724057,,,,,
118,0.005348619073629379,,,,,
119,0.006253640633076429,,,,,
120,0.005379150155931711,,,,,
121,0.005609589396044612,,,,,
122,0.005609589396044612,,,,,
123,0.005735547514632344,,,,,
124,0.005898304904500644,,,,,
125,0.00635730242356658,,,,,
126,0.005469447157035272,,,,,
127,0.005184274942924579,,,,,
128,0.005348619073629379,,,,,
129,0.005348619073629379,,,,,
130,0.005379150155931711,,,,,
131,0.006562812719494104,,,,,
132,0.006765247167398532,,,,,
133,0.0072548592773576575,,,,,
134,0.00782401937370499,,,,,
135,0.00782401937370499,,,,,
136,0.006412365163366,,,,,
137,0.007205313226828973,,,,,
138,0.006412365163366,,,,,
139,0.006810514722019434,,,,,
140,0.006144501113643249,,,,,
141,0.006338158932824929,,,,,
142,0.0074135066630939645,,,,,
62,0.556775098045667,,,,,
63,0.606483151515325,,,,,
64,0.6203700800736746,,,,,
65,0.6068326830863953,,,,,
66,0.6044148703416189,,,,,
67,0.6059021055698395,,,,,
68,0.5978442132472992,,,,,
69,0.4368228614330292,,,,,
70,0.4368228614330292,,,,,
71,0.4368228614330292,,,,,
72,0.5457102010647455,,,,,
73,0.5500085403521856,,,,,
74,0.5843015909194946,,,,,
75,0.4994341234366099,,,,,
76,0.48264381289482117,,,,,
77,0.332768976688385,,,,,
78,0.34851322571436566,,,,,
79,0.3370557526747386,,,,,
80,0.06084002989033858,,,,,
81,0.344572792450587,,,,,
82,0.3550242781639099,,,,,
83,0.3062940686941147,,,,,
84,0.11929295212030411,,,,,
85,0.13315854594111443,,,,,
86,0.04102672263979912,,,,,
87,0.3787032812833786,,,,,
88,0.37918764849503833,,,,,
89,0.39338335891564685,,,,,
90,0.09386994938055675,,,,,
91,0.7643827199935913,,,,,
92,0.8721086084842682,,,,,
93,0.8742938041687012,,,,,
94,0.20452978958686194,,,,,
95,0.2948092420895894,,,,,
96,0.4502148429552714,,,,,
97,0.024565235401193302,,,,,
98,0.017600436539699633,,,,,
99,0.014497438988958796,,,,,
100,0.016000776862104733,,,,,
101,0.019864430961509544,,,,,
102,0.06841507802406947,,,,,
103,0.10969697187344234,,,,,
104,0.024207118743409712,,,,,
105,0.03271586541086435,,,,,
106,0.02258024861415227,,,,,
107,0.019623990170657635,,,,,
108,0.027561217546463013,,,,,
109,0.011945058281222979,,,,,
110,0.010179964359849691,,,,,
111,0.019495824351906776,,,,,
112,0.009582156393056115,,,,,
113,0.011295034317299724,,,,,
114,0.0070276677918930846,,,,,
115,0.010986495142181715,,,,,
116,0.018065580477317173,,,,,
117,0.00966363656334579,,,,,
118,0.00960314025481542,,,,,
119,0.004318911853867273,,,,,
120,0.005734834587201476,,,,,
121,0.006088082368175189,,,,,
122,0.0058744488439212246,,,,,
123,0.0041570758912712336,,,,,
124,0.003791470041808983,,,,,
125,0.004004437748032312,,,,,
126,0.0037574712575102844,,,,,
127,0.006932976966102918,,,,,
128,0.01309634760643045,,,,,
129,0.007979448729505142,,,,,
130,0.00564845356469353,,,,,
131,0.006363328041819234,,,,,
132,0.005643448326736689,,,,,
133,0.005446472864908476,,,,,
134,0.0013334269266730796,,,,,
135,0.0010136423516087234,,,,,
136,0.0026566277374513447,,,,,
137,0.027326615527272224,,,,,
138,0.03236405923962593,,,,,
139,0.07003428849081199,,,,,
63,0.015017348186423382,,,,,
64,0.0028309220991407833,,,,,
65,0.0122269323716561,,,,,
66,0.011027494135002295,,,,,
67,0.04124825013180574,,,,,
68,0.09577803313732147,,,,,
69,0.02226197657485803,,,,,
70,0.012851581598321596,,,,,
71,0.028273143184681732,,,,,
72,0.02943614994486173,,,,,
73,0.015045742504298687,,,,,
74,0.016762569236258667,,,,,
75,0.0131173109014829,,,,,
76,0.0035450682044029236,,,,,
77,0.010975633126993975,,,,,
78,0.0084374511304001,,,,,
79,0.0084374511304001,,,,,
80,0.004691786055142681,,,,,
81,0.006299101126690705,,,,,
82,0.00688097105982403,,,,,
83,0.0084374511304001,,,,,
84,0.04387560673058033,,,,,
85,0.0031877338575820127,,,,,
86,0.002523320533024768,,,,,
87,0.009247293152535955,,,,,
88,0.006330887010941903,,,,,
89,0.004977742675691843,,,,,
90,0.005371369033431013,,,,,
91,0.011057482799515128,,,,,
92,0.0030222672891492644,,,,,
93,0.06401411195596059,,,,,
94,0.005707473028451204,,,,,
95,0.01385576402147611,,,,,
96,0.00989968671152989,,,,,
97,0.004092127550393343,,,,,
98,0.0022523741936311126,,,,,
99,0.012600169361879429,,,,,
100,0.008947249812384447,,,,,
101,0.009147979784756899,,,,,
102,0.006150341127067804,,,,,
103,0.005161792583142717,,,,,
104,0.009096239693462849,,,,,
105,0.00321076523202161,,,,,
106,0.002065833619174858,,,,,
107,0.0069281733594834805,,,,,
108,0.006815760085980098,,,,,
109,0.007783015181000034,,,,,
110,0.007070875105758508,,,,,
111,0.005757881328463554,,,,,
112,0.003438675543293357,,,,,
113,0.003180472180247307,,,,,
114,0.0030192267149686813,,,,,
115,0.0038372825365513563,,,,,
116,0.007690449866155784,,,,,
117,0.004204618589331706,,,,,
118,0.0007937636498051385,,,,,
119,0.0010677924534926813,,,,,
120,0.0012658409929523866,,,,,
121,0.002006581906850139,,,,,
122,0.005884464674939712,,,,,
123,0.0048654291313141584,,,,,
124,0.005671849008649588,,,,,
125,0.004609099046016733,,,,,
126,0.005082169082015753,,,,,
127,0.004463461538155873,,,,,
128,0.0031243997315565744,,,,,
129,0.003615591131771604,,,,,
130,0.0013318413790936272,,,,,
131,0.004181777980799477,,,,,
132,0.004541960001612703,,,,,
133,0.0011710209655575454,,,,,
134,0.0010499582470705111,,,,,
135,0.0006472209352068603,,,,,
136,0.001295016787480563,,,,,
137,0.0012136230361647904,,,,,
138,0.0012136230361647904,,,,,
139,0.0013921747255759935,,,,,
140,0.0006918678409419954,,,,,
141,0.0042413158031801386,,,,,
142,0.0042413158031801386,,,,,
143,0.0005883606305966774,,,,,
144,0.0006160747143439949,,,,,
145,0.001065660403886189,,,,,
146,0.004181777980799477,,,,,
147,0.0042413158031801386,,,,,
64,0.15055438876152039,,,,,
65,0.7414765954017639,,,,,
66,0.9220947921276093,,,,,
67,0.9253755509853363,,,,,
68,0.8779440522193909,,,,,
69,0.7813233137130737,,,,,
70,0.6952735483646393,,,,,
71,0.6488997936248779,,,,,
72,0.5548001527786255,,,,,
73,0.45365890860557556,,,,,
74,0.6145846545696259,,,,,
75,0.22886766493320465,,,,,
76,0.6436111032962799,,,,,
77,0.5402120351791382,,,,,
78,0.3772079050540924,,,,,
79,0.3490312695503235,,,,,
80,0.10200119763612747,,,,,
81,0.09232895635068417,,,,,
82,0.04331052489578724,,,,,
83,0.04496968165040016,,,,,
84,0.029573598876595497,,,,,
85,0.059189410880208015,,,,,
86,0.05157909542322159,,,,,
87,0.06285586208105087,,,,,
88,0.14173337817192078,,,,,
89,0.22054178267717361,,,,,
90,0.055590638890862465,,,,,
91,0.14950767904520035,,,,,
92,0.6050288379192352,,,,,
93,0.8433541357517242,,,,,
94,0.8697632253170013,,,,,
95,0.6428060233592987,,,,,
96,0.3329333961009979,,,,,
97,0.7908283472061157,,,,,
98,0.5320627093315125,,,,,
99,0.5314245820045471,,,,,
100,0.8258285820484161,,,,,
101,0.8335155248641968,,,,,
102,0.5544136166572571,,,,,
103,0.7480913698673248,,,,,
104,0.7348883152008057,,,,,
105,0.5824090838432312,,,,,
106,0.6685171723365784,,,,,
107,0.18393003195524216,,,,,
108,0.010822926182299852,,,,,
109,0.005056236521340907,,,,,
110,0.0037624043179675937,,,,,
111,0.0037306154845282435,,,,,
112,0.0030629571992903948,,,,,
113,0.0025977243785746396,,,,,
114,0.0020057809306308627,,,,,
115,0.0017888627480715513,,,,,
116,0.0019462289055809379,,,,,
117,0.003910418134182692,,,,,
118,0.003033615939784795,,,,,
119,0.005480616586282849,,,,,
120,0.0024266935070045292,,,,,
121,0.0025209892191924155,,,,,
122,0.0015235978062264621,,,,,
123,0.0018928179051727057,,,,,
124,0.0014521233970299363,,,,,
125,0.0035624459851533175,,,,,
126,0.002836965606547892,,,,,
127,0.0027898765401914716,,,,,
128,0.0015430657658725977,,,,,
129,0.0012559211463667452,,,,,
130,0.0008901566034182906,,,,,
131,0.0009989004174713045,,,,,
132,0.0011484622373245656,,,,,
133,0.0006762387638445944,,,,,
134,0.005480616586282849,,,,,
135,0.0012410059571266174,,,,,
136,0.0031983477529138327,,,,,
137,0.003085359465330839,,,,,
138,0.001946940494235605,,,,,
139,0.004173175781033933,,,,,
140,0.020402980037033558,,,,,
141,0.012280709575861692,,,,,
142,0.0015899136778898537,,,,,
143,0.005367225036025047,,,,,
144,0.013485691975802183,,,,,
145,0.09348614141345024,,,,,
146,0.022296114824712276,,,,,
147,0.02035102527588606,,,,,
148,0.5313987880945206,,,,,
64,0.587411363919576,,,,,
65,0.11226577777415514,,,,,
66,0.07603111832092206,,,,,
67,0.08849031757563353,,,,,
68,0.06401144464810689,,,,,
69,0.05206453582892815,,,,,
70,0.07079608831554651,,,,,
71,0.2219400443136692,,,,,
72,0.3078262334068616,,,,,
73,0.05495523335412145,,,,,
74,0.010072016700481376,,,,,
75,0.007969336933456361,,,,,
76,0.004246004934733112,,,,,
77,0.004804355713228385,,,,,
78,0.006771377908686797,,,,,
79,0.005009518509420256,,,,,
80,0.003373368837249776,,,,,
81,0.0038449851175149283,,,,,
82,0.0055784606374800205,,,,,
83,0.0066144153630981846,,,,,
84,0.002325039473362267,,,,,
85,0.007936716079711914,,,,,
86,0.026102673262357712,,,,,
87,0.022364254109561443,,,,,
88,0.02211680030450225,,,,,
89,0.024881013824294012,,,,,
90,0.00467335005911688,,,,,
91,0.004724358887566875,,,,,
92,0.014036071797211966,,,,,
93,0.010370122618041933,,,,,
94,0.020796816563233733,,,,,
95,0.004062541256037851,,,,,
96,0.0017082379878653835,,,,,
97,0.0007191171947245797,,,,,
98,0.0021634899506655834,,,,,
99,0.0005062948815369358,,,,,
100,0.00036239130107181455,,,,,
101,0.0002758985598726819,,,,,
102,0.001936197872661675,,,,,
103,0.0053929598070681095,,,,,
104,0.0008434197564686959,,,,,
105,0.0009591160536122819,,,,,
106,0.0007468850769024963,,,,,
107,0.006302563046726088,,,,,
108,0.0049413716575751705,,,,,
109,0.00035601815761765465,,,,,
110,0.0008055436289093146,,,,,
111,0.0014502213258917134,,,,,
112,0.0017734214682908107,,,,,
113,0.0007970923907123506,,,,,
114,0.00018446814162113392,,,,,
115,0.00016048939869506285,,,,,
116,0.0007245030792546459,,,,,
117,0.002395757551615437,,,,,
118,0.002558196739604076,,,,,
119,0.0038840457564219832,,,,,
120,0.0035971086472272873,,,,,
121,0.0023720284613470235,,,,,
122,0.0005393748651840724,,,,,
123,0.0011697747783424954,,,,,
124,0.004458052145006756,,,,,
125,0.0006426224087287361,,,,,
64,0.0011845054104924202,,,,,
65,0.002171000395901501,,,,,
66,0.002134719549212605,,,,,
67,0.0047626237384974955,,,,,
68,0.004495667619630694,,,,,
69,0.004739109566435218,,,,,
70,0.0060650389175862076,,,,,
71,0.004622797435149551,,,,,
72,0.00560217360034585,,,,,
73,0.0060650389175862076,,,,,
74,0.004290519561618566,,,,,
75,0.0058105179574340585,,,,,
76,0.0032827838556841018,,,,,
77,0.0033817207906395195,,,,,
78,0.003305212501436472,,,,,
79,0.003264151606708765,,,,,
80,0.003526906203478575,,,,,
81,0.001314869220368564,,,,,
82,0.005538787692785263,,,,,
83,0.0016188309411518276,,,,,
84,0.0012737954268231988,,,,,
85,0.005958409234881401,,,,,
86,0.000521079875761643,,,,,
87,0.0022717011626809834,,,,,
88,0.001757417875342071,,,,,
89,0.0020274381386116147,,,,,
90,0.006190421059727669,,,,,
91,0.005285390513017773,,,,,
92,0.005766593851149082,,,,,
93,0.005464847944676876,,,,,
94,0.00047788243973627685,,,,,
95,0.0014026301098056138,,,,,
96,0.0014551713829860091,,,,,
97,0.0004540611756965518,,,,,
98,0.0009606999694369734,,,,,
99,0.0004819291702006012,,,,,
100,0.0005284906888846308,,,,,
101,0.00047386717051267624,,,,,
102,0.0006160538701806218,,,,,
103,0.0008813523105345667,,,,,
104,0.0027068791911005973,,,,,
105,0.001287645217962563,,,,,
106,0.001235233887564391,,,,,
107,0.0013519834727048873,,,,,
108,0.002307333122007549,,,,,
109,0.0026079399278387426,,,,,
110,0.005958409234881401,,,,,
111,0.006190421059727669,,,,,
112,0.0036514092469587924,,,,,
113,0.0012685140129178763,,,,,
114,0.0006625226465985179,,,,,
115,0.0003083912772126496,,,,,
116,0.0005647517275065184,,,,,
117,0.0009136911598034203,,,,,
118,0.0014133817167021334,,,,,
119,0.000368514220463112,,,,,
120,0.0011188515578396617,,,,,
121,0.000974121643230319,,,,,
122,0.0055540773086249825,,,,,
123,0.00048438081867061553,,,,,
124,0.0010569715173915028,,,,,
125,0.005766593851149082,,,,,
126,0.00602294928394258,,,,,
127,0.005811482202261686,,,,,
128,0.0006259344751015306,,,,,
129,0.0006118466379120945,,,,,
130,0.00444221063517034,,,,,
131,0.00439507239498198,,,,,
132,0.005766593851149082,,,,,
133,0.004137510759755969,,,,,
134,0.004399035731330514,,,,,
135,0.0047626237384974955,,,,,
136,0.0047626237384974955,,,,,
0,0.0010225982055999338,,,,,
1,0.0010225982055999338,,,,,
2,0.0010225982055999338,,,,,
3,0.0010225982055999338,,,,,
4,0.0010225982055999338,,,,,
5,0.0010225982055999338,,,,,
6,0.0010225982055999338,,,,,
7,0.0010225982055999338,,,,,
8,0.0010225982055999338,,,,,
9,0.0010225982055999338,,,,,
10,0.0010225982055999338,,,,,
11,0.0010225982055999338,,,,,
12,0.0010225982055999338,,,,,
13,0.0010225982055999338,,,,,
14,0.0010225982055999338,,,,,
15,0.0010225982055999338,,,,,
16,0.0010225982055999338,,,,,
17,0.0010225982055999338,,,,,
18,0.0010225982055999338,,,,,
19,0.0010225982055999338,,,,,
20,0.0010225982055999338,,,,,
21,0.0010225982055999338,,,,,
22,0.0010225982055999338,,,,,
23,0.0010225982055999338,,,,,
24,0.0010225982055999338,,,,,
25,0.0010225982055999338,,,,,
26,0.0010225982055999338,,,,,
27,0.0010225982055999338,,,,,
28,0.0010225982055999338,,,,,
29,0.0010225982055999338,,,,,
30,0.0010225982055999338,,,,,
31,0.0010225982055999338,,,,,
32,0.0010225982055999338,,,,,
33,0.0010225982055999338,,,,,
34,0.0010225982055999338,,,,,
35,0.0010225982055999338,,,,,
36,0.0010225982055999338,,,,,
37,0.0010225982055999338,,,,,
38,0.0010225982055999338,,,,,
39,0.0010225982055999338,,,,,
40,0.0010225982055999338,,,,,
41,0.0010225982055999338,,,,,
42,0.0010225982055999338,,,,,
43,0.0010225982055999338,,,,,
44,0.0010225982055999338,,,,,
45,0.0010225982055999338,,,,,
46,0.0010225982055999338,,,,,
47,0.0010225982055999338,,,,,
48,0.0010225982055999338,,,,,
49,0.0010225982055999338,,,,,
50,0.0010225982055999338,,,,,
51,0.0010225982055999338,,,,,
52,0.0010225982055999338,,,,,
53,0.0010225982055999338,,,,,
54,0.0010225982055999338,,,,,
55,0.0010225982055999338,,,,,
56,0.0010225982055999338,,,,,
57,0.0010225982055999338,,,,,
58,0.0010225982055999338,,,,,
59,0.0010225982055999338,,,,,
60,0.0010225982055999338,,,,,
61,0.0010225982055999338,,,,,
62,0.0010225982055999338,,,,,
63,0.0010225982055999338,,,,,
64,0.0010225982055999338,,,,,
65,0.0010225982055999338,,,,,
66,0.0010225982055999338,,,,,
67,0.0010225982055999338,,,,,
68,0.0010225982055999338,,,,,
69,0.0010225982055999338,,,,,
70,0.0010225982055999338,,,,,
71,0.0010225982055999338,,,,,
72,0.0010225982055999338,,,,,
73,0.0010225982055999338,,,,,
74,0.0010225982055999338,,,,,
75,0.0010225982055999338,,,,,
76,0.0010225982055999338,,,,,
77,0.0010225982055999338,,,,,
78,0.0010225982055999338,,,,,
79,0.0010225982055999338,,,,,
80,0.0010225982055999338,,,,,
81,0.0010225982055999338,,,,,
82,0.0010225982055999338,,,,,
83,0.0010225982055999338,,,,,
84,0.0010225982055999338,,,,,
101,0.010644090827554464,,,,,
102,0.11023023227850597,,,,,
103,0.08317227164904277,,,,,
104,0.008113891041527191,,,,,
105,0.010561879569043716,,,,,
106,0.0022802792179087796,,,,,
107,0.002196027742077907,,,,,
108,0.0030380254611372948,,,,,
109,0.003557504698013266,,,,,
110,0.0032692508927236,,,,,
111,0.0020233433848867812,,,,,
112,0.003873719135299325,,,,,
113,0.004171753069385886,,,,,
114,0.0036384709334621825,,,,,
115,0.0022395397536456585,,,,,
116,0.0015205425055076678,,,,,
117,0.007825719813505808,,,,,
118,0.007825719813505808,,,,,
119,0.002429292071610689,,,,,
120,0.0027079610154032707,,,,,
121,0.001743209393074115,,,,,
122,0.0016631938439483445,,,,,
123,0.0017661001378049452,,,,,
124,0.002169986255466938,,,,,
125,0.0015205425055076678,,,,,
126,0.0016388078608239691,,,,,
127,0.0016052228941892583,,,,,
128,0.00160459044855088,,,,,
129,0.0013143553320939343,,,,,
130,0.0012618072408561905,,,,,
131,0.0012962495481284957,,,,,
132,0.0015947307304789622,,,,,
133,0.0018652849830687046,,,,,
134,0.0018187742680311203,,,,,
135,0.010321233732004961,,,,,
136,0.012074510256449381,,,,,
137,0.00942970005174478,,,,,
93,0.07920533046126366,,,,,
94,0.014167500659823418,,,,,
95,0.036573891062289476,,,,,
96,0.2598113939166069,,,,,
97,0.2298767864704132,,,,,
98,0.1468055322766304,,,,,
99,0.0009474810212850571,,,,,
100,0.001575453148689121,,,,,
101,0.0020660642767325044,,,,,
102,0.005167327472008765,,,,,
103,0.002096023876219988,,,,,
104,0.0017535696970298886,,,,,
105,0.0012859563867095858,,,,,
106,0.006922651082277298,,,,,
107,0.0008395780314458534,,,,,
108,0.0012812649947591126,,,,,
109,0.00106237328145653,,,,,
110,0.007106660399585962,,,,,
111,0.001305666344705969,,,,,
112,0.0051120666321367025,,,,,
113,0.017925377935171127,,,,,
114,0.0017739329487085342,,,,,
115,0.0009059647272806615,,,,,
116,0.006997666554525495,,,,,
117,0.006906755967065692,,,,,
118,0.0071053653955459595,,,,,
119,0.006828939775004983,,,,,
120,0.006828939775004983,,,,,
121,0.0011116244713775814,,,,,
122,0.0003807263565249741,,,,,
123,0.00033475703094154596,,,,,
124,0.0003288990483270027,,,,,
125,0.0006047854258213192,,,,,
126,0.0013070889399386942,,,,,
127,0.0012915478146169335,,,,,
128,0.0014145266613923013,,,,,
71,0.0632553460697333,,,,,
72,0.0324831698089838,,,,,
73,0.03221738586823145,,,,,
74,0.07216664776206017,,,,,
75,0.0722979207833608,,,,,
76,0.01998041259745757,,,,,
77,0.02670960935453574,,,,,
78,0.028955187648534775,,,,,
79,0.04595256348450979,,,,,
80,0.035285795107483864,,,,,
81,0.027987960105141003,,,,,
82,0.029440647612015407,,,,,
83,0.041425379614035286,,,,,
84,0.0577262577911218,,,,,
85,0.022552451739708584,,,,,
86,0.12389567742745082,,,,,
87,0.022764620060722034,,,,,
88,0.03973358248670896,,,,,
89,0.04126256455977758,,,,,
90,0.02960437225798766,,,,,
91,0.03943674856175979,,,,,
92,0.044850232700506844,,,,,
93,0.03347968403249979,,,,,
94,0.05251806229352951,,,,,
95,0.05458397107819716,,,,,
96,0.03563276119530201,,,,,
97,0.0350620299577713,,,,,
98,0.1418562556306521,,,,,
99,0.03926323354244232,,,,,
100,0.1424717754125595,,,,,
101,0.1163749061524868,,,,,
102,0.06053167457381884,,,,,
103,0.08095997323592503,,,,,
104,0.13769934326410294,,,,,
105,0.15998431046803793,,,,,
106,0.22304098308086395,,,,,
107,0.1064370224873225,,,,,
108,0.08868290483951569,,,,,
109,0.26201824347178143,,,,,
110,0.1565099135041237,,,,,
98,0.01373268268071115,,,,,
99,0.018689712768213615,,,,,
100,0.060933662578463554,,,,,
101,0.05690154102113512,,,,,
102,0.0452276063669059,,,,,
103,0.0558350028263198,,,,,
104,0.025019449906216726,,,,,
105,0.015587172781427702,,,,,
106,0.18610017581118476,,,,,
107,0.9109780457284715,,,,,
108,0.8594589564535353,,,,,
109,0.9385504590140449,,,,,
110,0.9605960647265116,,,,,
111,0.3040970464547475,,,,,
112,0.02046655144335495,,,,,
113,0.00042779458777254657,,,,,
114,0.0004135503582397683,,,,,
115,0.0015047608046895927,,,,,
116,0.004705193426666988,,,,,
117,0.01477199885994196,,,,,
118,0.5941913889514076,,,,,
119,0.5514397952291701,,,,,
120,0.13857538998126984,,,,,
121,0.0005158447990349183,,,,,
122,0.0007174749237795671,,,,,
123,0.0008958031669155591,,,,,
124,0.0012953723716135654,,,,,
125,0.007967032233460082,,,,,
126,0.00790492719453242,,,,,
127,0.0084914347777764,,,,,
128,0.011800686000949807,,,,,
129,0.006691575619495577,,,,,
130,0.004231393867586222,,,,,
131,0.00440459861420095,,,,,
132,0.004071900310615699,,,,,
133,0.006619936683111721,,,,,
134,0.0038392478858845103,,,,,
91,0.023149018362164497,,,,,
92,0.025522013753652574,,,,,
93,0.016415428929030897,,,,,
94,0.020013786479830743,,,,,
95,0.07942983470857143,,,,,
96,0.009021825436502696,,,,,
97,0.0005235816846834495,,,,,
98,0.00038390010013245046,,,,,
99,0.0019576024962589143,,,,,
100,0.002146069286391139,,,,,
101,0.0019663076614961027,,,,,
102,0.0015662646386772395,,,,,
103,0.0625886969268322,,,,,
104,0.011463498882949352,,,,,
105,0.002062009088695049,,,,,
106,0.00023400095669785516,,,,,
107,0.0008253586827777326,,,,,
108,0.0013446040800772607,,,,,
109,0.0006301002460531891,,,,,
110,0.0005196647864067927,,,,,
111,0.0011944753350690007,,,,,
112,0.002490637334994972,,,,,
113,0.0010512504144571722,,,,,
114,0.000698066974291578,,,,,
115,0.0001780985781806521,,,,,
116,0.00022708551696268842,,,,,
117,0.0006850599718745797,,,,,
118,0.0008920265594497323,,,,,
119,0.0005551707814447582,,,,,
120,0.0009430776699446142,,,,,
121,0.0013245462905615568,,,,,
122,0.0020905981538817285,,,,,
123,0.0012826065300032496,,,,,
124,0.0016095761908218264,,,,,
125,0.002623402653262019,,,,,
126,0.009641391411423682,,,,,
97,0.3324999594026142,,,,,
98,0.29010607302188873,,,,,
99,0.33977726433012223,,,,,
100,0.3882804728216595,,,,,
101,0.5301497479279836,,,,,
102,0.026564238489502005,,,,,
103,0.040028832024998136,,,,,
104,0.005642631349878179,,,,,
105,0.006471568666812446,,,,,
106,0.0030233276257705358,,,,,
107,0.003439705198009809,,,,,
108,0.006061556567955349,,,,,
109,0.00434835168481287,,,,,
110,0.004494746513147321,,,,,
111,0.003403756069019437,,,,,
112,0.00952576742404037,,,,,
113,0.008784264584796296,,,,,
114,0.004055062658153474,,,,,
115,0.0021436903884427417,,,,,
116,0.0009514609701000154,,,,,
117,0.0013988595455884933,,,,,
118,0.0022743467771862117,,,,,
119,0.0036813460885443622,,,,,
120,0.003971803338370389,,,,,
121,0.0049710724916723036,,,,,
122,0.007593944979210694,,,,,
123,0.018310719687077735,,,,,
79,0.006396114515761535,,,,,
80,0.26209363838036853,,,,,
81,0.28527117768923443,,,,,
82,0.3236619234085083,,,,,
83,0.4120491047700246,,,,,
84,0.470162034034729,,,,,
85,0.15548829485972723,,,,,
86,0.16968637456496558,,,,,
87,0.18854593733946481,,,,,
88,0.24143511056900024,,,,,
89,0.12457385162512462,,,,,
90,0.10317397862672806,,,,,
91,0.025641314685344696,,,,,
92,0.023420897002021473,,,,,
93,0.023720603436231613,,,,,
94,0.043702917794386544,,,,,
95,0.04464375227689743,,,,,
96,0.022889921441674232,,,,,
97,0.03775221792360147,,,,,
98,0.017891015547017258,,,,,
99,0.046805725122491516,,,,,
100,0.07744056110580762,,,,,
101,0.054433866093556084,,,,,
102,0.008955913906296095,,,,,
103,0.018836325655380886,,,,,
104,0.0026090502894173064,,,,,
105,0.005003388660649459,,,,,
106,0.009236616237709919,,,,,
107,0.008702621950457493,,,,,
108,0.0061364212694267435,,,,,
109,0.009141782919565836,,,,,
110,0.16954596589008966,,,,,
111,0.2349898268779119,,,,,
112,0.0067207863709578914,,,,,
113,0.002029740426223725,,,,,
114,0.0029064317932352424,,,,,
115,0.006570816195259492,,,,,
116,0.0058613126166164875,,,,,
117,0.007115458293507497,,,,,
91,0.01689137741923332,,,,,
92,0.024200645089149476,,,,,
93,0.005115779954940081,,,,,
94,0.009452014975249768,,,,,
95,0.023326815478503703,,,,,
96,0.037311635166406634,,,,,
97,0.03661154769361019,,,,,
98,0.005874244030565023,,,,,
99,0.004744853312149644,,,,,
100,0.00846198326908052,,,,,
101,0.010621070582419633,,,,,
102,0.0077226533554494384,,,,,
103,0.013586507458239794,,,,,
104,0.011918320693075657,,,,,
105,0.007879825960844754,,,,,
106,0.006758470926433802,,,,,
107,0.006002596532925964,,,,,
108,0.008060507429763674,,,,,
109,0.00945316138677299,,,,,
110,0.14088099524378778,,,,,
111,0.5768263280391693,,,,,
112,0.04975021667778492,,,,,
113,0.09313106164336205,,,,,
114,0.08695761561393738,,,,,
115,0.08448245897889137,,,,,
116,0.07890715450048447,,,,,
117,0.0021818570094183087,,,,,
118,0.0008688365400303155,,,,,
119,0.005780702456831932,,,,,
120,0.0007945033954456449,,,,,
121,0.001366872899234295,,,,,
122,0.0017526261042803525,,,,,
123,0.001537791104055941,,,,,
124,0.001948291389271617,,,,,
125,0.0019456850364804267,,,,,
126,0.0017533902544528245,,,,,
127,0.0017468868521973492,,,,,
128,0.0023445212747901676,,,,,
91,0.04935996681451797,,,,,
92,0.02733091711997986,,,,,
93,0.005216025048866868,,,,,
94,0.013942927680909633,,,,,
95,0.026861870661377907,,,,,
96,0.03800337351858616,,,,,
97,0.02329505104571581,,,,,
98,0.004253541398793459,,,,,
99,0.02741568237543106,,,,,
100,0.02763909474015236,,,,,
101,0.025459594279527663,,,,,
102,0.011320694722235203,,,,,
103,0.02639295719563961,,,,,
104,0.004870593827217817,,,,,
105,0.044774838536977765,,,,,
106,0.0025464222533628346,,,,,
107,0.0029559743124991655,,,,,
108,0.0033401389606297015,,,,,
109,0.06990599930286408,,,,,
110,0.02499493397772312,,,,,
111,0.024313176423311232,,,,,
112,0.02668216247111559,,,,,
113,0.04606189876794815,,,,,
114,0.004306448064744473,,,,,
115,0.0022734190104529263,,,,,
116,0.002001952915452421,,,,,
117,0.002710594888776541,,,,,
118,0.002151841949671507,,,,,
119,0.002977109141647816,,,,,
120,0.003606243385002017,,,,,
121,0.004320896742865443,,,,,
122,0.005166541691869498,,,,,
123,0.006060268823057413,,,,,
124,0.005777353979647159,,,,,
125,0.0055275219958275555,,,,,
126,0.005115978140383959,,,,,
127,0.003201506147161126,,,,,
98,0.023742117919027805,,,,,
99,0.016566182021051645,,,,,
100,0.02019317075610161,,,,,
101,0.017243273556232452,,,,,
102,0.0317668654024601,,,,,
103,0.03252401389181614,,,,,
104,0.01877909805625677,,,,,
105,0.03309307247400284,,,,,
106,0.027183694764971733,,,,,
107,0.0368953812867403,,,,,
108,0.034892753697931767,,,,,
109,0.026925266720354557,,,,,
110,0.005942809046246111,,,,,
111,0.010477199219167233,,,,,
112,0.004570449120365083,,,,,
113,0.00661429762840271,,,,,
114,0.053516313433647156,,,,,
115,0.21493882685899734,,,,,
116,0.011451240163296461,,,,,
117,0.009502082131803036,,,,,
118,0.0376784335821867,,,,,
119,0.724286288022995,,,,,
120,0.007900658063590527,,,,,
121,0.008069538744166493,,,,,
122,0.0157148246653378,,,,,
123,0.5600330233573914,,,,,
124,0.5967331230640411,,,,,
125,0.7132811844348907,,,,,
126,0.30734993517398834,,,,,
127,0.006043130997568369,,,,,
128,0.22444552183151245,,,,,
129,0.3009406328201294,,,,,
130,0.018047461286187172,,,,,
131,0.005575437564402819,,,,,
132,0.005476763471961021,,,,,
133,0.07079007476568222,,,,,
134,0.016203972045332193,,,,,
27,0.1380168820420901,,,,,
28,0.7497021953264872,,,,,
29,0.7171845634778341,,,,,
30,0.8483378489812216,,,,,
31,0.6655944287776947,,,,,
32,0.0005188968304234246,,,,,
33,0.002760234366481503,,,,,
34,0.0029787770472466946,,,,,
35,0.005455982095251481,,,,,
36,0.0570068396627903,,,,,
37,0.00602126137043039,,,,,
38,0.0037080435237536826,,,,,
39,0.006149248064806064,,,,,
40,0.028596606726447742,,,,,
41,0.006021683259556691,,,,,
42,0.005629537316660087,,,,,
43,0.00037282325016955536,,,,,
44,0.003992953648169835,,,,,
45,0.0004476602965344985,,,,,
46,0.0004033678851556033,,,,,
47,0.00042912007969183225,,,,,
48,0.003992953648169835,,,,,
49,0.0036942951070765653,,,,,
50,0.003198970419665178,,,,,
51,0.0004337765567470342,,,,,
52,0.0003017107422541206,,,,,
53,0.0003662852492804329,,,,,
54,0.0005217677389737219,,,,,
55,0.0008943223510868847,,,,,
56,0.0009689169625441233,,,,,
57,0.0008288148480157057,,,,,
58,0.0005413042575431367,,,,,
59,0.003992953648169835,,,,,
60,0.003308451035991311,,,,,
61,0.003198970419665178,,,,,
62,0.0009999241253050666,,,,,
63,0.0011256902944296598,,,,,
64,0.0005477223894558847,,,,,
30,0.007112690480425954,,,,,
31,0.017396729672327638,,,,,
32,0.01041909377090633,,,,,
33,0.010008339886553586,,,,,
34,0.0006917226201039739,,,,,
35,0.001054045045748353,,,,,
36,0.003949038335122168,,,,,
37,0.0033163370680995286,,,,,
38,0.005615323956590146,,,,,
39,0.011859933700179681,,,,,
40,0.02527364291017875,,,,,
41,0.003834070230368525,,,,,
42,0.0018938133434858173,,,,,
43,0.006356151134241372,,,,,
44,0.0030550298106390983,,,,,
45,0.0024118266301229596,,,,,
46,0.004539920657407492,,,,,
47,0.0038452756125479937,,,,,
48,0.0035553884808905423,,,,,
49,0.011110604158602655,,,,,
50,0.02228237595409155,,,,,
51,0.023121149628423154,,,,,
52,0.6113769263029099,,,,,
53,0.6911539286375046,,,,,
54,0.001445250105462037,,,,,
55,0.014735520351678133,,,,,
56,0.09827970154583454,,,,,
57,0.0021477877453435212,,,,,
58,0.007421804475598037,,,,,
59,0.007170073920860887,,,,,
60,0.010223435587249696,,,,,
61,0.0231975216884166,,,,,
62,0.010266951168887317,,,,,
63,0.012547396123409271,,,,,
64,0.07767474092543125,,,,,
65,0.10603177733719349,,,,,
97,0.0230543774086982,,,,,
98,0.0524958367459476,,,,,
99,0.05111307883635163,,,,,
100,0.03537004208192229,,,,,
101,0.013919756514951587,,,,,
102,0.02659245766699314,,,,,
103,0.04479961981996894,,,,,
104,0.00594474608078599,,,,,
105,0.006859118002466857,,,,,
106,0.006005140952765942,,,,,
107,0.01625773007981479,,,,,
108,0.04821469075977802,,,,,
109,0.023506865836679935,,,,,
110,0.011709240265190601,,,,,
111,0.0100393439643085,,,,,
112,0.021144980797544122,,,,,
113,0.023568306351080537,,,,,
114,0.038432642351835966,,,,,
115,0.04776165168732405,,,,,
116,0.0823950283229351,,,,,
117,0.1261658687144518,,,,,
118,0.009246089815860614,,,,,
119,0.002327935231733136,,,,,
120,0.008349561656359583,,,,,
121,0.0384601098485291,,,,,
122,0.7874494642019272,,,,,
123,0.8259872943162918,,,,,
124,0.7409453094005585,,,,,
125,0.8101466596126556,,,,,
126,0.6504580080509186,,,,,
127,0.4243498891592026,,,,,
128,0.5309120267629623,,,,,
129,0.6493592709302902,,,,,
130,0.9402890354394913,,,,,
131,0.940127357840538,,,,,
132,0.9620740860700607,,,,,
133,0.9644283056259155,,,,,
102,0.007079632021486759,,,,,
103,0.08291779458522797,,,,,
104,0.17831699550151825,,,,,
105,0.03190292790532112,,,,,
106,0.07030359655618668,,,,,
107,0.05041908100247383,,,,,
108,0.04423205927014351,,,,,
109,0.09481482952833176,,,,,
110,0.08375390619039536,,,,,
111,0.05524713918566704,,,,,
112,0.04000188782811165,,,,,
113,0.024604395031929016,,,,,
114,0.0007590551394969225,,,,,
115,0.0018250984139740467,,,,,
116,0.0007318014395423234,,,,,
117,0.000357238546712324,,,,,
118,0.0003519220626913011,,,,,
119,0.001078651286661625,,,,,
120,0.0009042287711054087,,,,,
121,0.001478286343626678,,,,,
122,0.0028558482881635427,,,,,
123,0.004137953277677298,,,,,
124,0.0036542953457683325,,,,,
125,0.004776550456881523,,,,,
126,0.0006606384995393455,,,,,
127,0.0005424211849458516,,,,,
128,0.002348680980503559,,,,,
129,0.0011451084865257144,,,,,
130,0.0011974000371992588,,,,,
131,0.0011219216976314783,,,,,
132,0.002647124696522951,,,,,
133,0.004284786991775036,,,,,
134,0.005002519581466913,,,,,
135,0.006062993314117193,,,,,
136,0.016053006052970886,,,,,
137,0.062296994030475616,,,,,
96,0.2744855545461178,,,,,
97,0.2141261026263237,,,,,
98,0.15389741957187653,,,,,
99,0.09295113105326891,,,,,
100,0.08461244823411107,,,,,
101,0.011769601376727223,,,,,
102,0.0032163801370188594,,,,,
103,0.02470828575314954,,,,,
104,0.07594775268808007,,,,,
105,0.027386008761823177,,,,,
106,0.002649994334205985,,,,,
107,0.0016581052332185209,,,,,
108,0.0031656240462325513,,,,,
109,0.0029390162089839578,,,,,
110,0.0017104015278164297,,,,,
111,0.00045379094808595255,,,,,
112,0.0016725158639019355,,,,,
113,0.0046332644415088,,,,,
114,0.0016226539883064106,,,,,
115,0.00033204197825398296,,,,,
116,0.000323671025398653,,,,,
117,0.00027135507843922824,,,,,
118,0.0013476730964612216,,,,,
119,0.0016638767847325653,,,,,
120,0.000628367648459971,,,,,
121,0.00032330401154467836,,,,,
122,0.000629341921012383,,,,,
123,0.00036351114977151155,,,,,
124,0.0008829887810861692,,,,,
125,0.0007164211274357513,,,,,
126,0.002102064259815961,,,,,
127,0.0015014245000202209,,,,,
128,0.00077367018093355,,,,,
129,0.0010735688265413046,,,,,
130,0.000813044112874195,,,,,
131,0.0010621483233990148,,,,,
132,0.0013939125637989491,,,,,
0,0.03443105270465215,,,,,
1,0.14575870831807455,,,,,
2,0.2331516444683075,,,,,
3,0.2552381952603658,,,,,
4,0.16308806836605072,,,,,
5,0.031396494867901005,,,,,
6,0.000693464515885959,,,,,
7,0.0008895695209503174,,,,,
8,0.001050588907673955,,,,,
9,0.0010963214444927871,,,,,
10,0.002435788822670778,,,,,
11,0.010090571362525225,,,,,
12,0.003113333679114779,,,,,
13,0.004755035508424044,,,,,
14,0.00047250051284208894,,,,,
15,0.0004751163166171561,,,,,
16,0.0008414920109013716,,,,,
17,0.0008761898692076405,,,,,
0,0.0019021830521523952,,,,,
1,0.001640240428969264,,,,,
2,0.0005846971762366593,,,,,
3,0.0004733332510416706,,,,,
4,0.000465362206644689,,,,,
5,0.00038780357378224534,,,,,
6,0.0012204990877459447,,,,,
7,0.0013069047903021176,,,,,
8,0.0008878979327467581,,,,,
9,0.0009547262840593854,,,,,
10,0.000945897598285228,,,,,
11,0.005327032258113225,,,,,
12,0.001638428734925886,,,,,
13,0.0004636252803417544,,,,,
14,0.0006744526326656342,,,,,
15,0.0006824548375637581,,,,,
16,0.000735560014921551,,,,,
17,0.0009550657123327255,,,,,
18,0.0010316052357666194,,,,,
19,0.0010371356426427762,,,,,
20,0.0011390395229682326,,,,,
93,0.01993379811756313,,,,,
94,0.027032187674194574,,,,,
95,0.020147335017099977,,,,,
96,0.01158272143220529,,,,,
97,0.012951542856171727,,,,,
98,0.0060875199269503355,,,,,
99,0.002844042726792395,,,,,
100,0.0012012346560368314,,,,,
101,0.0013334998075151816,,,,,
102,0.009285157662816346,,,,,
103,0.006563267670571804,,,,,
104,0.0005478947641677223,,,,,
105,0.0016368287469958887,,,,,
106,0.0027598047454375774,,,,,
107,0.0068384777987375855,,,,,
108,0.00042709013359854,,,,,
109,0.00038866655086167157,,,,,
110,0.0018743695836747065,,,,,
111,0.0013730019563809037,,,,,
112,0.000981448931270279,,,,,
113,0.020332090789452195,,,,,
114,0.019211531151086092,,,,,
115,0.014510332373902202,,,,,
116,0.0012393200158840045,,,,,
117,0.0009679362847236916,,,,,
118,0.0006256664637476206,,,,,
119,0.0005450691278383601,,,,,
120,0.0003802099636232015,,,,,
121,0.0006611761054955423,,,,,
122,0.0011744643925339915,,,,,
123,0.0011895326315425336,,,,,
124,0.001119711363571696,,,,,
125,0.019263449124991894,,,,,
126,0.01915349275805056,,,,,
127,0.02346954122185707,,,,,
128,0.039428301621228456,,,,,
129,0.036137106362730265,,,,,
130,0.013202359434217215,,,,,
96,0.005174014018848538,,,,,
97,0.004909965908154845,,,,,
98,0.004624193097697571,,,,,
99,0.004270519886631519,,,,,
100,0.022102462826296687,,,,,
101,0.026191753335297108,,,,,
102,0.046133605763316154,,,,,
103,0.03974811965599656,,,,,
104,0.040758041664958,,,,,
105,0.01596040464937687,,,,,
106,0.01628966024145484,,,,,
107,0.07365368073806167,,,,,
108,0.17834890633821487,,,,,
109,0.714157909154892,,,,,
110,0.32529042288661003,,,,,
111,0.006717634561937302,,,,,
112,0.001500766520621255,,,,,
113,0.00041850606066873297,,,,,
114,0.00043221437954343855,,,,,
115,0.0005328538682078943,,,,,
116,0.0003965430296375416,,,,,
117,0.00023699412849964574,,,,,
118,0.005216609686613083,,,,,
119,0.0008896070357877761,,,,,
120,0.0005524439693544991,,,,,
121,0.0004892704055237118,,,,,
122,0.017157020280137658,,,,,
123,0.005775037221610546,,,,,
124,0.3981398344039917,,,,,
125,0.579166978597641,,,,,
126,0.5922020599246025,,,,,
127,0.6281777322292328,,,,,
128,0.8290510475635529,,,,,
129,0.0199702144600451,,,,,
130,0.5350978896021843,,,,,
131,0.19509175140410662,,,,,
132,0.0025509664264973253,,,,,
171,0.013224830385297537,,,,,
172,0.20874023934205374,,,,,
173,0.23097656667232513,,,,,
174,0.4585053622722626,,,,,
175,0.27472415566444397,,,,,
176,0.2691038151582082,,,,,
177,0.011214120003084341,,,,,
178,0.0009051504312083125,,,,,
179,0.0072057233192026615,,,,,
180,0.011389571862916151,,,,,
181,0.005281571997329593,,,,,
182,0.0014940834371373057,,,,,
183,0.0008833590157640477,,,,,
184,0.0006480413915899893,,,,,
185,0.0017815183382481337,,,,,
186,0.00243561586830765,,,,,
187,0.004052982743208607,,,,,
188,0.0032306009282668433,,,,,
189,0.0023647822672501206,,,,,
190,0.0015848454010362427,,,,,
191,0.0031607113778591156,,,,,
192,0.0009375009879780313,,,,,
193,0.0010577665719514091,,,,,
194,0.0005206784796124945,,,,,
195,0.0005003053423327705,,,,,
196,0.0023356173963596425,,,,,
197,0.01051125799616178,,,,,
198,0.0035653173302610717,,,,,
199,0.0016683024199058611,,,,,
200,0.0011202527675777674,,,,,
201,0.006109338137321174,,,,,
202,0.03777792428930601,,,,,
203,0.0480937734246254,,,,,
204,0.024826994786659878,,,,,
205,0.00832493013391892,,,,,
206,0.010937322862446308,,,,,
207,0.021191066751877468,,,,,
208,0.004541472454244892,,,,,
209,0.004621067860474189,,,,,
210,0.0022451536109050116,,,,,
211,0.0013476911311348279,,,,,
212,0.0015744422368394833,,,,,
213,0.0007728984928689897,,,,,
214,0.001492152960660557,,,,,
215,0.0017223031027242541,,,,,
216,0.0005833773563305537,,,,,
217,0.0009986575266035895,,,,,
218,0.0006928805572291216,,,,,
219,0.0017908165076126654,,,,,
220,0.0017203550475339096,,,,,
221,0.00041801043941328925,,,,,
222,0.0017609135247766972,,,,,
223,0.0006801336324618509,,,,,
224,0.0008235468218723933,,,,,
225,0.0012177020641199003,,,,,
226,0.0012956788220132391,,,,,
227,0.0012956788220132391,,,,,
228,0.0016483601260309417,,,,,
229,0.000943172131277,,,,,
230,0.0008905134745873511,,,,,
231,0.0003067286209746574,,,,,
232,0.0009056521812453866,,,,,
233,0.001341263356152922,,,,,
234,0.0015738563573298354,,,,,
235,0.001777653213745604,,,,,
236,0.0008191150651934246,,,,,
237,0.00038762244609339785,,,,,
238,0.0009468199956851701,,,,,
239,0.0006413431741142025,,,,,
240,0.0012527982471510768,,,,,
241,0.001187991777745386,,,,,
242,0.0009524347066568831,,,,,
243,0.0012150265586872895,,,,,
244,0.001345738807382683,,,,,
245,0.001768466046390434,,,,,
246,0.0016565307353933652,,,,,
247,0.0016006972291506827,,,,,
248,0.0018034686412041385,,,,,
249,0.002312201385696729,,,,,
250,0.0027736693931122622,,,,,
251,0.0028061378203953304,,,,,
252,0.00320377666503191,,,,,
253,0.0019974230866258345,,,,,
254,0.0026598440405602255,,,,,
255,0.004469170157487194,,,,,
256,0.0043465986382216215,,,,,
111,0.11255114525556564,,,,,
112,0.49915221333503723,,,,,
113,0.8587230145931244,,,,,
114,0.8083377480506897,,,,,
115,0.6853090226650238,,,,,
116,0.6848210990428925,,,,,
117,0.04832434840500355,,,,,
118,0.1534297838807106,,,,,
119,0.288191981613636,,,,,
120,0.6452209055423737,,,,,
121,0.5753301680088043,,,,,
122,0.4445894658565521,,,,,
123,0.4690067619085312,,,,,
124,0.8072127997875214,,,,,
125,0.6763630509376526,,,,,
126,0.6135730147361755,,,,,
127,0.6744979918003082,,,,,
128,0.6606800854206085,,,,,
129,0.7533699572086334,,,,,
130,0.7302401065826416,,,,,
131,0.6456473469734192,,,,,
132,0.6302387118339539,,,,,
133,0.4719841480255127,,,,,
134,0.46176499128341675,,,,,
135,0.08992959186434746,,,,,
136,0.062262069433927536,,,,,
137,0.13937772065401077,,,,,
138,0.1318298988044262,,,,,
139,0.054511742666363716,,,,,
140,0.04209979064762592,,,,,
141,0.46709538996219635,,,,,
142,0.8231267929077148,,,,,
143,0.8230979740619659,,,,,
144,0.9001572132110596,,,,,
145,0.6842948794364929,,,,,
146,0.6851378083229065,,,,,
147,0.650389164686203,,,,,
148,0.05298730358481407,,,,,
149,0.2576630637049675,,,,,
150,0.035950932651758194,,,,,
151,0.0114475340815261,,,,,
152,0.003510332084260881,,,,,
153,0.004225518321618438,,,,,
154,0.11500869691371918,,,,,
155,0.029335440136492252,,,,,
156,0.0020231858361512423,,,,,
157,0.0025430844398215413,,,,,
158,0.004283340647816658,,,,,
159,0.0020926176803186536,,,,,
160,0.006346318405121565,,,,,
161,0.005079515976831317,,,,,
162,0.002556318650022149,,,,,
163,0.0013560077059082687,,,,,
164,0.06858132686465979,,,,,
165,0.0015767592703923583,,,,,
166,0.0022677029483020306,,,,,
167,0.002012444892898202,,,,,
168,0.002320453873835504,,,,,
169,0.007112813415005803,,,,,
170,0.002291184267960489,,,,,
171,0.009472060948610306,,,,,
172,0.00999276852235198,,,,,
173,0.008706550113856792,,,,,
174,0.008616856299340725,,,,,
175,0.0019486304372549057,,,,,
176,0.0035271336091682315,,,,,
177,0.00668487953953445,,,,,
178,0.004867582349106669,,,,,
179,0.006445360602810979,,,,,
180,0.10743236914277077,,,,,
181,0.0024804609129205346,,,,,
182,0.01393624022603035,,,,,
183,0.06522667780518532,,,,,
184,0.17802222818136215,,,,,
185,0.30794980376958847,,,,,
186,0.3007626309990883,,,,,
187,0.13463141024112701,,,,,
188,0.19330359995365143,,,,,
164,0.029928404837846756,,,,,
165,0.006195593558784042,,,,,
166,0.02413073554635048,,,,,
167,0.022243536210485866,,,,,
168,0.023537584048296725,,,,,
169,0.020510223428053514,,,,,
170,0.008103823688413416,,,,,
171,0.008344228379428387,,,,,
172,0.014034440474850791,,,,,
173,0.016744087982390608,,,,,
174,0.0177524330626641,,,,,
175,0.017873427963682582,,,,,
176,0.017135346441396644,,,,,
177,0.018839496387434856,,,,,
178,0.01254270930907556,,,,,
179,0.016891521800841604,,,,,
180,0.017397749503808364,,,,,
181,0.016685183692191328,,,,,
182,0.01084388785862497,,,,,
183,0.017020577830927714,,,,,
184,0.01697281255785908,,,,,
185,0.011831554783774274,,,,,
186,0.01658634389085429,,,,,
187,0.00832518216754709,,,,,
188,0.021690650044807365,,,,,
189,0.021773480278040682,,,,,
190,0.022978347593120167,,,,,
191,0.016547213441559246,,,,,
192,0.016061156455959593,,,,,
193,0.01027194018076573,,,,,
194,0.009119806312290686,,,,,
195,0.015616189754967178,,,,,
196,0.019504750546600138,,,,,
197,0.02058161422610283,,,,,
198,0.024905251072985784,,,,,
199,0.020380484738520215,,,,,
200,0.018370645253786018,,,,,
201,0.02324151367481266,,,,,
202,0.011074644513428211,,,,,
203,0.02413101920059749,,,,,
204,0.022763230305697237,,,,,
205,0.015042065709297146,,,,,
206,0.01638885314709374,,,,,
207,0.019232174115521566,,,,,
208,0.019990574036325728,,,,,
209,0.016636479645967484,,,,,
210,0.012811446296317237,,,,,
211,0.0121496549940535,,,,,
212,0.007594803747321878,,,,,
213,0.01742339280566999,,,,,
214,0.01742339280566999,,,,,
215,0.01897827156686357,,,,,
216,0.021948510448315313,,,,,
217,0.008983281174940723,,,,,
218,0.006324965407007507,,,,,
219,0.0031630619196221232,,,,,
220,0.009283007721283607,,,,,
221,0.021740323464785303,,,,,
222,0.11875604199511665,,,,,
223,0.7037048254694257,,,,,
224,0.8499758584158761,,,,,
225,0.7713416389056614,,,,,
226,0.02420382121843951,,,,,
227,0.0849793047777244,,,,,
228,0.6347568035125732,,,,,
229,0.6153030821255275,,,,,
230,0.8089331388473511,,,,,
231,0.898486043725695,,,,,
232,0.6210832255227225,,,,,
233,0.2888752200773784,,,,,
234,0.00834587450870978,,,,,
235,0.001364332698618195,,,,,
236,0.0045918176349784645,,,,,
237,0.005276356158511979,,,,,
238,0.047071375751069615,,,,,
239,0.03526175368045058,,,,,
240,0.0013053405564278364,,,,,
241,0.0006387955280453232,,,,,
242,0.001394518293506865,,,,,
243,0.057102647476962635,,,,,
244,0.0015039164656107979,,,,,
245,0.0004895384544007746,,,,,
246,0.0006351149973592588,,,,,
247,0.000559401191172323,,,,,
248,0.0007321999042427965,,,,,
249,0.001973438891582191,,,,,
250,0.0007669638850659664,,,,,
251,0.0050981731287070686,,,,,
252,0.005046882516970592,,,,,
253,0.0027690085782004254,,,,,
254,0.01558567926154605,,,,,
255,0.5686053463390895,,,,,
256,0.7514833041599819,,,,,
257,0.8949939012527466,,,,,
258,0.7164360710552761,,,,,
259,0.5787365010806492,,,,,
260,0.03847846761345863,,,,,
147,0.008134005591273308,,,,,
148,0.15966540575027466,,,,,
149,0.11673607677221298,,,,,
150,0.09592489153146744,,,,,
151,0.15966540575027466,,,,,
152,0.15966540575027466,,,,,
153,0.11061042547225952,,,,,
154,0.10456250607967377,,,,,
155,0.13010123372077942,,,,,
156,0.04124784097075462,,,,,
157,0.03766261413693428,,,,,
158,0.0034545704256743193,,,,,
159,0.005778350401669741,,,,,
160,0.005778350401669741,,,,,
161,0.004435436800122261,,,,,
162,0.0037332132924348116,,,,,
163,0.0011696841102093458,,,,,
164,0.0015747899888083339,,,,,
165,0.001197183271870017,,,,,
166,0.002908013528212905,,,,,
167,0.0034024508204311132,,,,,
168,0.0034024508204311132,,,,,
169,0.0034024508204311132,,,,,
170,0.0034024508204311132,,,,,
171,0.0033247671090066433,,,,,
172,0.0008739216718822718,,,,,
173,0.0003179183113388717,,,,,
174,0.0024453552905470133,,,,,
175,0.003390529192984104,,,,,
176,0.0033247671090066433,,,,,
177,0.003754726843908429,,,,,
178,0.0034697442315518856,,,,,
179,0.00027868940378539264,,,,,
180,0.0009609043481759727,,,,,
181,0.0009728575823828578,,,,,
182,0.0007457777392119169,,,,,
183,0.0004156827344559133,,,,,
184,0.00046416479744948447,,,,,
185,0.0004628768365364522,,,,,
186,0.00037874115514568985,,,,,
187,0.0003718876396305859,,,,,
188,0.0005390265723690391,,,,,
189,0.00046901628957130015,,,,,
190,0.00040610539144836366,,,,,
191,0.0007426677620969713,,,,,
192,0.0011920217657461762,,,,,
193,0.0008777889888733625,,,,,
166,0.18125350959599018,,,,,
167,0.09069629479199648,,,,,
168,0.1325693791732192,,,,,
169,0.21269692294299603,,,,,
170,0.13444788148626685,,,,,
171,0.14832024928182364,,,,,
172,0.14541486138477921,,,,,
173,0.17111725639551878,,,,,
174,0.21402591187506914,,,,,
175,0.1764298458583653,,,,,
176,0.14541486138477921,,,,,
177,0.17803934402763844,,,,,
178,0.14934153575450182,,,,,
179,0.14113840833306313,,,,,
180,0.1459937021136284,,,,,
181,0.14869658323004842,,,,,
182,0.17406288953498006,,,,,
183,0.14596523949876428,,,,,
184,0.1104010296985507,,,,,
185,0.13224621396511793,,,,,
186,0.1209867182187736,,,,,
187,0.13085534004494548,,,,,
188,0.11602472607046366,,,,,
189,0.028767719864845276,,,,,
190,0.02008290635421872,,,,,
191,0.04634107369929552,,,,,
192,0.054011713713407516,,,,,
193,0.05618300009518862,,,,,
194,0.06030801380984485,,,,,
195,0.174378989264369,,,,,
196,0.12332719005644321,,,,,
197,0.17372976802289486,,,,,
198,0.16315665654838085,,,,,
199,0.2834124378859997,,,,,
200,0.16855211928486824,,,,,
201,0.115261010825634,,,,,
202,0.29004906117916107,,,,,
203,0.7241451144218445,,,,,
204,0.7647295147180557,,,,,
205,0.4709600508213043,,,,,
206,0.38202260807156563,,,,,
207,0.4055594755336642,,,,,
208,0.4121171087026596,,,,,
209,0.3073177672922611,,,,,
210,0.24155764281749725,,,,,
211,0.3272095285356045,,,,,
212,0.5513592511415482,,,,,
213,0.5671550706028938,,,,,
214,0.11240203212946653,,,,,
215,0.8883462995290756,,,,,
216,0.9345193654298782,,,,,
217,0.8274014741182327,,,,,
218,0.5016390159726143,,,,,
219,0.16164787113666534,,,,,
220,0.1863263100385666,,,,,
221,0.0935963112860918,,,,,
222,0.07250571553595364,,,,,
223,0.017532181460410357,,,,,
224,0.010399715509265661,,,,,
225,0.009929405292496085,,,,,
226,0.09359622467309237,,,,,
227,0.6260946840047836,,,,,
228,0.03317312500439584,,,,,
229,0.007388884434476495,,,,,
230,0.01929385750554502,,,,,
231,0.017740695038810372,,,,,
232,0.019672300899401307,,,,,
233,0.04822656139731407,,,,,
234,0.03564359527081251,,,,,
235,0.061269828118383884,,,,,
236,0.06288428418338299,,,,,
237,0.18235758878290653,,,,,
238,0.6718073189258575,,,,,
239,0.577886775135994,,,,,
240,0.7817859798669815,,,,,
241,0.8791560977697372,,,,,
242,0.9096328020095825,,,,,
156,0.00591706414707005,,,,,
157,0.00479272089432925,,,,,
158,0.004933974356390536,,,,,
159,0.01406693970784545,,,,,
160,0.006439532386139035,,,,,
161,0.005393198225647211,,,,,
162,0.005120360874570906,,,,,
163,0.0012717382633127272,,,,,
164,0.0008531710191164166,,,,,
165,0.005046681268140674,,,,,
166,0.005194049095734954,,,,,
167,0.004927782341837883,,,,,
168,0.004927782341837883,,,,,
169,0.00550030916929245,,,,,
170,0.0008569640631321818,,,,,
171,0.006292509147897363,,,,,
172,0.006292509147897363,,,,,
173,0.00029941523098386824,,,,,
174,0.0018381464178673923,,,,,
175,0.0014355254243128002,,,,,
176,0.00465406768489629,,,,,
177,0.005194049095734954,,,,,
178,0.005338751012459397,,,,,
179,0.0002958609547931701,,,,,
180,0.0003478335711406544,,,,,
181,0.0013690961059182882,,,,,
182,0.004827066324651241,,,,,
183,0.002572983969002962,,,,,
184,0.00479272089432925,,,,,
185,0.004927782341837883,,,,,
186,0.005046681268140674,,,,,
187,0.0002979235869133845,,,,,
188,0.00029421946965157986,,,,,
189,0.0007770055381115526,,,,,
190,0.0010985643311869353,,,,,
191,0.0002759613562375307,,,,,
192,0.00027768604923039675,,,,,
193,0.00031070547993294895,,,,,
194,0.00027768604923039675,,,,,
195,0.006177348783239722,,,,,
196,0.00718684121966362,,,,,
197,0.011200971901416779,,,,,
198,0.006177348783239722,,,,,
199,0.00047446638927794993,,,,,
200,0.007985308766365051,,,,,
201,0.006296263774856925,,,,,
202,0.0003942398470826447,,,,,
203,0.0003658808855107054,,,,,
204,0.009465885814279318,,,,,
205,0.006710834335535765,,,,,
206,0.0003766066947719082,,,,,
207,0.0005029983294662088,,,,,
208,0.00479272089432925,,,,,
209,0.00479272089432925,,,,,
210,0.004927782341837883,,,,,
211,0.00479272089432925,,,,,
212,0.00479272089432925,,,,,
213,0.00027037080872105435,,,,,
143,0.0035958997905254364,,,,,
144,0.008501695779462656,,,,,
145,0.006912751588970423,,,,,
146,0.00715296808630228,,,,,
147,0.006757086298118035,,,,,
148,0.007506637834012508,,,,,
149,0.01273088405529658,,,,,
150,0.028058698400855064,,,,,
151,0.008867522546400627,,,,,
152,0.05392118667562803,,,,,
153,0.049521291007598243,,,,,
154,0.05849311500787735,,,,,
155,0.03460372860232989,,,,,
156,0.046836367497841515,,,,,
157,0.07934209704399109,,,,,
158,0.08721832434336345,,,,,
159,0.01115762193997701,,,,,
160,0.010901491468151411,,,,,
161,0.010199441574513912,,,,,
162,0.0063395509496331215,,,,,
163,0.006566911470144987,,,,,
164,0.09610265245040257,,,,,
165,0.12034723659356435,,,,,
166,0.046302073945601784,,,,,
167,0.013222557492554188,,,,,
168,0.014869418926537037,,,,,
169,0.0075073873934646445,,,,,
170,0.008329377664873997,,,,,
171,0.008824136884262165,,,,,
172,0.03044909859697024,,,,,
173,0.07259838220973809,,,,,
174,0.007742098222176234,,,,,
175,0.0062186809567113715,,,,,
176,0.005184274942924579,,,,,
177,0.009963225573301315,,,,,
178,0.008150769708057245,,,,,
179,0.06667765726645787,,,,,
180,0.044630187253157295,,,,,
181,0.027869091058770817,,,,,
182,0.008347525106122097,,,,,
183,0.006412365163366,,,,,
184,0.0035958997905254364,,,,,
185,0.0035958997905254364,,,,,
186,0.008582851073394219,,,,,
187,0.0061845178715884686,,,,,
188,0.0063395509496331215,,,,,
189,0.006765247167398532,,,,,
190,0.00782401937370499,,,,,
191,0.0072548592773576575,,,,,
192,0.007205313226828973,,,,,
193,0.006576907355338335,,,,,
194,0.007205313226828973,,,,,
195,0.00715296808630228,,,,,
196,0.007580790668725967,,,,,
197,0.006576907355338335,,,,,
198,0.005826511265089114,,,,,
199,0.005826511265089114,,,,,
200,0.006412365163366,,,,,
201,0.006144501113643249,,,,,
202,0.006338158932824929,,,,,
203,0.006144501113643249,,,,,
204,0.006412365163366,,,,,
205,0.006338158932824929,,,,,
206,0.0074135066630939645,,,,,
207,0.007384001122166713,,,,,
208,0.006412365163366,,,,,
209,0.0072548592773576575,,,,,
210,0.005348619073629379,,,,,
211,0.006743895510832469,,,,,
212,0.006144501113643249,,,,,
213,0.006144501113643249,,,,,
214,0.007847498636692762,,,,,
215,0.006144501113643249,,,,,
216,0.006144501113643249,,,,,
217,0.05112144351005554,,,,,
218,0.04245102281371752,,,,,
219,0.050824438532193504,,,,,
220,0.035372054825226464,,,,,
140,0.3711276004711787,,,,,
141,0.4256049121419589,,,,,
142,0.4348660707473755,,,,,
143,0.9091067910194397,,,,,
144,0.9458741048971812,,,,,
145,0.8676727712154388,,,,,
146,0.8991625010967255,,,,,
147,0.766363650560379,,,,,
148,0.0776532565553983,,,,,
149,0.06122359943886598,,,,,
150,0.011664094713826975,,,,,
151,0.21783569206794104,,,,,
152,0.014364887106542787,,,,,
153,0.009435361173624793,,,,,
154,0.007515750903015335,,,,,
155,0.0022159177460707724,,,,,
156,0.0012311670579947531,,,,,
157,0.007598766203348835,,,,,
158,0.00627856096252799,,,,,
159,0.11485699936747551,,,,,
160,0.19036645938952765,,,,,
161,0.1654889757434527,,,,,
162,0.22257869939009348,,,,,
163,0.0028650747456898293,,,,,
164,0.003426623724711438,,,,,
165,0.0033879754676794014,,,,,
166,0.004901340852181117,,,,,
167,0.0012137176624188821,,,,,
168,0.0010748623365846772,,,,,
169,0.02258949525033434,,,,,
170,0.07936577561000983,,,,,
171,0.040619256906211376,,,,,
172,0.17668347557385763,,,,,
173,0.14305700610081354,,,,,
174,0.07653544719020526,,,,,
175,0.6497175246477127,,,,,
176,0.006182861824830373,,,,,
177,0.0003675144519850922,,,,,
178,0.04345378838479519,,,,,
179,0.03209947980940342,,,,,
180,0.08113918763895829,,,,,
181,0.18511798729499182,,,,,
182,0.08787842094898224,,,,,
183,0.021005457422385614,,,,,
184,0.0013207751035224646,,,,,
185,0.0005434115446405485,,,,,
186,0.0003772072304855101,,,,,
187,0.0007821562224611019,,,,,
188,0.0017464461755783607,,,,,
189,0.0030883211099232235,,,,,
190,0.002518915959323446,,,,,
191,0.0012802750473686804,,,,,
192,0.0010793879094611232,,,,,
193,0.0008085201843641698,,,,,
194,0.0007294207025552168,,,,,
195,0.0010896272918519874,,,,,
196,0.001535363602063929,,,,,
197,0.0014562186746237178,,,,,
198,0.0010246224022315193,,,,,
199,0.0010441294192181279,,,,,
200,0.0010759862877118092,,,,,
201,0.0020275411079637706,,,,,
202,0.00043618799827527255,,,,,
203,0.0009169026840633402,,,,,
204,0.008267030507947007,,,,,
205,0.009926259207228819,,,,,
206,0.007506452035158873,,,,,
207,0.012946528848260641,,,,,
148,0.006346454688658317,,,,,
149,0.003456579831739267,,,,,
150,0.0014572389773093164,,,,,
151,0.0034612297701338926,,,,,
152,0.002694695877532164,,,,,
153,0.004087424681832393,,,,,
154,0.029652944455544155,,,,,
155,0.024753878824412823,,,,,
156,0.004410887757937114,,,,,
157,0.004410887757937114,,,,,
158,0.007049839633206527,,,,,
159,0.002785808794821302,,,,,
160,0.004936733283102512,,,,,
161,0.00724431072982649,,,,,
162,0.003543088755880793,,,,,
163,0.003849671183464428,,,,,
164,0.004895320783058803,,,,,
165,0.00461077472815911,,,,,
166,0.00461077472815911,,,,,
167,0.001451042170325915,,,,,
168,0.002530842941875259,,,,,
169,0.002010116664071878,,,,,
170,0.0038249777474751077,,,,,
171,0.008783368859440088,,,,,
172,0.003947954547281067,,,,,
173,0.00461077472815911,,,,,
174,0.004541960001612703,,,,,
175,0.004541960001612703,,,,,
176,0.0042413158031801386,,,,,
177,0.0005404851981438696,,,,,
178,0.0005882439727429301,,,,,
179,0.0011497215600684285,,,,,
180,0.004541960001612703,,,,,
181,0.004541960001612703,,,,,
182,0.004541960001612703,,,,,
183,0.0018954797803113859,,,,,
184,0.0016232286967958014,,,,,
185,0.004541960001612703,,,,,
186,0.004541960001612703,,,,,
187,0.004085493817304571,,,,,
188,0.0016483917133882642,,,,,
189,0.0039682146937896805,,,,,
190,0.004541960001612703,,,,,
191,0.004541960001612703,,,,,
192,0.004541960001612703,,,,,
193,0.004541960001612703,,,,,
194,0.0008755824334609011,,,,,
195,0.0004480383552921315,,,,,
196,0.0036328043788671494,,,,,
197,0.0010006624506786466,,,,,
198,0.0006263294393041482,,,,,
199,0.004300195801382263,,,,,
200,0.004798149845252435,,,,,
201,0.0005764874319235483,,,,,
202,0.0008690174436196685,,,,,
203,0.0005814825320461144,,,,,
204,0.0009805211060059567,,,,,
205,0.0011040927493013442,,,,,
149,0.09705657884478569,,,,,
150,0.15773340314626694,,,,,
151,0.5180895775556564,,,,,
152,0.12092135846614838,,,,,
153,0.05727395974099636,,,,,
154,0.0715923123061657,,,,,
155,0.00287917407695204,,,,,
156,0.0016286234022118151,,,,,
157,0.005936358822509646,,,,,
158,0.006007229909300804,,,,,
159,0.003920912742614746,,,,,
160,0.015172206796705723,,,,,
161,0.022859797812998295,,,,,
162,0.015119894873350859,,,,,
163,0.008149364031851292,,,,,
164,0.0022948107798583806,,,,,
165,0.032446933444589376,,,,,
166,0.0027586641954258084,,,,,
167,0.0029281220049597323,,,,,
168,0.004452409339137375,,,,,
169,0.004110102308914065,,,,,
170,0.005169933894649148,,,,,
171,0.0012565204524435103,,,,,
172,0.001136680948548019,,,,,
173,0.0010831918334588408,,,,,
174,0.0006661360093858093,,,,,
175,0.0007336554699577391,,,,,
176,0.0006164333608467132,,,,,
177,0.006687378045171499,,,,,
178,0.004183074692264199,,,,,
179,0.0033818150404840708,,,,,
180,0.002201076247729361,,,,,
181,0.0014292947598733008,,,,,
182,0.006687378045171499,,,,,
183,0.005654154811054468,,,,,
184,0.006007229909300804,,,,,
185,0.005641380092129111,,,,,
186,0.005165561567991972,,,,,
187,0.005620958749204874,,,,,
188,0.006007229909300804,,,,,
189,0.005217704456299543,,,,,
190,0.00075034104520455,,,,,
191,0.005391242681071162,,,,,
192,0.005727706011384726,,,,,
193,0.00042311650759074837,,,,,
194,0.002339731086976826,,,,,
126,0.08539495555063088,,,,,
127,0.03558748619010051,,,,,
128,0.021743883999685448,,,,,
129,0.016156497954701383,,,,,
130,0.17973865506549677,,,,,
131,0.15621735528111458,,,,,
132,0.013626649820556244,,,,,
133,0.01148528124516209,,,,,
134,0.14392917603254318,,,,,
135,0.09254685851434867,,,,,
136,0.04229054693132639,,,,,
137,0.04456428190072378,,,,,
138,0.011345599001894394,,,,,
139,0.01203433129315575,,,,,
140,0.023369309802850086,,,,,
141,0.036665583960711956,,,,,
142,0.03608610201627016,,,,,
143,0.027120959479361773,,,,,
144,0.01820031980363031,,,,,
145,0.09755980844298999,,,,,
146,0.23265020300944647,,,,,
147,0.06303089453528325,,,,,
148,0.0677047239926954,,,,,
149,0.10589097999036312,,,,,
150,0.05054475118716558,,,,,
151,0.03079908116099735,,,,,
152,0.03918698771546284,,,,,
153,0.04759490086386601,,,,,
154,0.035298860942324005,,,,,
155,0.025097723429401714,,,,,
156,0.0657402699192365,,,,,
157,0.06738905515521765,,,,,
158,0.038071594666689634,,,,,
159,0.03460088170443972,,,,,
160,0.039597559720277786,,,,,
161,0.015779729234054685,,,,,
162,0.003175624219390253,,,,,
163,0.24368979533513388,,,,,
164,0.1761931615571181,,,,,
165,0.034152794939776264,,,,,
166,0.023366706135372322,,,,,
167,0.060997189643482365,,,,,
168,0.018245766560236614,,,,,
169,0.003742457910751303,,,,,
170,0.0020257840127063296,,,,,
171,0.018884592534353335,,,,,
172,0.01572905605038007,,,,,
173,0.024677068771173555,,,,,
174,0.05911412990341584,,,,,
175,0.031985760355989136,,,,,
176,0.0012377249562026311,,,,,
177,0.0026686074949490526,,,,,
178,0.0020512142800725996,,,,,
179,0.0010586881059377145,,,,,
180,0.0027290673072760305,,,,,
181,0.029249385775377352,,,,,
182,0.09399949635068576,,,,,
183,0.06418430122236411,,,,,
184,0.0020123171464850507,,,,,
185,0.0008582016453146935,,,,,
186,0.0006339932103098059,,,,,
187,0.0016613042486521106,,,,,
188,0.003363528444121281,,,,,
189,0.007310580229386687,,,,,
190,0.022958594529579084,,,,,
191,0.10094777370492618,,,,,
192,0.713605523109436,,,,,
193,0.7079415222009023,,,,,
194,0.6749561528364817,,,,,
195,0.5636046677827835,,,,,
196,0.5156549016634623,,,,,
197,0.38683583587408066,,,,,
198,0.3830372194449107,,,,,
199,0.616868664820989,,,,,
200,0.620097796122233,,,,,
201,0.4905761281649272,,,,,
202,0.5035195549329122,,,,,
203,0.288908285399278,,,,,
204,0.1723714346686999,,,,,
205,0.21501095592975616,,,,,
206,0.31078992784023285,,,,,
207,0.30022593463460606,,,,,
208,0.1899163449803988,,,,,
209,0.06373675415913264,,,,,
210,0.14804710199435553,,,,,
211,0.28495417535305023,,,,,
212,0.2097309728463491,,,,,
213,0.0834411159157753,,,,,
214,0.1416604146361351,,,,,
215,0.040025997906923294,,,,,
137,0.002637710003182292,,,,,
138,0.005766593851149082,,,,,
139,0.00457479190081358,,,,,
140,0.00602294928394258,,,,,
141,0.0060449931770563126,,,,,
142,0.004495667619630694,,,,,
143,0.006149476114660502,,,,,
144,0.005557147925719619,,,,,
145,0.005471971444785595,,,,,
146,0.004495667619630694,,,,,
147,0.004495667619630694,,,,,
148,0.03503232412040234,,,,,
149,0.04604108668863773,,,,,
150,0.039057135209441186,,,,,
151,0.004544983711093664,,,,,
152,0.005557147925719619,,,,,
153,0.006181799108162522,,,,,
154,0.00457479190081358,,,,,
155,0.005008307285606861,,,,,
156,0.003483398351818323,,,,,
157,0.005342869623564184,,,,,
158,0.0038011024706065656,,,,,
159,0.003668543533422053,,,,,
160,0.0015977679984644055,,,,,
161,0.005992965493351221,,,,,
162,0.006855535740032792,,,,,
163,0.006975234393030405,,,,,
164,0.008185323141515256,,,,,
165,0.006308280956000089,,,,,
166,0.002376982429996133,,,,,
167,0.0010307070799171925,,,,,
168,0.0008447058964520693,,,,,
169,0.0021572777535766364,,,,,
170,0.003080866485834122,,,,,
171,0.0017848396673798561,,,,,
172,0.0017292949138209223,,,,,
173,0.0031672437908127904,,,,,
174,0.00166654740460217,,,,,
175,0.0017132259672507644,,,,,
176,0.005549454968422652,,,,,
177,0.005638811830431223,,,,,
178,0.0017174921580590309,,,,,
179,0.005805206811055541,,,,,
180,0.0009907379164360464,,,,,
181,0.0002688846812816337,,,,,
182,0.0002876285696402192,,,,,
183,0.0022812629351392387,,,,,
184,0.0004819291702006012,,,,,
185,0.0010481941513717174,,,,,
186,0.000963915407191962,,,,,
187,0.0012323406874202192,,,,,
188,0.002764322073198855,,,,,
189,0.00029471737798303366,,,,,
190,0.0006248983845580369,,,,,
191,0.0005333456501830369,,,,,
192,0.0006656420475337655,,,,,
193,0.005538787692785263,,,,,
194,0.0006878208194393664,,,,,
195,0.0005463231820613146,,,,,
196,0.0005903595883864909,,,,,
197,0.0009855340933427215,,,,,
198,0.0013994383625686169,,,,,
199,0.0014552130131050944,,,,,
200,0.001237151282839477,,,,,
201,0.0014552130131050944,,,,,
202,0.0014374913414940238,,,,,
203,0.0013760805362835527,,,,,
204,0.0012777015333995223,,,,,
205,0.004495667619630694,,,,,
206,0.004739109566435218,,,,,
207,0.0021148123778402805,,,,,
208,0.004495667619630694,,,,,
209,0.003044033842161298,,,,,
210,0.0032152769854292274,,,,,
211,0.005378870945423842,,,,,
212,0.0016700158477760852,,,,,
213,0.0013003839296288789,,,,,
214,0.0009463304420933127,,,,,
215,0.0008121874940115959,,,,,
216,0.004495667619630694,,,,,
217,0.0029339879285544155,,,,,
218,0.004140746989287436,,,,,
85,0.0010225982055999338,,,,,
86,0.0010225982055999338,,,,,
87,0.0010225982055999338,,,,,
88,0.0010225982055999338,,,,,
89,0.0010225982055999338,,,,,
90,0.0010225982055999338,,,,,
91,0.0010225982055999338,,,,,
92,0.0010225982055999338,,,,,
93,0.0010225982055999338,,,,,
94,0.0010225982055999338,,,,,
95,0.0010225982055999338,,,,,
96,0.0010225982055999338,,,,,
97,0.0010225982055999338,,,,,
98,0.0010225982055999338,,,,,
99,0.0010225982055999338,,,,,
100,0.0010225982055999338,,,,,
101,0.0010225982055999338,,,,,
102,0.0010225982055999338,,,,,
103,0.0010225982055999338,,,,,
104,0.0010225982055999338,,,,,
105,0.0010225982055999338,,,,,
106,0.0010225982055999338,,,,,
107,0.0010225982055999338,,,,,
108,0.0010225982055999338,,,,,
109,0.0010225982055999338,,,,,
110,0.0010225982055999338,,,,,
111,0.0010225982055999338,,,,,
112,0.0010225982055999338,,,,,
113,0.0010225982055999338,,,,,
114,0.0010225982055999338,,,,,
115,0.0010225982055999338,,,,,
116,0.0010225982055999338,,,,,
117,0.0010225982055999338,,,,,
118,0.0010225982055999338,,,,,
119,0.0010225982055999338,,,,,
120,0.0010225982055999338,,,,,
121,0.0010225982055999338,,,,,
122,0.0010225982055999338,,,,,
123,0.0010225982055999338,,,,,
124,0.0010225982055999338,,,,,
125,0.0010225982055999338,,,,,
126,0.0010225982055999338,,,,,
127,0.0010225982055999338,,,,,
128,0.0010225982055999338,,,,,
129,0.0010225982055999338,,,,,
130,0.0010225982055999338,,,,,
131,0.0010225982055999338,,,,,
132,0.0010225982055999338,,,,,
133,0.0010225982055999338,,,,,
134,0.0010225982055999338,,,,,
135,0.0010225982055999338,,,,,
136,0.0010225982055999338,,,,,
137,0.0010225982055999338,,,,,
138,0.0010225982055999338,,,,,
139,0.0010225982055999338,,,,,
140,0.0010225982055999338,,,,,
141,0.0010225982055999338,,,,,
142,0.0010225982055999338,,,,,
143,0.0010225982055999338,,,,,
144,0.0010225982055999338,,,,,
145,0.0010225982055999338,,,,,
146,0.0010225982055999338,,,,,
147,0.0010225982055999338,,,,,
148,0.0010225982055999338,,,,,
149,0.0010225982055999338,,,,,
150,0.0010225982055999338,,,,,
151,0.0010225982055999338,,,,,
152,0.0010225982055999338,,,,,
153,0.0010225982055999338,,,,,
154,0.0010225982055999338,,,,,
155,0.0010225982055999338,,,,,
156,0.0010225982055999338,,,,,
157,0.0010225982055999338,,,,,
158,0.0010225982055999338,,,,,
159,0.0010225982055999338,,,,,
160,0.0010225982055999338,,,,,
161,0.0010225982055999338,,,,,
162,0.0010225982055999338,,,,,
163,0.0010225982055999338,,,,,
164,0.0010225982055999338,,,,,
165,0.0010225982055999338,,,,,
166,0.0010225982055999338,,,,,
167,0.0010225982055999338,,,,,
168,0.0010225982055999338,,,,,
169,0.0010225982055999338,,,,,
170,0.0010225982055999338,,,,,
171,0.0010225982055999338,,,,,
172,0.0010225982055999338,,,,,
173,0.0010225982055999338,,,,,
174,0.0010225982055999338,,,,,
175,0.0010225982055999338,,,,,
176,0.0010225982055999338,,,,,
177,0.0010225982055999338,,,,,
