window_id,dataset,subject,label,p_ext,p_win
0,WESAD,WESAD:S10,Baseline,0.1440533548593521,0.001744024339132011
1,WESAD,WESAD:S10,Baseline,0.1616256982088089,0.00061332545010373
2,WESAD,WESAD:S10,Baseline,0.2350964993238449,0.000944740604609251
3,WESAD,WESAD:S10,Baseline,0.29269006848335266,0.000944740604609251
4,WESAD,WESAD:S10,Baseline,0.3550167381763458,0.0014118258841335773
5,WESAD,WESAD:S10,Baseline,0.12361598014831543,0.005882635246962309
6,WESAD,WESAD:S10,Baseline,0.1439618617296219,0.0036731897853314877
7,WESAD,WESAD:S10,Baseline,0.0986027643084526,0.0006139287143014371
8,WESAD,WESAD:S10,Baseline,0.11988650262355804,0.007049428764730692
9,WESAD,WESAD:S10,Baseline,0.4002903699874878,0.05219855159521103
10,WESAD,WESAD:S10,Baseline,0.28662335872650146,0.0005972101353108883
11,WESAD,WESAD:S10,Baseline,0.24370543658733368,0.0009674232569523156
12,WESAD,WESAD:S10,Baseline,0.2517484724521637,0.0006570647237822413
13,WESAD,WESAD:S10,Baseline,0.40941351652145386,0.02107277885079384
14,WESAD,WESAD:S10,Baseline,0.3774738907814026,0.001401713932864368
15,WESAD,WESAD:S10,Baseline,0.4726189374923706,0.0013870641123503447
16,WESAD,WESAD:S10,Baseline,0.5512712001800537,0.001426557544618845
17,WESAD,WESAD:S10,Baseline,0.33356040716171265,0.0013539883075281978
18,WESAD,WESAD:S10,Baseline,0.3349267840385437,0.0014795291936025023
19,WESAD,WESAD:S10,Baseline,0.38227593898773193,0.0008985658059827983
20,WESAD,WESAD:S10,Baseline,0.30374836921691895,0.0009242143132723868
21,WESAD,WESAD:S10,Baseline,0.31486570835113525,0.0045903935097157955
22,WESAD,WESAD:S10,Baseline,0.28526973724365234,0.0008107635076157749
23,WESAD,WESAD:S10,Baseline,0.24184849858283997,0.0009300856618210673
24,WESAD,WESAD:S10,Baseline,0.2993651330471039,0.0009610948036424816
25,WESAD,WESAD:S10,Baseline,0.23199190199375153,0.000632667273748666
26,WESAD,WESAD:S10,Baseline,0.4131515622138977,0.02822653017938137
27,WESAD,WESAD:S10,Baseline,0.11343803256750107,0.0005787494592368603
28,WESAD,WESAD:S10,Baseline,0.05512610822916031,0.000977515708655119
29,WESAD,WESAD:S10,Baseline,0.17887678742408752,0.002277456223964691
30,WESAD,WESAD:S10,Baseline,0.28200048208236694,0.0021239875350147486
31,WESAD,WESAD:S10,Baseline,0.23024345934391022,0.002517840825021267
32,WESAD,WESAD:S10,Baseline,0.3596709966659546,0.0009627393446862698
33,WESAD,WESAD:S10,Baseline,0.19900597631931305,0.0008646778296679258
34,WESAD,WESAD:S10,Baseline,0.1392425149679184,0.0012722918763756752
35,WESAD,WESAD:S10,Baseline,0.252327024936676,0.0009946376085281372
36,WESAD,WESAD:S10,Baseline,0.2421206533908844,0.000923706276807934
37,WESAD,WESAD:S10,Baseline,0.6478994488716125,0.0019181343959644437
38,WESAD,WESAD:S10,Amusement,0.39992213249206543,0.0010917297331616282
39,WESAD,WESAD:S10,Amusement,0.2542327344417572,0.0010100308572873473
40,WESAD,WESAD:S10,Amusement,0.20431748032569885,0.0010034679435193539
41,WESAD,WESAD:S10,Amusement,0.18303997814655304,0.0008925432339310646
42,WESAD,WESAD:S10,Amusement,0.14666126668453217,0.0012940173037350178
43,WESAD,WESAD:S10,Amusement,0.10560788959264755,0.0008610556833446026
44,WESAD,WESAD:S10,Amusement,0.1249275952577591,0.0007996430504135787
45,WESAD,WESAD:S10,Amusement,0.09224262833595276,0.0008610556833446026
46,WESAD,WESAD:S10,Amusement,0.11327563226222992,0.0007535936892963946
47,WESAD,WESAD:S10,Amusement,0.12452731281518936,0.0007008660468272865
48,WESAD,WESAD:S10,Amusement,0.1175931766629219,0.0014616380212828517
49,WESAD,WESAD:S10,Meditation,0.2291867434978485,0.0008206993225030601
50,WESAD,WESAD:S10,Meditation,0.18907718360424042,0.0005301253404468298
51,WESAD,WESAD:S10,Meditation,0.16163329780101776,0.000824986316729337
52,WESAD,WESAD:S10,Meditation,0.17625483870506287,0.0008114726515486836
53,WESAD,WESAD:S10,Meditation,0.17214062809944153,0.0007876971503719687
54,WESAD,WESAD:S10,Meditation,0.16891682147979736,0.0007220226107165217
55,WESAD,WESAD:S10,Meditation,0.17494484782218933,0.0006443457095883787
56,WESAD,WESAD:S10,Meditation,0.15301764011383057,0.0004990728921256959
57,WESAD,WESAD:S10,Meditation,0.14960423111915588,0.0004791060637217015
58,WESAD,WESAD:S10,Meditation,0.15813478827476501,0.000529577664565295
59,WESAD,WESAD:S10,Meditation,0.1802988052368164,0.0006048534996807575
60,WESAD,WESAD:S10,Meditation,0.17604510486125946,0.0005537988035939634
61,WESAD,WESAD:S10,Stress,0.4314538240432739,0.9954769015312195
62,WESAD,WESAD:S10,Stress,0.4150443375110626,0.9781126379966736
63,WESAD,WESAD:S10,Stress,0.8503633141517639,0.9979689717292786
64,WESAD,WESAD:S10,Stress,0.6307308673858643,0.9969670176506042
65,WESAD,WESAD:S10,Stress,0.8548755049705505,0.9970884919166565
66,WESAD,WESAD:S10,Stress,0.77968430519104,0.9960857629776001
67,WESAD,WESAD:S10,Stress,0.8355982899665833,0.9912055134773254
68,WESAD,WESAD:S10,Stress,0.6106154322624207,0.6556156873703003
69,WESAD,WESAD:S10,Stress,0.7892948985099792,0.9607956409454346
70,WESAD,WESAD:S10,Stress,0.8660019040107727,0.9962024092674255
71,WESAD,WESAD:S10,Stress,0.7786120772361755,0.9872574210166931
72,WESAD,WESAD:S10,Stress,0.8447986245155334,0.9920692443847656
73,WESAD,WESAD:S10,Stress,0.8124693632125854,0.967399001121521
74,WESAD,WESAD:S10,Stress,0.8586987257003784,0.9433073997497559
75,WESAD,WESAD:S10,Stress,0.7094511985778809,0.9844294786453247
76,WESAD,WESAD:S10,Stress,0.6285799741744995,0.9696095585823059
77,WESAD,WESAD:S10,Stress,0.6607101559638977,0.9802425503730774
78,WESAD,WESAD:S10,Stress,0.5715172290802002,0.9217051267623901
79,WESAD,WESAD:S10,Stress,0.6057227849960327,0.30709806084632874
80,WESAD,WESAD:S10,Stress,0.7694759964942932,0.22134441137313843
81,WESAD,WESAD:S10,Stress,0.7184366583824158,0.2669413387775421
82,WESAD,WESAD:S10,Stress,0.7810009717941284,0.4574163556098938
83,WESAD,WESAD:S10,Stress,0.4628455936908722,0.018609710037708282
84,WESAD,WESAD:S10,Meditation,0.42908093333244324,0.0043835933320224285
85,WESAD,WESAD:S10,Meditation,0.3668401837348938,0.3216477930545807
86,WESAD,WESAD:S10,Meditation,0.3945801258087158,0.3216477930545807
87,WESAD,WESAD:S10,Meditation,0.40755346417427063,0.02781890332698822
88,WESAD,WESAD:S10,Meditation,0.4444994628429413,0.02384033240377903
89,WESAD,WESAD:S10,Meditation,0.4198598265647888,0.021946072578430176
90,WESAD,WESAD:S10,Meditation,0.5159157514572144,0.02458280883729458
91,WESAD,WESAD:S10,Meditation,0.4140194058418274,0.02757229655981064
92,WESAD,WESAD:S10,Meditation,0.5483012795448303,0.02757229655981064
93,WESAD,WESAD:S10,Meditation,0.5705633759498596,0.02757229655981064
94,WESAD,WESAD:S10,Meditation,0.559894323348999,0.02757229655981064
95,WESAD,WESAD:S10,Meditation,0.6339081525802612,0.02757229655981064
0,WESAD,WESAD:S11,Baseline,0.12649306654930115,0.014631460420787334
1,WESAD,WESAD:S11,Baseline,0.29749342799186707,0.1020892783999443
2,WESAD,WESAD:S11,Baseline,0.3745056688785553,0.06096876785159111
3,WESAD,WESAD:S11,Baseline,0.5920969247817993,0.17340846359729767
4,WESAD,WESAD:S11,Baseline,0.5031091570854187,0.23190687596797943
5,WESAD,WESAD:S11,Baseline,0.261129230260849,0.10193756967782974
6,WESAD,WESAD:S11,Baseline,0.4271489083766937,0.8308104872703552
7,WESAD,WESAD:S11,Baseline,0.4707202613353729,0.8105443716049194
8,WESAD,WESAD:S11,Baseline,0.43945807218551636,0.08968787640333176
9,WESAD,WESAD:S11,Baseline,0.4432780146598816,0.006148986984044313
10,WESAD,WESAD:S11,Baseline,0.30426114797592163,0.0017493480117991567
11,WESAD,WESAD:S11,Baseline,0.8352323174476624,0.031236717477440834
12,WESAD,WESAD:S11,Baseline,0.822952151298523,0.04014696180820465
13,WESAD,WESAD:S11,Baseline,0.7179622650146484,0.011945769190788269
14,WESAD,WESAD:S11,Baseline,0.40139347314834595,0.0026748499367386103
15,WESAD,WESAD:S11,Baseline,0.6075242161750793,0.0009593071881681681
16,WESAD,WESAD:S11,Baseline,0.4527353346347809,0.0008120814454741776
17,WESAD,WESAD:S11,Baseline,0.32639628648757935,0.0006159439799375832
18,WESAD,WESAD:S11,Baseline,0.15600505471229553,0.000669985543936491
19,WESAD,WESAD:S11,Baseline,0.1679907590150833,0.000800245616119355
20,WESAD,WESAD:S11,Baseline,0.3733370304107666,0.002533735940232873
21,WESAD,WESAD:S11,Baseline,0.26306506991386414,0.004418342839926481
22,WESAD,WESAD:S11,Baseline,0.1963350623846054,0.00024185575603041798
23,WESAD,WESAD:S11,Baseline,0.346920907497406,0.0024981568567454815
24,WESAD,WESAD:S11,Baseline,0.29223737120628357,0.0051596155390143394
25,WESAD,WESAD:S11,Baseline,0.47858962416648865,0.007412876933813095
26,WESAD,WESAD:S11,Baseline,0.45035991072654724,0.003187135560438037
27,WESAD,WESAD:S11,Baseline,0.22839896380901337,0.001204288681037724
28,WESAD,WESAD:S11,Baseline,0.07548534870147705,0.00038676592521369457
29,WESAD,WESAD:S11,Baseline,0.09510335326194763,0.001319276518188417
30,WESAD,WESAD:S11,Baseline,0.09729063510894775,0.006511703133583069
31,WESAD,WESAD:S11,Baseline,0.2515055239200592,0.24185819923877716
32,WESAD,WESAD:S11,Baseline,0.09766817837953568,0.00044142184196971357
33,WESAD,WESAD:S11,Baseline,0.05906013026833534,0.00025018889573402703
34,WESAD,WESAD:S11,Baseline,0.08974985778331757,0.00040957098826766014
35,WESAD,WESAD:S11,Baseline,0.04349313676357269,0.00042996215051971376
36,WESAD,WESAD:S11,Baseline,0.04598919674754143,0.0002688660752028227
37,WESAD,WESAD:S11,Baseline,0.09829909354448318,0.0020953405182808638
38,WESAD,WESAD:S11,Stress,0.8417008519172668,0.9507560133934021
39,WESAD,WESAD:S11,Stress,0.8479506373405457,0.9544937014579773
40,WESAD,WESAD:S11,Stress,0.7181276082992554,0.11068394780158997
41,WESAD,WESAD:S11,Stress,0.8286041021347046,0.9359419345855713
42,WESAD,WESAD:S11,Stress,0.8335315585136414,0.9280220866203308
43,WESAD,WESAD:S11,Stress,0.8498601317405701,0.9717448949813843
44,WESAD,WESAD:S11,Stress,0.7354782819747925,0.7079594135284424
45,WESAD,WESAD:S11,Stress,0.7264403700828552,0.49030381441116333
46,WESAD,WESAD:S11,Stress,0.8669506907463074,0.887092113494873
47,WESAD,WESAD:S11,Stress,0.8595719933509827,0.9425170421600342
48,WESAD,WESAD:S11,Stress,0.6896934509277344,0.8449973464012146
49,WESAD,WESAD:S11,Stress,0.6636943221092224,0.7178822755813599
50,WESAD,WESAD:S11,Stress,0.6381609439849854,0.8733839988708496
51,WESAD,WESAD:S11,Stress,0.8402186036109924,0.979286253452301
52,WESAD,WESAD:S11,Stress,0.8864942789077759,0.9953306913375854
53,WESAD,WESAD:S11,Stress,0.9126659035682678,0.998854398727417
54,WESAD,WESAD:S11,Stress,0.9095156192779541,0.9987480640411377
55,WESAD,WESAD:S11,Stress,0.9011833071708679,0.9977846741676331
56,WESAD,WESAD:S11,Stress,0.9289120435714722,0.9988439083099365
57,WESAD,WESAD:S11,Stress,0.9295545816421509,0.9980942606925964
58,WESAD,WESAD:S11,Stress,0.9265037775039673,0.989557683467865
59,WESAD,WESAD:S11,Meditation,0.5149469375610352,0.02519814297556877
60,WESAD,WESAD:S11,Meditation,0.6949697136878967,0.0014122744323685765
61,WESAD,WESAD:S11,Meditation,0.7471038699150085,0.02672787755727768
62,WESAD,WESAD:S11,Meditation,0.5579085946083069,0.0033815873321145773
63,WESAD,WESAD:S11,Meditation,0.5485507249832153,0.0033815873321145773
64,WESAD,WESAD:S11,Meditation,0.470717191696167,0.0033815873321145773
65,WESAD,WESAD:S11,Meditation,0.5617350935935974,0.004877780098468065
66,WESAD,WESAD:S11,Meditation,0.5091761946678162,0.002169559709727764
67,WESAD,WESAD:S11,Meditation,0.8465513586997986,0.03804133087396622
68,WESAD,WESAD:S11,Meditation,0.8401193618774414,0.31245294213294983
69,WESAD,WESAD:S11,Meditation,0.7593735456466675,0.03217427060008049
70,WESAD,WESAD:S11,Meditation,0.5024940371513367,0.003096894361078739
71,WESAD,WESAD:S11,Amusement,0.2229202389717102,0.0005130084464326501
72,WESAD,WESAD:S11,Amusement,0.23732991516590118,0.000586841197218746
73,WESAD,WESAD:S11,Amusement,0.24987995624542236,0.0005956607637926936
74,WESAD,WESAD:S11,Amusement,0.1854306161403656,0.0005367271369323134
75,WESAD,WESAD:S11,Amusement,0.16454045474529266,0.0004581477551255375
76,WESAD,WESAD:S11,Amusement,0.08190184086561203,0.0002717371971812099
77,WESAD,WESAD:S11,Amusement,0.2725786566734314,0.0007751904195174575
78,WESAD,WESAD:S11,Amusement,0.22734272480010986,0.0018405793234705925
79,WESAD,WESAD:S11,Amusement,0.11243515461683273,0.00045353121822699904
80,WESAD,WESAD:S11,Amusement,0.20217515528202057,0.00041658361442387104
81,WESAD,WESAD:S11,Amusement,0.1193869411945343,0.0003181281208526343
82,WESAD,WESAD:S11,Meditation,0.3852684795856476,0.001784460968337953
83,WESAD,WESAD:S11,Meditation,0.26699283719062805,0.001784460968337953
84,WESAD,WESAD:S11,Meditation,0.17203915119171143,0.001784460968337953
85,WESAD,WESAD:S11,Meditation,0.18225549161434174,0.001784460968337953
86,WESAD,WESAD:S11,Meditation,0.1713605523109436,0.018477924168109894
87,WESAD,WESAD:S11,Meditation,0.04724077507853508,0.0014703324995934963
88,WESAD,WESAD:S11,Meditation,0.06974829733371735,0.0014703324995934963
89,WESAD,WESAD:S11,Meditation,0.14387956261634827,0.001784460968337953
90,WESAD,WESAD:S11,Meditation,0.14239732921123505,0.0018942514434456825
91,WESAD,WESAD:S11,Meditation,0.14239732921123505,0.0018942514434456825
92,WESAD,WESAD:S11,Meditation,0.14387956261634827,0.0018807020969688892
93,WESAD,WESAD:S11,Meditation,0.14239732921123505,0.0018942514434456825
0,WESAD,WESAD:S13,Baseline,0.33294734358787537,0.00841376930475235
1,WESAD,WESAD:S13,Baseline,0.28137823939323425,0.004650492686778307
2,WESAD,WESAD:S13,Baseline,0.46239060163497925,0.6257440447807312
3,WESAD,WESAD:S13,Baseline,0.5047968029975891,0.01505233347415924
4,WESAD,WESAD:S13,Baseline,0.4014616310596466,0.0040869633667171
5,WESAD,WESAD:S13,Baseline,0.19800293445587158,0.00205951277166605
6,WESAD,WESAD:S13,Baseline,0.13541139662265778,0.0008316363673657179
7,WESAD,WESAD:S13,Baseline,0.5187699198722839,0.009814556688070297
8,WESAD,WESAD:S13,Baseline,0.31469276547431946,0.006921111606061459
9,WESAD,WESAD:S13,Baseline,0.24490678310394287,0.003102037822827697
10,WESAD,WESAD:S13,Baseline,0.2820984721183777,0.0033888008911162615
11,WESAD,WESAD:S13,Baseline,0.2051730751991272,0.0026464122347533703
12,WESAD,WESAD:S13,Baseline,0.37183284759521484,0.0032653443049639463
13,WESAD,WESAD:S13,Baseline,0.7515896558761597,0.0048548574559390545
14,WESAD,WESAD:S13,Baseline,0.696329653263092,0.0007472189608961344
15,WESAD,WESAD:S13,Baseline,0.34101253747940063,0.00040815811371430755
16,WESAD,WESAD:S13,Baseline,0.31592610478401184,0.0006371657364070415
17,WESAD,WESAD:S13,Baseline,0.11233080178499222,0.00030729948775842786
18,WESAD,WESAD:S13,Baseline,0.4642244279384613,0.0014640806475654244
19,WESAD,WESAD:S13,Baseline,0.353519469499588,0.0017752452986314893
20,WESAD,WESAD:S13,Baseline,0.11440101265907288,0.0008432816830463707
21,WESAD,WESAD:S13,Baseline,0.20190946757793427,0.11870899051427841
22,WESAD,WESAD:S13,Baseline,0.2053632289171219,0.0007809604285284877
23,WESAD,WESAD:S13,Baseline,0.14882320165634155,0.0004056917387060821
24,WESAD,WESAD:S13,Baseline,0.08557084947824478,0.00030536812846548855
25,WESAD,WESAD:S13,Baseline,0.1249646320939064,0.0004037406761199236
26,WESAD,WESAD:S13,Baseline,0.11508678644895554,0.0006435476243495941
27,WESAD,WESAD:S13,Baseline,0.12958160042762756,0.0006108114612288773
28,WESAD,WESAD:S13,Baseline,0.09048957377672195,0.0002778388443402946
29,WESAD,WESAD:S13,Baseline,0.07858492434024811,0.0002922380808740854
30,WESAD,WESAD:S13,Baseline,0.053427308797836304,0.0002645181375555694
31,WESAD,WESAD:S13,Baseline,0.16001731157302856,0.00045420179958455265
32,WESAD,WESAD:S13,Baseline,0.16530846059322357,0.0006570246769115329
33,WESAD,WESAD:S13,Baseline,0.13706868886947632,0.0005473070777952671
34,WESAD,WESAD:S13,Baseline,0.2847009599208832,0.0005428292788565159
35,WESAD,WESAD:S13,Baseline,0.29760628938674927,0.0005330972489900887
36,WESAD,WESAD:S13,Baseline,0.1487884819507599,0.0005531847709789872
37,WESAD,WESAD:S13,Baseline,0.09801635891199112,0.0003083227784372866
38,WESAD,WESAD:S13,Amusement,0.17370903491973877,0.0005513654905371368
39,WESAD,WESAD:S13,Amusement,0.6864587068557739,0.014175551943480968
40,WESAD,WESAD:S13,Amusement,0.7622233629226685,0.08672022819519043
41,WESAD,WESAD:S13,Amusement,0.7699007391929626,0.18540611863136292
42,WESAD,WESAD:S13,Amusement,0.5703449249267578,0.003855907591059804
43,WESAD,WESAD:S13,Amusement,0.6156622767448425,0.0015204462688416243
44,WESAD,WESAD:S13,Amusement,0.33148854970932007,0.0008377805352210999
45,WESAD,WESAD:S13,Amusement,0.4105372726917267,0.0011524106375873089
46,WESAD,WESAD:S13,Amusement,0.6371623277664185,0.0004934234311804175
47,WESAD,WESAD:S13,Amusement,0.1120152622461319,0.00031538819894194603
48,WESAD,WESAD:S13,Amusement,0.21137572824954987,0.0006853985833004117
49,WESAD,WESAD:S13,Meditation,0.16293570399284363,0.00045661264448426664
50,WESAD,WESAD:S13,Meditation,0.1396753042936325,0.0007229569600895047
51,WESAD,WESAD:S13,Meditation,0.14943382143974304,0.0006832952494733036
52,WESAD,WESAD:S13,Meditation,0.06291859596967697,0.0004363695334177464
53,WESAD,WESAD:S13,Meditation,0.07025106996297836,0.000416495866375044
54,WESAD,WESAD:S13,Meditation,0.0944211408495903,0.00032359006581828
55,WESAD,WESAD:S13,Meditation,0.09802089631557465,0.00032359006581828
56,WESAD,WESAD:S13,Meditation,0.05408994108438492,0.0003068448568228632
57,WESAD,WESAD:S13,Meditation,0.08315027505159378,0.00027337478240951896
58,WESAD,WESAD:S13,Meditation,0.08675368130207062,0.00027337478240951896
59,WESAD,WESAD:S13,Meditation,0.08525294065475464,0.00027337478240951896
60,WESAD,WESAD:S13,Meditation,0.14248916506767273,0.00035222110454924405
61,WESAD,WESAD:S13,Stress,0.9182274341583252,0.9994251728057861
62,WESAD,WESAD:S13,Stress,0.795899510383606,0.997580885887146
63,WESAD,WESAD:S13,Stress,0.8483670353889465,0.9974470138549805
64,WESAD,WESAD:S13,Stress,0.7350176572799683,0.9927391409873962
65,WESAD,WESAD:S13,Stress,0.8801725506782532,0.9992141723632812
66,WESAD,WESAD:S13,Stress,0.9110138416290283,0.9995611310005188
67,WESAD,WESAD:S13,Stress,0.9457825422286987,0.9995707869529724
68,WESAD,WESAD:S13,Stress,0.9342098236083984,0.9985290765762329
69,WESAD,WESAD:S13,Stress,0.9584393501281738,0.9991967082023621
70,WESAD,WESAD:S13,Stress,0.9373413324356079,0.9964607357978821
71,WESAD,WESAD:S13,Stress,0.8152703642845154,0.9713446497917175
72,WESAD,WESAD:S13,Stress,0.9470192790031433,0.9991232752799988
73,WESAD,WESAD:S13,Stress,0.9465981721878052,0.9993870258331299
74,WESAD,WESAD:S13,Stress,0.9144982099533081,0.9945350885391235
75,WESAD,WESAD:S13,Stress,0.9127107858657837,0.9960753321647644
76,WESAD,WESAD:S13,Stress,0.9526486992835999,0.9994906187057495
77,WESAD,WESAD:S13,Stress,0.7790796756744385,0.979548454284668
78,WESAD,WESAD:S13,Stress,0.8663842082023621,0.998104453086853
79,WESAD,WESAD:S13,Stress,0.7456328272819519,0.9970998764038086
80,WESAD,WESAD:S13,Stress,0.686838686466217,0.8094518184661865
81,WESAD,WESAD:S13,Stress,0.8508188724517822,0.9939316511154175
82,WESAD,WESAD:S13,Meditation,0.12004386633634567,0.00046998256584629416
83,WESAD,WESAD:S13,Meditation,0.19270329177379608,0.000444192934082821
84,WESAD,WESAD:S13,Meditation,0.20693516731262207,0.0003951730323024094
85,WESAD,WESAD:S13,Meditation,0.21890337765216827,0.0004456850583665073
86,WESAD,WESAD:S13,Meditation,0.14648844301700592,0.0004456850583665073
87,WESAD,WESAD:S13,Meditation,0.147691011428833,0.0003951730323024094
88,WESAD,WESAD:S13,Meditation,0.22406601905822754,0.0003951730323024094
89,WESAD,WESAD:S13,Meditation,0.16451849043369293,0.0004456850583665073
90,WESAD,WESAD:S13,Meditation,0.13423584401607513,0.0005328927654772997
91,WESAD,WESAD:S13,Meditation,0.11653392761945724,0.0004832906706724316
92,WESAD,WESAD:S13,Meditation,0.2168111503124237,0.0005524625885300338
93,WESAD,WESAD:S13,Meditation,0.40867313742637634,0.0004758749564643949
0,WESAD,WESAD:S14,Baseline,0.429174542427063,0.012643800117075443
1,WESAD,WESAD:S14,Baseline,0.13949346542358398,0.0006966411601752043
2,WESAD,WESAD:S14,Baseline,0.12612436711788177,0.00041229609632864594
3,WESAD,WESAD:S14,Baseline,0.07792936265468597,0.0004572634061332792
4,WESAD,WESAD:S14,Baseline,0.17424651980400085,0.2038334757089615
5,WESAD,WESAD:S14,Baseline,0.1094733327627182,0.036034855991601944
6,WESAD,WESAD:S14,Baseline,0.010358239524066448,0.0007723195594735444
7,WESAD,WESAD:S14,Baseline,0.026864150539040565,0.0006447130581364036
8,WESAD,WESAD:S14,Baseline,0.01724361814558506,0.0005400785012170672
9,WESAD,WESAD:S14,Baseline,0.012366103008389473,0.0006819258560426533
10,WESAD,WESAD:S14,Baseline,0.016436215490102768,0.000453404791187495
11,WESAD,WESAD:S14,Baseline,0.01599792204797268,0.0008300031768158078
12,WESAD,WESAD:S14,Baseline,0.013871551491320133,0.0005281691555865109
13,WESAD,WESAD:S14,Baseline,0.02155335806310177,0.0004931022995151579
14,WESAD,WESAD:S14,Baseline,0.014622002840042114,0.0008609658689238131
15,WESAD,WESAD:S14,Baseline,0.025772403925657272,0.001934534520842135
16,WESAD,WESAD:S14,Baseline,0.14308330416679382,0.0009010822395794094
17,WESAD,WESAD:S14,Baseline,0.10920713096857071,0.001564960926771164
18,WESAD,WESAD:S14,Baseline,0.04995526373386383,0.0011786967515945435
19,WESAD,WESAD:S14,Baseline,0.021760130301117897,0.0014407220296561718
20,WESAD,WESAD:S14,Baseline,0.02797551453113556,0.0006467223865911365
21,WESAD,WESAD:S14,Baseline,0.09720959514379501,0.000621626793872565
22,WESAD,WESAD:S14,Baseline,0.06974239647388458,0.0008968653855845332
23,WESAD,WESAD:S14,Baseline,0.2840248942375183,0.0025720898993313313
24,WESAD,WESAD:S14,Baseline,0.2321881651878357,0.0005479985265992582
25,WESAD,WESAD:S14,Baseline,0.11726324260234833,0.0003197006299160421
26,WESAD,WESAD:S14,Baseline,0.16706843674182892,0.0050783646292984486
27,WESAD,WESAD:S14,Baseline,0.13536231219768524,0.010863568633794785
28,WESAD,WESAD:S14,Baseline,0.13313445448875427,0.002078856574371457
29,WESAD,WESAD:S14,Baseline,0.18944644927978516,0.002225774573162198
30,WESAD,WESAD:S14,Baseline,0.39052891731262207,0.013786109164357185
31,WESAD,WESAD:S14,Baseline,0.47837305068969727,0.00771660590544343
32,WESAD,WESAD:S14,Baseline,0.35443878173828125,0.0015339215751737356
33,WESAD,WESAD:S14,Baseline,0.28443342447280884,0.002902590436860919
34,WESAD,WESAD:S14,Baseline,0.2703549563884735,0.0019338175188750029
35,WESAD,WESAD:S14,Baseline,0.141937255859375,0.002973716240376234
36,WESAD,WESAD:S14,Baseline,0.20242218673229218,0.002887401496991515
37,WESAD,WESAD:S14,Baseline,0.1494390219449997,0.0025219975505024195
38,WESAD,WESAD:S14,Stress,0.7820833325386047,0.9921017289161682
39,WESAD,WESAD:S14,Stress,0.7449122071266174,0.9876720905303955
40,WESAD,WESAD:S14,Stress,0.733272135257721,0.9964231848716736
41,WESAD,WESAD:S14,Stress,0.8100141882896423,0.9979910850524902
42,WESAD,WESAD:S14,Stress,0.658783495426178,0.9956299066543579
43,WESAD,WESAD:S14,Stress,0.7005606889724731,0.9812953472137451
44,WESAD,WESAD:S14,Stress,0.6312844753265381,0.9104622602462769
45,WESAD,WESAD:S14,Stress,0.7873886823654175,0.9991762042045593
46,WESAD,WESAD:S14,Stress,0.8200637102127075,0.9975742697715759
47,WESAD,WESAD:S14,Stress,0.8727314472198486,0.9968690276145935
48,WESAD,WESAD:S14,Stress,0.8839739561080933,0.9906527996063232
49,WESAD,WESAD:S14,Stress,0.833237886428833,0.9537509679794312
50,WESAD,WESAD:S14,Stress,0.8308156728744507,0.8907991051673889
51,WESAD,WESAD:S14,Stress,0.9161735773086548,0.9371703267097473
52,WESAD,WESAD:S14,Stress,0.9682670831680298,0.8786357641220093
53,WESAD,WESAD:S14,Stress,0.9715321660041809,0.9416310787200928
54,WESAD,WESAD:S14,Stress,0.9716867804527283,0.9731550216674805
55,WESAD,WESAD:S14,Stress,0.9607117176055908,0.9879856705665588
56,WESAD,WESAD:S14,Stress,0.9327812194824219,0.734505832195282
57,WESAD,WESAD:S14,Stress,0.8541693687438965,0.9799474477767944
58,WESAD,WESAD:S14,Stress,0.7926525473594666,0.971007227897644
59,WESAD,WESAD:S14,Meditation,0.25140780210494995,0.001893146545626223
60,WESAD,WESAD:S14,Meditation,0.30087047815322876,0.0019197892397642136
61,WESAD,WESAD:S14,Meditation,0.42793506383895874,0.0015658903867006302
62,WESAD,WESAD:S14,Meditation,0.6039223074913025,0.002443052129819989
63,WESAD,WESAD:S14,Meditation,0.3789145052433014,0.002318907994776964
64,WESAD,WESAD:S14,Meditation,0.3197513222694397,0.0017852544551715255
65,WESAD,WESAD:S14,Meditation,0.2716289460659027,0.0012136850273236632
66,WESAD,WESAD:S14,Meditation,0.32997000217437744,0.002123016631230712
67,WESAD,WESAD:S14,Meditation,0.34841954708099365,0.0017016894416883588
68,WESAD,WESAD:S14,Meditation,0.2504613697528839,0.0022838199511170387
69,WESAD,WESAD:S14,Meditation,0.3501361310482025,0.0014715279685333371
70,WESAD,WESAD:S14,Meditation,0.3950943350791931,0.0016402587061747909
71,WESAD,WESAD:S14,Amusement,0.7335216999053955,0.18859760463237762
72,WESAD,WESAD:S14,Amusement,0.622450590133667,0.0022442855406552553
73,WESAD,WESAD:S14,Amusement,0.674102246761322,0.04731852561235428
74,WESAD,WESAD:S14,Amusement,0.2557166516780853,0.002825761679559946
75,WESAD,WESAD:S14,Amusement,0.3842240273952484,0.0017061348771676421
76,WESAD,WESAD:S14,Amusement,0.33126652240753174,0.0010962177766487002
77,WESAD,WESAD:S14,Amusement,0.6528156399726868,0.0014646385097876191
78,WESAD,WESAD:S14,Amusement,0.6461970210075378,0.0013319123536348343
79,WESAD,WESAD:S14,Amusement,0.4798741936683655,0.000979061471298337
80,WESAD,WESAD:S14,Amusement,0.3585180938243866,0.0016402587061747909
81,WESAD,WESAD:S14,Amusement,0.3444243371486664,0.0009038902935571969
82,WESAD,WESAD:S14,Meditation,0.422170490026474,0.0019845454953610897
83,WESAD,WESAD:S14,Meditation,0.2947683036327362,0.002091696485877037
84,WESAD,WESAD:S14,Meditation,0.44460415840148926,0.0014771859860047698
85,WESAD,WESAD:S14,Meditation,0.32265451550483704,0.0009041520534083247
86,WESAD,WESAD:S14,Meditation,0.5037756562232971,0.0016395687125623226
87,WESAD,WESAD:S14,Meditation,0.4501304626464844,0.0013976064510643482
88,WESAD,WESAD:S14,Meditation,0.2769659459590912,0.0010402383049950004
89,WESAD,WESAD:S14,Meditation,0.33514735102653503,0.000884507317095995
90,WESAD,WESAD:S14,Meditation,0.4015863835811615,0.0006872814265079796
91,WESAD,WESAD:S14,Meditation,0.30863216519355774,0.0011221333406865597
92,WESAD,WESAD:S14,Meditation,0.31259915232658386,0.0019005772192031145
93,WESAD,WESAD:S14,Meditation,0.26551881432533264,0.0017016894416883588
0,WESAD,WESAD:S15,Baseline,0.3045779764652252,0.010658659040927887
1,WESAD,WESAD:S15,Baseline,0.24949990212917328,0.09492991864681244
2,WESAD,WESAD:S15,Baseline,0.29988813400268555,0.0018067859346047044
3,WESAD,WESAD:S15,Baseline,0.19613130390644073,0.0002290100819664076
4,WESAD,WESAD:S15,Baseline,0.22948859632015228,0.0025421399623155594
5,WESAD,WESAD:S15,Baseline,0.2963022291660309,0.002664331579580903
6,WESAD,WESAD:S15,Baseline,0.30143439769744873,0.002664331579580903
7,WESAD,WESAD:S15,Baseline,0.2660011351108551,0.0018067859346047044
8,WESAD,WESAD:S15,Baseline,0.2623354494571686,0.0021881943102926016
9,WESAD,WESAD:S15,Baseline,0.3019621670246124,0.0025421399623155594
10,WESAD,WESAD:S15,Baseline,0.2499091923236847,0.0018067859346047044
11,WESAD,WESAD:S15,Baseline,0.2981719970703125,0.002664331579580903
12,WESAD,WESAD:S15,Baseline,0.12014700472354889,0.000918623642064631
13,WESAD,WESAD:S15,Baseline,0.22058357298374176,0.03447612002491951
14,WESAD,WESAD:S15,Baseline,0.2422086000442505,0.11893223226070404
15,WESAD,WESAD:S15,Baseline,0.2864198386669159,0.017316583544015884
16,WESAD,WESAD:S15,Baseline,0.2569839060306549,0.002664331579580903
17,WESAD,WESAD:S15,Baseline,0.3015729784965515,0.0038029709830880165
18,WESAD,WESAD:S15,Baseline,0.2981719970703125,0.0025421399623155594
19,WESAD,WESAD:S15,Baseline,0.34897053241729736,0.0005132309743203223
20,WESAD,WESAD:S15,Baseline,0.10152103006839752,0.00031656696228310466
21,WESAD,WESAD:S15,Baseline,0.2825999855995178,0.0025421399623155594
22,WESAD,WESAD:S15,Baseline,0.3812370002269745,0.0025421399623155594
23,WESAD,WESAD:S15,Baseline,0.22206945717334747,0.00024196531740017235
24,WESAD,WESAD:S15,Baseline,0.22046950459480286,0.0023466774728149176
25,WESAD,WESAD:S15,Baseline,0.28032439947128296,0.0025421399623155594
26,WESAD,WESAD:S15,Baseline,0.33940088748931885,0.0038029709830880165
27,WESAD,WESAD:S15,Baseline,0.393778920173645,0.0024755652993917465
28,WESAD,WESAD:S15,Baseline,0.41057631373405457,0.002498718909919262
29,WESAD,WESAD:S15,Baseline,0.3896978497505188,0.0635308101773262
30,WESAD,WESAD:S15,Baseline,0.3556535840034485,0.054586149752140045
31,WESAD,WESAD:S15,Baseline,0.4537088871002197,0.01866818591952324
32,WESAD,WESAD:S15,Baseline,0.4646349251270294,0.05050630122423172
33,WESAD,WESAD:S15,Baseline,0.45761817693710327,0.11033149808645248
34,WESAD,WESAD:S15,Baseline,0.4738619923591614,0.12407136708498001
35,WESAD,WESAD:S15,Baseline,0.35866230726242065,0.13446617126464844
36,WESAD,WESAD:S15,Baseline,0.30320611596107483,0.03964003548026085
37,WESAD,WESAD:S15,Baseline,0.3215894103050232,0.0020062928088009357
38,WESAD,WESAD:S15,Amusement,0.8264294266700745,0.9921452403068542
39,WESAD,WESAD:S15,Amusement,0.8285846710205078,0.9905721545219421
40,WESAD,WESAD:S15,Amusement,0.6234711408615112,0.919478178024292
41,WESAD,WESAD:S15,Amusement,0.3563162386417389,0.9544965028762817
42,WESAD,WESAD:S15,Amusement,0.42445436120033264,0.13509051501750946
43,WESAD,WESAD:S15,Amusement,0.4149850010871887,0.10323914885520935
44,WESAD,WESAD:S15,Amusement,0.2954305112361908,0.053709596395492554
45,WESAD,WESAD:S15,Amusement,0.4027802348136902,0.007134603802114725
46,WESAD,WESAD:S15,Amusement,0.4250357747077942,0.009567045606672764
47,WESAD,WESAD:S15,Amusement,0.507502555847168,0.004990332294255495
48,WESAD,WESAD:S15,Amusement,0.5706160664558411,0.004990332294255495
49,WESAD,WESAD:S15,Meditation,0.0935748741030693,0.0012851267820224166
50,WESAD,WESAD:S15,Meditation,0.08389830589294434,0.0003081168106291443
51,WESAD,WESAD:S15,Meditation,0.13025891780853271,0.0003771178890019655
52,WESAD,WESAD:S15,Meditation,0.3817153573036194,0.003229838563129306
53,WESAD,WESAD:S15,Meditation,0.14904212951660156,0.00045507465256378055
54,WESAD,WESAD:S15,Meditation,0.09228769689798355,0.00032000953797250986
55,WESAD,WESAD:S15,Meditation,0.08645343035459518,0.00030903585138730705
56,WESAD,WESAD:S15,Meditation,0.06759361922740936,0.00032000953797250986
57,WESAD,WESAD:S15,Meditation,0.07279351353645325,0.0002590816584415734
58,WESAD,WESAD:S15,Meditation,0.07064498215913773,0.0003296994837000966
59,WESAD,WESAD:S15,Meditation,0.12951910495758057,0.0004491797008085996
60,WESAD,WESAD:S15,Meditation,0.20692767202854156,0.0004491797008085996
61,WESAD,WESAD:S15,Stress,0.8995811939239502,0.9985771179199219
62,WESAD,WESAD:S15,Stress,0.9157333374023438,0.9994710087776184
63,WESAD,WESAD:S15,Stress,0.9139467477798462,0.9994345307350159
64,WESAD,WESAD:S15,Stress,0.9021705985069275,0.9995885491371155
65,WESAD,WESAD:S15,Stress,0.8801712989807129,0.9924606680870056
66,WESAD,WESAD:S15,Stress,0.9440067410469055,0.9990549683570862
67,WESAD,WESAD:S15,Stress,0.9322255253791809,0.9990912675857544
68,WESAD,WESAD:S15,Stress,0.9146788120269775,0.9991482496261597
69,WESAD,WESAD:S15,Stress,0.9103482365608215,0.9973387122154236
70,WESAD,WESAD:S15,Stress,0.8232749700546265,0.9986138343811035
71,WESAD,WESAD:S15,Stress,0.9106814861297607,0.998839795589447
72,WESAD,WESAD:S15,Stress,0.8584083914756775,0.989431619644165
73,WESAD,WESAD:S15,Stress,0.8159308433532715,0.9986674785614014
74,WESAD,WESAD:S15,Stress,0.9297751188278198,0.9695716500282288
75,WESAD,WESAD:S15,Stress,0.8622962832450867,0.8831456899642944
76,WESAD,WESAD:S15,Stress,0.8936560153961182,0.8652534484863281
77,WESAD,WESAD:S15,Stress,0.9240186214447021,0.9899716377258301
78,WESAD,WESAD:S15,Stress,0.9498149752616882,0.9880010485649109
79,WESAD,WESAD:S15,Stress,0.8217107057571411,0.9960606694221497
80,WESAD,WESAD:S15,Stress,0.5650205612182617,0.40061864256858826
81,WESAD,WESAD:S15,Stress,0.7818470001220703,0.9977301955223083
82,WESAD,WESAD:S15,Meditation,0.6319098472595215,0.08502272516489029
83,WESAD,WESAD:S15,Meditation,0.6319098472595215,0.08502272516489029
84,WESAD,WESAD:S15,Meditation,0.30642858147621155,0.663921058177948
85,WESAD,WESAD:S15,Meditation,0.4285926818847656,0.8905900120735168
86,WESAD,WESAD:S15,Meditation,0.3725380599498749,0.006895437836647034
87,WESAD,WESAD:S15,Meditation,0.3780360519886017,0.009735502302646637
88,WESAD,WESAD:S15,Meditation,0.41333281993865967,0.006146449130028486
89,WESAD,WESAD:S15,Meditation,0.6857600808143616,0.801639199256897
90,WESAD,WESAD:S15,Meditation,0.6518442630767822,0.24651634693145752
91,WESAD,WESAD:S15,Meditation,0.19474530220031738,0.0005322188953869045
92,WESAD,WESAD:S15,Meditation,0.22460243105888367,0.0005885986611247063
93,WESAD,WESAD:S15,Meditation,0.5158060193061829,0.0065155355259776115
0,WESAD,WESAD:S16,Baseline,0.2285652458667755,0.0005105106392875314
1,WESAD,WESAD:S16,Baseline,0.3441360890865326,0.0005309812841005623
2,WESAD,WESAD:S16,Baseline,0.23247699439525604,0.0005383315728977323
3,WESAD,WESAD:S16,Baseline,0.1321583241224289,0.00035584461875259876
4,WESAD,WESAD:S16,Baseline,0.17772649228572845,0.0003018748830072582
5,WESAD,WESAD:S16,Baseline,0.31876155734062195,0.0009701881790533662
6,WESAD,WESAD:S16,Baseline,0.20400072634220123,0.0005460132961161435
7,WESAD,WESAD:S16,Baseline,0.13002222776412964,0.0002698661119211465
8,WESAD,WESAD:S16,Baseline,0.18001820147037506,0.00033530761720612645
9,WESAD,WESAD:S16,Baseline,0.20724882185459137,0.0005275334697216749
10,WESAD,WESAD:S16,Baseline,0.14342112839221954,0.0002981318102683872
11,WESAD,WESAD:S16,Baseline,0.10442979633808136,0.0003637415647972375
12,WESAD,WESAD:S16,Baseline,0.11277176439762115,0.0006044745678082108
13,WESAD,WESAD:S16,Baseline,0.11319248378276825,0.0005727002280764282
14,WESAD,WESAD:S16,Baseline,0.206298366189003,0.0005574123351834714
15,WESAD,WESAD:S16,Baseline,0.2733196020126343,0.0008652399410493672
16,WESAD,WESAD:S16,Baseline,0.10218290239572525,0.0007196800434030592
17,WESAD,WESAD:S16,Baseline,0.1350787878036499,0.00033252278808504343
18,WESAD,WESAD:S16,Baseline,0.23153690993785858,0.0034701626282185316
19,WESAD,WESAD:S16,Baseline,0.310447096824646,0.0019165402045473456
20,WESAD,WESAD:S16,Baseline,0.11572853475809097,0.0002180762676289305
21,WESAD,WESAD:S16,Baseline,0.26827362179756165,0.0005141125293448567
22,WESAD,WESAD:S16,Baseline,0.22916382551193237,0.0007836120203137398
23,WESAD,WESAD:S16,Baseline,0.17600953578948975,0.0013571861200034618
24,WESAD,WESAD:S16,Baseline,0.17781589925289154,0.0005534909432753921
25,WESAD,WESAD:S16,Baseline,0.13771435618400574,0.0003840507415588945
26,WESAD,WESAD:S16,Baseline,0.1296067088842392,0.0005674379062838852
27,WESAD,WESAD:S16,Baseline,0.1650354117155075,0.000621651706751436
28,WESAD,WESAD:S16,Baseline,0.23189957439899445,0.00128166435752064
29,WESAD,WESAD:S16,Baseline,0.4537106454372406,0.08387403935194016
30,WESAD,WESAD:S16,Baseline,0.4010928273200989,0.023563304916024208
31,WESAD,WESAD:S16,Baseline,0.14205162227153778,0.0006559760659001768
32,WESAD,WESAD:S16,Baseline,0.09572557359933853,0.0005697976448573172
33,WESAD,WESAD:S16,Baseline,0.0982283428311348,0.0003660971124190837
34,WESAD,WESAD:S16,Baseline,0.1904621124267578,0.0005871735047549009
35,WESAD,WESAD:S16,Baseline,0.4105510711669922,0.03613873943686485
36,WESAD,WESAD:S16,Baseline,0.2923494875431061,0.0017513876082375646
37,WESAD,WESAD:S16,Baseline,0.22030161321163177,0.0005727002280764282
38,WESAD,WESAD:S16,Stress,0.8536363840103149,0.9962430000305176
39,WESAD,WESAD:S16,Stress,0.8084052801132202,0.9958003163337708
40,WESAD,WESAD:S16,Stress,0.8889240026473999,0.9969007968902588
41,WESAD,WESAD:S16,Stress,0.879096269607544,0.9969007968902588
42,WESAD,WESAD:S16,Stress,0.950721025466919,0.9985264539718628
43,WESAD,WESAD:S16,Stress,0.937694787979126,0.9991785883903503
44,WESAD,WESAD:S16,Stress,0.8545237183570862,0.9982378482818604
45,WESAD,WESAD:S16,Stress,0.9056229591369629,0.9987484216690063
46,WESAD,WESAD:S16,Stress,0.895700216293335,0.9986269474029541
47,WESAD,WESAD:S16,Stress,0.9286622405052185,0.9989870190620422
48,WESAD,WESAD:S16,Stress,0.9035428166389465,0.9951601624488831
49,WESAD,WESAD:S16,Stress,0.7625037431716919,0.9683502316474915
50,WESAD,WESAD:S16,Stress,0.28172171115875244,0.9603530764579773
51,WESAD,WESAD:S16,Stress,0.3718545138835907,0.9832525253295898
52,WESAD,WESAD:S16,Stress,0.33522549271583557,0.9838894605636597
53,WESAD,WESAD:S16,Stress,0.4218071699142456,0.9950960278511047
54,WESAD,WESAD:S16,Stress,0.42588478326797485,0.9918416738510132
55,WESAD,WESAD:S16,Stress,0.4851129353046417,0.9938483834266663
56,WESAD,WESAD:S16,Stress,0.5152153968811035,0.9984641075134277
57,WESAD,WESAD:S16,Stress,0.4876721203327179,0.9946069121360779
58,WESAD,WESAD:S16,Stress,0.7323244214057922,0.9973438382148743
59,WESAD,WESAD:S16,Meditation,0.42226409912109375,0.0018069010693579912
60,WESAD,WESAD:S16,Meditation,0.30698055028915405,0.0038658841513097286
61,WESAD,WESAD:S16,Meditation,0.5910496711730957,0.0025019512977451086
62,WESAD,WESAD:S16,Meditation,0.5100926160812378,0.0030623641796410084
63,WESAD,WESAD:S16,Meditation,0.287803053855896,0.0005360200884751976
64,WESAD,WESAD:S16,Meditation,0.3295603096485138,0.0003185414825566113
65,WESAD,WESAD:S16,Meditation,0.6767189502716064,0.0007979205111041665
66,WESAD,WESAD:S16,Meditation,0.5652365684509277,0.000497473287396133
67,WESAD,WESAD:S16,Meditation,0.5960085988044739,0.0006149702239781618
68,WESAD,WESAD:S16,Meditation,0.6195130348205566,0.0007418331224471331
69,WESAD,WESAD:S16,Meditation,0.6186419725418091,0.0006633770535700023
70,WESAD,WESAD:S16,Meditation,0.7051647901535034,0.0007062433869577944
71,WESAD,WESAD:S16,Amusement,0.437791109085083,0.014543614350259304
72,WESAD,WESAD:S16,Amusement,0.5286879539489746,0.035243481397628784
73,WESAD,WESAD:S16,Amusement,0.47283226251602173,0.011659701354801655
74,WESAD,WESAD:S16,Amusement,0.4565126597881317,0.0022839524317532778
75,WESAD,WESAD:S16,Amusement,0.5358340740203857,0.02730179764330387
76,WESAD,WESAD:S16,Amusement,0.5969225168228149,0.2765752375125885
77,WESAD,WESAD:S16,Amusement,0.3772517740726471,0.09753057360649109
78,WESAD,WESAD:S16,Amusement,0.3840881884098053,0.014813113957643509
79,WESAD,WESAD:S16,Amusement,0.4164833128452301,0.010481477715075016
80,WESAD,WESAD:S16,Amusement,0.4246979355812073,0.0022839524317532778
81,WESAD,WESAD:S16,Amusement,0.8689110279083252,0.8246442079544067
82,WESAD,WESAD:S16,Meditation,0.3598273694515228,0.008433958515524864
83,WESAD,WESAD:S16,Meditation,0.4629971981048584,0.010525345802307129
84,WESAD,WESAD:S16,Meditation,0.7848607897758484,0.0008534843218512833
85,WESAD,WESAD:S16,Meditation,0.7491169571876526,0.0017848782008513808
86,WESAD,WESAD:S16,Meditation,0.6485345363616943,0.000522629648912698
87,WESAD,WESAD:S16,Meditation,0.46617260575294495,0.00032779580214992166
88,WESAD,WESAD:S16,Meditation,0.4745701849460602,0.00030898666591383517
89,WESAD,WESAD:S16,Meditation,0.398933470249176,0.00039018705138005316
90,WESAD,WESAD:S16,Meditation,0.35838639736175537,0.0003460914012975991
91,WESAD,WESAD:S16,Meditation,0.45841237902641296,0.0004361212777439505
92,WESAD,WESAD:S16,Meditation,0.2007254660129547,0.00047021935461089015
93,WESAD,WESAD:S16,Meditation,0.2554364502429962,0.0005390915321186185
0,WESAD,WESAD:S17,Baseline,0.30362021923065186,0.12772420048713684
1,WESAD,WESAD:S17,Baseline,0.32004207372665405,0.015654072165489197
2,WESAD,WESAD:S17,Baseline,0.4066764712333679,0.03299541771411896
3,WESAD,WESAD:S17,Baseline,0.5001627206802368,0.23219920694828033
4,WESAD,WESAD:S17,Baseline,0.28872600197792053,0.11663277447223663
5,WESAD,WESAD:S17,Baseline,0.35788750648498535,0.04898903891444206
6,WESAD,WESAD:S17,Baseline,0.36402803659439087,0.06182320788502693
7,WESAD,WESAD:S17,Baseline,0.3421524465084076,0.06005151569843292
8,WESAD,WESAD:S17,Baseline,0.25217702984809875,0.06406170129776001
9,WESAD,WESAD:S17,Baseline,0.19235338270664215,0.036598920822143555
10,WESAD,WESAD:S17,Baseline,0.35456207394599915,0.051857586950063705
11,WESAD,WESAD:S17,Baseline,0.4946059584617615,0.19040200114250183
12,WESAD,WESAD:S17,Baseline,0.31154683232307434,0.1801491379737854
13,WESAD,WESAD:S17,Baseline,0.26837852597236633,0.2002711296081543
14,WESAD,WESAD:S17,Baseline,0.22410139441490173,0.2002711296081543
15,WESAD,WESAD:S17,Baseline,0.4325788915157318,0.3655712902545929
16,WESAD,WESAD:S17,Baseline,0.49203139543533325,0.5218678116798401
17,WESAD,WESAD:S17,Baseline,0.528874933719635,0.4336128234863281
18,WESAD,WESAD:S17,Baseline,0.29566365480422974,0.01204049400985241
19,WESAD,WESAD:S17,Baseline,0.1583619862794876,0.0018087003845721483
20,WESAD,WESAD:S17,Baseline,0.2364015281200409,0.0026724417693912983
21,WESAD,WESAD:S17,Baseline,0.24727784097194672,0.0017744157230481505
22,WESAD,WESAD:S17,Baseline,0.29042479395866394,0.001388541772030294
23,WESAD,WESAD:S17,Baseline,0.5112541913986206,0.0055614374577999115
24,WESAD,WESAD:S17,Baseline,0.4153425991535187,0.005815411917865276
25,WESAD,WESAD:S17,Baseline,0.13971753418445587,0.0008140160352922976
26,WESAD,WESAD:S17,Baseline,0.4010801911354065,0.026688899844884872
27,WESAD,WESAD:S17,Baseline,0.2334783524274826,0.017762312665581703
28,WESAD,WESAD:S17,Baseline,0.21740800142288208,0.0005066525773145258
29,WESAD,WESAD:S17,Baseline,0.5148197412490845,0.00023788442194927484
30,WESAD,WESAD:S17,Baseline,0.6463472843170166,0.0006116715958341956
31,WESAD,WESAD:S17,Baseline,0.6188969016075134,0.000716976763214916
32,WESAD,WESAD:S17,Baseline,0.5418893694877625,0.00040067124064080417
33,WESAD,WESAD:S17,Baseline,0.4911781847476959,0.0002443786070216447
34,WESAD,WESAD:S17,Baseline,0.18679532408714294,0.00020995334489271045
35,WESAD,WESAD:S17,Baseline,0.3723036050796509,0.0023073358461260796
36,WESAD,WESAD:S17,Baseline,0.5080536007881165,0.0019077338511124253
37,WESAD,WESAD:S17,Baseline,0.416411817073822,0.0004895991878584027
38,WESAD,WESAD:S17,Amusement,0.5221732258796692,0.0028925416991114616
39,WESAD,WESAD:S17,Amusement,0.4781668484210968,0.019032800570130348
40,WESAD,WESAD:S17,Amusement,0.467144638299942,0.019032800570130348
41,WESAD,WESAD:S17,Amusement,0.5795645713806152,0.0038863590452820063
42,WESAD,WESAD:S17,Amusement,0.5267041325569153,0.0028925416991114616
43,WESAD,WESAD:S17,Amusement,0.5267041325569153,0.0028925416991114616
44,WESAD,WESAD:S17,Amusement,0.5221732258796692,0.002230758313089609
45,WESAD,WESAD:S17,Amusement,0.6107655763626099,0.000900966813787818
46,WESAD,WESAD:S17,Amusement,0.5114839673042297,0.0038863590452820063
47,WESAD,WESAD:S17,Amusement,0.5013719201087952,0.0038863590452820063
48,WESAD,WESAD:S17,Amusement,0.45026955008506775,0.0038863590452820063
49,WESAD,WESAD:S17,Meditation,0.1933203637599945,0.010017399676144123
50,WESAD,WESAD:S17,Meditation,0.049809496849775314,0.00022560857178177685
51,WESAD,WESAD:S17,Meditation,0.10471037030220032,0.0002602412714622915
52,WESAD,WESAD:S17,Meditation,0.09058329463005066,0.0006037041894160211
53,WESAD,WESAD:S17,Meditation,0.060290418565273285,0.0006108271772973239
54,WESAD,WESAD:S17,Meditation,0.069590263068676,0.000557379680685699
55,WESAD,WESAD:S17,Meditation,0.08147045969963074,0.00023912740289233625
56,WESAD,WESAD:S17,Meditation,0.07814271748065948,0.0006410983041860163
57,WESAD,WESAD:S17,Meditation,0.06453701853752136,0.0005446935538202524
58,WESAD,WESAD:S17,Meditation,0.03368501737713814,0.0006761539843864739
59,WESAD,WESAD:S17,Stress,0.5715065002441406,0.045947227627038956
60,WESAD,WESAD:S17,Stress,0.6888372302055359,0.08617888391017914
61,WESAD,WESAD:S17,Stress,0.8017714023590088,0.5499669313430786
62,WESAD,WESAD:S17,Stress,0.7735976576805115,0.43536537885665894
63,WESAD,WESAD:S17,Stress,0.33822184801101685,0.013202453963458538
64,WESAD,WESAD:S17,Stress,0.44506531953811646,0.0020837399642914534
65,WESAD,WESAD:S17,Stress,0.6156319975852966,0.0072617013938724995
66,WESAD,WESAD:S17,Stress,0.44308704137802124,0.0031585339456796646
67,WESAD,WESAD:S17,Stress,0.4787956476211548,0.04683780297636986
68,WESAD,WESAD:S17,Stress,0.6667255163192749,0.33125796914100647
69,WESAD,WESAD:S17,Stress,0.47461727261543274,0.06552445888519287
70,WESAD,WESAD:S17,Stress,0.6753929853439331,0.0006587753305211663
71,WESAD,WESAD:S17,Stress,0.5985023975372314,0.41002964973449707
72,WESAD,WESAD:S17,Stress,0.579464316368103,0.6451306939125061
73,WESAD,WESAD:S17,Stress,0.6376726031303406,0.7200324535369873
74,WESAD,WESAD:S17,Stress,0.7629980444908142,0.7930792570114136
75,WESAD,WESAD:S17,Stress,0.6742454171180725,0.8270569443702698
76,WESAD,WESAD:S17,Stress,0.6097627878189087,0.5060858726501465
77,WESAD,WESAD:S17,Stress,0.7366816997528076,0.8300491571426392
78,WESAD,WESAD:S17,Stress,0.8729453086853027,0.8194034099578857
79,WESAD,WESAD:S17,Stress,0.7768100500106812,0.3926223814487457
80,WESAD,WESAD:S17,Stress,0.5531193017959595,0.008615429513156414
81,WESAD,WESAD:S17,Stress,0.41849005222320557,0.007982710376381874
82,WESAD,WESAD:S17,Meditation,0.3919462263584137,0.005330728832632303
83,WESAD,WESAD:S17,Meditation,0.18759341537952423,0.0018572182161733508
84,WESAD,WESAD:S17,Meditation,0.041726112365722656,0.00021742747048847377
85,WESAD,WESAD:S17,Meditation,0.10335078835487366,0.0012505935737863183
86,WESAD,WESAD:S17,Meditation,0.17110459506511688,0.007158981170505285
87,WESAD,WESAD:S17,Meditation,0.29424914717674255,0.023694908246397972
88,WESAD,WESAD:S17,Meditation,0.02873886562883854,0.0009673254680819809
89,WESAD,WESAD:S17,Meditation,0.038322657346725464,0.00022560857178177685
90,WESAD,WESAD:S17,Meditation,0.04653371497988701,0.0005198456929065287
91,WESAD,WESAD:S17,Meditation,0.039093684405088425,0.0005866705905646086
92,WESAD,WESAD:S17,Meditation,0.021642526611685753,0.0005761659704148769
93,WESAD,WESAD:S17,Meditation,0.018437033519148827,0.0012001101858913898
0,WESAD,WESAD:S2,Baseline,0.7310011982917786,0.9946092367172241
1,WESAD,WESAD:S2,Baseline,0.6926627159118652,0.9940407872200012
2,WESAD,WESAD:S2,Baseline,0.558222770690918,0.8495821952819824
3,WESAD,WESAD:S2,Baseline,0.18101422488689423,0.024733545258641243
4,WESAD,WESAD:S2,Baseline,0.44451186060905457,0.8906330466270447
5,WESAD,WESAD:S2,Baseline,0.5905573964118958,0.9858691692352295
6,WESAD,WESAD:S2,Baseline,0.5719566345214844,0.3785545229911804
7,WESAD,WESAD:S2,Baseline,0.32806384563446045,0.017879240214824677
8,WESAD,WESAD:S2,Baseline,0.35792213678359985,0.001689096912741661
9,WESAD,WESAD:S2,Baseline,0.3841114044189453,0.0049116709269583225
10,WESAD,WESAD:S2,Baseline,0.38546666502952576,0.0053078955970704556
11,WESAD,WESAD:S2,Baseline,0.45822620391845703,0.011167341843247414
12,WESAD,WESAD:S2,Baseline,0.3973633050918579,0.010393301025032997
13,WESAD,WESAD:S2,Baseline,0.24418970942497253,0.0011479940731078386
14,WESAD,WESAD:S2,Baseline,0.3656471371650696,0.0002792532613966614
15,WESAD,WESAD:S2,Baseline,0.4592207670211792,0.0024722174275666475
16,WESAD,WESAD:S2,Baseline,0.33771663904190063,0.0006025229231454432
17,WESAD,WESAD:S2,Baseline,0.3369508385658264,0.0003047393693123013
18,WESAD,WESAD:S2,Baseline,0.20037952065467834,0.00033674552105367184
19,WESAD,WESAD:S2,Baseline,0.39679834246635437,0.00041901832446455956
20,WESAD,WESAD:S2,Baseline,0.4074384272098541,0.000314752891426906
21,WESAD,WESAD:S2,Baseline,0.2363988161087036,0.0002686789957806468
22,WESAD,WESAD:S2,Baseline,0.17144951224327087,0.0002686789957806468
23,WESAD,WESAD:S2,Baseline,0.22996781766414642,0.0006727614090777934
24,WESAD,WESAD:S2,Baseline,0.23037074506282806,0.0006211127620190382
25,WESAD,WESAD:S2,Baseline,0.2190658450126648,0.00031700730323791504
26,WESAD,WESAD:S2,Baseline,0.10646755248308182,0.00035501716774888337
27,WESAD,WESAD:S2,Baseline,0.09213053435087204,0.00045624046470038593
28,WESAD,WESAD:S2,Baseline,0.18051019310951233,0.000615669006947428
29,WESAD,WESAD:S2,Baseline,0.2001713514328003,0.0010321257868781686
30,WESAD,WESAD:S2,Baseline,0.1856115311384201,0.00031543811201117933
31,WESAD,WESAD:S2,Baseline,0.15870457887649536,0.0003197786572854966
32,WESAD,WESAD:S2,Baseline,0.20306885242462158,0.0003893109387718141
33,WESAD,WESAD:S2,Baseline,0.20312385261058807,0.000525684270542115
34,WESAD,WESAD:S2,Baseline,0.3933141529560089,0.0006357163074426353
35,WESAD,WESAD:S2,Baseline,0.377652108669281,0.0010101593798026443
36,WESAD,WESAD:S2,Baseline,0.46165594458580017,0.4472889006137848
37,WESAD,WESAD:S2,Stress,0.5378518104553223,0.9974175691604614
38,WESAD,WESAD:S2,Stress,0.48018383979797363,0.9984397292137146
39,WESAD,WESAD:S2,Stress,0.49967333674430847,0.9976039528846741
40,WESAD,WESAD:S2,Stress,0.6339726448059082,0.9966187477111816
41,WESAD,WESAD:S2,Stress,0.5317225456237793,0.9924325942993164
42,WESAD,WESAD:S2,Stress,0.8661004304885864,0.9991533756256104
43,WESAD,WESAD:S2,Stress,0.9005915522575378,0.99883633852005
44,WESAD,WESAD:S2,Stress,0.8729110360145569,0.9995978474617004
45,WESAD,WESAD:S2,Stress,0.9190006852149963,0.9990360736846924
46,WESAD,WESAD:S2,Stress,0.9377925992012024,0.9992424249649048
47,WESAD,WESAD:S2,Stress,0.9485937356948853,0.9994811415672302
48,WESAD,WESAD:S2,Stress,0.9482070803642273,0.999372661113739
49,WESAD,WESAD:S2,Stress,0.9392364621162415,0.9990113973617554
50,WESAD,WESAD:S2,Stress,0.9430299401283264,0.9992491602897644
51,WESAD,WESAD:S2,Stress,0.9079157710075378,0.9988523721694946
52,WESAD,WESAD:S2,Stress,0.9367906451225281,0.9990862607955933
53,WESAD,WESAD:S2,Stress,0.9283933639526367,0.9992257356643677
54,WESAD,WESAD:S2,Stress,0.9376817941665649,0.995699405670166
55,WESAD,WESAD:S2,Stress,0.9320665001869202,0.9956957101821899
56,WESAD,WESAD:S2,Meditation,0.33823537826538086,0.016457797959446907
57,WESAD,WESAD:S2,Meditation,0.1575426459312439,0.0003249370201956481
58,WESAD,WESAD:S2,Meditation,0.12635959684848785,0.0003066863282583654
59,WESAD,WESAD:S2,Meditation,0.14744699001312256,0.0003622604417614639
60,WESAD,WESAD:S2,Meditation,0.13911662995815277,0.0006126798689365387
61,WESAD,WESAD:S2,Meditation,0.17771394550800323,0.000543892034329474
62,WESAD,WESAD:S2,Meditation,0.1408112794160843,0.00032019996433518827
63,WESAD,WESAD:S2,Meditation,0.1323469877243042,0.00029891618760302663
64,WESAD,WESAD:S2,Meditation,0.24188922345638275,0.00025857429136522114
65,WESAD,WESAD:S2,Meditation,0.39348214864730835,0.000592618715018034
66,WESAD,WESAD:S2,Meditation,0.29909607768058777,0.00039514023228548467
67,WESAD,WESAD:S2,Meditation,0.19262363016605377,0.0003209086717106402
68,WESAD,WESAD:S2,Amusement,0.562346339225769,0.027028989046812057
69,WESAD,WESAD:S2,Amusement,0.5653896331787109,0.0054499441757798195
70,WESAD,WESAD:S2,Amusement,0.48868754506111145,0.007033724803477526
71,WESAD,WESAD:S2,Amusement,0.6050530672073364,0.4821247458457947
72,WESAD,WESAD:S2,Amusement,0.23988358676433563,0.009262279607355595
73,WESAD,WESAD:S2,Amusement,0.1737680286169052,0.0007677627145312726
74,WESAD,WESAD:S2,Amusement,0.18802787363529205,0.0002650270762387663
75,WESAD,WESAD:S2,Amusement,0.453673779964447,0.0059799132868647575
76,WESAD,WESAD:S2,Amusement,0.36037129163742065,0.003161270637065172
77,WESAD,WESAD:S2,Amusement,0.35570839047431946,0.005632665473967791
78,WESAD,WESAD:S2,Amusement,0.43576115369796753,0.0780489593744278
79,WESAD,WESAD:S2,Meditation,0.309442937374115,0.15534153580665588
80,WESAD,WESAD:S2,Meditation,0.1424945741891861,0.003906979225575924
81,WESAD,WESAD:S2,Meditation,0.1542971283197403,0.00030986397177912295
82,WESAD,WESAD:S2,Meditation,0.15588818490505219,0.0003622604417614639
83,WESAD,WESAD:S2,Meditation,0.2532978057861328,0.0003622604417614639
84,WESAD,WESAD:S2,Meditation,0.21534597873687744,0.0003988589742220938
85,WESAD,WESAD:S2,Meditation,0.12620936334133148,0.0006817682879045606
86,WESAD,WESAD:S2,Meditation,0.13043564558029175,0.0006891427910886705
87,WESAD,WESAD:S2,Meditation,0.11030901968479156,0.00041039937059395015
88,WESAD,WESAD:S2,Meditation,0.09049826860427856,0.00038972310721874237
89,WESAD,WESAD:S2,Meditation,0.0826248973608017,0.00038972310721874237
0,WESAD,WESAD:S3,Baseline,0.3986380100250244,0.8873761296272278
1,WESAD,WESAD:S3,Baseline,0.3766290247440338,0.1946212649345398
2,WESAD,WESAD:S3,Baseline,0.8010865449905396,0.9969070553779602
3,WESAD,WESAD:S3,Baseline,0.8267488479614258,0.9953501224517822
4,WESAD,WESAD:S3,Baseline,0.43513137102127075,0.22328251600265503
5,WESAD,WESAD:S3,Baseline,0.11752287298440933,0.006850888952612877
6,WESAD,WESAD:S3,Baseline,0.1490902155637741,0.03098408319056034
7,WESAD,WESAD:S3,Baseline,0.2493780553340912,0.026728402823209763
8,WESAD,WESAD:S3,Baseline,0.4787810444831848,0.009863756597042084
9,WESAD,WESAD:S3,Baseline,0.4998587667942047,0.00711808493360877
10,WESAD,WESAD:S3,Baseline,0.4453652799129486,0.0031007640063762665
11,WESAD,WESAD:S3,Baseline,0.22461695969104767,0.005236081313341856
12,WESAD,WESAD:S3,Baseline,0.16927340626716614,0.0012743354309350252
13,WESAD,WESAD:S3,Baseline,0.24126993119716644,0.001225935877300799
14,WESAD,WESAD:S3,Baseline,0.3743601441383362,0.002502867951989174
15,WESAD,WESAD:S3,Baseline,0.6160131096839905,0.5288034081459045
16,WESAD,WESAD:S3,Baseline,0.45057016611099243,0.0060154045931994915
17,WESAD,WESAD:S3,Baseline,0.2774643003940582,0.006420776713639498
18,WESAD,WESAD:S3,Baseline,0.46936148405075073,0.0235602930188179
19,WESAD,WESAD:S3,Baseline,0.42953169345855713,0.4990943372249603
20,WESAD,WESAD:S3,Baseline,0.1089036762714386,0.001978054642677307
21,WESAD,WESAD:S3,Baseline,0.33993133902549744,0.0003904953191522509
22,WESAD,WESAD:S3,Baseline,0.33651116490364075,0.0005020243697799742
23,WESAD,WESAD:S3,Baseline,0.2837844491004944,0.0021652088034898043
24,WESAD,WESAD:S3,Baseline,0.39107048511505127,0.0010082676308229566
25,WESAD,WESAD:S3,Baseline,0.2934572994709015,0.000323241954902187
26,WESAD,WESAD:S3,Baseline,0.28431177139282227,0.0003571542911231518
27,WESAD,WESAD:S3,Baseline,0.2022632211446762,0.0002881154359783977
28,WESAD,WESAD:S3,Baseline,0.2317490130662918,0.0011751658748835325
29,WESAD,WESAD:S3,Baseline,0.20975878834724426,0.0009624876547604799
30,WESAD,WESAD:S3,Baseline,0.18819588422775269,0.0002881154359783977
31,WESAD,WESAD:S3,Baseline,0.2133670151233673,0.00036376932985149324
32,WESAD,WESAD:S3,Baseline,0.184473916888237,0.00047879217891022563
33,WESAD,WESAD:S3,Baseline,0.14834466576576233,0.0004740989825222641
34,WESAD,WESAD:S3,Baseline,0.15125033259391785,0.00031457500881515443
35,WESAD,WESAD:S3,Baseline,0.1034916564822197,0.00041053397580981255
36,WESAD,WESAD:S3,Baseline,0.08112223446369171,0.0005467857117764652
37,WESAD,WESAD:S3,Stress,0.8415455222129822,0.04125482216477394
38,WESAD,WESAD:S3,Stress,0.4662911295890808,0.11672777682542801
39,WESAD,WESAD:S3,Stress,0.9743841886520386,0.9286550283432007
40,WESAD,WESAD:S3,Stress,0.9668909907341003,0.9956483244895935
41,WESAD,WESAD:S3,Stress,0.9118579626083374,0.9993575215339661
42,WESAD,WESAD:S3,Stress,0.9243780374526978,0.9995579123497009
43,WESAD,WESAD:S3,Stress,0.977060854434967,0.9993127584457397
44,WESAD,WESAD:S3,Stress,0.9392859935760498,0.9993077516555786
45,WESAD,WESAD:S3,Stress,0.9388159513473511,0.998318076133728
46,WESAD,WESAD:S3,Stress,0.8629558086395264,0.9990053772926331
47,WESAD,WESAD:S3,Stress,0.7997400760650635,0.9925262928009033
48,WESAD,WESAD:S3,Stress,0.4311721622943878,0.9890478253364563
49,WESAD,WESAD:S3,Stress,0.3661254048347473,0.9941205382347107
50,WESAD,WESAD:S3,Stress,0.37289959192276,0.7963479161262512
51,WESAD,WESAD:S3,Stress,0.4200707674026489,0.9495565891265869
52,WESAD,WESAD:S3,Stress,0.4554964303970337,0.12306267768144608
53,WESAD,WESAD:S3,Stress,0.38083672523498535,0.006986697670072317
54,WESAD,WESAD:S3,Stress,0.42585209012031555,0.004450584761798382
55,WESAD,WESAD:S3,Stress,0.42737385630607605,0.004506563302129507
56,WESAD,WESAD:S3,Stress,0.42737385630607605,0.006148625630885363
57,WESAD,WESAD:S3,Meditation,0.15288998186588287,0.0005194100667722523
58,WESAD,WESAD:S3,Meditation,0.15491501986980438,0.0004288011696189642
59,WESAD,WESAD:S3,Meditation,0.14607442915439606,0.0005727389943785965
60,WESAD,WESAD:S3,Meditation,0.17872820794582367,0.0005711120902560651
61,WESAD,WESAD:S3,Meditation,0.13028746843338013,0.00041053397580981255
62,WESAD,WESAD:S3,Meditation,0.23508675396442413,0.0004288011696189642
63,WESAD,WESAD:S3,Meditation,0.18660174310207367,0.00028049590764567256
64,WESAD,WESAD:S3,Meditation,0.17826731503009796,0.0003075753047596663
65,WESAD,WESAD:S3,Meditation,0.0778764933347702,0.0004748287028633058
66,WESAD,WESAD:S3,Meditation,0.09321872889995575,0.0004949753638356924
67,WESAD,WESAD:S3,Meditation,0.21008086204528809,0.0004959552898071706
68,WESAD,WESAD:S3,Meditation,0.2550186216831207,0.00030030298512429
69,WESAD,WESAD:S3,Amusement,0.2672879695892334,0.0045209829695522785
70,WESAD,WESAD:S3,Amusement,0.3912738859653473,0.0012536747381091118
71,WESAD,WESAD:S3,Amusement,0.3844451606273651,0.000331744144205004
72,WESAD,WESAD:S3,Amusement,0.341714084148407,0.003322214586660266
73,WESAD,WESAD:S3,Amusement,0.37015199661254883,0.004575301893055439
74,WESAD,WESAD:S3,Amusement,0.2600151300430298,0.00022785183682572097
75,WESAD,WESAD:S3,Amusement,0.19566945731639862,0.00026972772320732474
76,WESAD,WESAD:S3,Amusement,0.16508083045482635,0.0002738639304880053
77,WESAD,WESAD:S3,Amusement,0.07934559136629105,0.0004740989825222641
78,WESAD,WESAD:S3,Amusement,0.19771595299243927,0.0004740989825222641
79,WESAD,WESAD:S3,Amusement,0.21923108398914337,0.0005071823834441602
80,WESAD,WESAD:S3,Meditation,0.12726998329162598,0.001010995008982718
81,WESAD,WESAD:S3,Meditation,0.0865451768040657,0.00025823552277870476
82,WESAD,WESAD:S3,Meditation,0.05364512279629707,0.0002621955645736307
83,WESAD,WESAD:S3,Meditation,0.3298438489437103,0.0012536747381091118
84,WESAD,WESAD:S3,Meditation,0.3260177969932556,0.0012536747381091118
85,WESAD,WESAD:S3,Meditation,0.31171879172325134,0.0012536747381091118
86,WESAD,WESAD:S3,Meditation,0.31171879172325134,0.0012536747381091118
87,WESAD,WESAD:S3,Meditation,0.32066771388053894,0.0012536747381091118
88,WESAD,WESAD:S3,Meditation,0.31171879172325134,0.0012536747381091118
89,WESAD,WESAD:S3,Meditation,0.32066771388053894,0.0012536747381091118
90,WESAD,WESAD:S3,Meditation,0.31171879172325134,0.0012536747381091118
0,WESAD,WESAD:S4,Baseline,0.6227849125862122,0.002091671572998166
1,WESAD,WESAD:S4,Baseline,0.1990281194448471,0.00038399561890400946
2,WESAD,WESAD:S4,Baseline,0.16764254868030548,0.0003932901890948415
3,WESAD,WESAD:S4,Baseline,0.423549085855484,0.0007782098255120218
4,WESAD,WESAD:S4,Baseline,0.4086782932281494,0.0007271593785844743
5,WESAD,WESAD:S4,Baseline,0.2833678722381592,0.0007782098255120218
6,WESAD,WESAD:S4,Baseline,0.2389831840991974,0.0007489830604754388
7,WESAD,WESAD:S4,Baseline,0.17442242801189423,0.0008669589296914637
8,WESAD,WESAD:S4,Baseline,0.19985255599021912,0.0008669589296914637
9,WESAD,WESAD:S4,Baseline,0.1986706256866455,0.0007489830604754388
10,WESAD,WESAD:S4,Baseline,0.14488603174686432,0.0009016392286866903
11,WESAD,WESAD:S4,Baseline,0.23557597398757935,0.0009016392286866903
12,WESAD,WESAD:S4,Baseline,0.324317991733551,0.0009591600392013788
13,WESAD,WESAD:S4,Baseline,0.2444484978914261,0.0005289248656481504
14,WESAD,WESAD:S4,Baseline,0.07984420657157898,0.0005289248656481504
15,WESAD,WESAD:S4,Baseline,0.13256686925888062,0.0005569173954427242
16,WESAD,WESAD:S4,Baseline,0.14639164507389069,0.0005138065898790956
17,WESAD,WESAD:S4,Baseline,0.19103677570819855,0.0006919776205904782
18,WESAD,WESAD:S4,Baseline,0.2082187384366989,0.00027482150471769273
19,WESAD,WESAD:S4,Baseline,0.3482409715652466,0.0002599610306788236
20,WESAD,WESAD:S4,Baseline,0.15054625272750854,0.00040890445234254
21,WESAD,WESAD:S4,Baseline,0.21707899868488312,0.000453944259788841
22,WESAD,WESAD:S4,Baseline,0.184833362698555,0.0008222930482588708
23,WESAD,WESAD:S4,Baseline,0.15495996177196503,0.0007275794632732868
24,WESAD,WESAD:S4,Baseline,0.19382692873477936,0.0007275794632732868
25,WESAD,WESAD:S4,Baseline,0.177270770072937,0.0005138065898790956
26,WESAD,WESAD:S4,Baseline,0.15354575216770172,0.000642790284473449
27,WESAD,WESAD:S4,Baseline,0.19097831845283508,0.0006689397851005197
28,WESAD,WESAD:S4,Baseline,0.17308786511421204,0.000498832028824836
29,WESAD,WESAD:S4,Baseline,0.08926989883184433,0.0005089071346446872
30,WESAD,WESAD:S4,Baseline,0.3271889388561249,0.0006648666458204389
31,WESAD,WESAD:S4,Baseline,0.3649386465549469,0.0005476207006722689
32,WESAD,WESAD:S4,Baseline,0.3837183713912964,0.000276903243502602
33,WESAD,WESAD:S4,Baseline,0.166716068983078,0.00028081139316782355
34,WESAD,WESAD:S4,Baseline,0.153596431016922,0.00037682466791011393
35,WESAD,WESAD:S4,Baseline,0.15633124113082886,0.00037682466791011393
36,WESAD,WESAD:S4,Baseline,0.22124402225017548,0.0006108717061579227
37,WESAD,WESAD:S4,Amusement,0.19516602158546448,0.0007489830604754388
38,WESAD,WESAD:S4,Amusement,0.1680942177772522,0.0008543886942788959
39,WESAD,WESAD:S4,Amusement,0.3318921625614166,0.0024848401080816984
40,WESAD,WESAD:S4,Amusement,0.2806844115257263,0.0037814390379935503
41,WESAD,WESAD:S4,Amusement,0.24668873846530914,0.0010314446408301592
42,WESAD,WESAD:S4,Amusement,0.14196546375751495,0.0006704917177557945
43,WESAD,WESAD:S4,Amusement,0.1298159956932068,0.0006704917177557945
44,WESAD,WESAD:S4,Amusement,0.1017424613237381,0.0007114859181456268
45,WESAD,WESAD:S4,Amusement,0.19993752241134644,0.0006711265305057168
46,WESAD,WESAD:S4,Amusement,0.21925218403339386,0.000611522700637579
47,WESAD,WESAD:S4,Amusement,0.32806649804115295,0.0006711265305057168
48,WESAD,WESAD:S4,Meditation,0.1727251261472702,0.0005565952742472291
49,WESAD,WESAD:S4,Meditation,0.34455636143684387,0.0004989161971025169
50,WESAD,WESAD:S4,Meditation,0.4514107406139374,0.0007209163159132004
51,WESAD,WESAD:S4,Meditation,0.3609946072101593,0.0009016392286866903
52,WESAD,WESAD:S4,Meditation,0.3243890702724457,0.0009016392286866903
53,WESAD,WESAD:S4,Meditation,0.27136608958244324,0.000835265323985368
54,WESAD,WESAD:S4,Meditation,0.26382026076316833,0.000885486719198525
55,WESAD,WESAD:S4,Meditation,0.44112831354141235,0.008088881149888039
56,WESAD,WESAD:S4,Meditation,0.33913174271583557,0.007203435525298119
57,WESAD,WESAD:S4,Meditation,0.14187242090702057,0.0005565952742472291
58,WESAD,WESAD:S4,Meditation,0.196943461894989,0.0005289248656481504
59,WESAD,WESAD:S4,Meditation,0.18587517738342285,0.000540778273716569
60,WESAD,WESAD:S4,Stress,0.8771258592605591,0.9972553849220276
61,WESAD,WESAD:S4,Stress,0.9195221066474915,0.9984366297721863
62,WESAD,WESAD:S4,Stress,0.939763605594635,0.9978381991386414
63,WESAD,WESAD:S4,Stress,0.9411959052085876,0.9985910058021545
64,WESAD,WESAD:S4,Stress,0.9525189995765686,0.9978309273719788
65,WESAD,WESAD:S4,Stress,0.9076348543167114,0.9961473941802979
66,WESAD,WESAD:S4,Stress,0.8738200068473816,0.9928069114685059
67,WESAD,WESAD:S4,Stress,0.8285647034645081,0.9935774207115173
68,WESAD,WESAD:S4,Stress,0.8419670462608337,0.9978432655334473
69,WESAD,WESAD:S4,Stress,0.9454529881477356,0.9972243309020996
70,WESAD,WESAD:S4,Stress,0.9752295017242432,0.9987094402313232
71,WESAD,WESAD:S4,Stress,0.9331853985786438,0.9983518123626709
72,WESAD,WESAD:S4,Stress,0.9410672783851624,0.9770218729972839
73,WESAD,WESAD:S4,Stress,0.9042337536811829,0.962838351726532
74,WESAD,WESAD:S4,Stress,0.8937289714813232,0.9551616907119751
75,WESAD,WESAD:S4,Stress,0.7956193685531616,0.9937946796417236
76,WESAD,WESAD:S4,Stress,0.8020653128623962,0.9937946796417236
77,WESAD,WESAD:S4,Stress,0.7912542223930359,0.9978432655334473
78,WESAD,WESAD:S4,Stress,0.9072002172470093,0.99882572889328
79,WESAD,WESAD:S4,Stress,0.7609131336212158,0.9967063069343567
80,WESAD,WESAD:S4,Meditation,0.41374677419662476,0.0004138678777962923
81,WESAD,WESAD:S4,Meditation,0.36578699946403503,0.00087712676031515
82,WESAD,WESAD:S4,Meditation,0.3193086087703705,0.0007128544966690242
83,WESAD,WESAD:S4,Meditation,0.3006197214126587,0.0004138678777962923
84,WESAD,WESAD:S4,Meditation,0.18038780987262726,0.0004180121177341789
85,WESAD,WESAD:S4,Meditation,0.15251906216144562,0.00034355439129285514
86,WESAD,WESAD:S4,Meditation,0.19878557324409485,0.0006168322288431227
87,WESAD,WESAD:S4,Meditation,0.22891554236412048,0.0005690866382792592
88,WESAD,WESAD:S4,Meditation,0.3311344087123871,0.0006707052234560251
89,WESAD,WESAD:S4,Meditation,0.3258100748062134,0.0009619691991247237
90,WESAD,WESAD:S4,Meditation,0.3961515426635742,0.0009128772653639317
91,WESAD,WESAD:S4,Meditation,0.424094557762146,0.0028834613040089607
0,WESAD,WESAD:S5,Baseline,0.5296786427497864,0.13664880394935608
1,WESAD,WESAD:S5,Baseline,0.7325584888458252,0.5655751824378967
2,WESAD,WESAD:S5,Baseline,0.4140971302986145,0.2333219200372696
3,WESAD,WESAD:S5,Baseline,0.45921459794044495,0.01971416547894478
4,WESAD,WESAD:S5,Baseline,0.39457330107688904,0.2869446873664856
5,WESAD,WESAD:S5,Baseline,0.41849005222320557,0.11891695111989975
6,WESAD,WESAD:S5,Baseline,0.16956046223640442,0.0005684764473699033
7,WESAD,WESAD:S5,Baseline,0.17610803246498108,0.00044857978355139494
8,WESAD,WESAD:S5,Baseline,0.15973486006259918,0.0006082803010940552
9,WESAD,WESAD:S5,Baseline,0.2915288507938385,0.0038342769257724285
10,WESAD,WESAD:S5,Baseline,0.368347704410553,0.002672022208571434
11,WESAD,WESAD:S5,Baseline,0.3957213759422302,0.0024417811073362827
12,WESAD,WESAD:S5,Baseline,0.12659852206707,0.0002624316548462957
13,WESAD,WESAD:S5,Baseline,0.3672809302806854,0.0024417811073362827
14,WESAD,WESAD:S5,Baseline,0.21652276813983917,0.00025317398831248283
15,WESAD,WESAD:S5,Baseline,0.10436513274908066,0.0004434798320289701
16,WESAD,WESAD:S5,Baseline,0.09414543211460114,0.00030419250833801925
17,WESAD,WESAD:S5,Baseline,0.16857869923114777,0.00025119396741501987
18,WESAD,WESAD:S5,Baseline,0.14464285969734192,0.00023881708330009133
19,WESAD,WESAD:S5,Baseline,0.1632196456193924,0.0002910371986217797
20,WESAD,WESAD:S5,Baseline,0.1330537647008896,0.00031031836988404393
21,WESAD,WESAD:S5,Baseline,0.1517530083656311,0.00037768814945593476
22,WESAD,WESAD:S5,Baseline,0.32503196597099304,0.0022956272587180138
23,WESAD,WESAD:S5,Baseline,0.21754774451255798,0.00017921549442689866
24,WESAD,WESAD:S5,Baseline,0.2244543582201004,0.0019455862930044532
25,WESAD,WESAD:S5,Baseline,0.3510788083076477,0.003414002014324069
26,WESAD,WESAD:S5,Baseline,0.41143369674682617,0.002643803134560585
27,WESAD,WESAD:S5,Baseline,0.36184075474739075,0.0025484045036137104
28,WESAD,WESAD:S5,Baseline,0.3603123128414154,0.0025484045036137104
29,WESAD,WESAD:S5,Baseline,0.21591444313526154,0.0004083939711563289
30,WESAD,WESAD:S5,Baseline,0.13090945780277252,0.000624056498054415
31,WESAD,WESAD:S5,Baseline,0.17576704919338226,0.0005442197434604168
32,WESAD,WESAD:S5,Baseline,0.09629935026168823,0.0005350520368665457
33,WESAD,WESAD:S5,Baseline,0.1417403668165207,0.00037768814945593476
34,WESAD,WESAD:S5,Baseline,0.15923431515693665,0.0002642693289089948
35,WESAD,WESAD:S5,Baseline,0.09167076647281647,0.00029151426861062646
36,WESAD,WESAD:S5,Baseline,0.10164431482553482,0.0003619475173763931
37,WESAD,WESAD:S5,Baseline,0.1325683444738388,0.00024690284044481814
38,WESAD,WESAD:S5,Amusement,0.2819487750530243,0.0014822452794760466
39,WESAD,WESAD:S5,Amusement,0.5735815167427063,0.004634787794202566
40,WESAD,WESAD:S5,Amusement,0.6548172831535339,0.033224258571863174
41,WESAD,WESAD:S5,Amusement,0.329644113779068,0.002182787051424384
42,WESAD,WESAD:S5,Amusement,0.29759398102760315,0.0009276390774175525
43,WESAD,WESAD:S5,Amusement,0.42079639434814453,0.0007348056533373892
44,WESAD,WESAD:S5,Amusement,0.3607019782066345,0.0008604692411608994
45,WESAD,WESAD:S5,Amusement,0.3541540205478668,0.0009231911972165108
46,WESAD,WESAD:S5,Amusement,0.4025127589702606,0.0007565027917735279
47,WESAD,WESAD:S5,Amusement,0.11147471517324448,0.000427323131589219
48,WESAD,WESAD:S5,Amusement,0.12089616805315018,0.00043575683957897127
49,WESAD,WESAD:S5,Meditation,0.1948932707309723,0.11101928353309631
50,WESAD,WESAD:S5,Meditation,0.2954452633857727,0.05427762493491173
51,WESAD,WESAD:S5,Meditation,0.3240671753883362,0.03823591396212578
52,WESAD,WESAD:S5,Meditation,0.27999383211135864,0.046826064586639404
53,WESAD,WESAD:S5,Meditation,0.27986398339271545,0.009723423980176449
54,WESAD,WESAD:S5,Meditation,0.32750391960144043,0.011687671765685081
55,WESAD,WESAD:S5,Meditation,0.3621259331703186,0.006439759396016598
56,WESAD,WESAD:S5,Meditation,0.38789135217666626,0.004410785157233477
57,WESAD,WESAD:S5,Meditation,0.4547046720981598,0.004410785157233477
58,WESAD,WESAD:S5,Meditation,0.42491665482521057,0.004065983928740025
59,WESAD,WESAD:S5,Meditation,0.46880242228507996,0.004065983928740025
60,WESAD,WESAD:S5,Meditation,0.5391302704811096,0.003896113717928529
61,WESAD,WESAD:S5,Stress,0.8807566165924072,0.9966548681259155
62,WESAD,WESAD:S5,Stress,0.8814744353294373,0.9979104399681091
63,WESAD,WESAD:S5,Stress,0.7136601805686951,0.9968016147613525
64,WESAD,WESAD:S5,Stress,0.8664460778236389,0.9982879757881165
65,WESAD,WESAD:S5,Stress,0.9193242192268372,0.9978616833686829
66,WESAD,WESAD:S5,Stress,0.9459896087646484,0.998554527759552
67,WESAD,WESAD:S5,Stress,0.9542754292488098,0.9984954595565796
68,WESAD,WESAD:S5,Stress,0.9424917101860046,0.999176561832428
69,WESAD,WESAD:S5,Stress,0.6990190744400024,0.9876483678817749
70,WESAD,WESAD:S5,Stress,0.8001569509506226,0.9906104207038879
71,WESAD,WESAD:S5,Stress,0.9209755063056946,0.9993300437927246
72,WESAD,WESAD:S5,Stress,0.9396606683731079,0.9992801547050476
73,WESAD,WESAD:S5,Stress,0.8418735861778259,0.9981426000595093
74,WESAD,WESAD:S5,Stress,0.9258890151977539,0.9987233281135559
75,WESAD,WESAD:S5,Stress,0.9562878608703613,0.9983805418014526
76,WESAD,WESAD:S5,Stress,0.9304829239845276,0.9983038902282715
77,WESAD,WESAD:S5,Stress,0.9118135571479797,0.9970864653587341
78,WESAD,WESAD:S5,Stress,0.9118135571479797,0.9950651526451111
79,WESAD,WESAD:S5,Stress,0.9220210909843445,0.9954238533973694
80,WESAD,WESAD:S5,Stress,0.8159511089324951,0.9932217597961426
81,WESAD,WESAD:S5,Meditation,0.37379202246665955,0.010922404937446117
82,WESAD,WESAD:S5,Meditation,0.34767693281173706,0.006439759396016598
83,WESAD,WESAD:S5,Meditation,0.3766704201698303,0.004335734061896801
84,WESAD,WESAD:S5,Meditation,0.4908791482448578,0.004145721904933453
85,WESAD,WESAD:S5,Meditation,0.44934558868408203,0.0052193282172083855
86,WESAD,WESAD:S5,Meditation,0.4752638339996338,0.0043264273554086685
87,WESAD,WESAD:S5,Meditation,0.437223345041275,0.0043264273554086685
88,WESAD,WESAD:S5,Meditation,0.41710031032562256,0.007071628700941801
89,WESAD,WESAD:S5,Meditation,0.437223345041275,0.006777042523026466
90,WESAD,WESAD:S5,Meditation,0.4580165445804596,0.0074651287868618965
91,WESAD,WESAD:S5,Meditation,0.4580165445804596,0.0074651287868618965
92,WESAD,WESAD:S5,Meditation,0.43558335304260254,0.0074651287868618965
0,WESAD,WESAD:S6,Baseline,0.5485696792602539,0.010935057885944843
1,WESAD,WESAD:S6,Baseline,0.223331019282341,0.0032093008048832417
2,WESAD,WESAD:S6,Baseline,0.21772485971450806,0.0011888665612787008
3,WESAD,WESAD:S6,Baseline,0.46031665802001953,0.0007596322102472186
4,WESAD,WESAD:S6,Baseline,0.16004471480846405,0.0005960338748991489
5,WESAD,WESAD:S6,Baseline,0.10779351741075516,0.0004996436182409525
6,WESAD,WESAD:S6,Baseline,0.1458362340927124,0.0005158925196155906
7,WESAD,WESAD:S6,Baseline,0.12451217323541641,0.0004388340166769922
8,WESAD,WESAD:S6,Baseline,0.10389281809329987,0.0002836558560375124
9,WESAD,WESAD:S6,Baseline,0.14080406725406647,0.00021946652850601822
10,WESAD,WESAD:S6,Baseline,0.14588968455791473,0.00031761598074808717
11,WESAD,WESAD:S6,Baseline,0.1804601103067398,0.0003326708683744073
12,WESAD,WESAD:S6,Baseline,0.13027215003967285,0.0002935795928351581
13,WESAD,WESAD:S6,Baseline,0.1240294948220253,0.0002935795928351581
14,WESAD,WESAD:S6,Baseline,0.07690000534057617,0.00035680647124536335
15,WESAD,WESAD:S6,Baseline,0.10895352065563202,0.0013783356407657266
16,WESAD,WESAD:S6,Baseline,0.07041763514280319,0.002181317890062928
17,WESAD,WESAD:S6,Baseline,0.10636752098798752,0.000442006450612098
18,WESAD,WESAD:S6,Baseline,0.0723356083035469,0.0004657308745663613
19,WESAD,WESAD:S6,Baseline,0.08972786366939545,0.0003883483004756272
20,WESAD,WESAD:S6,Baseline,0.1422865390777588,0.00044008030090481043
21,WESAD,WESAD:S6,Baseline,0.15238884091377258,0.0002655640710145235
22,WESAD,WESAD:S6,Baseline,0.1447078287601471,0.0010385796194896102
23,WESAD,WESAD:S6,Baseline,0.2841629981994629,0.000368372886441648
24,WESAD,WESAD:S6,Baseline,0.46338799595832825,0.0056967707350850105
25,WESAD,WESAD:S6,Baseline,0.1968250423669815,0.001801874372176826
26,WESAD,WESAD:S6,Baseline,0.09961748123168945,0.00036865886067971587
27,WESAD,WESAD:S6,Baseline,0.13168413937091827,0.0004010122793260962
28,WESAD,WESAD:S6,Baseline,0.14763040840625763,0.023137453943490982
29,WESAD,WESAD:S6,Baseline,0.08802683651447296,0.0007797427824698389
30,WESAD,WESAD:S6,Baseline,0.11679037660360336,0.011926879175007343
31,WESAD,WESAD:S6,Baseline,0.5811399817466736,0.01347863208502531
32,WESAD,WESAD:S6,Baseline,0.37696799635887146,0.008701392449438572
33,WESAD,WESAD:S6,Baseline,0.2179979383945465,0.0003718002699315548
34,WESAD,WESAD:S6,Baseline,0.11350458115339279,0.0003718002699315548
35,WESAD,WESAD:S6,Baseline,0.1230761706829071,0.0004583288391586393
36,WESAD,WESAD:S6,Baseline,0.21798543632030487,0.0008398823556490242
37,WESAD,WESAD:S6,Baseline,0.0868896022439003,0.0002871977922040969
38,WESAD,WESAD:S6,Stress,0.9035274386405945,0.9990049004554749
39,WESAD,WESAD:S6,Stress,0.9169436097145081,0.9994931221008301
40,WESAD,WESAD:S6,Stress,0.9188909530639648,0.9982786178588867
41,WESAD,WESAD:S6,Stress,0.87092524766922,0.9979017972946167
42,WESAD,WESAD:S6,Stress,0.9557181000709534,0.9993473887443542
43,WESAD,WESAD:S6,Stress,0.9612363576889038,0.9995561242103577
44,WESAD,WESAD:S6,Stress,0.8757587671279907,0.9987938404083252
45,WESAD,WESAD:S6,Stress,0.774039626121521,0.9960556030273438
46,WESAD,WESAD:S6,Stress,0.9385530352592468,0.9995725750923157
47,WESAD,WESAD:S6,Stress,0.9580199122428894,0.9993473887443542
48,WESAD,WESAD:S6,Stress,0.7818320989608765,0.9986019730567932
49,WESAD,WESAD:S6,Stress,0.8841115832328796,0.9990841150283813
50,WESAD,WESAD:S6,Stress,0.8590759038925171,0.9980689883232117
51,WESAD,WESAD:S6,Stress,0.9150939583778381,0.9988947510719299
52,WESAD,WESAD:S6,Stress,0.9683651924133301,0.9960094690322876
53,WESAD,WESAD:S6,Stress,0.7834282517433167,0.9965225458145142
54,WESAD,WESAD:S6,Stress,0.9311769604682922,0.9991661310195923
55,WESAD,WESAD:S6,Stress,0.9314216375350952,0.9991394281387329
56,WESAD,WESAD:S6,Stress,0.7721340656280518,0.9964115023612976
57,WESAD,WESAD:S6,Stress,0.479002445936203,0.994419276714325
58,WESAD,WESAD:S6,Meditation,0.19669857621192932,0.0005011666216887534
59,WESAD,WESAD:S6,Meditation,0.19430585205554962,0.00042066461173817515
60,WESAD,WESAD:S6,Meditation,0.33358240127563477,0.0003962715563829988
61,WESAD,WESAD:S6,Meditation,0.15499691665172577,0.0004968915600329638
62,WESAD,WESAD:S6,Meditation,0.20507477223873138,0.0005399961373768747
63,WESAD,WESAD:S6,Meditation,0.4178594946861267,0.0005399961373768747
64,WESAD,WESAD:S6,Meditation,0.362012654542923,0.0005155631806701422
65,WESAD,WESAD:S6,Meditation,0.35559970140457153,0.00043156996252946556
66,WESAD,WESAD:S6,Meditation,0.6255735754966736,0.004697843920439482
67,WESAD,WESAD:S6,Meditation,0.25712868571281433,0.0022915168665349483
68,WESAD,WESAD:S6,Meditation,0.20975853502750397,0.0004328777431510389
69,WESAD,WESAD:S6,Meditation,0.2649056315422058,0.0003672720049507916
70,WESAD,WESAD:S6,Amusement,0.23003976047039032,0.20062100887298584
71,WESAD,WESAD:S6,Amusement,0.46277016401290894,0.040861066430807114
72,WESAD,WESAD:S6,Amusement,0.5070161819458008,0.7764288783073425
73,WESAD,WESAD:S6,Amusement,0.5315996408462524,0.04086172580718994
74,WESAD,WESAD:S6,Amusement,0.5439659953117371,0.1665651500225067
75,WESAD,WESAD:S6,Amusement,0.5177875757217407,0.044551871716976166
76,WESAD,WESAD:S6,Amusement,0.20889627933502197,0.0004977410426363349
77,WESAD,WESAD:S6,Amusement,0.3674762547016144,0.005381905008107424
78,WESAD,WESAD:S6,Amusement,0.2393481284379959,0.0007192951161414385
79,WESAD,WESAD:S6,Amusement,0.2087250053882599,0.0004832203558180481
80,WESAD,WESAD:S6,Amusement,0.2304447740316391,0.0008576309774070978
81,WESAD,WESAD:S6,Meditation,0.5779291987419128,0.8530608415603638
82,WESAD,WESAD:S6,Meditation,0.15636233985424042,0.1738102287054062
83,WESAD,WESAD:S6,Meditation,0.10082046687602997,0.00582098588347435
84,WESAD,WESAD:S6,Meditation,0.10574045032262802,0.004621522501111031
85,WESAD,WESAD:S6,Meditation,0.1332482099533081,0.0023793354630470276
86,WESAD,WESAD:S6,Meditation,0.11120962351560593,0.0018060876755043864
87,WESAD,WESAD:S6,Meditation,0.07347547262907028,0.004828060511499643
88,WESAD,WESAD:S6,Meditation,0.06913115084171295,0.00048079947009682655
89,WESAD,WESAD:S6,Meditation,0.5150974988937378,0.6735198497772217
90,WESAD,WESAD:S6,Meditation,0.2941325604915619,0.020957816392183304
91,WESAD,WESAD:S6,Meditation,0.40962833166122437,0.0011624874314293265
92,WESAD,WESAD:S6,Meditation,0.5561656951904297,0.0006495595443993807
0,WESAD,WESAD:S7,Baseline,0.5990298390388489,0.7396180629730225
1,WESAD,WESAD:S7,Baseline,0.44310876727104187,0.30017998814582825
2,WESAD,WESAD:S7,Baseline,0.38901543617248535,0.005679825786501169
3,WESAD,WESAD:S7,Baseline,0.5735092759132385,0.003905040677636862
4,WESAD,WESAD:S7,Baseline,0.505842924118042,0.014661167748272419
5,WESAD,WESAD:S7,Baseline,0.3117939233779907,0.0024145678617060184
6,WESAD,WESAD:S7,Baseline,0.5823610424995422,0.0017419271171092987
7,WESAD,WESAD:S7,Baseline,0.7828795909881592,0.006123857572674751
8,WESAD,WESAD:S7,Baseline,0.6345331072807312,0.0035237916745245457
9,WESAD,WESAD:S7,Baseline,0.4735851585865021,0.0005572121008299291
10,WESAD,WESAD:S7,Baseline,0.5210193991661072,0.0006325997528620064
11,WESAD,WESAD:S7,Baseline,0.31971484422683716,0.0008166066254489124
12,WESAD,WESAD:S7,Baseline,0.5859360694885254,0.004293721169233322
13,WESAD,WESAD:S7,Baseline,0.6272858381271362,0.009118638001382351
14,WESAD,WESAD:S7,Baseline,0.18100714683532715,0.0013058852637186646
15,WESAD,WESAD:S7,Baseline,0.16318346560001373,0.001141275861300528
16,WESAD,WESAD:S7,Baseline,0.34219834208488464,0.013216446153819561
17,WESAD,WESAD:S7,Baseline,0.4218468964099884,0.01126387994736433
18,WESAD,WESAD:S7,Baseline,0.4372771680355072,0.002618368249386549
19,WESAD,WESAD:S7,Baseline,0.6520150899887085,0.0005354507593438029
20,WESAD,WESAD:S7,Baseline,0.5659675002098083,0.0013268409529700875
21,WESAD,WESAD:S7,Baseline,0.5482140779495239,0.001122243469581008
22,WESAD,WESAD:S7,Baseline,0.5898220539093018,0.0005200791056267917
23,WESAD,WESAD:S7,Baseline,0.45961570739746094,0.0033036358654499054
24,WESAD,WESAD:S7,Baseline,0.07305563241243362,0.000539403292350471
25,WESAD,WESAD:S7,Baseline,0.05085577443242073,0.0008508802275173366
26,WESAD,WESAD:S7,Baseline,0.17485599219799042,0.0052117551676929
27,WESAD,WESAD:S7,Baseline,0.10475623607635498,0.0010256852256134152
28,WESAD,WESAD:S7,Baseline,0.3958094120025635,0.0008035501232370734
29,WESAD,WESAD:S7,Baseline,0.385060578584671,0.002915546065196395
30,WESAD,WESAD:S7,Baseline,0.4363114535808563,0.0005024672136642039
31,WESAD,WESAD:S7,Baseline,0.3511624038219452,0.0006069949013181031
32,WESAD,WESAD:S7,Baseline,0.508503258228302,0.0022433088161051273
33,WESAD,WESAD:S7,Baseline,0.22624346613883972,0.010990440845489502
34,WESAD,WESAD:S7,Baseline,0.11472257226705551,0.0006539348978549242
35,WESAD,WESAD:S7,Baseline,0.1303301751613617,0.0002856137871276587
36,WESAD,WESAD:S7,Baseline,0.09988474100828171,0.0009122233605012298
37,WESAD,WESAD:S7,Baseline,0.05854268744587898,0.0005812622839584947
38,WESAD,WESAD:S7,Amusement,0.22454243898391724,0.0028629330918192863
39,WESAD,WESAD:S7,Amusement,0.22681820392608643,0.029456771910190582
40,WESAD,WESAD:S7,Amusement,0.4313315153121948,0.04408297687768936
41,WESAD,WESAD:S7,Amusement,0.18309055268764496,0.0011951676569879055
42,WESAD,WESAD:S7,Amusement,0.14915040135383606,0.0006686016567982733
43,WESAD,WESAD:S7,Amusement,0.16211874783039093,0.0003377591201569885
44,WESAD,WESAD:S7,Amusement,0.13552318513393402,0.0003971905680373311
45,WESAD,WESAD:S7,Amusement,0.1095225065946579,0.0004135076014790684
46,WESAD,WESAD:S7,Amusement,0.08797871321439743,0.00025194953195750713
47,WESAD,WESAD:S7,Amusement,0.06372064352035522,0.00030347323627211154
48,WESAD,WESAD:S7,Amusement,0.08684210479259491,0.00026041152887046337
49,WESAD,WESAD:S7,Meditation,0.17006810009479523,0.00022186354908626527
50,WESAD,WESAD:S7,Meditation,0.09407233446836472,0.0004135076014790684
51,WESAD,WESAD:S7,Meditation,0.09632991999387741,0.0004955583717674017
52,WESAD,WESAD:S7,Meditation,0.08955001831054688,0.0002902524429373443
53,WESAD,WESAD:S7,Meditation,0.12273183465003967,0.0002902524429373443
54,WESAD,WESAD:S7,Meditation,0.14032861590385437,0.0005108109908178449
55,WESAD,WESAD:S7,Meditation,0.11320076882839203,0.00046180898789316416
56,WESAD,WESAD:S7,Meditation,0.11093819886445999,0.00020935724023729563
57,WESAD,WESAD:S7,Meditation,0.11151573807001114,0.00021905780886299908
58,WESAD,WESAD:S7,Meditation,0.1467226892709732,0.00020915752975270152
59,WESAD,WESAD:S7,Meditation,0.12223732471466064,0.00019352052186150104
60,WESAD,WESAD:S7,Meditation,0.1209837943315506,0.0002017705119214952
61,WESAD,WESAD:S7,Stress,0.9657292366027832,0.9989432692527771
62,WESAD,WESAD:S7,Stress,0.9654909372329712,0.999035120010376
63,WESAD,WESAD:S7,Stress,0.9163501262664795,0.9984784722328186
64,WESAD,WESAD:S7,Stress,0.8725192546844482,0.9975348711013794
65,WESAD,WESAD:S7,Stress,0.9210461974143982,0.998286783695221
66,WESAD,WESAD:S7,Stress,0.8444757461547852,0.9967935681343079
67,WESAD,WESAD:S7,Stress,0.8702211976051331,0.9949700236320496
68,WESAD,WESAD:S7,Stress,0.9272077679634094,0.997901439666748
69,WESAD,WESAD:S7,Stress,0.8515915870666504,0.9970508813858032
70,WESAD,WESAD:S7,Stress,0.9194386601448059,0.9981672763824463
71,WESAD,WESAD:S7,Stress,0.9466491341590881,0.9994358420372009
72,WESAD,WESAD:S7,Stress,0.8652727603912354,0.9979879856109619
73,WESAD,WESAD:S7,Stress,0.9364338517189026,0.999150276184082
74,WESAD,WESAD:S7,Stress,0.9092363119125366,0.9993664622306824
75,WESAD,WESAD:S7,Stress,0.8300608396530151,0.9194034934043884
76,WESAD,WESAD:S7,Stress,0.8647122979164124,0.9954574108123779
77,WESAD,WESAD:S7,Stress,0.8792109489440918,0.9991858601570129
78,WESAD,WESAD:S7,Stress,0.898856520652771,0.9993316531181335
79,WESAD,WESAD:S7,Stress,0.8367304801940918,0.9962100982666016
80,WESAD,WESAD:S7,Stress,0.7083873748779297,0.9978691339492798
81,WESAD,WESAD:S7,Meditation,0.5391302704811096,0.0035903719253838062
82,WESAD,WESAD:S7,Meditation,0.5914115309715271,0.0040665557608008385
83,WESAD,WESAD:S7,Meditation,0.584351658821106,0.003628702601417899
84,WESAD,WESAD:S7,Meditation,0.300409197807312,0.0005868473090231419
85,WESAD,WESAD:S7,Meditation,0.28375035524368286,0.0003799071710091084
86,WESAD,WESAD:S7,Meditation,0.3117842376232147,0.00037507727392949164
87,WESAD,WESAD:S7,Meditation,0.30099084973335266,0.0003291445318609476
88,WESAD,WESAD:S7,Meditation,0.2241467982530594,0.00034321279963478446
89,WESAD,WESAD:S7,Meditation,0.29570141434669495,0.00026685543707571924
90,WESAD,WESAD:S7,Meditation,0.316889226436615,0.00026926342980004847
91,WESAD,WESAD:S7,Meditation,0.3240639269351959,0.00034650720772333443
92,WESAD,WESAD:S7,Meditation,0.31962093710899353,0.0015005962923169136
0,WESAD,WESAD:S8,Baseline,0.07103066146373749,0.018417850136756897
1,WESAD,WESAD:S8,Baseline,0.13073109090328217,0.0035971691831946373
2,WESAD,WESAD:S8,Baseline,0.09948907047510147,0.001438560662791133
3,WESAD,WESAD:S8,Baseline,0.06194762885570526,0.003947073128074408
4,WESAD,WESAD:S8,Baseline,0.0473247729241848,0.0013528990093618631
5,WESAD,WESAD:S8,Baseline,0.06581206619739532,0.0013379972660914063
6,WESAD,WESAD:S8,Baseline,0.10966777056455612,0.0009602843201719224
7,WESAD,WESAD:S8,Baseline,0.05564796179533005,0.0006949562230147421
8,WESAD,WESAD:S8,Baseline,0.2330547422170639,0.0009563650237396359
9,WESAD,WESAD:S8,Baseline,0.3180356025695801,0.0007431293488480151
10,WESAD,WESAD:S8,Baseline,0.4224519729614258,0.0006907997885718942
11,WESAD,WESAD:S8,Baseline,0.4358797073364258,0.0008432619506493211
12,WESAD,WESAD:S8,Baseline,0.2854807376861572,0.00037439458537846804
13,WESAD,WESAD:S8,Baseline,0.18532265722751617,0.0002988936612382531
14,WESAD,WESAD:S8,Baseline,0.4595061242580414,0.00045691351988352835
15,WESAD,WESAD:S8,Baseline,0.8407043218612671,0.0014723044587299228
16,WESAD,WESAD:S8,Baseline,0.5606586337089539,0.0013276346726343036
17,WESAD,WESAD:S8,Baseline,0.283955842256546,0.0003867240739054978
18,WESAD,WESAD:S8,Baseline,0.1382545828819275,0.00039524800376966596
19,WESAD,WESAD:S8,Baseline,0.26481130719184875,0.0002974762173835188
20,WESAD,WESAD:S8,Baseline,0.4401891529560089,0.0014478430384770036
21,WESAD,WESAD:S8,Baseline,0.29085859656333923,0.0021083371248096228
22,WESAD,WESAD:S8,Baseline,0.4648374021053314,0.0010253520449623466
23,WESAD,WESAD:S8,Baseline,0.6035799384117126,0.0020804270170629025
24,WESAD,WESAD:S8,Baseline,0.6217846870422363,0.0007641136180609465
25,WESAD,WESAD:S8,Baseline,0.26098400354385376,0.0009037046111188829
26,WESAD,WESAD:S8,Baseline,0.4729257822036743,0.0011050649918615818
27,WESAD,WESAD:S8,Baseline,0.5509446263313293,0.0005119274137541652
28,WESAD,WESAD:S8,Baseline,0.3695979416370392,0.00029589503537863493
29,WESAD,WESAD:S8,Baseline,0.3452865779399872,0.00026635901303961873
30,WESAD,WESAD:S8,Baseline,0.300487756729126,0.0002221560716861859
31,WESAD,WESAD:S8,Baseline,0.23203502595424652,0.00023413381131831557
32,WESAD,WESAD:S8,Baseline,0.21562030911445618,0.00023282352776732296
33,WESAD,WESAD:S8,Baseline,0.22527003288269043,0.0002401743404334411
34,WESAD,WESAD:S8,Baseline,0.2351928949356079,0.0002529413904994726
35,WESAD,WESAD:S8,Baseline,0.1813356876373291,0.00024255545577034354
36,WESAD,WESAD:S8,Baseline,0.11156395822763443,0.0001732139935484156
37,WESAD,WESAD:S8,Amusement,0.1433272659778595,0.00015064481704030186
38,WESAD,WESAD:S8,Amusement,0.11638983339071274,0.0016118698986247182
39,WESAD,WESAD:S8,Amusement,0.16746965050697327,0.0018884814344346523
40,WESAD,WESAD:S8,Amusement,0.13978905975818634,0.0003091100952588022
41,WESAD,WESAD:S8,Amusement,0.18805475533008575,0.001944326562806964
42,WESAD,WESAD:S8,Amusement,0.25632116198539734,0.0024874829687178135
43,WESAD,WESAD:S8,Amusement,0.1787169873714447,0.002298015868291259
44,WESAD,WESAD:S8,Amusement,0.23360583186149597,0.00023350892297457904
45,WESAD,WESAD:S8,Amusement,0.2161509245634079,0.00024174462305381894
46,WESAD,WESAD:S8,Amusement,0.1922173947095871,0.00018119836749974638
47,WESAD,WESAD:S8,Amusement,0.1812516450881958,0.000277419836493209
48,WESAD,WESAD:S8,Meditation,0.1883733570575714,0.002703815931454301
49,WESAD,WESAD:S8,Meditation,0.13474029302597046,0.00028323696460574865
50,WESAD,WESAD:S8,Meditation,0.13924072682857513,0.0002738730690907687
51,WESAD,WESAD:S8,Meditation,0.19416436553001404,0.00023574192891828716
52,WESAD,WESAD:S8,Meditation,0.17983998358249664,0.00015087395149748772
53,WESAD,WESAD:S8,Meditation,0.20138205587863922,0.0002221260074293241
54,WESAD,WESAD:S8,Meditation,0.16997362673282623,0.00023390933347400278
55,WESAD,WESAD:S8,Meditation,0.20666523277759552,0.00018779061792884022
56,WESAD,WESAD:S8,Meditation,0.22814533114433289,0.00018779061792884022
57,WESAD,WESAD:S8,Meditation,0.1725759506225586,0.0002770601131487638
58,WESAD,WESAD:S8,Meditation,0.19511184096336365,0.0006895244587212801
59,WESAD,WESAD:S8,Meditation,0.14272210001945496,0.0002514453371986747
60,WESAD,WESAD:S8,Stress,0.7717952132225037,0.9874520897865295
61,WESAD,WESAD:S8,Stress,0.8754376173019409,0.9969416260719299
62,WESAD,WESAD:S8,Stress,0.9192466139793396,0.9987185001373291
63,WESAD,WESAD:S8,Stress,0.9138946533203125,0.9986069798469543
64,WESAD,WESAD:S8,Stress,0.8344835042953491,0.9979089498519897
65,WESAD,WESAD:S8,Stress,0.8809109926223755,0.9976229071617126
66,WESAD,WESAD:S8,Stress,0.9216481447219849,0.9983997941017151
67,WESAD,WESAD:S8,Stress,0.9689167737960815,0.9988390803337097
68,WESAD,WESAD:S8,Stress,0.9372237324714661,0.9984985589981079
69,WESAD,WESAD:S8,Stress,0.8671581745147705,0.9973574280738831
70,WESAD,WESAD:S8,Stress,0.8498080372810364,0.995751142501831
71,WESAD,WESAD:S8,Stress,0.8204621076583862,0.9955028891563416
72,WESAD,WESAD:S8,Stress,0.8044668436050415,0.9961326122283936
73,WESAD,WESAD:S8,Stress,0.9416429400444031,0.9988971948623657
74,WESAD,WESAD:S8,Stress,0.9322717189788818,0.9992341995239258
75,WESAD,WESAD:S8,Stress,0.9379249215126038,0.9987437129020691
76,WESAD,WESAD:S8,Stress,0.8920117020606995,0.9983192086219788
77,WESAD,WESAD:S8,Stress,0.5880064964294434,0.9685229659080505
78,WESAD,WESAD:S8,Stress,0.7585911154747009,0.9960274696350098
79,WESAD,WESAD:S8,Stress,0.8609002828598022,0.9983204007148743
80,WESAD,WESAD:S8,Stress,0.9009135365486145,0.998531699180603
81,WESAD,WESAD:S8,Meditation,0.37128034234046936,0.0007327777566388249
82,WESAD,WESAD:S8,Meditation,0.2899426817893982,0.0008664779015816748
83,WESAD,WESAD:S8,Meditation,0.17824946343898773,0.0004598548111971468
84,WESAD,WESAD:S8,Meditation,0.17053432762622833,0.000315977493301034
85,WESAD,WESAD:S8,Meditation,0.4210982322692871,0.000315977493301034
86,WESAD,WESAD:S8,Meditation,0.3638431131839752,0.00021043392189312726
87,WESAD,WESAD:S8,Meditation,0.23709352314472198,0.00020639099238906056
88,WESAD,WESAD:S8,Meditation,0.24899296462535858,0.00021536852000281215
89,WESAD,WESAD:S8,Meditation,0.4074098467826843,0.0003656766493804753
90,WESAD,WESAD:S8,Meditation,0.39583858847618103,0.0003736016515176743
91,WESAD,WESAD:S8,Meditation,0.42373520135879517,0.0006798633257858455
92,WESAD,WESAD:S8,Meditation,0.7867934107780457,0.016330167651176453
0,WESAD,WESAD:S9,Baseline,0.21991337835788727,0.005962125491350889
1,WESAD,WESAD:S9,Baseline,0.1635545939207077,0.0016234887298196554
2,WESAD,WESAD:S9,Baseline,0.32825738191604614,0.0011240296298637986
3,WESAD,WESAD:S9,Baseline,0.21221376955509186,0.0004588544834405184
4,WESAD,WESAD:S9,Baseline,0.2075270116329193,0.0008726539672352374
5,WESAD,WESAD:S9,Baseline,0.1203557476401329,0.0006451217923313379
6,WESAD,WESAD:S9,Baseline,0.2102382779121399,0.0003617603797465563
7,WESAD,WESAD:S9,Baseline,0.20035520195960999,0.00031951599521562457
8,WESAD,WESAD:S9,Baseline,0.27559083700180054,0.0001974975602934137
9,WESAD,WESAD:S9,Baseline,0.11156326532363892,0.0003022106538992375
10,WESAD,WESAD:S9,Baseline,0.09185002744197845,0.0006395676755346358
11,WESAD,WESAD:S9,Baseline,0.11808791011571884,0.00044408353278413415
12,WESAD,WESAD:S9,Baseline,0.13921426236629486,0.00032015630858950317
13,WESAD,WESAD:S9,Baseline,0.15873607993125916,0.00026961666299030185
14,WESAD,WESAD:S9,Baseline,0.18021085858345032,0.00034903871710412204
15,WESAD,WESAD:S9,Baseline,0.07892557233572006,0.0007558214711025357
16,WESAD,WESAD:S9,Baseline,0.1648300588130951,0.001875889953225851
17,WESAD,WESAD:S9,Baseline,0.30514833331108093,0.2787494659423828
18,WESAD,WESAD:S9,Baseline,0.15572808682918549,0.0008803424425423145
19,WESAD,WESAD:S9,Baseline,0.18656709790229797,0.0003471832606010139
20,WESAD,WESAD:S9,Baseline,0.186716690659523,0.002247139345854521
21,WESAD,WESAD:S9,Baseline,0.21952764689922333,0.006682378705590963
22,WESAD,WESAD:S9,Baseline,0.13463333249092102,0.001270930515602231
23,WESAD,WESAD:S9,Baseline,0.10895558446645737,0.00018867471953853965
24,WESAD,WESAD:S9,Baseline,0.14495523273944855,0.00019531456928234547
25,WESAD,WESAD:S9,Baseline,0.1565476357936859,0.0011405276600271463
26,WESAD,WESAD:S9,Baseline,0.09181652218103409,0.001088928896933794
27,WESAD,WESAD:S9,Baseline,0.08130757510662079,0.0009602042846381664
28,WESAD,WESAD:S9,Baseline,0.09720490872859955,0.0012721149250864983
29,WESAD,WESAD:S9,Baseline,0.09442594647407532,0.0002780102950055152
30,WESAD,WESAD:S9,Baseline,0.0942806676030159,0.00023673410760238767
31,WESAD,WESAD:S9,Baseline,0.09246719628572464,0.002208386780694127
32,WESAD,WESAD:S9,Baseline,0.10877373814582825,0.0027680734638124704
33,WESAD,WESAD:S9,Baseline,0.09076204895973206,0.00020271501853130758
34,WESAD,WESAD:S9,Baseline,0.09143350273370743,0.00027370965108275414
35,WESAD,WESAD:S9,Baseline,0.12346665561199188,0.0003195071476511657
36,WESAD,WESAD:S9,Baseline,0.24305939674377441,0.003670864040032029
37,WESAD,WESAD:S9,Baseline,0.5616142749786377,0.007323752623051405
38,WESAD,WESAD:S9,Stress,0.7999267578125,0.9791492819786072
39,WESAD,WESAD:S9,Stress,0.8491538166999817,0.9953792095184326
40,WESAD,WESAD:S9,Stress,0.9193679094314575,0.9994931221008301
41,WESAD,WESAD:S9,Stress,0.9110100865364075,0.9994931221008301
42,WESAD,WESAD:S9,Stress,0.9393568634986877,0.9988343119621277
43,WESAD,WESAD:S9,Stress,0.9145724773406982,0.9987534284591675
44,WESAD,WESAD:S9,Stress,0.9113147854804993,0.9982041120529175
45,WESAD,WESAD:S9,Stress,0.9465811848640442,0.9991018772125244
46,WESAD,WESAD:S9,Stress,0.9164554476737976,0.9982119798660278
47,WESAD,WESAD:S9,Stress,0.8861162066459656,0.9939327836036682
48,WESAD,WESAD:S9,Stress,0.8481265902519226,0.9898273944854736
49,WESAD,WESAD:S9,Stress,0.9289115071296692,0.9939045310020447
50,WESAD,WESAD:S9,Stress,0.8229464292526245,0.9260554909706116
51,WESAD,WESAD:S9,Stress,0.5900100469589233,0.6962868571281433
52,WESAD,WESAD:S9,Stress,0.738690972328186,0.9330919981002808
53,WESAD,WESAD:S9,Stress,0.8773426413536072,0.9581144452095032
54,WESAD,WESAD:S9,Stress,0.8841782808303833,0.9881311655044556
55,WESAD,WESAD:S9,Stress,0.8349234461784363,0.9912785887718201
56,WESAD,WESAD:S9,Stress,0.7536134123802185,0.9918084740638733
57,WESAD,WESAD:S9,Stress,0.7286350131034851,0.5898002982139587
58,WESAD,WESAD:S9,Meditation,0.16205354034900665,0.0005360111827030778
59,WESAD,WESAD:S9,Meditation,0.12441150844097137,0.0004644033615477383
60,WESAD,WESAD:S9,Meditation,0.13754186034202576,0.0006119057070463896
61,WESAD,WESAD:S9,Meditation,0.1490197628736496,0.0005947372410446405
62,WESAD,WESAD:S9,Meditation,0.14223499596118927,0.0007710566278547049
63,WESAD,WESAD:S9,Meditation,0.1085515022277832,0.0007834765128791332
64,WESAD,WESAD:S9,Meditation,0.14388172328472137,0.0006861452711746097
65,WESAD,WESAD:S9,Meditation,0.14773382246494293,0.0006192818400450051
66,WESAD,WESAD:S9,Meditation,0.35494858026504517,0.0010155858471989632
67,WESAD,WESAD:S9,Meditation,0.3485791087150574,0.001186820794828236
68,WESAD,WESAD:S9,Meditation,0.17467151582241058,0.0005070419865660369
69,WESAD,WESAD:S9,Meditation,0.24004700779914856,0.000772832368966192
70,WESAD,WESAD:S9,Amusement,0.784522294998169,0.0012604119256138802
71,WESAD,WESAD:S9,Amusement,0.7420305609703064,0.0009591541020199656
72,WESAD,WESAD:S9,Amusement,0.8776255249977112,0.05216958001255989
73,WESAD,WESAD:S9,Amusement,0.7320538759231567,0.034070760011672974
74,WESAD,WESAD:S9,Amusement,0.7151607871055603,0.020030133426189423
75,WESAD,WESAD:S9,Amusement,0.8889620900154114,0.058528315275907516
76,WESAD,WESAD:S9,Amusement,0.9136481285095215,0.03473931550979614
77,WESAD,WESAD:S9,Amusement,0.9345155954360962,0.07868427038192749
78,WESAD,WESAD:S9,Amusement,0.9555830955505371,0.07262769341468811
79,WESAD,WESAD:S9,Amusement,0.9260523319244385,0.03473931550979614
80,WESAD,WESAD:S9,Amusement,0.8920460343360901,0.03933129459619522
81,WESAD,WESAD:S9,Meditation,0.09818341583013535,0.0004611416661646217
82,WESAD,WESAD:S9,Meditation,0.09308362752199173,0.00043258548248559237
83,WESAD,WESAD:S9,Meditation,0.08045190572738647,0.0005637900903820992
84,WESAD,WESAD:S9,Meditation,0.08862481266260147,0.0010382235050201416
85,WESAD,WESAD:S9,Meditation,0.06995435804128647,0.000907416979316622
86,WESAD,WESAD:S9,Meditation,0.09388139098882675,0.0011116781970486045
87,WESAD,WESAD:S9,Meditation,0.08762294799089432,0.0011467448202893138
88,WESAD,WESAD:S9,Meditation,0.12966880202293396,0.001481357729062438
89,WESAD,WESAD:S9,Meditation,0.1595168262720108,0.0011467448202893138
90,WESAD,WESAD:S9,Meditation,0.17460346221923828,0.0011873133480548859
91,WESAD,WESAD:S9,Meditation,0.10840800404548645,0.0004800329334102571
92,WESAD,WESAD:S9,Meditation,0.1625031679868698,0.0003846714389510453
0,EPM-E4,EPM-E4:1,Anger,0.036077696830034256,
1,EPM-E4,EPM-E4:1,Fear,0.6729050278663635,
2,EPM-E4,EPM-E4:1,Fear,0.31357070803642273,
3,EPM-E4,EPM-E4:1,Fear,0.46553224325180054,
4,EPM-E4,EPM-E4:1,Fear,0.4585277736186981,
5,EPM-E4,EPM-E4:1,Fear,0.34902477264404297,
6,EPM-E4,EPM-E4:1,Fear,0.13262732326984406,
7,EPM-E4,EPM-E4:1,Fear,0.12320601940155029,
8,EPM-E4,EPM-E4:1,Fear,0.2127351015806198,
9,EPM-E4,EPM-E4:1,Fear,0.21794185042381287,
10,EPM-E4,EPM-E4:1,Fear,0.23562118411064148,
11,EPM-E4,EPM-E4:1,Fear,0.5883962512016296,
12,EPM-E4,EPM-E4:1,Fear,0.511390745639801,
13,EPM-E4,EPM-E4:1,Happiness,0.49067723751068115,
14,EPM-E4,EPM-E4:1,Happiness,0.566222071647644,
15,EPM-E4,EPM-E4:1,Happiness,0.6040807366371155,
16,EPM-E4,EPM-E4:1,Happiness,0.4511861801147461,
17,EPM-E4,EPM-E4:1,Happiness,0.5835583806037903,
18,EPM-E4,EPM-E4:1,Happiness,0.31953203678131104,
19,EPM-E4,EPM-E4:1,Happiness,0.3117382526397705,
20,EPM-E4,EPM-E4:1,Happiness,0.4585431218147278,
21,EPM-E4,EPM-E4:1,Happiness,0.5078607797622681,
22,EPM-E4,EPM-E4:1,Sadness,0.30134740471839905,
23,EPM-E4,EPM-E4:1,Sadness,0.3197333514690399,
24,EPM-E4,EPM-E4:1,Sadness,0.16220636665821075,
25,EPM-E4,EPM-E4:1,Sadness,0.13004536926746368,
0,EPM-E4,EPM-E4:2,Anger,0.23465771973133087,
1,EPM-E4,EPM-E4:2,Fear,0.12350338697433472,
2,EPM-E4,EPM-E4:2,Fear,0.1254616677761078,
3,EPM-E4,EPM-E4:2,Fear,0.39553162455558777,
4,EPM-E4,EPM-E4:2,Fear,0.683993399143219,
5,EPM-E4,EPM-E4:2,Fear,0.565627932548523,
6,EPM-E4,EPM-E4:2,Fear,0.5915848612785339,
7,EPM-E4,EPM-E4:2,Fear,0.2469397336244583,
8,EPM-E4,EPM-E4:2,Fear,0.39784711599349976,
9,EPM-E4,EPM-E4:2,Fear,0.900528073310852,
10,EPM-E4,EPM-E4:2,Fear,0.6594595313072205,
11,EPM-E4,EPM-E4:2,Fear,0.48542195558547974,
12,EPM-E4,EPM-E4:2,Fear,0.48609423637390137,
13,EPM-E4,EPM-E4:2,Happiness,0.24023036658763885,
14,EPM-E4,EPM-E4:2,Happiness,0.33142393827438354,
15,EPM-E4,EPM-E4:2,Happiness,0.12182590365409851,
16,EPM-E4,EPM-E4:2,Happiness,0.25782790780067444,
17,EPM-E4,EPM-E4:2,Happiness,0.20288266241550446,
18,EPM-E4,EPM-E4:2,Happiness,0.2643086016178131,
19,EPM-E4,EPM-E4:2,Happiness,0.04323796182870865,
20,EPM-E4,EPM-E4:2,Happiness,0.0979965552687645,
21,EPM-E4,EPM-E4:2,Happiness,0.10019336640834808,
22,EPM-E4,EPM-E4:2,Sadness,0.3205837309360504,
23,EPM-E4,EPM-E4:2,Sadness,0.418873131275177,
24,EPM-E4,EPM-E4:2,Sadness,0.358023077249527,
25,EPM-E4,EPM-E4:2,Sadness,0.39054322242736816,
0,EPM-E4,EPM-E4:12,Anger,0.42067447304725647,
1,EPM-E4,EPM-E4:12,Fear,0.10444135218858719,
2,EPM-E4,EPM-E4:12,Fear,0.26164358854293823,
3,EPM-E4,EPM-E4:12,Fear,0.636758029460907,
4,EPM-E4,EPM-E4:12,Fear,0.4727075695991516,
5,EPM-E4,EPM-E4:12,Fear,0.48306113481521606,
6,EPM-E4,EPM-E4:12,Fear,0.7410616278648376,
7,EPM-E4,EPM-E4:12,Fear,0.4598489999771118,
8,EPM-E4,EPM-E4:12,Fear,0.557389497756958,
9,EPM-E4,EPM-E4:12,Fear,0.5433173775672913,
10,EPM-E4,EPM-E4:12,Fear,0.24591496586799622,
11,EPM-E4,EPM-E4:12,Fear,0.15028561651706696,
12,EPM-E4,EPM-E4:12,Happiness,0.3968663513660431,
13,EPM-E4,EPM-E4:12,Happiness,0.3540019094944,
14,EPM-E4,EPM-E4:12,Happiness,0.5304601192474365,
15,EPM-E4,EPM-E4:12,Happiness,0.3585304319858551,
16,EPM-E4,EPM-E4:12,Happiness,0.2579028010368347,
17,EPM-E4,EPM-E4:12,Happiness,0.34684669971466064,
18,EPM-E4,EPM-E4:12,Happiness,0.2792576551437378,
19,EPM-E4,EPM-E4:12,Happiness,0.2491970658302307,
20,EPM-E4,EPM-E4:12,Happiness,0.17338258028030396,
21,EPM-E4,EPM-E4:12,Sadness,0.4346103072166443,
22,EPM-E4,EPM-E4:12,Sadness,0.16325482726097107,
23,EPM-E4,EPM-E4:12,Sadness,0.23999327421188354,
24,EPM-E4,EPM-E4:12,Sadness,0.12625795602798462,
0,EPM-E4,EPM-E4:14,Anger,0.5111414790153503,
1,EPM-E4,EPM-E4:14,Fear,0.814382791519165,
2,EPM-E4,EPM-E4:14,Fear,0.6498814225196838,
3,EPM-E4,EPM-E4:14,Fear,0.7168152332305908,
4,EPM-E4,EPM-E4:14,Fear,0.887092649936676,
5,EPM-E4,EPM-E4:14,Fear,0.9188617467880249,
6,EPM-E4,EPM-E4:14,Fear,0.8321433067321777,
7,EPM-E4,EPM-E4:14,Fear,0.553573727607727,
8,EPM-E4,EPM-E4:14,Fear,0.4948003590106964,
9,EPM-E4,EPM-E4:14,Fear,0.2027091085910797,
10,EPM-E4,EPM-E4:14,Fear,0.24556191265583038,
11,EPM-E4,EPM-E4:14,Fear,0.3200737237930298,
12,EPM-E4,EPM-E4:14,Fear,0.16452890634536743,
13,EPM-E4,EPM-E4:14,Happiness,0.14576497673988342,
14,EPM-E4,EPM-E4:14,Happiness,0.12130565196275711,
15,EPM-E4,EPM-E4:14,Happiness,0.17622283101081848,
16,EPM-E4,EPM-E4:14,Happiness,0.11001649498939514,
17,EPM-E4,EPM-E4:14,Happiness,0.0515197291970253,
18,EPM-E4,EPM-E4:14,Happiness,0.13362891972064972,
19,EPM-E4,EPM-E4:14,Happiness,0.11466463655233383,
20,EPM-E4,EPM-E4:14,Happiness,0.26411834359169006,
21,EPM-E4,EPM-E4:14,Happiness,0.8164787292480469,
22,EPM-E4,EPM-E4:14,Sadness,0.144280344247818,
23,EPM-E4,EPM-E4:14,Sadness,0.07222874462604523,
24,EPM-E4,EPM-E4:14,Sadness,0.06631805747747421,
25,EPM-E4,EPM-E4:14,Sadness,0.02932649292051792,
0,EPM-E4,EPM-E4:15,Anger,0.499218612909317,
1,EPM-E4,EPM-E4:15,Fear,0.2744280695915222,
2,EPM-E4,EPM-E4:15,Fear,0.5036296248435974,
3,EPM-E4,EPM-E4:15,Fear,0.6052154898643494,
4,EPM-E4,EPM-E4:15,Fear,0.4099034368991852,
5,EPM-E4,EPM-E4:15,Fear,0.2109384983778,
6,EPM-E4,EPM-E4:15,Fear,0.31272760033607483,
7,EPM-E4,EPM-E4:15,Fear,0.5008873343467712,
8,EPM-E4,EPM-E4:15,Fear,0.2657427191734314,
9,EPM-E4,EPM-E4:15,Fear,0.07663779705762863,
10,EPM-E4,EPM-E4:15,Fear,0.016041651368141174,
11,EPM-E4,EPM-E4:15,Fear,0.039966925978660583,
12,EPM-E4,EPM-E4:15,Fear,0.05212399363517761,
13,EPM-E4,EPM-E4:15,Happiness,0.40749847888946533,
14,EPM-E4,EPM-E4:15,Happiness,0.19059042632579803,
15,EPM-E4,EPM-E4:15,Happiness,0.3631618320941925,
16,EPM-E4,EPM-E4:15,Happiness,0.19406266510486603,
17,EPM-E4,EPM-E4:15,Happiness,0.15347692370414734,
18,EPM-E4,EPM-E4:15,Happiness,0.2238907366991043,
19,EPM-E4,EPM-E4:15,Happiness,0.25650539994239807,
20,EPM-E4,EPM-E4:15,Happiness,0.40876004099845886,
21,EPM-E4,EPM-E4:15,Happiness,0.15725702047348022,
22,EPM-E4,EPM-E4:15,Sadness,0.8812723755836487,
23,EPM-E4,EPM-E4:15,Sadness,0.34850260615348816,
24,EPM-E4,EPM-E4:15,Sadness,0.21973970532417297,
25,EPM-E4,EPM-E4:15,Sadness,0.7924772500991821,
0,EPM-E4,EPM-E4:16,Anger,0.33021825551986694,
1,EPM-E4,EPM-E4:16,Fear,0.07132229954004288,
2,EPM-E4,EPM-E4:16,Fear,0.17454960942268372,
3,EPM-E4,EPM-E4:16,Fear,0.4463029205799103,
4,EPM-E4,EPM-E4:16,Fear,0.5265036821365356,
5,EPM-E4,EPM-E4:16,Fear,0.4359673261642456,
6,EPM-E4,EPM-E4:16,Fear,0.367824524641037,
7,EPM-E4,EPM-E4:16,Fear,0.14630581438541412,
8,EPM-E4,EPM-E4:16,Fear,0.5778356790542603,
9,EPM-E4,EPM-E4:16,Fear,0.5608762502670288,
10,EPM-E4,EPM-E4:16,Fear,0.5029247403144836,
11,EPM-E4,EPM-E4:16,Fear,0.39704740047454834,
12,EPM-E4,EPM-E4:16,Fear,0.5140291452407837,
13,EPM-E4,EPM-E4:16,Happiness,0.274871289730072,
14,EPM-E4,EPM-E4:16,Happiness,0.18298768997192383,
15,EPM-E4,EPM-E4:16,Happiness,0.19214260578155518,
16,EPM-E4,EPM-E4:16,Happiness,0.19220924377441406,
17,EPM-E4,EPM-E4:16,Happiness,0.17247232794761658,
18,EPM-E4,EPM-E4:16,Happiness,0.16746416687965393,
19,EPM-E4,EPM-E4:16,Happiness,0.29185056686401367,
20,EPM-E4,EPM-E4:16,Happiness,0.23956584930419922,
21,EPM-E4,EPM-E4:16,Happiness,0.28900146484375,
22,EPM-E4,EPM-E4:16,Sadness,0.23405121266841888,
23,EPM-E4,EPM-E4:16,Sadness,0.3478330075740814,
24,EPM-E4,EPM-E4:16,Sadness,0.49382632970809937,
25,EPM-E4,EPM-E4:16,Sadness,0.654451847076416,
0,EPM-E4,EPM-E4:24,Anger,0.8535826206207275,
1,EPM-E4,EPM-E4:24,Fear,0.24808278679847717,
2,EPM-E4,EPM-E4:24,Fear,0.19626066088676453,
3,EPM-E4,EPM-E4:24,Fear,0.44510504603385925,
4,EPM-E4,EPM-E4:24,Fear,0.4495984613895416,
5,EPM-E4,EPM-E4:24,Fear,0.19922854006290436,
6,EPM-E4,EPM-E4:24,Fear,0.053049687296152115,
7,EPM-E4,EPM-E4:24,Fear,0.13224579393863678,
8,EPM-E4,EPM-E4:24,Fear,0.11053301393985748,
9,EPM-E4,EPM-E4:24,Fear,0.054415199905633926,
10,EPM-E4,EPM-E4:24,Fear,0.2704755365848541,
11,EPM-E4,EPM-E4:24,Fear,0.09217465668916702,
12,EPM-E4,EPM-E4:24,Fear,0.0690300241112709,
13,EPM-E4,EPM-E4:24,Happiness,0.29607099294662476,
14,EPM-E4,EPM-E4:24,Happiness,0.22834482789039612,
15,EPM-E4,EPM-E4:24,Happiness,0.27152323722839355,
16,EPM-E4,EPM-E4:24,Happiness,0.19730494916439056,
17,EPM-E4,EPM-E4:24,Happiness,0.6499952673912048,
18,EPM-E4,EPM-E4:24,Happiness,0.7767244577407837,
19,EPM-E4,EPM-E4:24,Happiness,0.9321215152740479,
20,EPM-E4,EPM-E4:24,Happiness,0.9282166957855225,
21,EPM-E4,EPM-E4:24,Happiness,0.9136677980422974,
22,EPM-E4,EPM-E4:24,Sadness,0.8780136108398438,
23,EPM-E4,EPM-E4:24,Sadness,0.8281510472297668,
24,EPM-E4,EPM-E4:24,Sadness,0.46101588010787964,
25,EPM-E4,EPM-E4:24,Sadness,0.3413233757019043,
0,EPM-E4,EPM-E4:25,Anger,0.5235432982444763,
1,EPM-E4,EPM-E4:25,Fear,0.04107225686311722,
2,EPM-E4,EPM-E4:25,Fear,0.7486467957496643,
3,EPM-E4,EPM-E4:25,Fear,0.827030599117279,
4,EPM-E4,EPM-E4:25,Fear,0.8284845948219299,
5,EPM-E4,EPM-E4:25,Fear,0.7603999376296997,
6,EPM-E4,EPM-E4:25,Fear,0.5054804682731628,
7,EPM-E4,EPM-E4:25,Fear,0.4923214912414551,
8,EPM-E4,EPM-E4:25,Fear,0.2942631244659424,
9,EPM-E4,EPM-E4:25,Fear,0.04147244989871979,
10,EPM-E4,EPM-E4:25,Fear,0.05159091204404831,
11,EPM-E4,EPM-E4:25,Fear,0.06498182564973831,
12,EPM-E4,EPM-E4:25,Fear,0.22699137032032013,
13,EPM-E4,EPM-E4:25,Happiness,0.8269177675247192,
14,EPM-E4,EPM-E4:25,Happiness,0.6190819144248962,
15,EPM-E4,EPM-E4:25,Happiness,0.5130224823951721,
16,EPM-E4,EPM-E4:25,Happiness,0.4546636939048767,
17,EPM-E4,EPM-E4:25,Happiness,0.3041190505027771,
18,EPM-E4,EPM-E4:25,Happiness,0.07921503484249115,
19,EPM-E4,EPM-E4:25,Happiness,0.3923034071922302,
20,EPM-E4,EPM-E4:25,Happiness,0.09750816226005554,
21,EPM-E4,EPM-E4:25,Happiness,0.03065468929708004,
22,EPM-E4,EPM-E4:25,Sadness,0.4772500991821289,
23,EPM-E4,EPM-E4:25,Sadness,0.2856645882129669,
24,EPM-E4,EPM-E4:25,Sadness,0.3453201949596405,
25,EPM-E4,EPM-E4:25,Sadness,0.2459956705570221,
0,EPM-E4,EPM-E4:34,Anger,0.600771963596344,
1,EPM-E4,EPM-E4:34,Fear,0.8958186507225037,
2,EPM-E4,EPM-E4:34,Fear,0.6328574419021606,
3,EPM-E4,EPM-E4:34,Fear,0.4211186170578003,
4,EPM-E4,EPM-E4:34,Fear,0.3264075815677643,
5,EPM-E4,EPM-E4:34,Fear,0.2477663904428482,
6,EPM-E4,EPM-E4:34,Fear,0.12081991881132126,
7,EPM-E4,EPM-E4:34,Fear,0.14885343611240387,
8,EPM-E4,EPM-E4:34,Fear,0.21399982273578644,
9,EPM-E4,EPM-E4:34,Fear,0.34685972332954407,
10,EPM-E4,EPM-E4:34,Fear,0.37328198552131653,
11,EPM-E4,EPM-E4:34,Fear,0.1318720430135727,
12,EPM-E4,EPM-E4:34,Fear,0.1272360235452652,
13,EPM-E4,EPM-E4:34,Happiness,0.8157463669776917,
14,EPM-E4,EPM-E4:34,Happiness,0.7000845670700073,
15,EPM-E4,EPM-E4:34,Happiness,0.5377389788627625,
16,EPM-E4,EPM-E4:34,Happiness,0.4197106957435608,
17,EPM-E4,EPM-E4:34,Happiness,0.29853343963623047,
18,EPM-E4,EPM-E4:34,Happiness,0.21231162548065186,
19,EPM-E4,EPM-E4:34,Happiness,0.5779987573623657,
20,EPM-E4,EPM-E4:34,Happiness,0.869579017162323,
21,EPM-E4,EPM-E4:34,Happiness,0.6199305057525635,
22,EPM-E4,EPM-E4:34,Sadness,0.6776658296585083,
23,EPM-E4,EPM-E4:34,Sadness,0.6819849014282227,
24,EPM-E4,EPM-E4:34,Sadness,0.6175872087478638,
25,EPM-E4,EPM-E4:34,Sadness,0.44788748025894165,
0,EPM-E4,EPM-E4:36,Anger,0.741184651851654,
1,EPM-E4,EPM-E4:36,Fear,0.26960816979408264,
2,EPM-E4,EPM-E4:36,Fear,0.19225645065307617,
3,EPM-E4,EPM-E4:36,Fear,0.10741016268730164,
4,EPM-E4,EPM-E4:36,Fear,0.10076380521059036,
5,EPM-E4,EPM-E4:36,Fear,0.15670379996299744,
6,EPM-E4,EPM-E4:36,Fear,0.24151724576950073,
7,EPM-E4,EPM-E4:36,Fear,0.3095306158065796,
8,EPM-E4,EPM-E4:36,Fear,0.42261284589767456,
9,EPM-E4,EPM-E4:36,Fear,0.25800663232803345,
10,EPM-E4,EPM-E4:36,Fear,0.23117618262767792,
11,EPM-E4,EPM-E4:36,Fear,0.16250240802764893,
12,EPM-E4,EPM-E4:36,Fear,0.14068537950515747,
13,EPM-E4,EPM-E4:36,Happiness,0.12167300283908844,
14,EPM-E4,EPM-E4:36,Happiness,0.062070854008197784,
15,EPM-E4,EPM-E4:36,Happiness,0.06704627722501755,
16,EPM-E4,EPM-E4:36,Happiness,0.05794597044587135,
17,EPM-E4,EPM-E4:36,Happiness,0.1330689638853073,
18,EPM-E4,EPM-E4:36,Happiness,0.1006721630692482,
19,EPM-E4,EPM-E4:36,Happiness,0.17351362109184265,
20,EPM-E4,EPM-E4:36,Happiness,0.24532052874565125,
21,EPM-E4,EPM-E4:36,Happiness,0.18718835711479187,
22,EPM-E4,EPM-E4:36,Sadness,0.22966435551643372,
23,EPM-E4,EPM-E4:36,Sadness,0.6841959953308105,
24,EPM-E4,EPM-E4:36,Sadness,0.8180105090141296,
25,EPM-E4,EPM-E4:36,Sadness,0.9226298928260803,
0,EPM-E4,EPM-E4:45,Anger,0.5571262240409851,
1,EPM-E4,EPM-E4:45,Fear,0.10578658431768417,
2,EPM-E4,EPM-E4:45,Fear,0.14066293835639954,
3,EPM-E4,EPM-E4:45,Fear,0.6892598867416382,
4,EPM-E4,EPM-E4:45,Fear,0.8213279247283936,
5,EPM-E4,EPM-E4:45,Fear,0.5301709175109863,
6,EPM-E4,EPM-E4:45,Fear,0.5475388169288635,
7,EPM-E4,EPM-E4:45,Fear,0.09921582788228989,
8,EPM-E4,EPM-E4:45,Fear,0.2045753300189972,
9,EPM-E4,EPM-E4:45,Fear,0.40164437890052795,
10,EPM-E4,EPM-E4:45,Fear,0.5007154941558838,
11,EPM-E4,EPM-E4:45,Fear,0.5163399577140808,
12,EPM-E4,EPM-E4:45,Fear,0.642357587814331,
13,EPM-E4,EPM-E4:45,Happiness,0.45967352390289307,
14,EPM-E4,EPM-E4:45,Happiness,0.5626890063285828,
15,EPM-E4,EPM-E4:45,Happiness,0.3515417277812958,
16,EPM-E4,EPM-E4:45,Happiness,0.07003573328256607,
17,EPM-E4,EPM-E4:45,Happiness,0.05945347994565964,
18,EPM-E4,EPM-E4:45,Happiness,0.21200896799564362,
19,EPM-E4,EPM-E4:45,Happiness,0.0991174727678299,
20,EPM-E4,EPM-E4:45,Happiness,0.11045943945646286,
21,EPM-E4,EPM-E4:45,Happiness,0.04214443638920784,
22,EPM-E4,EPM-E4:45,Sadness,0.1378243863582611,
23,EPM-E4,EPM-E4:45,Sadness,0.0982147827744484,
24,EPM-E4,EPM-E4:45,Sadness,0.16902010142803192,
25,EPM-E4,EPM-E4:45,Sadness,0.31964296102523804,
0,EPM-E4,EPM-E4:47,Anger,0.40931379795074463,
1,EPM-E4,EPM-E4:47,Fear,0.049189791083335876,
2,EPM-E4,EPM-E4:47,Fear,0.06142677739262581,
3,EPM-E4,EPM-E4:47,Fear,0.0719195082783699,
4,EPM-E4,EPM-E4:47,Fear,0.06614431738853455,
5,EPM-E4,EPM-E4:47,Fear,0.06619936227798462,
6,EPM-E4,EPM-E4:47,Fear,0.0714755579829216,
7,EPM-E4,EPM-E4:47,Fear,0.11012273281812668,
8,EPM-E4,EPM-E4:47,Fear,0.1008513793349266,
9,EPM-E4,EPM-E4:47,Fear,0.16807740926742554,
10,EPM-E4,EPM-E4:47,Fear,0.14577561616897583,
11,EPM-E4,EPM-E4:47,Fear,0.11354165524244308,
12,EPM-E4,EPM-E4:47,Fear,0.12072794139385223,
13,EPM-E4,EPM-E4:47,Happiness,0.8952876329421997,
14,EPM-E4,EPM-E4:47,Happiness,0.8012698888778687,
15,EPM-E4,EPM-E4:47,Happiness,0.8400383591651917,
16,EPM-E4,EPM-E4:47,Happiness,0.6907240748405457,
17,EPM-E4,EPM-E4:47,Happiness,0.8599160313606262,
18,EPM-E4,EPM-E4:47,Happiness,0.7380830645561218,
19,EPM-E4,EPM-E4:47,Happiness,0.729927122592926,
20,EPM-E4,EPM-E4:47,Happiness,0.6880218386650085,
21,EPM-E4,EPM-E4:47,Happiness,0.5802985429763794,
22,EPM-E4,EPM-E4:47,Sadness,0.7803932428359985,
23,EPM-E4,EPM-E4:47,Sadness,0.8641493320465088,
24,EPM-E4,EPM-E4:47,Sadness,0.8453837633132935,
25,EPM-E4,EPM-E4:47,Sadness,0.830662190914154,
0,EPM-E4,EPM-E4:49,Anger,0.8507073521614075,
1,EPM-E4,EPM-E4:49,Fear,0.1770865023136139,
2,EPM-E4,EPM-E4:49,Fear,0.03341715410351753,
3,EPM-E4,EPM-E4:49,Fear,0.01015448197722435,
4,EPM-E4,EPM-E4:49,Fear,0.11427056789398193,
5,EPM-E4,EPM-E4:49,Fear,0.10477384179830551,
6,EPM-E4,EPM-E4:49,Fear,0.00913191307336092,
7,EPM-E4,EPM-E4:49,Fear,0.015649663284420967,
8,EPM-E4,EPM-E4:49,Fear,0.09126736968755722,
9,EPM-E4,EPM-E4:49,Fear,0.08508952707052231,
10,EPM-E4,EPM-E4:49,Fear,0.4500989317893982,
11,EPM-E4,EPM-E4:49,Fear,0.505061149597168,
12,EPM-E4,EPM-E4:49,Fear,0.49131879210472107,
13,EPM-E4,EPM-E4:49,Happiness,0.7475931644439697,
14,EPM-E4,EPM-E4:49,Happiness,0.49202030897140503,
15,EPM-E4,EPM-E4:49,Happiness,0.7065491080284119,
16,EPM-E4,EPM-E4:49,Happiness,0.7002393007278442,
17,EPM-E4,EPM-E4:49,Happiness,0.7237175703048706,
18,EPM-E4,EPM-E4:49,Happiness,0.805325448513031,
19,EPM-E4,EPM-E4:49,Happiness,0.8845378756523132,
20,EPM-E4,EPM-E4:49,Happiness,0.7335578799247742,
21,EPM-E4,EPM-E4:49,Happiness,0.44671133160591125,
22,EPM-E4,EPM-E4:49,Sadness,0.5703766942024231,
23,EPM-E4,EPM-E4:49,Sadness,0.09370818734169006,
24,EPM-E4,EPM-E4:49,Sadness,0.24672448635101318,
25,EPM-E4,EPM-E4:49,Sadness,0.22241398692131042,
0,EPM-E4,EPM-E4:55,Anger,0.4915947914123535,
1,EPM-E4,EPM-E4:55,Fear,0.48703187704086304,
2,EPM-E4,EPM-E4:55,Fear,0.3093450367450714,
3,EPM-E4,EPM-E4:55,Fear,0.2565326392650604,
4,EPM-E4,EPM-E4:55,Fear,0.02568029798567295,
5,EPM-E4,EPM-E4:55,Fear,0.023176398128271103,
6,EPM-E4,EPM-E4:55,Fear,0.22185169160366058,
7,EPM-E4,EPM-E4:55,Fear,0.3770036995410919,
8,EPM-E4,EPM-E4:55,Fear,0.0738411545753479,
9,EPM-E4,EPM-E4:55,Fear,0.08190061897039413,
10,EPM-E4,EPM-E4:55,Fear,0.07449153065681458,
11,EPM-E4,EPM-E4:55,Fear,0.12774375081062317,
12,EPM-E4,EPM-E4:55,Fear,0.08553945273160934,
13,EPM-E4,EPM-E4:55,Happiness,0.8842322826385498,
14,EPM-E4,EPM-E4:55,Happiness,0.16401691734790802,
15,EPM-E4,EPM-E4:55,Happiness,0.04972045123577118,
16,EPM-E4,EPM-E4:55,Happiness,0.3682381212711334,
17,EPM-E4,EPM-E4:55,Happiness,0.10073348134756088,
18,EPM-E4,EPM-E4:55,Happiness,0.7990503311157227,
19,EPM-E4,EPM-E4:55,Happiness,0.9840203523635864,
20,EPM-E4,EPM-E4:55,Happiness,0.9215279221534729,
21,EPM-E4,EPM-E4:55,Happiness,0.491633802652359,
22,EPM-E4,EPM-E4:55,Sadness,0.7945955991744995,
23,EPM-E4,EPM-E4:55,Sadness,0.35852736234664917,
24,EPM-E4,EPM-E4:55,Sadness,0.336571604013443,
25,EPM-E4,EPM-E4:55,Sadness,0.6611000895500183,
0,EPM-E4,EPM-E4:76,Anger,0.11396145820617676,
1,EPM-E4,EPM-E4:76,Fear,0.5588951110839844,
2,EPM-E4,EPM-E4:76,Fear,0.8423936367034912,
3,EPM-E4,EPM-E4:76,Fear,0.7206712365150452,
4,EPM-E4,EPM-E4:76,Fear,0.7478908896446228,
5,EPM-E4,EPM-E4:76,Fear,0.7965570092201233,
6,EPM-E4,EPM-E4:76,Fear,0.7623080015182495,
7,EPM-E4,EPM-E4:76,Fear,0.9293150305747986,
8,EPM-E4,EPM-E4:76,Fear,0.649787962436676,
9,EPM-E4,EPM-E4:76,Fear,0.6685588955879211,
10,EPM-E4,EPM-E4:76,Fear,0.5516057014465332,
11,EPM-E4,EPM-E4:76,Fear,0.6067503690719604,
12,EPM-E4,EPM-E4:76,Fear,0.888011634349823,
13,EPM-E4,EPM-E4:76,Happiness,0.040729258209466934,
14,EPM-E4,EPM-E4:76,Happiness,0.023529844358563423,
15,EPM-E4,EPM-E4:76,Happiness,0.017781905829906464,
16,EPM-E4,EPM-E4:76,Happiness,0.012125286273658276,
17,EPM-E4,EPM-E4:76,Happiness,0.013893106952309608,
18,EPM-E4,EPM-E4:76,Happiness,0.013307278975844383,
19,EPM-E4,EPM-E4:76,Happiness,0.010126663371920586,
20,EPM-E4,EPM-E4:76,Happiness,0.012387010268867016,
21,EPM-E4,EPM-E4:76,Happiness,0.013363097794353962,
22,EPM-E4,EPM-E4:76,Sadness,0.1526005119085312,
23,EPM-E4,EPM-E4:76,Sadness,0.14278295636177063,
24,EPM-E4,EPM-E4:76,Sadness,0.5308550000190735,
25,EPM-E4,EPM-E4:76,Sadness,0.6009673476219177,
0,EPM-E4,EPM-E4:77,Anger,0.7678612470626831,
1,EPM-E4,EPM-E4:77,Fear,0.2658102512359619,
2,EPM-E4,EPM-E4:77,Fear,0.6038633584976196,
3,EPM-E4,EPM-E4:77,Fear,0.658499002456665,
4,EPM-E4,EPM-E4:77,Fear,0.8357992768287659,
5,EPM-E4,EPM-E4:77,Fear,0.5426190495491028,
6,EPM-E4,EPM-E4:77,Fear,0.4765719473361969,
7,EPM-E4,EPM-E4:77,Fear,0.8378278613090515,
8,EPM-E4,EPM-E4:77,Fear,0.8382675647735596,
9,EPM-E4,EPM-E4:77,Fear,0.6624300479888916,
10,EPM-E4,EPM-E4:77,Fear,0.08884759992361069,
11,EPM-E4,EPM-E4:77,Fear,0.7048149704933167,
12,EPM-E4,EPM-E4:77,Fear,0.6842733025550842,
13,EPM-E4,EPM-E4:77,Happiness,0.10883698612451553,
14,EPM-E4,EPM-E4:77,Happiness,0.07576852291822433,
15,EPM-E4,EPM-E4:77,Happiness,0.11160548776388168,
16,EPM-E4,EPM-E4:77,Happiness,0.03816615790128708,
17,EPM-E4,EPM-E4:77,Happiness,0.024007780477404594,
18,EPM-E4,EPM-E4:77,Happiness,0.02642064169049263,
19,EPM-E4,EPM-E4:77,Happiness,0.02671075239777565,
20,EPM-E4,EPM-E4:77,Happiness,0.060722608119249344,
21,EPM-E4,EPM-E4:77,Happiness,0.04151551052927971,
22,EPM-E4,EPM-E4:77,Sadness,0.8403091430664062,
23,EPM-E4,EPM-E4:77,Sadness,0.8939958214759827,
24,EPM-E4,EPM-E4:77,Sadness,0.7194294929504395,
25,EPM-E4,EPM-E4:77,Sadness,0.6835501790046692,
0,EPM-E4,EPM-E4:79,Anger,0.38383057713508606,
1,EPM-E4,EPM-E4:79,Fear,0.1387028843164444,
2,EPM-E4,EPM-E4:79,Fear,0.6793677806854248,
3,EPM-E4,EPM-E4:79,Fear,0.5861164927482605,
4,EPM-E4,EPM-E4:79,Fear,0.4503355920314789,
5,EPM-E4,EPM-E4:79,Fear,0.5980701446533203,
6,EPM-E4,EPM-E4:79,Fear,0.3808034360408783,
7,EPM-E4,EPM-E4:79,Fear,0.10933936387300491,
8,EPM-E4,EPM-E4:79,Fear,0.2033817321062088,
9,EPM-E4,EPM-E4:79,Fear,0.25176385045051575,
10,EPM-E4,EPM-E4:79,Fear,0.28606346249580383,
11,EPM-E4,EPM-E4:79,Fear,0.3340492844581604,
12,EPM-E4,EPM-E4:79,Fear,0.04884948208928108,
13,EPM-E4,EPM-E4:79,Happiness,0.09767475724220276,
14,EPM-E4,EPM-E4:79,Happiness,0.10382957011461258,
15,EPM-E4,EPM-E4:79,Happiness,0.12295731157064438,
16,EPM-E4,EPM-E4:79,Happiness,0.47685933113098145,
17,EPM-E4,EPM-E4:79,Happiness,0.6232196688652039,
18,EPM-E4,EPM-E4:79,Happiness,0.42756760120391846,
19,EPM-E4,EPM-E4:79,Happiness,0.14143416285514832,
20,EPM-E4,EPM-E4:79,Happiness,0.2489352524280548,
21,EPM-E4,EPM-E4:79,Happiness,0.2966122031211853,
22,EPM-E4,EPM-E4:79,Sadness,0.6488944292068481,
23,EPM-E4,EPM-E4:79,Sadness,0.7659350633621216,
24,EPM-E4,EPM-E4:79,Sadness,0.7688179612159729,
25,EPM-E4,EPM-E4:79,Sadness,0.2573678493499756,
0,EPM-E4,EPM-E4:81,Anger,0.6025452017784119,
1,EPM-E4,EPM-E4:81,Fear,0.17217609286308289,
2,EPM-E4,EPM-E4:81,Fear,0.7287548184394836,
3,EPM-E4,EPM-E4:81,Fear,0.44524499773979187,
4,EPM-E4,EPM-E4:81,Fear,0.8096188306808472,
5,EPM-E4,EPM-E4:81,Fear,0.14793820679187775,
6,EPM-E4,EPM-E4:81,Fear,0.12880751490592957,
7,EPM-E4,EPM-E4:81,Fear,0.5530645251274109,
8,EPM-E4,EPM-E4:81,Fear,0.7223852872848511,
9,EPM-E4,EPM-E4:81,Fear,0.7434176206588745,
10,EPM-E4,EPM-E4:81,Fear,0.7084272503852844,
11,EPM-E4,EPM-E4:81,Fear,0.8094435334205627,
12,EPM-E4,EPM-E4:81,Fear,0.7761918902397156,
13,EPM-E4,EPM-E4:81,Happiness,0.13391044735908508,
14,EPM-E4,EPM-E4:81,Happiness,0.0402851477265358,
15,EPM-E4,EPM-E4:81,Happiness,0.1688825935125351,
16,EPM-E4,EPM-E4:81,Happiness,0.16322730481624603,
17,EPM-E4,EPM-E4:81,Happiness,0.16600041091442108,
18,EPM-E4,EPM-E4:81,Happiness,0.02826905995607376,
19,EPM-E4,EPM-E4:81,Happiness,0.009880853816866875,
20,EPM-E4,EPM-E4:81,Happiness,0.024050675332546234,
21,EPM-E4,EPM-E4:81,Happiness,0.0840730145573616,
22,EPM-E4,EPM-E4:81,Sadness,0.4134671986103058,
23,EPM-E4,EPM-E4:81,Sadness,0.3266505002975464,
24,EPM-E4,EPM-E4:81,Sadness,0.3143702447414398,
25,EPM-E4,EPM-E4:81,Sadness,0.8932027220726013,
0,EPM-E4,EPM-E4:86,Anger,0.397178053855896,
1,EPM-E4,EPM-E4:86,Fear,0.6276033520698547,
2,EPM-E4,EPM-E4:86,Fear,0.4919900894165039,
3,EPM-E4,EPM-E4:86,Fear,0.5670652985572815,
4,EPM-E4,EPM-E4:86,Fear,0.290037602186203,
5,EPM-E4,EPM-E4:86,Fear,0.5030871629714966,
6,EPM-E4,EPM-E4:86,Fear,0.3901580274105072,
7,EPM-E4,EPM-E4:86,Fear,0.6315878033638,
8,EPM-E4,EPM-E4:86,Fear,0.23201386630535126,
9,EPM-E4,EPM-E4:86,Fear,0.5318067669868469,
10,EPM-E4,EPM-E4:86,Fear,0.2983074486255646,
11,EPM-E4,EPM-E4:86,Fear,0.1346343606710434,
12,EPM-E4,EPM-E4:86,Fear,0.2220580279827118,
13,EPM-E4,EPM-E4:86,Happiness,0.6965621113777161,
14,EPM-E4,EPM-E4:86,Happiness,0.6281110048294067,
15,EPM-E4,EPM-E4:86,Happiness,0.2329649180173874,
16,EPM-E4,EPM-E4:86,Happiness,0.16862212121486664,
17,EPM-E4,EPM-E4:86,Happiness,0.2787291705608368,
18,EPM-E4,EPM-E4:86,Happiness,0.27364876866340637,
19,EPM-E4,EPM-E4:86,Happiness,0.06605767458677292,
20,EPM-E4,EPM-E4:86,Happiness,0.16124163568019867,
21,EPM-E4,EPM-E4:86,Happiness,0.03861578181385994,
22,EPM-E4,EPM-E4:86,Sadness,0.26808226108551025,
23,EPM-E4,EPM-E4:86,Sadness,0.4476777911186218,
24,EPM-E4,EPM-E4:86,Sadness,0.11686122417449951,
25,EPM-E4,EPM-E4:86,Sadness,0.15450310707092285,
0,EPM-E4,EPM-E4:91,Anger,0.2203149050474167,
1,EPM-E4,EPM-E4:91,Fear,0.2736748158931732,
2,EPM-E4,EPM-E4:91,Fear,0.4786721169948578,
3,EPM-E4,EPM-E4:91,Fear,0.8090007305145264,
4,EPM-E4,EPM-E4:91,Fear,0.8711158633232117,
5,EPM-E4,EPM-E4:91,Fear,0.8134081959724426,
6,EPM-E4,EPM-E4:91,Fear,0.8918609023094177,
7,EPM-E4,EPM-E4:91,Fear,0.7776985168457031,
8,EPM-E4,EPM-E4:91,Fear,0.771224856376648,
9,EPM-E4,EPM-E4:91,Fear,0.4330493211746216,
10,EPM-E4,EPM-E4:91,Fear,0.6636502146720886,
11,EPM-E4,EPM-E4:91,Fear,0.7482838034629822,
12,EPM-E4,EPM-E4:91,Fear,0.5766564607620239,
13,EPM-E4,EPM-E4:91,Happiness,0.05928872525691986,
14,EPM-E4,EPM-E4:91,Happiness,0.03404967486858368,
15,EPM-E4,EPM-E4:91,Happiness,0.049324072897434235,
16,EPM-E4,EPM-E4:91,Happiness,0.03709562122821808,
17,EPM-E4,EPM-E4:91,Happiness,0.024670597165822983,
18,EPM-E4,EPM-E4:91,Happiness,0.04042487218976021,
19,EPM-E4,EPM-E4:91,Happiness,0.05816265568137169,
20,EPM-E4,EPM-E4:91,Happiness,0.025004632771015167,
21,EPM-E4,EPM-E4:91,Happiness,0.019198929890990257,
22,EPM-E4,EPM-E4:91,Sadness,0.07496281713247299,
23,EPM-E4,EPM-E4:91,Sadness,0.21710553765296936,
24,EPM-E4,EPM-E4:91,Sadness,0.10461936891078949,
25,EPM-E4,EPM-E4:91,Sadness,0.035332415252923965,
0,EPM-E4,EPM-E4:92,Anger,0.42734646797180176,
1,EPM-E4,EPM-E4:92,Fear,0.5168008208274841,
2,EPM-E4,EPM-E4:92,Fear,0.4013608992099762,
3,EPM-E4,EPM-E4:92,Fear,0.44211721420288086,
4,EPM-E4,EPM-E4:92,Fear,0.48816409707069397,
5,EPM-E4,EPM-E4:92,Fear,0.3434518873691559,
6,EPM-E4,EPM-E4:92,Fear,0.22946186363697052,
7,EPM-E4,EPM-E4:92,Fear,0.2740100622177124,
8,EPM-E4,EPM-E4:92,Fear,0.15112297236919403,
9,EPM-E4,EPM-E4:92,Fear,0.3028457760810852,
10,EPM-E4,EPM-E4:92,Fear,0.6293756365776062,
11,EPM-E4,EPM-E4:92,Fear,0.6423971056938171,
12,EPM-E4,EPM-E4:92,Fear,0.43704473972320557,
13,EPM-E4,EPM-E4:92,Happiness,0.1423082947731018,
14,EPM-E4,EPM-E4:92,Happiness,0.11201519519090652,
15,EPM-E4,EPM-E4:92,Happiness,0.2672182023525238,
16,EPM-E4,EPM-E4:92,Happiness,0.16270621120929718,
17,EPM-E4,EPM-E4:92,Happiness,0.1535470336675644,
18,EPM-E4,EPM-E4:92,Happiness,0.5664885640144348,
19,EPM-E4,EPM-E4:92,Happiness,0.39316222071647644,
20,EPM-E4,EPM-E4:92,Happiness,0.14052113890647888,
21,EPM-E4,EPM-E4:92,Happiness,0.27546101808547974,
22,EPM-E4,EPM-E4:92,Sadness,0.5786977410316467,
23,EPM-E4,EPM-E4:92,Sadness,0.24407929182052612,
24,EPM-E4,EPM-E4:92,Sadness,0.19595889747142792,
25,EPM-E4,EPM-E4:92,Sadness,0.3324739933013916,
0,EPM-E4,EPM-E4:103,Anger,0.16359826922416687,
1,EPM-E4,EPM-E4:103,Fear,0.919981837272644,
2,EPM-E4,EPM-E4:103,Fear,0.9178975820541382,
3,EPM-E4,EPM-E4:103,Fear,0.8720510005950928,
4,EPM-E4,EPM-E4:103,Fear,0.8831416964530945,
5,EPM-E4,EPM-E4:103,Fear,0.9435416460037231,
6,EPM-E4,EPM-E4:103,Fear,0.8983529806137085,
7,EPM-E4,EPM-E4:103,Fear,0.9120261669158936,
8,EPM-E4,EPM-E4:103,Fear,0.8135722279548645,
9,EPM-E4,EPM-E4:103,Fear,0.6261497139930725,
10,EPM-E4,EPM-E4:103,Fear,0.7045350670814514,
11,EPM-E4,EPM-E4:103,Fear,0.32750383019447327,
12,EPM-E4,EPM-E4:103,Fear,0.09642260521650314,
13,EPM-E4,EPM-E4:103,Happiness,0.08258546143770218,
14,EPM-E4,EPM-E4:103,Happiness,0.033455826342105865,
15,EPM-E4,EPM-E4:103,Happiness,0.06246311217546463,
16,EPM-E4,EPM-E4:103,Happiness,0.2497832328081131,
17,EPM-E4,EPM-E4:103,Happiness,0.036243025213479996,
18,EPM-E4,EPM-E4:103,Happiness,0.1105436235666275,
19,EPM-E4,EPM-E4:103,Happiness,0.04108593985438347,
20,EPM-E4,EPM-E4:103,Happiness,0.09326143562793732,
21,EPM-E4,EPM-E4:103,Happiness,0.04478494077920914,
22,EPM-E4,EPM-E4:103,Sadness,0.5123261213302612,
23,EPM-E4,EPM-E4:103,Sadness,0.43431130051612854,
24,EPM-E4,EPM-E4:103,Sadness,0.18656499683856964,
25,EPM-E4,EPM-E4:103,Sadness,0.0728568434715271,
0,EPM-E4,EPM-E4:106,Anger,0.21172600984573364,
1,EPM-E4,EPM-E4:106,Fear,0.8012052774429321,
2,EPM-E4,EPM-E4:106,Fear,0.3914116621017456,
3,EPM-E4,EPM-E4:106,Fear,0.2773967981338501,
4,EPM-E4,EPM-E4:106,Fear,0.24050675332546234,
5,EPM-E4,EPM-E4:106,Fear,0.0776219591498375,
6,EPM-E4,EPM-E4:106,Fear,0.032831110060214996,
7,EPM-E4,EPM-E4:106,Fear,0.05353214591741562,
8,EPM-E4,EPM-E4:106,Fear,0.0087407436221838,
9,EPM-E4,EPM-E4:106,Fear,0.011429625563323498,
10,EPM-E4,EPM-E4:106,Fear,0.011230668984353542,
11,EPM-E4,EPM-E4:106,Fear,0.01012867596000433,
12,EPM-E4,EPM-E4:106,Fear,0.022009532898664474,
13,EPM-E4,EPM-E4:106,Happiness,0.7971867322921753,
14,EPM-E4,EPM-E4:106,Happiness,0.8027180433273315,
15,EPM-E4,EPM-E4:106,Happiness,0.8827692270278931,
16,EPM-E4,EPM-E4:106,Happiness,0.7328335642814636,
17,EPM-E4,EPM-E4:106,Happiness,0.645729660987854,
18,EPM-E4,EPM-E4:106,Happiness,0.5515034794807434,
19,EPM-E4,EPM-E4:106,Happiness,0.4803396165370941,
20,EPM-E4,EPM-E4:106,Happiness,0.6060892939567566,
21,EPM-E4,EPM-E4:106,Happiness,0.7704254388809204,
22,EPM-E4,EPM-E4:106,Sadness,0.6310290694236755,
23,EPM-E4,EPM-E4:106,Sadness,0.6082556843757629,
24,EPM-E4,EPM-E4:106,Sadness,0.5599918961524963,
0,EPM-E4,EPM-E4:107,Anger,0.10474099218845367,
1,EPM-E4,EPM-E4:107,Fear,0.03944094851613045,
2,EPM-E4,EPM-E4:107,Fear,0.03181612864136696,
3,EPM-E4,EPM-E4:107,Fear,0.018525518476963043,
4,EPM-E4,EPM-E4:107,Fear,0.031020477414131165,
5,EPM-E4,EPM-E4:107,Fear,0.03204498812556267,
6,EPM-E4,EPM-E4:107,Fear,0.15434977412223816,
7,EPM-E4,EPM-E4:107,Fear,0.06996604055166245,
8,EPM-E4,EPM-E4:107,Fear,0.1071302592754364,
9,EPM-E4,EPM-E4:107,Fear,0.3745901584625244,
10,EPM-E4,EPM-E4:107,Fear,0.7863126397132874,
11,EPM-E4,EPM-E4:107,Fear,0.5635092854499817,
12,EPM-E4,EPM-E4:107,Fear,0.7653564810752869,
13,EPM-E4,EPM-E4:107,Happiness,0.2955262064933777,
14,EPM-E4,EPM-E4:107,Happiness,0.39314210414886475,
15,EPM-E4,EPM-E4:107,Happiness,0.5269148945808411,
16,EPM-E4,EPM-E4:107,Happiness,0.5802288055419922,
17,EPM-E4,EPM-E4:107,Happiness,0.3740709722042084,
18,EPM-E4,EPM-E4:107,Happiness,0.1569984257221222,
19,EPM-E4,EPM-E4:107,Happiness,0.16609247028827667,
20,EPM-E4,EPM-E4:107,Happiness,0.17983217537403107,
21,EPM-E4,EPM-E4:107,Happiness,0.2011169046163559,
22,EPM-E4,EPM-E4:107,Sadness,0.39606186747550964,
23,EPM-E4,EPM-E4:107,Sadness,0.4865354597568512,
24,EPM-E4,EPM-E4:107,Sadness,0.10607261210680008,
25,EPM-E4,EPM-E4:107,Sadness,0.1053723618388176,
0,EPM-E4,EPM-E4:117,Anger,0.3285730481147766,
1,EPM-E4,EPM-E4:117,Fear,0.06995899230241776,
2,EPM-E4,EPM-E4:117,Fear,0.09137004613876343,
3,EPM-E4,EPM-E4:117,Fear,0.15323799848556519,
4,EPM-E4,EPM-E4:117,Fear,0.3356165587902069,
5,EPM-E4,EPM-E4:117,Fear,0.222103089094162,
6,EPM-E4,EPM-E4:117,Fear,0.21857993304729462,
7,EPM-E4,EPM-E4:117,Fear,0.17776845395565033,
8,EPM-E4,EPM-E4:117,Fear,0.07178710401058197,
9,EPM-E4,EPM-E4:117,Fear,0.06558065116405487,
10,EPM-E4,EPM-E4:117,Fear,0.19018809497356415,
11,EPM-E4,EPM-E4:117,Fear,0.26669830083847046,
12,EPM-E4,EPM-E4:117,Fear,0.2611800730228424,
13,EPM-E4,EPM-E4:117,Happiness,0.5710658431053162,
14,EPM-E4,EPM-E4:117,Happiness,0.4114423990249634,
15,EPM-E4,EPM-E4:117,Happiness,0.6991829872131348,
16,EPM-E4,EPM-E4:117,Happiness,0.6910494565963745,
17,EPM-E4,EPM-E4:117,Happiness,0.30383267998695374,
18,EPM-E4,EPM-E4:117,Happiness,0.3055318593978882,
19,EPM-E4,EPM-E4:117,Happiness,0.776035726070404,
20,EPM-E4,EPM-E4:117,Happiness,0.8281169533729553,
21,EPM-E4,EPM-E4:117,Happiness,0.9384486079216003,
22,EPM-E4,EPM-E4:117,Sadness,0.6817280054092407,
23,EPM-E4,EPM-E4:117,Sadness,0.5741443037986755,
24,EPM-E4,EPM-E4:117,Sadness,0.3710556924343109,
25,EPM-E4,EPM-E4:117,Sadness,0.16272740066051483,
0,EPM-E4,EPM-E4:121,Anger,0.9796353578567505,
1,EPM-E4,EPM-E4:121,Fear,0.05829119309782982,
2,EPM-E4,EPM-E4:121,Fear,0.05828754976391792,
3,EPM-E4,EPM-E4:121,Fear,0.11738192290067673,
4,EPM-E4,EPM-E4:121,Fear,0.0413631796836853,
5,EPM-E4,EPM-E4:121,Fear,0.10785415768623352,
6,EPM-E4,EPM-E4:121,Fear,0.07815953344106674,
7,EPM-E4,EPM-E4:121,Fear,0.02549085207283497,
8,EPM-E4,EPM-E4:121,Fear,0.3904222548007965,
9,EPM-E4,EPM-E4:121,Fear,0.6878725290298462,
10,EPM-E4,EPM-E4:121,Fear,0.8355600237846375,
11,EPM-E4,EPM-E4:121,Fear,0.8351429104804993,
12,EPM-E4,EPM-E4:121,Happiness,0.3529694974422455,
13,EPM-E4,EPM-E4:121,Happiness,0.3303069472312927,
14,EPM-E4,EPM-E4:121,Happiness,0.22128678858280182,
15,EPM-E4,EPM-E4:121,Happiness,0.4689781367778778,
16,EPM-E4,EPM-E4:121,Happiness,0.1731233447790146,
17,EPM-E4,EPM-E4:121,Happiness,0.21853969991207123,
18,EPM-E4,EPM-E4:121,Happiness,0.19832271337509155,
19,EPM-E4,EPM-E4:121,Happiness,0.25350114703178406,
20,EPM-E4,EPM-E4:121,Happiness,0.23976603150367737,
21,EPM-E4,EPM-E4:121,Sadness,0.7564356923103333,
22,EPM-E4,EPM-E4:121,Sadness,0.78554767370224,
23,EPM-E4,EPM-E4:121,Sadness,0.40362656116485596,
24,EPM-E4,EPM-E4:121,Sadness,0.13913202285766602,
0,EPM-E4,EPM-E4:122,Anger,0.6353749632835388,
1,EPM-E4,EPM-E4:122,Fear,0.41813310980796814,
2,EPM-E4,EPM-E4:122,Fear,0.666746973991394,
3,EPM-E4,EPM-E4:122,Fear,0.7377479672431946,
4,EPM-E4,EPM-E4:122,Fear,0.5906282663345337,
5,EPM-E4,EPM-E4:122,Fear,0.6097960472106934,
6,EPM-E4,EPM-E4:122,Fear,0.4106075167655945,
7,EPM-E4,EPM-E4:122,Fear,0.5554277300834656,
8,EPM-E4,EPM-E4:122,Fear,0.6521903276443481,
9,EPM-E4,EPM-E4:122,Fear,0.6266849040985107,
10,EPM-E4,EPM-E4:122,Fear,0.7294361591339111,
11,EPM-E4,EPM-E4:122,Fear,0.7102963924407959,
12,EPM-E4,EPM-E4:122,Fear,0.5746548175811768,
13,EPM-E4,EPM-E4:122,Happiness,0.40403348207473755,
14,EPM-E4,EPM-E4:122,Happiness,0.22529546916484833,
15,EPM-E4,EPM-E4:122,Happiness,0.32846561074256897,
16,EPM-E4,EPM-E4:122,Happiness,0.3373505771160126,
17,EPM-E4,EPM-E4:122,Happiness,0.4163430631160736,
18,EPM-E4,EPM-E4:122,Happiness,0.3205973505973816,
19,EPM-E4,EPM-E4:122,Happiness,0.1308930218219757,
20,EPM-E4,EPM-E4:122,Happiness,0.2637571692466736,
21,EPM-E4,EPM-E4:122,Happiness,0.3124150335788727,
22,EPM-E4,EPM-E4:122,Sadness,0.6782287359237671,
23,EPM-E4,EPM-E4:122,Sadness,0.3382721543312073,
24,EPM-E4,EPM-E4:122,Sadness,0.5081939101219177,
25,EPM-E4,EPM-E4:122,Sadness,0.4662458300590515,
0,EPM-E4,EPM-E4:128,Anger,0.7633850574493408,
1,EPM-E4,EPM-E4:128,Fear,0.39071911573410034,
2,EPM-E4,EPM-E4:128,Fear,0.7161564230918884,
3,EPM-E4,EPM-E4:128,Fear,0.7160947918891907,
4,EPM-E4,EPM-E4:128,Fear,0.7205389142036438,
5,EPM-E4,EPM-E4:128,Fear,0.6898223161697388,
6,EPM-E4,EPM-E4:128,Fear,0.8293849229812622,
7,EPM-E4,EPM-E4:128,Fear,0.7010816931724548,
8,EPM-E4,EPM-E4:128,Fear,0.18443059921264648,
9,EPM-E4,EPM-E4:128,Fear,0.36746132373809814,
10,EPM-E4,EPM-E4:128,Fear,0.3851793706417084,
11,EPM-E4,EPM-E4:128,Fear,0.25384584069252014,
12,EPM-E4,EPM-E4:128,Fear,0.22784171998500824,
13,EPM-E4,EPM-E4:128,Happiness,0.06723465770483017,
14,EPM-E4,EPM-E4:128,Happiness,0.03983285650610924,
15,EPM-E4,EPM-E4:128,Happiness,0.05156511440873146,
16,EPM-E4,EPM-E4:128,Happiness,0.10160426050424576,
17,EPM-E4,EPM-E4:128,Happiness,0.27324178814888,
18,EPM-E4,EPM-E4:128,Happiness,0.25314033031463623,
19,EPM-E4,EPM-E4:128,Happiness,0.10168220847845078,
20,EPM-E4,EPM-E4:128,Happiness,0.08418343961238861,
21,EPM-E4,EPM-E4:128,Happiness,0.08858892321586609,
22,EPM-E4,EPM-E4:128,Sadness,0.7252606749534607,
23,EPM-E4,EPM-E4:128,Sadness,0.5710000395774841,
24,EPM-E4,EPM-E4:128,Sadness,0.414317786693573,
25,EPM-E4,EPM-E4:128,Sadness,0.19729049503803253,
0,EPM-E4,EPM-E4:129,Anger,0.955254852771759,
1,EPM-E4,EPM-E4:129,Fear,0.07380824536085129,
2,EPM-E4,EPM-E4:129,Fear,0.19115988910198212,
3,EPM-E4,EPM-E4:129,Fear,0.43435466289520264,
4,EPM-E4,EPM-E4:129,Fear,0.40470364689826965,
5,EPM-E4,EPM-E4:129,Fear,0.3321464955806732,
6,EPM-E4,EPM-E4:129,Fear,0.3618003726005554,
7,EPM-E4,EPM-E4:129,Fear,0.06604166328907013,
8,EPM-E4,EPM-E4:129,Fear,0.38579100370407104,
9,EPM-E4,EPM-E4:129,Fear,0.5188350081443787,
10,EPM-E4,EPM-E4:129,Fear,0.5438138246536255,
11,EPM-E4,EPM-E4:129,Fear,0.4542706310749054,
12,EPM-E4,EPM-E4:129,Fear,0.49991846084594727,
13,EPM-E4,EPM-E4:129,Happiness,0.34175875782966614,
14,EPM-E4,EPM-E4:129,Happiness,0.17509965598583221,
15,EPM-E4,EPM-E4:129,Happiness,0.1037992313504219,
16,EPM-E4,EPM-E4:129,Happiness,0.09323514997959137,
17,EPM-E4,EPM-E4:129,Happiness,0.08406166732311249,
18,EPM-E4,EPM-E4:129,Happiness,0.047977253794670105,
19,EPM-E4,EPM-E4:129,Happiness,0.11173109710216522,
20,EPM-E4,EPM-E4:129,Happiness,0.09727621078491211,
21,EPM-E4,EPM-E4:129,Happiness,0.20501424372196198,
22,EPM-E4,EPM-E4:129,Sadness,0.5286604762077332,
23,EPM-E4,EPM-E4:129,Sadness,0.8989005088806152,
24,EPM-E4,EPM-E4:129,Sadness,0.8459312915802002,
25,EPM-E4,EPM-E4:129,Sadness,0.8293973803520203,
0,EPM-E4,EPM-E4:138,Anger,0.12417066842317581,
1,EPM-E4,EPM-E4:138,Fear,0.3125637173652649,
2,EPM-E4,EPM-E4:138,Fear,0.47777700424194336,
3,EPM-E4,EPM-E4:138,Fear,0.8187378644943237,
4,EPM-E4,EPM-E4:138,Fear,0.8631606101989746,
5,EPM-E4,EPM-E4:138,Fear,0.7463008165359497,
6,EPM-E4,EPM-E4:138,Fear,0.7336758375167847,
7,EPM-E4,EPM-E4:138,Fear,0.6938558220863342,
8,EPM-E4,EPM-E4:138,Fear,0.7697186470031738,
9,EPM-E4,EPM-E4:138,Fear,0.666886568069458,
10,EPM-E4,EPM-E4:138,Fear,0.3996441662311554,
11,EPM-E4,EPM-E4:138,Fear,0.7461647987365723,
12,EPM-E4,EPM-E4:138,Fear,0.7130323052406311,
13,EPM-E4,EPM-E4:138,Happiness,0.32807257771492004,
14,EPM-E4,EPM-E4:138,Happiness,0.36437249183654785,
15,EPM-E4,EPM-E4:138,Happiness,0.42885342240333557,
16,EPM-E4,EPM-E4:138,Happiness,0.15591448545455933,
17,EPM-E4,EPM-E4:138,Happiness,0.17856761813163757,
18,EPM-E4,EPM-E4:138,Happiness,0.0346786305308342,
19,EPM-E4,EPM-E4:138,Happiness,0.10938431322574615,
20,EPM-E4,EPM-E4:138,Happiness,0.23951011896133423,
21,EPM-E4,EPM-E4:138,Happiness,0.027001075446605682,
22,EPM-E4,EPM-E4:138,Sadness,0.27892565727233887,
23,EPM-E4,EPM-E4:138,Sadness,0.27205073833465576,
24,EPM-E4,EPM-E4:138,Sadness,0.1685309261083603,
25,EPM-E4,EPM-E4:138,Sadness,0.06949890404939651,
0,EPM-E4,EPM-E4:141,Anger,0.18009895086288452,
1,EPM-E4,EPM-E4:141,Fear,0.053299661725759506,
2,EPM-E4,EPM-E4:141,Fear,0.053958673030138016,
3,EPM-E4,EPM-E4:141,Fear,0.07481180131435394,
4,EPM-E4,EPM-E4:141,Fear,0.041829805821180344,
5,EPM-E4,EPM-E4:141,Fear,0.07297226786613464,
6,EPM-E4,EPM-E4:141,Fear,0.058448243886232376,
7,EPM-E4,EPM-E4:141,Fear,0.07458942383527756,
8,EPM-E4,EPM-E4:141,Fear,0.10963673144578934,
9,EPM-E4,EPM-E4:141,Fear,0.1925344616174698,
10,EPM-E4,EPM-E4:141,Fear,0.1078491061925888,
11,EPM-E4,EPM-E4:141,Fear,0.06677616387605667,
12,EPM-E4,EPM-E4:141,Fear,0.10736344009637833,
13,EPM-E4,EPM-E4:141,Happiness,0.6634646058082581,
14,EPM-E4,EPM-E4:141,Happiness,0.9355893135070801,
15,EPM-E4,EPM-E4:141,Happiness,0.8934759497642517,
16,EPM-E4,EPM-E4:141,Happiness,0.7449451088905334,
17,EPM-E4,EPM-E4:141,Happiness,0.1840425729751587,
18,EPM-E4,EPM-E4:141,Happiness,0.12472674250602722,
19,EPM-E4,EPM-E4:141,Happiness,0.8031883239746094,
20,EPM-E4,EPM-E4:141,Happiness,0.8144091963768005,
21,EPM-E4,EPM-E4:141,Happiness,0.3052145540714264,
22,EPM-E4,EPM-E4:141,Sadness,0.512790322303772,
23,EPM-E4,EPM-E4:141,Sadness,0.421242892742157,
24,EPM-E4,EPM-E4:141,Sadness,0.2675550878047943,
25,EPM-E4,EPM-E4:141,Sadness,0.24374519288539886,
0,EPM-E4,EPM-E4:159,Anger,0.24181848764419556,
1,EPM-E4,EPM-E4:159,Fear,0.13363443315029144,
2,EPM-E4,EPM-E4:159,Fear,0.20596455037593842,
3,EPM-E4,EPM-E4:159,Fear,0.04694601148366928,
4,EPM-E4,EPM-E4:159,Fear,0.10280202329158783,
5,EPM-E4,EPM-E4:159,Fear,0.8157312870025635,
6,EPM-E4,EPM-E4:159,Fear,0.8095999360084534,
7,EPM-E4,EPM-E4:159,Fear,0.8516735434532166,
8,EPM-E4,EPM-E4:159,Fear,0.667189359664917,
9,EPM-E4,EPM-E4:159,Fear,0.2653562128543854,
10,EPM-E4,EPM-E4:159,Fear,0.3051028549671173,
11,EPM-E4,EPM-E4:159,Fear,0.07315447181463242,
12,EPM-E4,EPM-E4:159,Fear,0.04426494240760803,
13,EPM-E4,EPM-E4:159,Happiness,0.4510475695133209,
14,EPM-E4,EPM-E4:159,Happiness,0.15578889846801758,
15,EPM-E4,EPM-E4:159,Happiness,0.1429702192544937,
16,EPM-E4,EPM-E4:159,Happiness,0.19680190086364746,
17,EPM-E4,EPM-E4:159,Happiness,0.1802407205104828,
18,EPM-E4,EPM-E4:159,Happiness,0.273907333612442,
19,EPM-E4,EPM-E4:159,Happiness,0.11026772111654282,
20,EPM-E4,EPM-E4:159,Happiness,0.2797089219093323,
21,EPM-E4,EPM-E4:159,Happiness,0.194398894906044,
22,EPM-E4,EPM-E4:159,Sadness,0.5938842296600342,
23,EPM-E4,EPM-E4:159,Sadness,0.31082940101623535,
24,EPM-E4,EPM-E4:159,Sadness,0.10299312323331833,
25,EPM-E4,EPM-E4:159,Sadness,0.05047224462032318,
0,EPM-E4,EPM-E4:160,Anger,0.9076967835426331,
1,EPM-E4,EPM-E4:160,Fear,0.4434181749820709,
2,EPM-E4,EPM-E4:160,Fear,0.2792336046695709,
3,EPM-E4,EPM-E4:160,Fear,0.1425132304430008,
4,EPM-E4,EPM-E4:160,Fear,0.1430855393409729,
5,EPM-E4,EPM-E4:160,Fear,0.10923130810260773,
6,EPM-E4,EPM-E4:160,Fear,0.16846896708011627,
7,EPM-E4,EPM-E4:160,Fear,0.16047190129756927,
8,EPM-E4,EPM-E4:160,Fear,0.2522265315055847,
9,EPM-E4,EPM-E4:160,Fear,0.12649789452552795,
10,EPM-E4,EPM-E4:160,Fear,0.06090879067778587,
11,EPM-E4,EPM-E4:160,Fear,0.042399000376462936,
12,EPM-E4,EPM-E4:160,Fear,0.04339093714952469,
13,EPM-E4,EPM-E4:160,Happiness,0.17824465036392212,
14,EPM-E4,EPM-E4:160,Happiness,0.31196027994155884,
15,EPM-E4,EPM-E4:160,Happiness,0.4176378846168518,
16,EPM-E4,EPM-E4:160,Happiness,0.6166453957557678,
17,EPM-E4,EPM-E4:160,Happiness,0.5267331004142761,
18,EPM-E4,EPM-E4:160,Happiness,0.2254686951637268,
19,EPM-E4,EPM-E4:160,Happiness,0.3234606683254242,
20,EPM-E4,EPM-E4:160,Happiness,0.2682689428329468,
21,EPM-E4,EPM-E4:160,Happiness,0.5267682075500488,
22,EPM-E4,EPM-E4:160,Sadness,0.18674960732460022,
23,EPM-E4,EPM-E4:160,Sadness,0.7692437767982483,
24,EPM-E4,EPM-E4:160,Sadness,0.6668688058853149,
25,EPM-E4,EPM-E4:160,Sadness,0.4597751200199127,
0,UBFC-Phys,UBFC-Phys:s1,Baseline,0.07018082588911057,0.0054447101429104805
1,UBFC-Phys,UBFC-Phys:s1,Baseline,0.05962514877319336,0.007626520004123449
2,UBFC-Phys,UBFC-Phys:s1,Baseline,0.07656491547822952,0.007830127142369747
3,UBFC-Phys,UBFC-Phys:s1,Baseline,0.14067450165748596,0.002731838496401906
4,UBFC-Phys,UBFC-Phys:s1,Baseline,0.15140697360038757,0.007830127142369747
0,UBFC-Phys,UBFC-Phys:s1,Stress,0.378173828125,0.6624764800071716
1,UBFC-Phys,UBFC-Phys:s1,Stress,0.38610273599624634,0.9941036105155945
2,UBFC-Phys,UBFC-Phys:s1,Stress,0.9329942464828491,0.9852910041809082
3,UBFC-Phys,UBFC-Phys:s1,Stress,0.8713711500167847,0.9541935920715332
4,UBFC-Phys,UBFC-Phys:s1,Stress,0.8845183849334717,0.9536295533180237
0,UBFC-Phys,UBFC-Phys:s1,Stress,0.1378549039363861,0.9695165157318115
1,UBFC-Phys,UBFC-Phys:s1,Stress,0.1304110735654831,0.9725989103317261
2,UBFC-Phys,UBFC-Phys:s1,Stress,0.4973413050174713,0.9882000684738159
3,UBFC-Phys,UBFC-Phys:s1,Stress,0.5356255173683167,0.991582453250885
4,UBFC-Phys,UBFC-Phys:s1,Stress,0.28751105070114136,0.8943861722946167
0,UBFC-Phys,UBFC-Phys:s2,Baseline,0.055014435201883316,0.007430672645568848
1,UBFC-Phys,UBFC-Phys:s2,Baseline,0.05474134907126427,0.0035517984069883823
2,UBFC-Phys,UBFC-Phys:s2,Baseline,0.05793634429574013,0.0027992771938443184
3,UBFC-Phys,UBFC-Phys:s2,Baseline,0.052870869636535645,0.007726126350462437
4,UBFC-Phys,UBFC-Phys:s2,Baseline,0.05682118609547615,0.005376605782657862
0,UBFC-Phys,UBFC-Phys:s2,Control task,0.5109713077545166,0.5167494416236877
1,UBFC-Phys,UBFC-Phys:s2,Control task,0.5567330718040466,0.9929448962211609
2,UBFC-Phys,UBFC-Phys:s2,Control task,0.33554691076278687,0.9751546382904053
3,UBFC-Phys,UBFC-Phys:s2,Control task,0.3913875222206116,0.986513078212738
4,UBFC-Phys,UBFC-Phys:s2,Control task,0.37568461894989014,0.9887775778770447
0,UBFC-Phys,UBFC-Phys:s2,Control task,0.5158593654632568,0.9772235155105591
1,UBFC-Phys,UBFC-Phys:s2,Control task,0.8226809501647949,0.9770514369010925
2,UBFC-Phys,UBFC-Phys:s2,Control task,0.7973766922950745,0.977458119392395
3,UBFC-Phys,UBFC-Phys:s2,Control task,0.9271952509880066,0.9562098383903503
4,UBFC-Phys,UBFC-Phys:s2,Control task,0.9826100468635559,0.991949200630188
0,UBFC-Phys,UBFC-Phys:s3,Baseline,0.09520519524812698,0.03279634937644005
1,UBFC-Phys,UBFC-Phys:s3,Baseline,0.31308695673942566,0.027229122817516327
2,UBFC-Phys,UBFC-Phys:s3,Baseline,0.1999952346086502,0.02156592532992363
3,UBFC-Phys,UBFC-Phys:s3,Baseline,0.22476139664649963,0.012281457893550396
4,UBFC-Phys,UBFC-Phys:s3,Baseline,0.277660071849823,0.01633264869451523
0,UBFC-Phys,UBFC-Phys:s3,Control task,0.30925866961479187,0.8347436785697937
1,UBFC-Phys,UBFC-Phys:s3,Control task,0.493264377117157,0.9396501183509827
2,UBFC-Phys,UBFC-Phys:s3,Control task,0.525036096572876,0.9576041102409363
3,UBFC-Phys,UBFC-Phys:s3,Control task,0.25884944200515747,0.8003504872322083
4,UBFC-Phys,UBFC-Phys:s3,Control task,0.6330159902572632,0.9888112545013428
0,UBFC-Phys,UBFC-Phys:s3,Control task,0.7685401439666748,0.8377887606620789
1,UBFC-Phys,UBFC-Phys:s3,Control task,0.5064549446105957,0.9266344904899597
2,UBFC-Phys,UBFC-Phys:s3,Control task,0.33055803179740906,0.9208447337150574
3,UBFC-Phys,UBFC-Phys:s3,Control task,0.5170829892158508,0.8172832131385803
4,UBFC-Phys,UBFC-Phys:s3,Control task,0.906099259853363,0.9951636791229248
0,UBFC-Phys,UBFC-Phys:s4,Baseline,0.10215479880571365,0.07428286969661713
1,UBFC-Phys,UBFC-Phys:s4,Baseline,0.1601639688014984,0.09086726605892181
2,UBFC-Phys,UBFC-Phys:s4,Baseline,0.08318711072206497,0.09086726605892181
3,UBFC-Phys,UBFC-Phys:s4,Baseline,0.25049182772636414,0.24381567537784576
4,UBFC-Phys,UBFC-Phys:s4,Baseline,0.13433659076690674,0.9903367757797241
0,UBFC-Phys,UBFC-Phys:s4,Stress,0.4625537693500519,0.9887039065361023
1,UBFC-Phys,UBFC-Phys:s4,Stress,0.8795526027679443,0.9880045056343079
2,UBFC-Phys,UBFC-Phys:s4,Stress,0.8720528483390808,0.9888617396354675
3,UBFC-Phys,UBFC-Phys:s4,Stress,0.5434049367904663,0.9863910675048828
4,UBFC-Phys,UBFC-Phys:s4,Stress,0.28722086548805237,0.980164110660553
0,UBFC-Phys,UBFC-Phys:s4,Stress,0.6109669208526611,0.4081784784793854
1,UBFC-Phys,UBFC-Phys:s4,Stress,0.40549060702323914,0.4319823384284973
2,UBFC-Phys,UBFC-Phys:s4,Stress,0.5990830063819885,0.9702885150909424
3,UBFC-Phys,UBFC-Phys:s4,Stress,0.7922619581222534,0.5445896983146667
4,UBFC-Phys,UBFC-Phys:s4,Stress,0.7554346323013306,0.8382712602615356
0,UBFC-Phys,UBFC-Phys:s5,Baseline,0.10732879489660263,0.006333361845463514
1,UBFC-Phys,UBFC-Phys:s5,Baseline,0.1021377220749855,0.0033226599916815758
2,UBFC-Phys,UBFC-Phys:s5,Baseline,0.05246848613023758,0.005063485354185104
3,UBFC-Phys,UBFC-Phys:s5,Baseline,0.20439904928207397,0.009358042851090431
4,UBFC-Phys,UBFC-Phys:s5,Baseline,0.19913692772388458,0.0034452539402991533
0,UBFC-Phys,UBFC-Phys:s5,Control task,0.5520204901695251,0.9963384866714478
1,UBFC-Phys,UBFC-Phys:s5,Control task,0.7706025242805481,0.994635283946991
2,UBFC-Phys,UBFC-Phys:s5,Control task,0.9400908946990967,0.9965711832046509
3,UBFC-Phys,UBFC-Phys:s5,Control task,0.9188491702079773,0.9965711832046509
4,UBFC-Phys,UBFC-Phys:s5,Control task,0.9002702236175537,0.9972602128982544
0,UBFC-Phys,UBFC-Phys:s5,Control task,0.5680448412895203,0.9950371384620667
1,UBFC-Phys,UBFC-Phys:s5,Control task,0.3158491253852844,0.9716925024986267
2,UBFC-Phys,UBFC-Phys:s5,Control task,0.3696640729904175,0.9953287839889526
3,UBFC-Phys,UBFC-Phys:s5,Control task,0.22908370196819305,0.9933624267578125
4,UBFC-Phys,UBFC-Phys:s5,Control task,0.2010326087474823,0.969745934009552
0,UBFC-Phys,UBFC-Phys:s43,Baseline,0.10367152839899063,0.02697575092315674
1,UBFC-Phys,UBFC-Phys:s43,Baseline,0.03866041451692581,0.0777776762843132
2,UBFC-Phys,UBFC-Phys:s43,Baseline,0.04410269111394882,0.011454133316874504
3,UBFC-Phys,UBFC-Phys:s43,Baseline,0.07998093962669373,0.01307672169059515
4,UBFC-Phys,UBFC-Phys:s43,Baseline,0.020393263548612595,0.01307672169059515
0,UBFC-Phys,UBFC-Phys:s43,Control task,0.9416476488113403,0.9660261869430542
1,UBFC-Phys,UBFC-Phys:s43,Control task,0.8474246859550476,0.9727211594581604
2,UBFC-Phys,UBFC-Phys:s43,Control task,0.5940185189247131,0.985458493232727
3,UBFC-Phys,UBFC-Phys:s43,Control task,0.39809656143188477,0.9932502508163452
4,UBFC-Phys,UBFC-Phys:s43,Control task,0.3757166862487793,0.9956952333450317
0,UBFC-Phys,UBFC-Phys:s43,Control task,0.21192850172519684,0.9941316246986389
1,UBFC-Phys,UBFC-Phys:s43,Control task,0.4889233708381653,0.9961600303649902
2,UBFC-Phys,UBFC-Phys:s43,Control task,0.3478947877883911,0.9961600303649902
3,UBFC-Phys,UBFC-Phys:s43,Control task,0.2165059596300125,0.996752142906189
4,UBFC-Phys,UBFC-Phys:s43,Control task,0.23007944226264954,0.9939206838607788
0,UBFC-Phys,UBFC-Phys:s44,Baseline,0.024328870698809624,0.007085728459060192
1,UBFC-Phys,UBFC-Phys:s44,Baseline,0.0440526157617569,0.003823693376034498
2,UBFC-Phys,UBFC-Phys:s44,Baseline,0.0466763861477375,0.005702318623661995
3,UBFC-Phys,UBFC-Phys:s44,Baseline,0.05118614435195923,0.00645438302308321
4,UBFC-Phys,UBFC-Phys:s44,Baseline,0.17042464017868042,0.07867477834224701
0,UBFC-Phys,UBFC-Phys:s44,Stress,0.8515599370002747,0.9924019575119019
1,UBFC-Phys,UBFC-Phys:s44,Stress,0.5507343411445618,0.9895977973937988
2,UBFC-Phys,UBFC-Phys:s44,Stress,0.5215807557106018,0.9842351675033569
3,UBFC-Phys,UBFC-Phys:s44,Stress,0.764754056930542,0.9901829361915588
4,UBFC-Phys,UBFC-Phys:s44,Stress,0.7050391435623169,0.9914758205413818
0,UBFC-Phys,UBFC-Phys:s44,Stress,0.4319326877593994,0.8777028322219849
1,UBFC-Phys,UBFC-Phys:s44,Stress,0.3764915466308594,0.9825735688209534
2,UBFC-Phys,UBFC-Phys:s44,Stress,0.3049619197845459,0.9654788374900818
3,UBFC-Phys,UBFC-Phys:s44,Stress,0.5372072458267212,0.8475150465965271
4,UBFC-Phys,UBFC-Phys:s44,Stress,0.9332005381584167,0.9331527948379517
0,UBFC-Phys,UBFC-Phys:s45,Baseline,0.024749889969825745,0.004314661491662264
1,UBFC-Phys,UBFC-Phys:s45,Baseline,0.019544977694749832,0.0036810790188610554
2,UBFC-Phys,UBFC-Phys:s45,Baseline,0.021366704255342484,0.0036810790188610554
3,UBFC-Phys,UBFC-Phys:s45,Baseline,0.027647558599710464,0.0036810790188610554
4,UBFC-Phys,UBFC-Phys:s45,Baseline,0.037427596747875214,0.005174707621335983
0,UBFC-Phys,UBFC-Phys:s45,Stress,0.6294651031494141,0.9958919286727905
1,UBFC-Phys,UBFC-Phys:s45,Stress,0.9253621697425842,0.9900263547897339
2,UBFC-Phys,UBFC-Phys:s45,Stress,0.8879124522209167,0.9954503178596497
3,UBFC-Phys,UBFC-Phys:s45,Stress,0.9008895754814148,0.9951263666152954
4,UBFC-Phys,UBFC-Phys:s45,Stress,0.9241111874580383,0.9956128597259521
0,UBFC-Phys,UBFC-Phys:s45,Stress,0.1791764795780182,0.9956738352775574
1,UBFC-Phys,UBFC-Phys:s45,Stress,0.1335153579711914,0.9953059554100037
2,UBFC-Phys,UBFC-Phys:s45,Stress,0.6526889204978943,0.9945716261863708
3,UBFC-Phys,UBFC-Phys:s45,Stress,0.7232879400253296,0.9921310544013977
4,UBFC-Phys,UBFC-Phys:s45,Stress,0.27926963567733765,0.9852035045623779
0,UBFC-Phys,UBFC-Phys:s46,Baseline,0.04962645471096039,0.00903749093413353
1,UBFC-Phys,UBFC-Phys:s46,Baseline,0.06284978985786438,0.008850516751408577
2,UBFC-Phys,UBFC-Phys:s46,Baseline,0.045118484646081924,0.008465972729027271
3,UBFC-Phys,UBFC-Phys:s46,Baseline,0.055245187133550644,0.008465972729027271
4,UBFC-Phys,UBFC-Phys:s46,Baseline,0.049678701907396317,0.004837821237742901
0,UBFC-Phys,UBFC-Phys:s46,Control task,0.21882779896259308,0.9479878544807434
1,UBFC-Phys,UBFC-Phys:s46,Control task,0.6772706508636475,0.9948274493217468
2,UBFC-Phys,UBFC-Phys:s46,Control task,0.740837574005127,0.9898642897605896
3,UBFC-Phys,UBFC-Phys:s46,Control task,0.7009600400924683,0.9913961291313171
4,UBFC-Phys,UBFC-Phys:s46,Control task,0.33802053332328796,0.9882700443267822
0,UBFC-Phys,UBFC-Phys:s46,Control task,0.8622897267341614,0.9720803499221802
1,UBFC-Phys,UBFC-Phys:s46,Control task,0.8245568871498108,0.963679313659668
2,UBFC-Phys,UBFC-Phys:s46,Control task,0.6974890828132629,0.837255597114563
3,UBFC-Phys,UBFC-Phys:s46,Control task,0.7369524836540222,0.963679313659668
4,UBFC-Phys,UBFC-Phys:s46,Control task,0.69966721534729,0.9688355326652527
0,UBFC-Phys,UBFC-Phys:s47,Baseline,0.5124172568321228,0.030646489933133125
1,UBFC-Phys,UBFC-Phys:s47,Baseline,0.6879175305366516,0.031573135405778885
2,UBFC-Phys,UBFC-Phys:s47,Baseline,0.4708235263824463,0.0246569886803627
3,UBFC-Phys,UBFC-Phys:s47,Baseline,0.1453874111175537,0.028254717588424683
4,UBFC-Phys,UBFC-Phys:s47,Baseline,0.4392464756965637,0.0246569886803627
0,UBFC-Phys,UBFC-Phys:s47,Stress,0.6507503390312195,0.9947559833526611
1,UBFC-Phys,UBFC-Phys:s47,Stress,0.5164040327072144,0.995959460735321
2,UBFC-Phys,UBFC-Phys:s47,Stress,0.7278687357902527,0.9965073466300964
3,UBFC-Phys,UBFC-Phys:s47,Stress,0.8588026165962219,0.9949334263801575
4,UBFC-Phys,UBFC-Phys:s47,Stress,0.520400881767273,0.9958460927009583
0,UBFC-Phys,UBFC-Phys:s47,Stress,0.4587080180644989,0.9956660270690918
1,UBFC-Phys,UBFC-Phys:s47,Stress,0.866775393486023,0.9944479465484619
2,UBFC-Phys,UBFC-Phys:s47,Stress,0.7202977538108826,0.987250030040741
3,UBFC-Phys,UBFC-Phys:s47,Stress,0.42366620898246765,0.965305507183075
4,UBFC-Phys,UBFC-Phys:s47,Stress,0.12166094779968262,0.8641325235366821
0,UBFC-Phys,UBFC-Phys:s48,Baseline,0.23576565086841583,0.1794903427362442
1,UBFC-Phys,UBFC-Phys:s48,Baseline,0.21352864801883698,0.1848481297492981
2,UBFC-Phys,UBFC-Phys:s48,Baseline,0.22143375873565674,0.17529603838920593
3,UBFC-Phys,UBFC-Phys:s48,Baseline,0.21298108994960785,0.5493212938308716
4,UBFC-Phys,UBFC-Phys:s48,Baseline,0.46275562047958374,0.9227281212806702
0,UBFC-Phys,UBFC-Phys:s48,Stress,0.6822784543037415,0.9940829873085022
1,UBFC-Phys,UBFC-Phys:s48,Stress,0.7344592809677124,0.9940370321273804
2,UBFC-Phys,UBFC-Phys:s48,Stress,0.737724244594574,0.9960825443267822
3,UBFC-Phys,UBFC-Phys:s48,Stress,0.7410513758659363,0.996525228023529
4,UBFC-Phys,UBFC-Phys:s48,Stress,0.6142276525497437,0.9968051910400391
0,UBFC-Phys,UBFC-Phys:s48,Stress,0.7330964207649231,0.997424840927124
1,UBFC-Phys,UBFC-Phys:s48,Stress,0.7276500463485718,0.9975831508636475
2,UBFC-Phys,UBFC-Phys:s48,Stress,0.7611322999000549,0.9975831508636475
3,UBFC-Phys,UBFC-Phys:s48,Stress,0.7698127031326294,0.9976333379745483
4,UBFC-Phys,UBFC-Phys:s48,Stress,0.5828343629837036,0.9978241920471191
0,UBFC-Phys,UBFC-Phys:s49,Baseline,0.5656248331069946,0.9258121252059937
1,UBFC-Phys,UBFC-Phys:s49,Baseline,0.2640630602836609,0.4789943993091583
2,UBFC-Phys,UBFC-Phys:s49,Baseline,0.19227850437164307,0.0060061062686145306
3,UBFC-Phys,UBFC-Phys:s49,Baseline,0.24989597499370575,0.004754276946187019
4,UBFC-Phys,UBFC-Phys:s49,Baseline,0.23783127963542938,0.020265938714146614
0,UBFC-Phys,UBFC-Phys:s49,Stress,0.5272946953773499,0.988775372505188
1,UBFC-Phys,UBFC-Phys:s49,Stress,0.8817267417907715,0.9975112676620483
2,UBFC-Phys,UBFC-Phys:s49,Stress,0.6605049967765808,0.9976900815963745
3,UBFC-Phys,UBFC-Phys:s49,Stress,0.9550468325614929,0.9973723888397217
4,UBFC-Phys,UBFC-Phys:s49,Stress,0.9524589776992798,0.9975021481513977
0,UBFC-Phys,UBFC-Phys:s49,Stress,0.5064568519592285,0.9933091402053833
1,UBFC-Phys,UBFC-Phys:s49,Stress,0.21598391234874725,0.9841630458831787
2,UBFC-Phys,UBFC-Phys:s49,Stress,0.1882762908935547,0.03126513212919235
3,UBFC-Phys,UBFC-Phys:s49,Stress,0.3997412323951721,0.012373245321214199
4,UBFC-Phys,UBFC-Phys:s49,Stress,0.23683267831802368,0.0867987871170044
0,UBFC-Phys,UBFC-Phys:s50,Baseline,0.13081830739974976,0.0036221330519765615
1,UBFC-Phys,UBFC-Phys:s50,Baseline,0.12010611593723297,0.0036221330519765615
2,UBFC-Phys,UBFC-Phys:s50,Baseline,0.1443600207567215,0.0036221330519765615
3,UBFC-Phys,UBFC-Phys:s50,Baseline,0.1415235549211502,0.003312024287879467
4,UBFC-Phys,UBFC-Phys:s50,Baseline,0.12440415471792221,0.0032111606560647488
0,UBFC-Phys,UBFC-Phys:s50,Stress,0.4277772009372711,0.9970796704292297
1,UBFC-Phys,UBFC-Phys:s50,Stress,0.6157312393188477,0.9898264408111572
2,UBFC-Phys,UBFC-Phys:s50,Stress,0.7861995697021484,0.9947080612182617
3,UBFC-Phys,UBFC-Phys:s50,Stress,0.8297606706619263,0.9947971701622009
4,UBFC-Phys,UBFC-Phys:s50,Stress,0.5886294841766357,0.9919409155845642
0,UBFC-Phys,UBFC-Phys:s50,Stress,0.48137807846069336,0.9880177974700928
1,UBFC-Phys,UBFC-Phys:s50,Stress,0.7785438895225525,0.9917303919792175
2,UBFC-Phys,UBFC-Phys:s50,Stress,0.7666301131248474,0.9918517470359802
3,UBFC-Phys,UBFC-Phys:s50,Stress,0.9013778567314148,0.9498759508132935
4,UBFC-Phys,UBFC-Phys:s50,Stress,0.8718671798706055,0.9687033891677856
0,UBFC-Phys,UBFC-Phys:s51,Baseline,0.049020916223526,0.01652560383081436
1,UBFC-Phys,UBFC-Phys:s51,Baseline,0.03243669867515564,0.006918090861290693
2,UBFC-Phys,UBFC-Phys:s51,Baseline,0.02779524400830269,0.013461997732520103
3,UBFC-Phys,UBFC-Phys:s51,Baseline,0.04103119298815727,0.05204762518405914
4,UBFC-Phys,UBFC-Phys:s51,Baseline,0.032526228576898575,0.01756099797785282
0,UBFC-Phys,UBFC-Phys:s51,Stress,0.4636278450489044,0.9934259653091431
1,UBFC-Phys,UBFC-Phys:s51,Stress,0.5028849244117737,0.0852491557598114
2,UBFC-Phys,UBFC-Phys:s51,Stress,0.7988868951797485,0.980270504951477
3,UBFC-Phys,UBFC-Phys:s51,Stress,0.8659323453903198,0.9898504018783569
4,UBFC-Phys,UBFC-Phys:s51,Stress,0.8921563625335693,0.9950778484344482
0,UBFC-Phys,UBFC-Phys:s51,Stress,0.6742337346076965,0.993445634841919
1,UBFC-Phys,UBFC-Phys:s51,Stress,0.385419636964798,0.9968022108078003
2,UBFC-Phys,UBFC-Phys:s51,Stress,0.37041252851486206,0.9970002770423889
3,UBFC-Phys,UBFC-Phys:s51,Stress,0.5343260169029236,0.9921872615814209
4,UBFC-Phys,UBFC-Phys:s51,Stress,0.2934040427207947,0.9489317536354065
0,UBFC-Phys,UBFC-Phys:s52,Baseline,0.904474675655365,0.8185473084449768
1,UBFC-Phys,UBFC-Phys:s52,Baseline,0.2673138976097107,0.9944579601287842
2,UBFC-Phys,UBFC-Phys:s52,Baseline,0.09928100556135178,0.011633091606199741
3,UBFC-Phys,UBFC-Phys:s52,Baseline,0.06373109668493271,0.012036625295877457
4,UBFC-Phys,UBFC-Phys:s52,Baseline,0.05866309627890587,0.011358414776623249
0,UBFC-Phys,UBFC-Phys:s52,Control task,0.32855433225631714,0.3655555546283722
1,UBFC-Phys,UBFC-Phys:s52,Control task,0.4107155501842499,0.0036317671183496714
2,UBFC-Phys,UBFC-Phys:s52,Control task,0.22714123129844666,0.0029232650995254517
3,UBFC-Phys,UBFC-Phys:s52,Control task,0.3294571042060852,0.9892870187759399
4,UBFC-Phys,UBFC-Phys:s52,Control task,0.7791463732719421,0.9703755974769592
0,UBFC-Phys,UBFC-Phys:s52,Control task,0.7302992939949036,0.9966729879379272
1,UBFC-Phys,UBFC-Phys:s52,Control task,0.7927418351173401,0.9965280890464783
2,UBFC-Phys,UBFC-Phys:s52,Control task,0.41931864619255066,0.997785210609436
3,UBFC-Phys,UBFC-Phys:s52,Control task,0.5733029842376709,0.9592806696891785
4,UBFC-Phys,UBFC-Phys:s52,Control task,0.8912061452865601,0.9971787929534912
0,UBFC-Phys,UBFC-Phys:s53,Baseline,0.09836310148239136,0.002246986608952284
1,UBFC-Phys,UBFC-Phys:s53,Baseline,0.10704723000526428,0.0022413553670048714
2,UBFC-Phys,UBFC-Phys:s53,Baseline,0.10411137342453003,0.0022413553670048714
3,UBFC-Phys,UBFC-Phys:s53,Baseline,0.07986454665660858,0.0022413553670048714
4,UBFC-Phys,UBFC-Phys:s53,Baseline,0.12123467028141022,0.0022413553670048714
0,UBFC-Phys,UBFC-Phys:s53,Stress,0.708229660987854,0.4914826452732086
1,UBFC-Phys,UBFC-Phys:s53,Stress,0.7110585570335388,0.968685507774353
2,UBFC-Phys,UBFC-Phys:s53,Stress,0.7698281407356262,0.5142766237258911
3,UBFC-Phys,UBFC-Phys:s53,Stress,0.6086176633834839,0.8650755286216736
4,UBFC-Phys,UBFC-Phys:s53,Stress,0.5593864321708679,0.8764401078224182
0,UBFC-Phys,UBFC-Phys:s53,Stress,0.740715742111206,0.9963335990905762
1,UBFC-Phys,UBFC-Phys:s53,Stress,0.5944869518280029,0.9950760006904602
2,UBFC-Phys,UBFC-Phys:s53,Stress,0.261608362197876,0.9960378408432007
3,UBFC-Phys,UBFC-Phys:s53,Stress,0.6702698469161987,0.9952589869499207
4,UBFC-Phys,UBFC-Phys:s53,Stress,0.6725024580955505,0.9925170540809631
0,UBFC-Phys,UBFC-Phys:s54,Baseline,0.39744120836257935,0.02257995307445526
1,UBFC-Phys,UBFC-Phys:s54,Baseline,0.30755916237831116,0.018082501366734505
2,UBFC-Phys,UBFC-Phys:s54,Baseline,0.09915262460708618,0.005283581558614969
3,UBFC-Phys,UBFC-Phys:s54,Baseline,0.06384304910898209,0.0053872521966695786
4,UBFC-Phys,UBFC-Phys:s54,Baseline,0.020321248099207878,0.006538596004247665
0,UBFC-Phys,UBFC-Phys:s54,Control task,0.4458843767642975,0.982098400592804
1,UBFC-Phys,UBFC-Phys:s54,Control task,0.5997353196144104,0.9174584746360779
2,UBFC-Phys,UBFC-Phys:s54,Control task,0.42905908823013306,0.9233214259147644
3,UBFC-Phys,UBFC-Phys:s54,Control task,0.38872846961021423,0.963375985622406
4,UBFC-Phys,UBFC-Phys:s54,Control task,0.27554917335510254,0.9718964099884033
0,UBFC-Phys,UBFC-Phys:s54,Control task,0.727806568145752,0.996742308139801
1,UBFC-Phys,UBFC-Phys:s54,Control task,0.5232744216918945,0.935792863368988
2,UBFC-Phys,UBFC-Phys:s54,Control task,0.6781527400016785,0.9951465725898743
3,UBFC-Phys,UBFC-Phys:s54,Control task,0.44449177384376526,0.9851680994033813
4,UBFC-Phys,UBFC-Phys:s54,Control task,0.5054396390914917,0.9042749404907227
0,UBFC-Phys,UBFC-Phys:s55,Baseline,0.04868859425187111,0.006874919403344393
1,UBFC-Phys,UBFC-Phys:s55,Baseline,0.205239400267601,0.005980270449072123
2,UBFC-Phys,UBFC-Phys:s55,Baseline,0.06370089948177338,0.01303351204842329
3,UBFC-Phys,UBFC-Phys:s55,Baseline,0.06810536980628967,0.012646038085222244
4,UBFC-Phys,UBFC-Phys:s55,Baseline,0.39737993478775024,0.022242417559027672
0,UBFC-Phys,UBFC-Phys:s55,Stress,0.9156663417816162,0.992440938949585
1,UBFC-Phys,UBFC-Phys:s55,Stress,0.9309272766113281,0.9958652257919312
2,UBFC-Phys,UBFC-Phys:s55,Stress,0.7912939190864563,0.9949238896369934
3,UBFC-Phys,UBFC-Phys:s55,Stress,0.5502164363861084,0.995848536491394
4,UBFC-Phys,UBFC-Phys:s55,Stress,0.6778889298439026,0.9919863939285278
0,UBFC-Phys,UBFC-Phys:s55,Stress,0.5141093134880066,0.9847472906112671
1,UBFC-Phys,UBFC-Phys:s55,Stress,0.37721118330955505,0.9714586734771729
2,UBFC-Phys,UBFC-Phys:s55,Stress,0.06860952079296112,0.8948156833648682
3,UBFC-Phys,UBFC-Phys:s55,Stress,0.09982915222644806,0.8445020914077759
4,UBFC-Phys,UBFC-Phys:s55,Stress,0.13314363360404968,0.9186686873435974
0,UBFC-Phys,UBFC-Phys:s56,Baseline,0.6438120007514954,0.9871010780334473
1,UBFC-Phys,UBFC-Phys:s56,Baseline,0.7893595099449158,0.9831469655036926
2,UBFC-Phys,UBFC-Phys:s56,Baseline,0.45275047421455383,0.9782067537307739
3,UBFC-Phys,UBFC-Phys:s56,Baseline,0.7376950979232788,0.9872943758964539
4,UBFC-Phys,UBFC-Phys:s56,Baseline,0.755107045173645,0.9872943758964539
0,UBFC-Phys,UBFC-Phys:s56,Control task,0.7377110719680786,0.9971916079521179
1,UBFC-Phys,UBFC-Phys:s56,Control task,0.47150394320487976,0.7990070581436157
2,UBFC-Phys,UBFC-Phys:s56,Control task,0.6907047629356384,0.9926981329917908
3,UBFC-Phys,UBFC-Phys:s56,Control task,0.5522990822792053,0.9710057377815247
4,UBFC-Phys,UBFC-Phys:s56,Control task,0.501276433467865,0.9851790070533752
0,UBFC-Phys,UBFC-Phys:s56,Control task,0.22414934635162354,0.04689070209860802
1,UBFC-Phys,UBFC-Phys:s56,Control task,0.0813642218708992,0.0042846668511629105
2,UBFC-Phys,UBFC-Phys:s56,Control task,0.336673378944397,0.6358469724655151
3,UBFC-Phys,UBFC-Phys:s56,Control task,0.08941340446472168,0.5236749053001404
4,UBFC-Phys,UBFC-Phys:s56,Control task,0.16425763070583344,0.8546180129051208
0,Stress-Predict,Stress-Predict:S02,Baseline,0.5160281658172607,0.29651880264282227
1,Stress-Predict,Stress-Predict:S02,Baseline,0.15556080639362335,0.04860878735780716
2,Stress-Predict,Stress-Predict:S02,Baseline,0.10360364615917206,0.06023788079619408
3,Stress-Predict,Stress-Predict:S02,Baseline,0.11704906821250916,0.07162350416183472
4,Stress-Predict,Stress-Predict:S02,Baseline,0.1002386212348938,0.07664165645837784
5,Stress-Predict,Stress-Predict:S02,Baseline,0.15523841977119446,0.015058985911309719
6,Stress-Predict,Stress-Predict:S02,Baseline,0.40951594710350037,0.010550000704824924
7,Stress-Predict,Stress-Predict:S02,Baseline,0.18802617490291595,0.011655976064503193
8,Stress-Predict,Stress-Predict:S02,Baseline,0.11887289583683014,0.010652098804712296
9,Stress-Predict,Stress-Predict:S02,Baseline,0.1428666114807129,0.07883831858634949
10,Stress-Predict,Stress-Predict:S02,Baseline,0.1412876397371292,0.006131402682512999
11,Stress-Predict,Stress-Predict:S02,Baseline,0.21845051646232605,0.01604020595550537
12,Stress-Predict,Stress-Predict:S02,Baseline,0.37953871488571167,0.05350607633590698
13,Stress-Predict,Stress-Predict:S02,Baseline,0.11328897625207901,0.11867674440145493
14,Stress-Predict,Stress-Predict:S02,Baseline,0.3585982918739319,0.01123920176178217
15,Stress-Predict,Stress-Predict:S02,Baseline,0.4133022129535675,0.012439626269042492
16,Stress-Predict,Stress-Predict:S02,Baseline,0.04035377502441406,0.05302528664469719
17,Stress-Predict,Stress-Predict:S02,Baseline,0.3467627763748169,0.041748348623514175
18,Stress-Predict,Stress-Predict:S02,Baseline,0.3165875971317291,0.039752762764692307
19,Stress-Predict,Stress-Predict:S02,Stress,0.16805265843868256,0.05232954025268555
20,Stress-Predict,Stress-Predict:S02,Stress,0.14390957355499268,0.10309100896120071
21,Stress-Predict,Stress-Predict:S02,Stress,0.02466074377298355,0.18516899645328522
22,Stress-Predict,Stress-Predict:S02,Stress,0.025849007070064545,0.4335770606994629
23,Stress-Predict,Stress-Predict:S02,Stress,0.049386538565158844,0.7057605981826782
24,Stress-Predict,Stress-Predict:S02,Stress,0.03368814289569855,0.7467100620269775
25,Stress-Predict,Stress-Predict:S02,Stress,0.04540380835533142,0.7805574536323547
26,Stress-Predict,Stress-Predict:S02,Stress,0.13441407680511475,0.7659688591957092
27,Stress-Predict,Stress-Predict:S02,Stress,0.06321670114994049,0.8478177189826965
28,Stress-Predict,Stress-Predict:S02,Stress,0.021520597860217094,0.6743575930595398
29,Stress-Predict,Stress-Predict:S02,Rest,0.07986824959516525,0.5943871736526489
30,Stress-Predict,Stress-Predict:S02,Rest,0.041371848434209824,0.23462064564228058
31,Stress-Predict,Stress-Predict:S02,Rest,0.4626461863517761,0.325216680765152
32,Stress-Predict,Stress-Predict:S02,Rest,0.10579955577850342,0.5648764371871948
33,Stress-Predict,Stress-Predict:S02,Rest,0.05200798436999321,0.30830225348472595
34,Stress-Predict,Stress-Predict:S02,Rest,0.28919440507888794,0.30827686190605164
35,Stress-Predict,Stress-Predict:S02,Rest,0.8184512257575989,0.3959931433200836
36,Stress-Predict,Stress-Predict:S02,Stress,0.04490675777196884,0.2880052924156189
37,Stress-Predict,Stress-Predict:S02,Stress,0.5693284273147583,0.6341128945350647
38,Stress-Predict,Stress-Predict:S02,Stress,0.320695161819458,0.5812689065933228
39,Stress-Predict,Stress-Predict:S02,Stress,0.12901881337165833,0.5088285803794861
40,Stress-Predict,Stress-Predict:S02,Stress,0.11558200418949127,0.6175365447998047
41,Stress-Predict,Stress-Predict:S02,Stress,0.7752085328102112,0.4116525948047638
42,Stress-Predict,Stress-Predict:S02,Stress,0.9658287167549133,0.7927587628364563
43,Stress-Predict,Stress-Predict:S02,Stress,0.9481247067451477,0.7992529273033142
44,Stress-Predict,Stress-Predict:S02,Stress,0.47708216309547424,0.7767587900161743
45,Stress-Predict,Stress-Predict:S02,Stress,0.8252555727958679,0.8175675868988037
46,Stress-Predict,Stress-Predict:S02,Stress,0.8285056948661804,0.8159657120704651
47,Stress-Predict,Stress-Predict:S02,Stress,0.6204826831817627,0.6039533615112305
48,Stress-Predict,Stress-Predict:S02,Stress,0.9384548664093018,0.7564661502838135
49,Stress-Predict,Stress-Predict:S02,Stress,0.9718592762947083,0.8789642453193665
50,Stress-Predict,Stress-Predict:S02,Stress,0.8495928645133972,0.881269633769989
51,Stress-Predict,Stress-Predict:S02,Stress,0.7645100355148315,0.7661006450653076
52,Stress-Predict,Stress-Predict:S02,Stress,0.9302592277526855,0.5846407413482666
53,Stress-Predict,Stress-Predict:S02,Stress,0.8650250434875488,0.6637227535247803
54,Stress-Predict,Stress-Predict:S02,Stress,0.8878138065338135,0.7941230535507202
55,Stress-Predict,Stress-Predict:S02,Rest,0.8065134882926941,0.5644764304161072
56,Stress-Predict,Stress-Predict:S02,Rest,0.8478173017501831,0.49163541197776794
57,Stress-Predict,Stress-Predict:S02,Rest,0.8306035995483398,0.5724655985832214
58,Stress-Predict,Stress-Predict:S02,Rest,0.8297651410102844,0.5899187326431274
59,Stress-Predict,Stress-Predict:S02,Rest,0.7543382048606873,0.3550110161304474
60,Stress-Predict,Stress-Predict:S02,Rest,0.7421727776527405,0.3438657224178314
61,Stress-Predict,Stress-Predict:S02,Rest,0.7537108063697815,0.868165910243988
62,Stress-Predict,Stress-Predict:S02,Rest,0.9233456254005432,0.4329557716846466
63,Stress-Predict,Stress-Predict:S02,Rest,0.48284709453582764,0.4795909523963928
64,Stress-Predict,Stress-Predict:S02,Rest,0.7655059695243835,0.7189537286758423
65,Stress-Predict,Stress-Predict:S02,Rest,0.14789190888404846,0.13065092265605927
66,Stress-Predict,Stress-Predict:S02,Rest,0.9602980613708496,0.4828666150569916
67,Stress-Predict,Stress-Predict:S02,Rest,0.9515061974525452,0.6317654252052307
68,Stress-Predict,Stress-Predict:S02,Rest,0.3222082257270813,0.6651257872581482
69,Stress-Predict,Stress-Predict:S02,Rest,0.1645507514476776,0.43535059690475464
70,Stress-Predict,Stress-Predict:S02,Rest,0.07236377894878387,0.3966902792453766
71,Stress-Predict,Stress-Predict:S02,Rest,0.3977985978126526,0.6411234140396118
72,Stress-Predict,Stress-Predict:S02,Rest,0.28279948234558105,0.4632052481174469
73,Stress-Predict,Stress-Predict:S02,Rest,0.5664507150650024,0.34812718629837036
74,Stress-Predict,Stress-Predict:S02,Rest,0.1881362348794937,0.09442437440156937
75,Stress-Predict,Stress-Predict:S02,Rest,0.9733753204345703,0.9019811749458313
76,Stress-Predict,Stress-Predict:S02,Rest,0.9732034802436829,0.8268507719039917
77,Stress-Predict,Stress-Predict:S02,Rest,0.8682428598403931,0.45155271887779236
78,Stress-Predict,Stress-Predict:S02,Rest,0.06738298386335373,0.4352286756038666
79,Stress-Predict,Stress-Predict:S02,Rest,0.09035627543926239,0.1487797051668167
80,Stress-Predict,Stress-Predict:S02,Rest,0.16377359628677368,0.4410840570926666
81,Stress-Predict,Stress-Predict:S02,Rest,0.5767994523048401,0.8806653022766113
82,Stress-Predict,Stress-Predict:S02,Rest,0.6661505699157715,0.8804782032966614
83,Stress-Predict,Stress-Predict:S02,Rest,0.3463582992553711,0.5146694779396057
84,Stress-Predict,Stress-Predict:S02,Rest,0.07500717043876648,0.45991769433021545
85,Stress-Predict,Stress-Predict:S02,Rest,0.8272560238838196,0.4217565953731537
86,Stress-Predict,Stress-Predict:S02,Rest,0.8989983201026917,0.7064666748046875
87,Stress-Predict,Stress-Predict:S02,Rest,0.551411509513855,0.2117617428302765
88,Stress-Predict,Stress-Predict:S02,Rest,0.3861478567123413,0.16817490756511688
89,Stress-Predict,Stress-Predict:S02,Rest,0.1610066294670105,0.10439575463533401
90,Stress-Predict,Stress-Predict:S02,Rest,0.859153151512146,0.31960102915763855
0,Stress-Predict,Stress-Predict:S03,Baseline,0.6888129115104675,0.06634727865457535
1,Stress-Predict,Stress-Predict:S03,Baseline,0.06001957133412361,0.35255905985832214
2,Stress-Predict,Stress-Predict:S03,Baseline,0.0516093485057354,0.5734175443649292
3,Stress-Predict,Stress-Predict:S03,Baseline,0.09696443378925323,0.5256713628768921
4,Stress-Predict,Stress-Predict:S03,Baseline,0.02980390191078186,0.5934351086616516
5,Stress-Predict,Stress-Predict:S03,Baseline,0.054307810962200165,0.3371780514717102
6,Stress-Predict,Stress-Predict:S03,Baseline,0.06405667215585709,0.28976303339004517
7,Stress-Predict,Stress-Predict:S03,Baseline,0.12557677924633026,0.3190675973892212
8,Stress-Predict,Stress-Predict:S03,Baseline,0.2382834255695343,0.35593920946121216
9,Stress-Predict,Stress-Predict:S03,Baseline,0.6819425225257874,0.8122813105583191
10,Stress-Predict,Stress-Predict:S03,Stress,0.02428954839706421,0.3474929630756378
11,Stress-Predict,Stress-Predict:S03,Stress,0.05814642459154129,0.6401644349098206
12,Stress-Predict,Stress-Predict:S03,Stress,0.027621982619166374,0.5384209156036377
13,Stress-Predict,Stress-Predict:S03,Stress,0.017566798254847527,0.4327239394187927
14,Stress-Predict,Stress-Predict:S03,Stress,0.07245982438325882,0.3830668330192566
15,Stress-Predict,Stress-Predict:S03,Stress,0.02019762434065342,0.5593820214271545
16,Stress-Predict,Stress-Predict:S03,Stress,0.013305914588272572,0.34530192613601685
17,Stress-Predict,Stress-Predict:S03,Rest,0.7465527057647705,0.8256090879440308
18,Stress-Predict,Stress-Predict:S03,Rest,0.17391906678676605,0.7908064723014832
19,Stress-Predict,Stress-Predict:S03,Rest,0.28862038254737854,0.6091034412384033
20,Stress-Predict,Stress-Predict:S03,Rest,0.23288913071155548,0.42406225204467773
21,Stress-Predict,Stress-Predict:S03,Rest,0.10933741927146912,0.44812673330307007
22,Stress-Predict,Stress-Predict:S03,Rest,0.2866935133934021,0.5787559151649475
23,Stress-Predict,Stress-Predict:S03,Rest,0.1525348275899887,0.3385639786720276
24,Stress-Predict,Stress-Predict:S03,Stress,0.5195272564888,0.8654425144195557
25,Stress-Predict,Stress-Predict:S03,Stress,0.8793635964393616,0.8244181275367737
26,Stress-Predict,Stress-Predict:S03,Stress,0.24108999967575073,0.17959176003932953
27,Stress-Predict,Stress-Predict:S03,Stress,0.03235213831067085,0.14892339706420898
28,Stress-Predict,Stress-Predict:S03,Stress,0.057054463773965836,0.37837323546409607
29,Stress-Predict,Stress-Predict:S03,Stress,0.9586326479911804,0.8739652037620544
30,Stress-Predict,Stress-Predict:S03,Stress,0.8978897929191589,0.7116682529449463
31,Stress-Predict,Stress-Predict:S03,Stress,0.9403504729270935,0.8297640681266785
32,Stress-Predict,Stress-Predict:S03,Stress,0.8535134196281433,0.8815160393714905
33,Stress-Predict,Stress-Predict:S03,Stress,0.5013574957847595,0.40080517530441284
34,Stress-Predict,Stress-Predict:S03,Stress,0.8353878259658813,0.7179790139198303
35,Stress-Predict,Stress-Predict:S03,Stress,0.8362236618995667,0.9144102931022644
36,Stress-Predict,Stress-Predict:S03,Stress,0.8757191896438599,0.9098905920982361
37,Stress-Predict,Stress-Predict:S03,Stress,0.772402822971344,0.7270558476448059
38,Stress-Predict,Stress-Predict:S03,Stress,0.17652033269405365,0.16325630247592926
39,Stress-Predict,Stress-Predict:S03,Stress,0.16248467564582825,0.4579118490219116
40,Stress-Predict,Stress-Predict:S03,Rest,0.3199683725833893,0.46451109647750854
41,Stress-Predict,Stress-Predict:S03,Rest,0.242259219288826,0.2407332956790924
42,Stress-Predict,Stress-Predict:S03,Rest,0.21779142320156097,0.2548109292984009
43,Stress-Predict,Stress-Predict:S03,Rest,0.30969446897506714,0.26465266942977905
44,Stress-Predict,Stress-Predict:S03,Rest,0.3447116017341614,0.19146952033042908
45,Stress-Predict,Stress-Predict:S03,Rest,0.46271833777427673,0.3448934853076935
46,Stress-Predict,Stress-Predict:S03,Rest,0.0864897072315216,0.6291864514350891
47,Stress-Predict,Stress-Predict:S03,Rest,0.07012084126472473,0.6178200840950012
48,Stress-Predict,Stress-Predict:S03,Rest,0.09714140743017197,0.326697438955307
49,Stress-Predict,Stress-Predict:S03,Rest,0.013832111842930317,0.15976102650165558
50,Stress-Predict,Stress-Predict:S03,Rest,0.0531124472618103,0.2995458245277405
51,Stress-Predict,Stress-Predict:S03,Rest,0.04956163465976715,0.33136633038520813
52,Stress-Predict,Stress-Predict:S03,Rest,0.00742448540404439,0.2504989206790924
53,Stress-Predict,Stress-Predict:S03,Rest,0.11557819694280624,0.1328365057706833
54,Stress-Predict,Stress-Predict:S03,Rest,0.34223124384880066,0.2694133222103119
55,Stress-Predict,Stress-Predict:S03,Rest,0.055714935064315796,0.4547233283519745
56,Stress-Predict,Stress-Predict:S03,Rest,0.011143099516630173,0.31908613443374634
57,Stress-Predict,Stress-Predict:S03,Rest,0.09272437542676926,0.08719700574874878
58,Stress-Predict,Stress-Predict:S03,Rest,0.05498448386788368,0.01257559098303318
59,Stress-Predict,Stress-Predict:S03,Rest,0.06938807666301727,0.01957358419895172
60,Stress-Predict,Stress-Predict:S03,Rest,0.2952297627925873,0.7074780464172363
61,Stress-Predict,Stress-Predict:S03,Rest,0.028587764129042625,0.3551257252693176
62,Stress-Predict,Stress-Predict:S03,Rest,0.029344556853175163,0.2736409604549408
63,Stress-Predict,Stress-Predict:S03,Rest,0.01739867962896824,0.3512120842933655
64,Stress-Predict,Stress-Predict:S03,Rest,0.01965412124991417,0.13071389496326447
65,Stress-Predict,Stress-Predict:S03,Rest,0.06525728106498718,0.1643458604812622
66,Stress-Predict,Stress-Predict:S03,Rest,0.028925864025950432,0.1441292017698288
67,Stress-Predict,Stress-Predict:S03,Rest,0.03656894713640213,0.2720230519771576
68,Stress-Predict,Stress-Predict:S03,Rest,0.7569575905799866,0.41930386424064636
69,Stress-Predict,Stress-Predict:S03,Rest,0.6953748464584351,0.32232290506362915
70,Stress-Predict,Stress-Predict:S03,Rest,0.7961351871490479,0.40543997287750244
71,Stress-Predict,Stress-Predict:S03,Rest,0.5755840539932251,0.665701687335968
72,Stress-Predict,Stress-Predict:S03,Rest,0.15895143151283264,0.38308483362197876
73,Stress-Predict,Stress-Predict:S03,Rest,0.14626458287239075,0.35091641545295715
74,Stress-Predict,Stress-Predict:S03,Rest,0.10007114708423615,0.2781045138835907
75,Stress-Predict,Stress-Predict:S03,Rest,0.072157122194767,0.2760324776172638
76,Stress-Predict,Stress-Predict:S03,Rest,0.12653404474258423,0.4486624598503113
77,Stress-Predict,Stress-Predict:S03,Rest,0.14233717322349548,0.38608959317207336
78,Stress-Predict,Stress-Predict:S03,Rest,0.09711863100528717,0.26981279253959656
79,Stress-Predict,Stress-Predict:S03,Rest,0.008722838945686817,0.17506958544254303
0,Stress-Predict,Stress-Predict:S04,Baseline,0.05072980374097824,0.423756867647171
1,Stress-Predict,Stress-Predict:S04,Baseline,0.044825829565525055,0.21473076939582825
2,Stress-Predict,Stress-Predict:S04,Baseline,0.08183392137289047,0.1996234506368637
3,Stress-Predict,Stress-Predict:S04,Baseline,0.022234922274947166,0.1941775530576706
4,Stress-Predict,Stress-Predict:S04,Baseline,0.12063049525022507,0.25626230239868164
5,Stress-Predict,Stress-Predict:S04,Baseline,0.2784428596496582,0.4724884033203125
6,Stress-Predict,Stress-Predict:S04,Baseline,0.3705406188964844,0.7395444512367249
7,Stress-Predict,Stress-Predict:S04,Baseline,0.6890009045600891,0.8598635792732239
8,Stress-Predict,Stress-Predict:S04,Baseline,0.7117689251899719,0.8407129645347595
9,Stress-Predict,Stress-Predict:S04,Baseline,0.14198507368564606,0.8540815711021423
10,Stress-Predict,Stress-Predict:S04,Baseline,0.7186232209205627,0.9128252267837524
11,Stress-Predict,Stress-Predict:S04,Baseline,0.8867843747138977,0.8850693106651306
12,Stress-Predict,Stress-Predict:S04,Baseline,0.9393832683563232,0.9213534593582153
13,Stress-Predict,Stress-Predict:S04,Baseline,0.74049973487854,0.8753119111061096
14,Stress-Predict,Stress-Predict:S04,Baseline,0.8932467699050903,0.6439083814620972
15,Stress-Predict,Stress-Predict:S04,Baseline,0.8830558657646179,0.866979718208313
16,Stress-Predict,Stress-Predict:S04,Stress,0.1136791929602623,0.20272000133991241
17,Stress-Predict,Stress-Predict:S04,Stress,0.20192089676856995,0.49260327219963074
18,Stress-Predict,Stress-Predict:S04,Stress,0.10039729624986649,0.4672146439552307
19,Stress-Predict,Stress-Predict:S04,Stress,0.029201451689004898,0.3826523721218109
20,Stress-Predict,Stress-Predict:S04,Stress,0.08195210248231888,0.22064390778541565
21,Stress-Predict,Stress-Predict:S04,Stress,0.015560111962258816,0.4420524835586548
22,Stress-Predict,Stress-Predict:S04,Stress,0.05643167346715927,0.42540115118026733
23,Stress-Predict,Stress-Predict:S04,Stress,0.038762595504522324,0.801001787185669
24,Stress-Predict,Stress-Predict:S04,Stress,0.10049516707658768,0.6002459526062012
25,Stress-Predict,Stress-Predict:S04,Rest,0.21142913401126862,0.5524937510490417
26,Stress-Predict,Stress-Predict:S04,Rest,0.08200643956661224,0.19698333740234375
27,Stress-Predict,Stress-Predict:S04,Rest,0.4161158800125122,0.6125204563140869
28,Stress-Predict,Stress-Predict:S04,Rest,0.9524055123329163,0.7920226454734802
29,Stress-Predict,Stress-Predict:S04,Rest,0.8537929654121399,0.9196354150772095
30,Stress-Predict,Stress-Predict:S04,Rest,0.8906672596931458,0.7730873227119446
31,Stress-Predict,Stress-Predict:S04,Rest,0.6832405924797058,0.5751463770866394
32,Stress-Predict,Stress-Predict:S04,Stress,0.9167817234992981,0.8559461832046509
33,Stress-Predict,Stress-Predict:S04,Stress,0.5878897905349731,0.5567037463188171
34,Stress-Predict,Stress-Predict:S04,Stress,0.7373716831207275,0.8047525882720947
35,Stress-Predict,Stress-Predict:S04,Stress,0.8310911059379578,0.8215270638465881
36,Stress-Predict,Stress-Predict:S04,Stress,0.8705027103424072,0.7784819006919861
37,Stress-Predict,Stress-Predict:S04,Stress,0.20156298577785492,0.5441136360168457
38,Stress-Predict,Stress-Predict:S04,Stress,0.24542951583862305,0.6151396036148071
39,Stress-Predict,Stress-Predict:S04,Stress,0.9709892272949219,0.8961939811706543
40,Stress-Predict,Stress-Predict:S04,Stress,0.9201115965843201,0.9084807634353638
41,Stress-Predict,Stress-Predict:S04,Stress,0.949310302734375,0.9053435325622559
42,Stress-Predict,Stress-Predict:S04,Stress,0.983523428440094,0.9516335725784302
43,Stress-Predict,Stress-Predict:S04,Stress,0.9211946129798889,0.8606691956520081
44,Stress-Predict,Stress-Predict:S04,Stress,0.8498826026916504,0.7644186615943909
45,Stress-Predict,Stress-Predict:S04,Stress,0.9699479937553406,0.9365169405937195
46,Stress-Predict,Stress-Predict:S04,Stress,0.9786050319671631,0.8828203082084656
47,Stress-Predict,Stress-Predict:S04,Stress,0.49356162548065186,0.8507097363471985
48,Stress-Predict,Stress-Predict:S04,Stress,0.11240404844284058,0.5795966386795044
49,Stress-Predict,Stress-Predict:S04,Rest,0.23001281917095184,0.22650305926799774
50,Stress-Predict,Stress-Predict:S04,Rest,0.15979689359664917,0.1417946219444275
51,Stress-Predict,Stress-Predict:S04,Rest,0.10564915835857391,0.14463625848293304
52,Stress-Predict,Stress-Predict:S04,Rest,0.36162880063056946,0.6044368743896484
53,Stress-Predict,Stress-Predict:S04,Rest,0.18921273946762085,0.17815259099006653
54,Stress-Predict,Stress-Predict:S04,Rest,0.09118980914354324,0.15158586204051971
55,Stress-Predict,Stress-Predict:S04,Rest,0.12273693829774857,0.12415968626737595
56,Stress-Predict,Stress-Predict:S04,Rest,0.16849438846111298,0.07910434901714325
57,Stress-Predict,Stress-Predict:S04,Hyperventilation,0.027714531868696213,0.6239354610443115
58,Stress-Predict,Stress-Predict:S04,Hyperventilation,0.0475645586848259,0.5160391330718994
59,Stress-Predict,Stress-Predict:S04,Rest,0.05116133391857147,0.11416613310575485
60,Stress-Predict,Stress-Predict:S04,Rest,0.03285599127411842,0.09154371172189713
61,Stress-Predict,Stress-Predict:S04,Rest,0.019769785925745964,0.12402863055467606
62,Stress-Predict,Stress-Predict:S04,Rest,0.018746718764305115,0.11724070459604263
63,Stress-Predict,Stress-Predict:S04,Rest,0.0062365056946873665,0.17667022347450256
64,Stress-Predict,Stress-Predict:S04,Rest,0.017874300479888916,0.07722775638103485
65,Stress-Predict,Stress-Predict:S04,Rest,0.0499945804476738,0.03692201152443886
66,Stress-Predict,Stress-Predict:S04,Rest,0.06599166244268417,0.035272590816020966
67,Stress-Predict,Stress-Predict:S04,Rest,0.014055490493774414,0.04452069476246834
68,Stress-Predict,Stress-Predict:S04,Rest,0.04457395151257515,0.05061231926083565
69,Stress-Predict,Stress-Predict:S04,Rest,0.021815365180373192,0.07594018429517746
70,Stress-Predict,Stress-Predict:S04,Rest,0.013370241969823837,0.0696193054318428
71,Stress-Predict,Stress-Predict:S04,Rest,0.03165601193904877,0.08580777794122696
72,Stress-Predict,Stress-Predict:S04,Rest,0.0679650604724884,0.07229138910770416
73,Stress-Predict,Stress-Predict:S04,Rest,0.2505858242511749,0.2384633868932724
74,Stress-Predict,Stress-Predict:S04,Rest,0.030023664236068726,0.18158741295337677
75,Stress-Predict,Stress-Predict:S04,Rest,0.057978399097919464,0.27032560110092163
76,Stress-Predict,Stress-Predict:S04,Rest,0.059492405503988266,0.36373966932296753
77,Stress-Predict,Stress-Predict:S04,Rest,0.04271690174937248,0.11821582168340683
78,Stress-Predict,Stress-Predict:S04,Rest,0.06125660613179207,0.0753772035241127
79,Stress-Predict,Stress-Predict:S04,Rest,0.16446585953235626,0.1426648199558258
80,Stress-Predict,Stress-Predict:S04,Rest,0.0955728143453598,0.14875592291355133
81,Stress-Predict,Stress-Predict:S04,Rest,0.06173741817474365,0.05444358289241791
82,Stress-Predict,Stress-Predict:S04,Rest,0.051186803728342056,0.06161189824342728
0,Stress-Predict,Stress-Predict:S05,Baseline,0.04074135795235634,0.6993013620376587
1,Stress-Predict,Stress-Predict:S05,Baseline,0.13767555356025696,0.7062285542488098
2,Stress-Predict,Stress-Predict:S05,Baseline,0.2544340193271637,0.7832879424095154
3,Stress-Predict,Stress-Predict:S05,Baseline,0.2002115547657013,0.3771873116493225
4,Stress-Predict,Stress-Predict:S05,Baseline,0.9420314431190491,0.7382544279098511
5,Stress-Predict,Stress-Predict:S05,Baseline,0.9709166288375854,0.8960076570510864
6,Stress-Predict,Stress-Predict:S05,Baseline,0.9761638045310974,0.7916116118431091
7,Stress-Predict,Stress-Predict:S05,Baseline,0.9556563496589661,0.7596801519393921
8,Stress-Predict,Stress-Predict:S05,Baseline,0.29240304231643677,0.26149359345436096
9,Stress-Predict,Stress-Predict:S05,Baseline,0.8402284383773804,0.5871767401695251
10,Stress-Predict,Stress-Predict:S05,Baseline,0.7930763363838196,0.5168156027793884
11,Stress-Predict,Stress-Predict:S05,Baseline,0.21671295166015625,0.27690643072128296
12,Stress-Predict,Stress-Predict:S05,Baseline,0.1806212067604065,0.5523707270622253
13,Stress-Predict,Stress-Predict:S05,Baseline,0.33983662724494934,0.5386122465133667
14,Stress-Predict,Stress-Predict:S05,Baseline,0.024078529328107834,0.5943930745124817
15,Stress-Predict,Stress-Predict:S05,Baseline,0.06688354909420013,0.3376412093639374
16,Stress-Predict,Stress-Predict:S05,Baseline,0.03152914717793465,0.1664586067199707
17,Stress-Predict,Stress-Predict:S05,Baseline,0.03146188706159592,0.015659304335713387
18,Stress-Predict,Stress-Predict:S05,Baseline,0.03493358567357063,0.006102904677391052
19,Stress-Predict,Stress-Predict:S05,Baseline,0.024126283824443817,0.004310206044465303
20,Stress-Predict,Stress-Predict:S05,Stress,0.024993201717734337,0.013886156491935253
21,Stress-Predict,Stress-Predict:S05,Stress,0.00785073172301054,0.019703345373272896
22,Stress-Predict,Stress-Predict:S05,Stress,0.013068059459328651,0.014532661996781826
23,Stress-Predict,Stress-Predict:S05,Stress,0.3950469195842743,0.10168909281492233
24,Stress-Predict,Stress-Predict:S05,Stress,0.5660898685455322,0.4034125506877899
25,Stress-Predict,Stress-Predict:S05,Stress,0.599493682384491,0.8320282101631165
26,Stress-Predict,Stress-Predict:S05,Stress,0.9581645727157593,0.902230978012085
27,Stress-Predict,Stress-Predict:S05,Stress,0.9555017948150635,0.949664831161499
28,Stress-Predict,Stress-Predict:S05,Stress,0.9701486825942993,0.9197636842727661
29,Stress-Predict,Stress-Predict:S05,Rest,0.6760431528091431,0.7799624800682068
30,Stress-Predict,Stress-Predict:S05,Rest,0.46287399530410767,0.5473517179489136
31,Stress-Predict,Stress-Predict:S05,Rest,0.18474188446998596,0.27680230140686035
32,Stress-Predict,Stress-Predict:S05,Rest,0.10143651068210602,0.41235682368278503
33,Stress-Predict,Stress-Predict:S05,Rest,0.5586411952972412,0.2998954951763153
34,Stress-Predict,Stress-Predict:S05,Rest,0.0801362693309784,0.3511088490486145
35,Stress-Predict,Stress-Predict:S05,Rest,0.044273726642131805,0.2881142795085907
36,Stress-Predict,Stress-Predict:S05,Stress,0.03133552148938179,0.043215688318014145
37,Stress-Predict,Stress-Predict:S05,Stress,0.09441279619932175,0.034027695655822754
38,Stress-Predict,Stress-Predict:S05,Stress,0.17507140338420868,0.020897500216960907
39,Stress-Predict,Stress-Predict:S05,Stress,0.10727036744356155,0.020111767575144768
40,Stress-Predict,Stress-Predict:S05,Stress,0.02475205808877945,0.028153860941529274
41,Stress-Predict,Stress-Predict:S05,Stress,0.33565467596054077,0.04155988618731499
42,Stress-Predict,Stress-Predict:S05,Stress,0.9709802269935608,0.36419668793678284
43,Stress-Predict,Stress-Predict:S05,Stress,0.880373477935791,0.9101046919822693
44,Stress-Predict,Stress-Predict:S05,Stress,0.9385349750518799,0.9300293326377869
45,Stress-Predict,Stress-Predict:S05,Stress,0.9604020714759827,0.906365156173706
46,Stress-Predict,Stress-Predict:S05,Stress,0.9683799743652344,0.8845393061637878
47,Stress-Predict,Stress-Predict:S05,Stress,0.9366652369499207,0.9073598384857178
48,Stress-Predict,Stress-Predict:S05,Stress,0.93764328956604,0.7813687920570374
49,Stress-Predict,Stress-Predict:S05,Stress,0.8187641501426697,0.7464077472686768
50,Stress-Predict,Stress-Predict:S05,Stress,0.9309632182121277,0.8643918037414551
51,Stress-Predict,Stress-Predict:S05,Stress,0.6558178663253784,0.8741987347602844
52,Stress-Predict,Stress-Predict:S05,Stress,0.6520490050315857,0.8588982224464417
53,Stress-Predict,Stress-Predict:S05,Stress,0.8950726389884949,0.8666072487831116
54,Stress-Predict,Stress-Predict:S05,Stress,0.5192648768424988,0.8323907852172852
55,Stress-Predict,Stress-Predict:S05,Rest,0.5928656458854675,0.39647984504699707
56,Stress-Predict,Stress-Predict:S05,Rest,0.40594184398651123,0.13205315172672272
57,Stress-Predict,Stress-Predict:S05,Rest,0.35365989804267883,0.047715477645397186
58,Stress-Predict,Stress-Predict:S05,Rest,0.2343323826789856,0.45421671867370605
59,Stress-Predict,Stress-Predict:S05,Rest,0.6974273920059204,0.684331476688385
60,Stress-Predict,Stress-Predict:S05,Rest,0.18152758479118347,0.3395751714706421
61,Stress-Predict,Stress-Predict:S05,Hyperventilation,0.14326916635036469,0.24952371418476105
62,Stress-Predict,Stress-Predict:S05,Hyperventilation,0.074611134827137,0.14428041875362396
63,Stress-Predict,Stress-Predict:S05,Rest,0.3582649230957031,0.8164567947387695
64,Stress-Predict,Stress-Predict:S05,Rest,0.15408851206302643,0.1797817498445511
65,Stress-Predict,Stress-Predict:S05,Rest,0.020013656467199326,0.19469042122364044
66,Stress-Predict,Stress-Predict:S05,Rest,0.019290609285235405,0.0952383428812027
67,Stress-Predict,Stress-Predict:S05,Rest,0.21858662366867065,0.2466827929019928
68,Stress-Predict,Stress-Predict:S05,Rest,0.04478306323289871,0.16961458325386047
69,Stress-Predict,Stress-Predict:S05,Rest,0.03858657553792,0.20912668108940125
70,Stress-Predict,Stress-Predict:S05,Rest,0.6390262842178345,0.5936834216117859
71,Stress-Predict,Stress-Predict:S05,Rest,0.029554074630141258,0.0722900927066803
72,Stress-Predict,Stress-Predict:S05,Rest,0.07026799768209457,0.015064653009176254
73,Stress-Predict,Stress-Predict:S05,Rest,0.1271604746580124,0.003991283010691404
74,Stress-Predict,Stress-Predict:S05,Rest,0.1713975965976715,0.00632644584402442
75,Stress-Predict,Stress-Predict:S05,Rest,0.039396848529577255,0.009258591569960117
76,Stress-Predict,Stress-Predict:S05,Rest,0.04015238210558891,0.00584375998005271
77,Stress-Predict,Stress-Predict:S05,Rest,0.06793809682130814,0.005284471437335014
78,Stress-Predict,Stress-Predict:S05,Rest,0.164544939994812,0.01329895481467247
0,Stress-Predict,Stress-Predict:S06,Baseline,0.5253074765205383,0.03880270943045616
1,Stress-Predict,Stress-Predict:S06,Baseline,0.4070233404636383,0.4029903709888458
2,Stress-Predict,Stress-Predict:S06,Baseline,0.1520240753889084,0.4195086658000946
3,Stress-Predict,Stress-Predict:S06,Baseline,0.12329109758138657,0.7065467238426208
4,Stress-Predict,Stress-Predict:S06,Baseline,0.20510494709014893,0.7071554064750671
5,Stress-Predict,Stress-Predict:S06,Baseline,0.06664199382066727,0.6038970351219177
6,Stress-Predict,Stress-Predict:S06,Baseline,0.02160741202533245,0.557258665561676
7,Stress-Predict,Stress-Predict:S06,Baseline,0.028031833469867706,0.5073603987693787
8,Stress-Predict,Stress-Predict:S06,Baseline,0.030582226812839508,0.7459772229194641
9,Stress-Predict,Stress-Predict:S06,Baseline,0.07426726073026657,0.8683888912200928
10,Stress-Predict,Stress-Predict:S06,Baseline,0.08097797632217407,0.8187159895896912
11,Stress-Predict,Stress-Predict:S06,Baseline,0.23659782111644745,0.8878190517425537
12,Stress-Predict,Stress-Predict:S06,Baseline,0.4028259217739105,0.9377033710479736
13,Stress-Predict,Stress-Predict:S06,Baseline,0.1752418875694275,0.926161527633667
14,Stress-Predict,Stress-Predict:S06,Baseline,0.4797259569168091,0.9471526741981506
15,Stress-Predict,Stress-Predict:S06,Baseline,0.041639287024736404,0.6588419675827026
16,Stress-Predict,Stress-Predict:S06,Rest,0.22147999703884125,0.4175231158733368
17,Stress-Predict,Stress-Predict:S06,Rest,0.22961737215518951,0.12437476217746735
18,Stress-Predict,Stress-Predict:S06,Rest,0.1725115031003952,0.5519830584526062
19,Stress-Predict,Stress-Predict:S06,Rest,0.0975811555981636,0.45346468687057495
20,Stress-Predict,Stress-Predict:S06,Rest,0.09421252459287643,0.3136807382106781
21,Stress-Predict,Stress-Predict:S06,Rest,0.04422009363770485,0.15990564227104187
22,Stress-Predict,Stress-Predict:S06,Rest,0.02705463394522667,0.18214310705661774
23,Stress-Predict,Stress-Predict:S06,Hyperventilation,0.035628341138362885,0.33365991711616516
24,Stress-Predict,Stress-Predict:S06,Hyperventilation,0.023265285417437553,0.26651373505592346
25,Stress-Predict,Stress-Predict:S06,Hyperventilation,0.08785156160593033,0.18137505650520325
26,Stress-Predict,Stress-Predict:S06,Rest,0.08531409502029419,0.33385947346687317
27,Stress-Predict,Stress-Predict:S06,Rest,0.08976078033447266,0.7045897841453552
28,Stress-Predict,Stress-Predict:S06,Rest,0.007753541227430105,0.17801602184772491
29,Stress-Predict,Stress-Predict:S06,Rest,0.062149327248334885,0.6961977481842041
30,Stress-Predict,Stress-Predict:S06,Rest,0.5235774517059326,0.75079345703125
31,Stress-Predict,Stress-Predict:S06,Rest,0.8100665211677551,0.91997891664505
32,Stress-Predict,Stress-Predict:S06,Rest,0.854634165763855,0.7719460725784302
33,Stress-Predict,Stress-Predict:S06,Rest,0.016434727236628532,0.26754626631736755
34,Stress-Predict,Stress-Predict:S06,Rest,0.04231784865260124,0.1008807048201561
35,Stress-Predict,Stress-Predict:S06,Rest,0.01074716541916132,0.1297159641981125
36,Stress-Predict,Stress-Predict:S06,Rest,0.009200203232467175,0.09917882084846497
37,Stress-Predict,Stress-Predict:S06,Rest,0.018327299505472183,0.04302598163485527
38,Stress-Predict,Stress-Predict:S06,Rest,0.20195426046848297,0.20164507627487183
39,Stress-Predict,Stress-Predict:S06,Rest,0.39187002182006836,0.4080566465854645
40,Stress-Predict,Stress-Predict:S06,Rest,0.09534954279661179,0.31960129737854004
0,Stress-Predict,Stress-Predict:S07,Baseline,0.022509070113301277,0.01499477494508028
1,Stress-Predict,Stress-Predict:S07,Baseline,0.015945827588438988,0.010230914689600468
2,Stress-Predict,Stress-Predict:S07,Baseline,0.017027894034981728,0.00812328327447176
3,Stress-Predict,Stress-Predict:S07,Baseline,0.009422967210412025,0.006486658938229084
4,Stress-Predict,Stress-Predict:S07,Baseline,0.03308609127998352,0.020212233066558838
5,Stress-Predict,Stress-Predict:S07,Baseline,0.26134487986564636,0.040493421256542206
6,Stress-Predict,Stress-Predict:S07,Baseline,0.6352447867393494,0.6276073455810547
7,Stress-Predict,Stress-Predict:S07,Baseline,0.867180585861206,0.6934110522270203
8,Stress-Predict,Stress-Predict:S07,Baseline,0.9411810040473938,0.9285481572151184
9,Stress-Predict,Stress-Predict:S07,Baseline,0.9003141522407532,0.8454591035842896
10,Stress-Predict,Stress-Predict:S07,Baseline,0.8390228748321533,0.8946712613105774
11,Stress-Predict,Stress-Predict:S07,Baseline,0.6662694811820984,0.8981606960296631
12,Stress-Predict,Stress-Predict:S07,Baseline,0.09133240580558777,0.15447650849819183
13,Stress-Predict,Stress-Predict:S07,Baseline,0.1291952282190323,0.1723850518465042
14,Stress-Predict,Stress-Predict:S07,Baseline,0.3832654058933258,0.2478490024805069
15,Stress-Predict,Stress-Predict:S07,Baseline,0.08666880428791046,0.29527953267097473
16,Stress-Predict,Stress-Predict:S07,Baseline,0.034321561455726624,0.37486597895622253
17,Stress-Predict,Stress-Predict:S07,Baseline,0.015183009207248688,0.17126505076885223
18,Stress-Predict,Stress-Predict:S07,Baseline,0.04976847767829895,0.09913218021392822
19,Stress-Predict,Stress-Predict:S07,Baseline,0.009891336783766747,0.2602568566799164
20,Stress-Predict,Stress-Predict:S07,Baseline,0.013390643522143364,0.24225862324237823
21,Stress-Predict,Stress-Predict:S07,Baseline,0.07244555652141571,0.30817312002182007
22,Stress-Predict,Stress-Predict:S07,Stress,0.5638195872306824,0.8448600769042969
23,Stress-Predict,Stress-Predict:S07,Stress,0.9389452338218689,0.9018319249153137
24,Stress-Predict,Stress-Predict:S07,Stress,0.4572773277759552,0.8245328664779663
25,Stress-Predict,Stress-Predict:S07,Stress,0.28766119480133057,0.7878149151802063
26,Stress-Predict,Stress-Predict:S07,Stress,0.1824384182691574,0.8175076842308044
27,Stress-Predict,Stress-Predict:S07,Stress,0.16197045147418976,0.8665807843208313
28,Stress-Predict,Stress-Predict:S07,Rest,0.0659325122833252,0.7493131160736084
29,Stress-Predict,Stress-Predict:S07,Rest,0.04891357198357582,0.3259148895740509
30,Stress-Predict,Stress-Predict:S07,Rest,0.14137625694274902,0.22069954872131348
31,Stress-Predict,Stress-Predict:S07,Rest,0.09066273272037506,0.13272765278816223
32,Stress-Predict,Stress-Predict:S07,Rest,0.043466854840517044,0.2756221890449524
33,Stress-Predict,Stress-Predict:S07,Rest,0.04481779411435127,0.7152577042579651
34,Stress-Predict,Stress-Predict:S07,Rest,0.07587367296218872,0.5204571485519409
35,Stress-Predict,Stress-Predict:S07,Stress,0.907681405544281,0.8162662386894226
36,Stress-Predict,Stress-Predict:S07,Stress,0.20894819498062134,0.20184725522994995
37,Stress-Predict,Stress-Predict:S07,Stress,0.22176523506641388,0.21187488734722137
38,Stress-Predict,Stress-Predict:S07,Stress,0.8515788912773132,0.5787637233734131
39,Stress-Predict,Stress-Predict:S07,Stress,0.6615414619445801,0.5786749720573425
40,Stress-Predict,Stress-Predict:S07,Stress,0.39971470832824707,0.40022528171539307
41,Stress-Predict,Stress-Predict:S07,Stress,0.22268369793891907,0.42810094356536865
42,Stress-Predict,Stress-Predict:S07,Stress,0.14829862117767334,0.48009467124938965
43,Stress-Predict,Stress-Predict:S07,Stress,0.7526373863220215,0.65580815076828
44,Stress-Predict,Stress-Predict:S07,Stress,0.8321999311447144,0.8140442371368408
45,Stress-Predict,Stress-Predict:S07,Stress,0.9636384844779968,0.9137971997261047
46,Stress-Predict,Stress-Predict:S07,Stress,0.9760629534721375,0.8193602561950684
47,Stress-Predict,Stress-Predict:S07,Stress,0.8883629441261292,0.8178663849830627
48,Stress-Predict,Stress-Predict:S07,Stress,0.6576698422431946,0.757689893245697
49,Stress-Predict,Stress-Predict:S07,Stress,0.3596581518650055,0.5606744289398193
50,Stress-Predict,Stress-Predict:S07,Stress,0.5167823433876038,0.904528796672821
51,Stress-Predict,Stress-Predict:S07,Stress,0.8502310514450073,0.8608387112617493
52,Stress-Predict,Stress-Predict:S07,Stress,0.7501848936080933,0.8525370955467224
53,Stress-Predict,Stress-Predict:S07,Rest,0.8149535655975342,0.25888267159461975
54,Stress-Predict,Stress-Predict:S07,Rest,0.31850093603134155,0.06480520218610764
55,Stress-Predict,Stress-Predict:S07,Rest,0.313077837228775,0.24214592576026917
56,Stress-Predict,Stress-Predict:S07,Rest,0.10346893966197968,0.46198299527168274
57,Stress-Predict,Stress-Predict:S07,Rest,0.08834296464920044,0.6345496773719788
58,Stress-Predict,Stress-Predict:S07,Rest,0.21995855867862701,0.7890661358833313
59,Stress-Predict,Stress-Predict:S07,Rest,0.020298197865486145,0.31334927678108215
60,Stress-Predict,Stress-Predict:S07,Rest,0.017133502289652824,0.19675011932849884
61,Stress-Predict,Stress-Predict:S07,Rest,0.018243055790662766,0.40269625186920166
62,Stress-Predict,Stress-Predict:S07,Hyperventilation,0.10667684674263,0.6819767355918884
63,Stress-Predict,Stress-Predict:S07,Hyperventilation,0.09636913985013962,0.8519189357757568
64,Stress-Predict,Stress-Predict:S07,Rest,0.5684095621109009,0.778067946434021
65,Stress-Predict,Stress-Predict:S07,Rest,0.06391029804944992,0.4802733063697815
66,Stress-Predict,Stress-Predict:S07,Rest,0.016438951715826988,0.342851847410202
67,Stress-Predict,Stress-Predict:S07,Rest,0.010930711403489113,0.16261427104473114
68,Stress-Predict,Stress-Predict:S07,Rest,0.009306767955422401,0.08113078027963638
69,Stress-Predict,Stress-Predict:S07,Rest,0.01145964302122593,0.0626911148428917
70,Stress-Predict,Stress-Predict:S07,Rest,0.011921395547688007,0.0811159759759903
71,Stress-Predict,Stress-Predict:S07,Rest,0.18659228086471558,0.04968438297510147
72,Stress-Predict,Stress-Predict:S07,Rest,0.06645415723323822,0.08935778588056564
73,Stress-Predict,Stress-Predict:S07,Rest,0.03750850632786751,0.20465564727783203
74,Stress-Predict,Stress-Predict:S07,Rest,0.020608223974704742,0.24736692011356354
75,Stress-Predict,Stress-Predict:S07,Rest,0.027430368587374687,0.5715362429618835
76,Stress-Predict,Stress-Predict:S07,Rest,0.03902604058384895,0.5375360250473022
77,Stress-Predict,Stress-Predict:S07,Rest,0.01754838414490223,0.26579415798187256
78,Stress-Predict,Stress-Predict:S07,Rest,0.017763467505574226,0.05220333859324455
79,Stress-Predict,Stress-Predict:S07,Rest,0.007607672829180956,0.06112928315997124
80,Stress-Predict,Stress-Predict:S07,Rest,0.01772826723754406,0.0977383404970169
0,Stress-Predict,Stress-Predict:S08,Baseline,0.2484249770641327,0.06691839545965195
1,Stress-Predict,Stress-Predict:S08,Baseline,0.033993810415267944,0.08711174130439758
2,Stress-Predict,Stress-Predict:S08,Baseline,0.025024648755788803,0.038341861218214035
3,Stress-Predict,Stress-Predict:S08,Baseline,0.027642622590065002,0.05785347893834114
4,Stress-Predict,Stress-Predict:S08,Baseline,0.0291002057492733,0.07002704590559006
5,Stress-Predict,Stress-Predict:S08,Baseline,0.028069928288459778,0.08555413037538528
6,Stress-Predict,Stress-Predict:S08,Baseline,0.020210113376379013,0.04559076949954033
7,Stress-Predict,Stress-Predict:S08,Baseline,0.02723449282348156,0.05899440497159958
8,Stress-Predict,Stress-Predict:S08,Baseline,0.02639853209257126,0.10149817168712616
9,Stress-Predict,Stress-Predict:S08,Baseline,0.01799943670630455,0.093854159116745
10,Stress-Predict,Stress-Predict:S08,Baseline,0.015865473076701164,0.05929146707057953
11,Stress-Predict,Stress-Predict:S08,Baseline,0.020751027390360832,0.05297953635454178
12,Stress-Predict,Stress-Predict:S08,Baseline,0.030368834733963013,0.0775868371129036
13,Stress-Predict,Stress-Predict:S08,Baseline,0.02119566686451435,0.09401220828294754
14,Stress-Predict,Stress-Predict:S08,Baseline,0.025428136810660362,0.12160088866949081
15,Stress-Predict,Stress-Predict:S08,Baseline,0.02982613630592823,0.13112810254096985
16,Stress-Predict,Stress-Predict:S08,Baseline,0.06650377064943314,0.0753585621714592
17,Stress-Predict,Stress-Predict:S08,Baseline,0.008322174660861492,0.10630632191896439
18,Stress-Predict,Stress-Predict:S08,Baseline,0.0348968543112278,0.1561795473098755
19,Stress-Predict,Stress-Predict:S08,Stress,0.03921031951904297,0.37084344029426575
20,Stress-Predict,Stress-Predict:S08,Stress,0.06228091940283775,0.21852822601795197
21,Stress-Predict,Stress-Predict:S08,Stress,0.035209622234106064,0.4065535068511963
22,Stress-Predict,Stress-Predict:S08,Stress,0.05787089839577675,0.22208715975284576
23,Stress-Predict,Stress-Predict:S08,Stress,0.1198047548532486,0.31495004892349243
24,Stress-Predict,Stress-Predict:S08,Stress,0.07079430669546127,0.4390164017677307
25,Stress-Predict,Stress-Predict:S08,Stress,0.0578647218644619,0.28275182843208313
26,Stress-Predict,Stress-Predict:S08,Stress,0.11217422783374786,0.5192672610282898
27,Stress-Predict,Stress-Predict:S08,Rest,0.01724669709801674,0.3519555926322937
28,Stress-Predict,Stress-Predict:S08,Rest,0.00717642717063427,0.1849733144044876
29,Stress-Predict,Stress-Predict:S08,Rest,0.018936404958367348,0.3134714663028717
30,Stress-Predict,Stress-Predict:S08,Rest,0.05325343832373619,0.5000793933868408
31,Stress-Predict,Stress-Predict:S08,Rest,0.05089331790804863,0.17795595526695251
32,Stress-Predict,Stress-Predict:S08,Rest,0.023504313081502914,0.3306145966053009
33,Stress-Predict,Stress-Predict:S08,Rest,0.02860132046043873,0.6499249935150146
34,Stress-Predict,Stress-Predict:S08,Rest,0.020251071080565453,0.4473787844181061
35,Stress-Predict,Stress-Predict:S08,Stress,0.019951805472373962,0.26598188281059265
36,Stress-Predict,Stress-Predict:S08,Stress,0.025025608018040657,0.35131075978279114
37,Stress-Predict,Stress-Predict:S08,Stress,0.08877021819353104,0.5794318914413452
38,Stress-Predict,Stress-Predict:S08,Stress,0.10852863639593124,0.47676557302474976
39,Stress-Predict,Stress-Predict:S08,Stress,0.08381928503513336,0.44484713673591614
40,Stress-Predict,Stress-Predict:S08,Stress,0.5099003314971924,0.5022619962692261
41,Stress-Predict,Stress-Predict:S08,Stress,0.4258892238140106,0.31144487857818604
42,Stress-Predict,Stress-Predict:S08,Stress,0.7172712683677673,0.41485241055488586
43,Stress-Predict,Stress-Predict:S08,Stress,0.34663525223731995,0.6779888868331909
44,Stress-Predict,Stress-Predict:S08,Stress,0.07297402620315552,0.3912357985973358
45,Stress-Predict,Stress-Predict:S08,Stress,0.03294071927666664,0.40805402398109436
46,Stress-Predict,Stress-Predict:S08,Stress,0.42732706665992737,0.7370426058769226
47,Stress-Predict,Stress-Predict:S08,Stress,0.9023091793060303,0.7836021184921265
48,Stress-Predict,Stress-Predict:S08,Stress,0.9028566479682922,0.8667317032814026
49,Stress-Predict,Stress-Predict:S08,Stress,0.9836267828941345,0.9097700119018555
50,Stress-Predict,Stress-Predict:S08,Stress,0.9606009125709534,0.8670749068260193
51,Stress-Predict,Stress-Predict:S08,Stress,0.4106621742248535,0.4934900403022766
52,Stress-Predict,Stress-Predict:S08,Rest,0.5803152322769165,0.6699860095977783
53,Stress-Predict,Stress-Predict:S08,Rest,0.9263113737106323,0.7245243191719055
54,Stress-Predict,Stress-Predict:S08,Rest,0.9280240535736084,0.49815574288368225
55,Stress-Predict,Stress-Predict:S08,Rest,0.8907260894775391,0.6622192859649658
56,Stress-Predict,Stress-Predict:S08,Rest,0.36652714014053345,0.5802869200706482
57,Stress-Predict,Stress-Predict:S08,Rest,0.11830120533704758,0.5326555371284485
58,Stress-Predict,Stress-Predict:S08,Rest,0.3623398542404175,0.10040061920881271
59,Stress-Predict,Stress-Predict:S08,Hyperventilation,0.7041760683059692,0.3964916169643402
60,Stress-Predict,Stress-Predict:S08,Rest,0.24835142493247986,0.3400278389453888
61,Stress-Predict,Stress-Predict:S08,Rest,0.24247239530086517,0.3673612177371979
62,Stress-Predict,Stress-Predict:S08,Rest,0.5012703537940979,0.12740902602672577
63,Stress-Predict,Stress-Predict:S08,Rest,0.7948146462440491,0.4591257572174072
64,Stress-Predict,Stress-Predict:S08,Rest,0.7677634954452515,0.47378790378570557
65,Stress-Predict,Stress-Predict:S08,Rest,0.7916097640991211,0.44668692350387573
66,Stress-Predict,Stress-Predict:S08,Rest,0.8072268962860107,0.4283590614795685
67,Stress-Predict,Stress-Predict:S08,Rest,0.40349820256233215,0.07416436821222305
68,Stress-Predict,Stress-Predict:S08,Rest,0.39550355076789856,0.15320931375026703
69,Stress-Predict,Stress-Predict:S08,Rest,0.2548939883708954,0.16579194366931915
70,Stress-Predict,Stress-Predict:S08,Rest,0.31205326318740845,0.1895715743303299
71,Stress-Predict,Stress-Predict:S08,Rest,0.3249534070491791,0.12177468836307526
72,Stress-Predict,Stress-Predict:S08,Rest,0.36930981278419495,0.11243882030248642
73,Stress-Predict,Stress-Predict:S08,Rest,0.3237669765949249,0.10993029177188873
74,Stress-Predict,Stress-Predict:S08,Rest,0.309551864862442,0.1239103227853775
0,Stress-Predict,Stress-Predict:S09,Baseline,0.05602077394723892,0.04081016406416893
1,Stress-Predict,Stress-Predict:S09,Baseline,0.418410986661911,0.028994843363761902
2,Stress-Predict,Stress-Predict:S09,Baseline,0.2892540991306305,0.04689045622944832
3,Stress-Predict,Stress-Predict:S09,Baseline,0.056250087916851044,0.37450340390205383
4,Stress-Predict,Stress-Predict:S09,Baseline,0.18139879405498505,0.3554706275463104
5,Stress-Predict,Stress-Predict:S09,Baseline,0.050355516374111176,0.3684312403202057
6,Stress-Predict,Stress-Predict:S09,Baseline,0.05924291908740997,0.4967329800128937
7,Stress-Predict,Stress-Predict:S09,Baseline,0.12128221988677979,0.6332874298095703
8,Stress-Predict,Stress-Predict:S09,Baseline,0.33176642656326294,0.9072204828262329
9,Stress-Predict,Stress-Predict:S09,Baseline,0.2185111939907074,0.7875729203224182
10,Stress-Predict,Stress-Predict:S09,Baseline,0.3885190486907959,0.31158366799354553
11,Stress-Predict,Stress-Predict:S09,Baseline,0.7165977358818054,0.4248957633972168
12,Stress-Predict,Stress-Predict:S09,Baseline,0.13596226274967194,0.8543725609779358
13,Stress-Predict,Stress-Predict:S09,Baseline,0.10784949362277985,0.8509544730186462
14,Stress-Predict,Stress-Predict:S09,Baseline,0.4238337278366089,0.8265379667282104
15,Stress-Predict,Stress-Predict:S09,Baseline,0.5306338667869568,0.8291348814964294
16,Stress-Predict,Stress-Predict:S09,Baseline,0.10220024734735489,0.8066216111183167
17,Stress-Predict,Stress-Predict:S09,Baseline,0.04510168358683586,0.748879611492157
18,Stress-Predict,Stress-Predict:S09,Baseline,0.018375558778643608,0.6012891530990601
19,Stress-Predict,Stress-Predict:S09,Stress,0.13490787148475647,0.10837341845035553
20,Stress-Predict,Stress-Predict:S09,Stress,0.1342565268278122,0.09792295843362808
21,Stress-Predict,Stress-Predict:S09,Stress,0.3764752149581909,0.09197187423706055
22,Stress-Predict,Stress-Predict:S09,Stress,0.26142704486846924,0.32026466727256775
23,Stress-Predict,Stress-Predict:S09,Stress,0.11338254809379578,0.3193817436695099
24,Stress-Predict,Stress-Predict:S09,Stress,0.061140429228544235,0.13681167364120483
25,Stress-Predict,Stress-Predict:S09,Stress,0.22876515984535217,0.07696162909269333
26,Stress-Predict,Stress-Predict:S09,Stress,0.14706182479858398,0.2410224825143814
27,Stress-Predict,Stress-Predict:S09,Rest,0.13376155495643616,0.24270763993263245
28,Stress-Predict,Stress-Predict:S09,Rest,0.08539915829896927,0.22936664521694183
29,Stress-Predict,Stress-Predict:S09,Rest,0.031136350706219673,0.2475270926952362
30,Stress-Predict,Stress-Predict:S09,Rest,0.014299586415290833,0.5618232488632202
31,Stress-Predict,Stress-Predict:S09,Rest,0.08405441045761108,0.7745423913002014
32,Stress-Predict,Stress-Predict:S09,Rest,0.11345327645540237,0.5075398087501526
33,Stress-Predict,Stress-Predict:S09,Rest,0.1279725879430771,0.49740222096443176
34,Stress-Predict,Stress-Predict:S09,Rest,0.2659594714641571,0.8548413515090942
35,Stress-Predict,Stress-Predict:S09,Rest,0.3347531259059906,0.6079659461975098
36,Stress-Predict,Stress-Predict:S09,Rest,0.13959923386573792,0.5824860334396362
37,Stress-Predict,Stress-Predict:S09,Rest,0.11969496309757233,0.7755926251411438
38,Stress-Predict,Stress-Predict:S09,Stress,0.23269011080265045,0.8314071297645569
39,Stress-Predict,Stress-Predict:S09,Stress,0.031947460025548935,0.4463781714439392
40,Stress-Predict,Stress-Predict:S09,Stress,0.5877812504768372,0.5573182106018066
41,Stress-Predict,Stress-Predict:S09,Stress,0.8809594511985779,0.6976032853126526
42,Stress-Predict,Stress-Predict:S09,Stress,0.7893307209014893,0.7337371110916138
43,Stress-Predict,Stress-Predict:S09,Stress,0.9704309701919556,0.8855296969413757
44,Stress-Predict,Stress-Predict:S09,Stress,0.6031248569488525,0.7607988119125366
45,Stress-Predict,Stress-Predict:S09,Stress,0.7805471420288086,0.8564445376396179
46,Stress-Predict,Stress-Predict:S09,Stress,0.9281309247016907,0.8330919742584229
47,Stress-Predict,Stress-Predict:S09,Stress,0.9232258200645447,0.9518783688545227
48,Stress-Predict,Stress-Predict:S09,Stress,0.7514832615852356,0.9272791147232056
49,Stress-Predict,Stress-Predict:S09,Stress,0.830164909362793,0.921438455581665
50,Stress-Predict,Stress-Predict:S09,Stress,0.8950095772743225,0.8866413831710815
51,Stress-Predict,Stress-Predict:S09,Stress,0.8571162819862366,0.9399751424789429
52,Stress-Predict,Stress-Predict:S09,Rest,0.8430347442626953,0.9123347401618958
53,Stress-Predict,Stress-Predict:S09,Rest,0.7986254692077637,0.879474401473999
54,Stress-Predict,Stress-Predict:S09,Rest,0.9336601495742798,0.8535229563713074
55,Stress-Predict,Stress-Predict:S09,Rest,0.9345840811729431,0.8463641405105591
56,Stress-Predict,Stress-Predict:S09,Rest,0.2759822905063629,0.28387251496315
57,Stress-Predict,Stress-Predict:S09,Rest,0.2884306013584137,0.31349021196365356
58,Stress-Predict,Stress-Predict:S09,Rest,0.4814499020576477,0.17122556269168854
59,Stress-Predict,Stress-Predict:S09,Rest,0.28376504778862,0.37491992115974426
60,Stress-Predict,Stress-Predict:S09,Hyperventilation,0.4590994417667389,0.7943296432495117
61,Stress-Predict,Stress-Predict:S09,Hyperventilation,0.24882537126541138,0.6828160881996155
62,Stress-Predict,Stress-Predict:S09,Rest,0.14669297635555267,0.3287743330001831
63,Stress-Predict,Stress-Predict:S09,Rest,0.7033810615539551,0.22489796578884125
64,Stress-Predict,Stress-Predict:S09,Rest,0.42419204115867615,0.26404911279678345
65,Stress-Predict,Stress-Predict:S09,Rest,0.2976725995540619,0.2857153117656708
66,Stress-Predict,Stress-Predict:S09,Rest,0.1457545906305313,0.45749208331108093
67,Stress-Predict,Stress-Predict:S09,Rest,0.061869680881500244,0.3904392719268799
68,Stress-Predict,Stress-Predict:S09,Rest,0.03870110958814621,0.2814348638057709
69,Stress-Predict,Stress-Predict:S09,Rest,0.051002588123083115,0.3739711344242096
70,Stress-Predict,Stress-Predict:S09,Rest,0.02292686700820923,0.3088890612125397
71,Stress-Predict,Stress-Predict:S09,Rest,0.0360877588391304,0.2919654846191406
72,Stress-Predict,Stress-Predict:S09,Rest,0.0352322980761528,0.18176990747451782
73,Stress-Predict,Stress-Predict:S09,Rest,0.12184327095746994,0.09179889410734177
74,Stress-Predict,Stress-Predict:S09,Rest,0.4655042290687561,0.1255275309085846
75,Stress-Predict,Stress-Predict:S09,Rest,0.17479456961154938,0.2381199598312378
0,Stress-Predict,Stress-Predict:S10,Baseline,0.10010385513305664,0.37911301851272583
1,Stress-Predict,Stress-Predict:S10,Baseline,0.013049137778580189,0.2385151982307434
2,Stress-Predict,Stress-Predict:S10,Baseline,0.010899021290242672,0.18231213092803955
3,Stress-Predict,Stress-Predict:S10,Baseline,0.006908661685883999,0.36062517762184143
4,Stress-Predict,Stress-Predict:S10,Baseline,0.005957458633929491,0.3590540289878845
5,Stress-Predict,Stress-Predict:S10,Baseline,0.008423127233982086,0.2869836091995239
6,Stress-Predict,Stress-Predict:S10,Baseline,0.01470238994807005,0.48029303550720215
7,Stress-Predict,Stress-Predict:S10,Baseline,0.04529636725783348,0.6000368595123291
8,Stress-Predict,Stress-Predict:S10,Baseline,0.017585309222340584,0.5803983807563782
9,Stress-Predict,Stress-Predict:S10,Baseline,0.018937019631266594,0.34332144260406494
10,Stress-Predict,Stress-Predict:S10,Baseline,0.022914744913578033,0.2320518046617508
11,Stress-Predict,Stress-Predict:S10,Baseline,0.011694541200995445,0.2706817388534546
12,Stress-Predict,Stress-Predict:S10,Baseline,0.06848469376564026,0.47122853994369507
13,Stress-Predict,Stress-Predict:S10,Baseline,0.06416935473680496,0.4995231330394745
14,Stress-Predict,Stress-Predict:S10,Baseline,0.06986235082149506,0.44162291288375854
15,Stress-Predict,Stress-Predict:S10,Baseline,0.05926456302404404,0.5480374693870544
16,Stress-Predict,Stress-Predict:S10,Baseline,0.059039048850536346,0.38221803307533264
17,Stress-Predict,Stress-Predict:S10,Stress,0.44096407294273376,0.6606284976005554
18,Stress-Predict,Stress-Predict:S10,Stress,0.20206089317798615,0.2854311764240265
19,Stress-Predict,Stress-Predict:S10,Stress,0.032281067222356796,0.6097195148468018
20,Stress-Predict,Stress-Predict:S10,Stress,0.29901421070098877,0.8136457800865173
21,Stress-Predict,Stress-Predict:S10,Stress,0.860784649848938,0.9075950384140015
22,Stress-Predict,Stress-Predict:S10,Stress,0.6255863904953003,0.7756912112236023
23,Stress-Predict,Stress-Predict:S10,Stress,0.19629020988941193,0.8411276936531067
24,Stress-Predict,Stress-Predict:S10,Stress,0.18595196306705475,0.7370659112930298
25,Stress-Predict,Stress-Predict:S10,Rest,0.12513159215450287,0.37151914834976196
26,Stress-Predict,Stress-Predict:S10,Rest,0.08880782872438431,0.35021722316741943
27,Stress-Predict,Stress-Predict:S10,Rest,0.06223462522029877,0.31048259139060974
28,Stress-Predict,Stress-Predict:S10,Rest,0.06223462522029877,0.3325224816799164
29,Stress-Predict,Stress-Predict:S10,Rest,0.058950889855623245,0.3509904444217682
30,Stress-Predict,Stress-Predict:S10,Rest,0.058950889855623245,0.33930057287216187
31,Stress-Predict,Stress-Predict:S10,Rest,0.05518746003508568,0.3488175868988037
32,Stress-Predict,Stress-Predict:S10,Rest,0.0633319541811943,0.35325032472610474
33,Stress-Predict,Stress-Predict:S10,Stress,0.05269288271665573,0.26160314679145813
34,Stress-Predict,Stress-Predict:S10,Stress,0.048525188118219376,0.4645850956439972
35,Stress-Predict,Stress-Predict:S10,Stress,0.040992897003889084,0.6738246083259583
36,Stress-Predict,Stress-Predict:S10,Stress,0.028165200725197792,0.6786486506462097
37,Stress-Predict,Stress-Predict:S10,Stress,0.15491080284118652,0.6273140907287598
38,Stress-Predict,Stress-Predict:S10,Stress,0.9545918107032776,0.7747463583946228
39,Stress-Predict,Stress-Predict:S10,Stress,0.8544473052024841,0.6959460973739624
40,Stress-Predict,Stress-Predict:S10,Stress,0.7084552645683289,0.7907167673110962
41,Stress-Predict,Stress-Predict:S10,Stress,0.864775538444519,0.9069762825965881
42,Stress-Predict,Stress-Predict:S10,Stress,0.7868367433547974,0.9121913909912109
43,Stress-Predict,Stress-Predict:S10,Stress,0.6794118285179138,0.6509184837341309
44,Stress-Predict,Stress-Predict:S10,Stress,0.778821587562561,0.6448541879653931
45,Stress-Predict,Stress-Predict:S10,Stress,0.8582521677017212,0.8151516914367676
46,Stress-Predict,Stress-Predict:S10,Stress,0.8041691184043884,0.8944089412689209
47,Stress-Predict,Stress-Predict:S10,Stress,0.7881714701652527,0.8660798668861389
48,Stress-Predict,Stress-Predict:S10,Stress,0.6312024593353271,0.8008893728256226
49,Stress-Predict,Stress-Predict:S10,Rest,0.702690839767456,0.6983903646469116
50,Stress-Predict,Stress-Predict:S10,Rest,0.9275239109992981,0.38385340571403503
51,Stress-Predict,Stress-Predict:S10,Rest,0.971332848072052,0.4497375786304474
52,Stress-Predict,Stress-Predict:S10,Rest,0.953463077545166,0.38645026087760925
53,Stress-Predict,Stress-Predict:S10,Rest,0.6669171452522278,0.2002461552619934
54,Stress-Predict,Stress-Predict:S10,Rest,0.3720635175704956,0.10531947016716003
55,Stress-Predict,Stress-Predict:S10,Rest,0.8061030507087708,0.25501585006713867
56,Stress-Predict,Stress-Predict:S10,Hyperventilation,0.409095823764801,0.37850213050842285
57,Stress-Predict,Stress-Predict:S10,Hyperventilation,0.37615618109703064,0.28713536262512207
58,Stress-Predict,Stress-Predict:S10,Rest,0.14593295753002167,0.31193843483924866
59,Stress-Predict,Stress-Predict:S10,Rest,0.14731255173683167,0.2528645098209381
60,Stress-Predict,Stress-Predict:S10,Rest,0.10294906049966812,0.32370004057884216
61,Stress-Predict,Stress-Predict:S10,Rest,0.10294906049966812,0.32370004057884216
62,Stress-Predict,Stress-Predict:S10,Rest,0.09562148153781891,0.28507497906684875
63,Stress-Predict,Stress-Predict:S10,Rest,0.061535775661468506,0.17998291552066803
64,Stress-Predict,Stress-Predict:S10,Rest,0.06176251173019409,0.23469401895999908
65,Stress-Predict,Stress-Predict:S10,Rest,0.06223462522029877,0.32832860946655273
66,Stress-Predict,Stress-Predict:S10,Rest,0.060204941779375076,0.47308334708213806
67,Stress-Predict,Stress-Predict:S10,Rest,0.060204941779375076,0.4664934277534485
68,Stress-Predict,Stress-Predict:S10,Rest,0.02129325456917286,0.4664934277534485
69,Stress-Predict,Stress-Predict:S10,Rest,0.04914958402514458,0.4636439383029938
70,Stress-Predict,Stress-Predict:S10,Rest,0.04990236833691597,0.4484272301197052
71,Stress-Predict,Stress-Predict:S10,Rest,0.04990236833691597,0.4484272301197052
72,Stress-Predict,Stress-Predict:S10,Rest,0.051348041743040085,0.4187370240688324
73,Stress-Predict,Stress-Predict:S10,Rest,0.051348041743040085,0.4478996992111206
74,Stress-Predict,Stress-Predict:S10,Rest,0.051348041743040085,0.4478996992111206
75,Stress-Predict,Stress-Predict:S10,Rest,0.04993860051035881,0.4187370240688324
0,Stress-Predict,Stress-Predict:S11,Baseline,0.0573301799595356,0.004452266730368137
1,Stress-Predict,Stress-Predict:S11,Baseline,0.027520986273884773,0.027695707976818085
2,Stress-Predict,Stress-Predict:S11,Baseline,0.01704717054963112,0.20818473398685455
3,Stress-Predict,Stress-Predict:S11,Baseline,0.046485479921102524,0.13144700229167938
4,Stress-Predict,Stress-Predict:S11,Baseline,0.5955222845077515,0.2529432475566864
5,Stress-Predict,Stress-Predict:S11,Baseline,0.026763951405882835,0.3251740634441376
6,Stress-Predict,Stress-Predict:S11,Baseline,0.013759334571659565,0.29958048462867737
7,Stress-Predict,Stress-Predict:S11,Baseline,0.09903941303491592,0.3516395390033722
8,Stress-Predict,Stress-Predict:S11,Baseline,0.025731511414051056,0.21739304065704346
9,Stress-Predict,Stress-Predict:S11,Baseline,0.01960008405148983,0.15780740976333618
10,Stress-Predict,Stress-Predict:S11,Baseline,0.013153708539903164,0.24017474055290222
11,Stress-Predict,Stress-Predict:S11,Baseline,0.044274378567934036,0.2821415066719055
12,Stress-Predict,Stress-Predict:S11,Baseline,0.04491429403424263,0.17194092273712158
13,Stress-Predict,Stress-Predict:S11,Baseline,0.07785377651453018,0.12869811058044434
14,Stress-Predict,Stress-Predict:S11,Baseline,0.08595310896635056,0.3608022630214691
15,Stress-Predict,Stress-Predict:S11,Baseline,0.019135933369398117,0.2904672920703888
16,Stress-Predict,Stress-Predict:S11,Baseline,0.012518420815467834,0.1504281610250473
17,Stress-Predict,Stress-Predict:S11,Baseline,0.01716984249651432,0.44187596440315247
18,Stress-Predict,Stress-Predict:S11,Stress,0.058731842786073685,0.21655383706092834
19,Stress-Predict,Stress-Predict:S11,Stress,0.13616108894348145,0.3639906346797943
20,Stress-Predict,Stress-Predict:S11,Stress,0.045058321207761765,0.30690786242485046
21,Stress-Predict,Stress-Predict:S11,Stress,0.006335814017802477,0.18299706280231476
22,Stress-Predict,Stress-Predict:S11,Stress,0.0456799641251564,0.33773326873779297
23,Stress-Predict,Stress-Predict:S11,Stress,0.17098136246204376,0.12567467987537384
24,Stress-Predict,Stress-Predict:S11,Stress,0.02640688419342041,0.6282665729522705
25,Stress-Predict,Stress-Predict:S11,Stress,0.11182627826929092,0.4911755323410034
26,Stress-Predict,Stress-Predict:S11,Stress,0.1347069889307022,0.5707204341888428
27,Stress-Predict,Stress-Predict:S11,Stress,0.07752783596515656,0.5162144303321838
28,Stress-Predict,Stress-Predict:S11,Stress,0.07752783596515656,0.3567579388618469
29,Stress-Predict,Stress-Predict:S11,Rest,0.05185476318001747,0.18236224353313446
30,Stress-Predict,Stress-Predict:S11,Rest,0.05195346847176552,0.5987913608551025
31,Stress-Predict,Stress-Predict:S11,Rest,0.04446328058838844,0.32101619243621826
32,Stress-Predict,Stress-Predict:S11,Rest,0.027684595435857773,0.13130879402160645
33,Stress-Predict,Stress-Predict:S11,Rest,0.03262507915496826,0.6394732594490051
34,Stress-Predict,Stress-Predict:S11,Rest,0.09676214307546616,0.6587836146354675
35,Stress-Predict,Stress-Predict:S11,Rest,0.055464331060647964,0.6543351411819458
36,Stress-Predict,Stress-Predict:S11,Stress,0.1498935967683792,0.7505268454551697
37,Stress-Predict,Stress-Predict:S11,Stress,0.1180436909198761,0.6830103993415833
38,Stress-Predict,Stress-Predict:S11,Stress,0.08159569650888443,0.7073104977607727
39,Stress-Predict,Stress-Predict:S11,Stress,0.049895644187927246,0.514741063117981
40,Stress-Predict,Stress-Predict:S11,Stress,0.18664845824241638,0.6442307829856873
41,Stress-Predict,Stress-Predict:S11,Stress,0.4346163272857666,0.6773479580879211
42,Stress-Predict,Stress-Predict:S11,Stress,0.6116616725921631,0.8417047262191772
43,Stress-Predict,Stress-Predict:S11,Stress,0.537247896194458,0.6280207633972168
44,Stress-Predict,Stress-Predict:S11,Stress,0.32021570205688477,0.3664325475692749
45,Stress-Predict,Stress-Predict:S11,Stress,0.3561854064464569,0.5210065245628357
46,Stress-Predict,Stress-Predict:S11,Stress,0.12290358543395996,0.4554126560688019
47,Stress-Predict,Stress-Predict:S11,Stress,0.04251313954591751,0.34983229637145996
48,Stress-Predict,Stress-Predict:S11,Stress,0.102269746363163,0.5701730847358704
49,Stress-Predict,Stress-Predict:S11,Stress,0.4929629862308502,0.6598831415176392
50,Stress-Predict,Stress-Predict:S11,Stress,0.49500906467437744,0.8779205679893494
51,Stress-Predict,Stress-Predict:S11,Stress,0.5125963091850281,0.8816672563552856
52,Stress-Predict,Stress-Predict:S11,Stress,0.966559112071991,0.8055379986763
53,Stress-Predict,Stress-Predict:S11,Stress,0.9741045832633972,0.7978809475898743
54,Stress-Predict,Stress-Predict:S11,Rest,0.33997079730033875,0.0769396647810936
55,Stress-Predict,Stress-Predict:S11,Rest,0.6270608305931091,0.7422264814376831
56,Stress-Predict,Stress-Predict:S11,Rest,0.49854227900505066,0.454659104347229
57,Stress-Predict,Stress-Predict:S11,Rest,0.2172393500804901,0.07156342267990112
58,Stress-Predict,Stress-Predict:S11,Rest,0.3496018350124359,0.33594104647636414
59,Stress-Predict,Stress-Predict:S11,Rest,0.38682475686073303,0.8543359041213989
60,Stress-Predict,Stress-Predict:S11,Rest,0.4357376992702484,0.47206252813339233
61,Stress-Predict,Stress-Predict:S11,Rest,0.16317273676395416,0.30834802985191345
62,Stress-Predict,Stress-Predict:S11,Hyperventilation,0.7548956871032715,0.7840452790260315
63,Stress-Predict,Stress-Predict:S11,Hyperventilation,0.7077178955078125,0.7154110670089722
64,Stress-Predict,Stress-Predict:S11,Hyperventilation,0.9017643928527832,0.5746853351593018
65,Stress-Predict,Stress-Predict:S11,Rest,0.289076030254364,0.48517343401908875
66,Stress-Predict,Stress-Predict:S11,Rest,0.736070454120636,0.292948454618454
67,Stress-Predict,Stress-Predict:S11,Rest,0.8520721793174744,0.16563159227371216
68,Stress-Predict,Stress-Predict:S11,Rest,0.9080475568771362,0.13380023837089539
69,Stress-Predict,Stress-Predict:S11,Rest,0.9349680542945862,0.314544677734375
70,Stress-Predict,Stress-Predict:S11,Rest,0.9220605492591858,0.8067524433135986
71,Stress-Predict,Stress-Predict:S11,Rest,0.2325216382741928,0.5513086915016174
72,Stress-Predict,Stress-Predict:S11,Rest,0.21741054952144623,0.26874202489852905
73,Stress-Predict,Stress-Predict:S11,Rest,0.06757248193025589,0.2617938816547394
74,Stress-Predict,Stress-Predict:S11,Rest,0.05408189818263054,0.5837694406509399
75,Stress-Predict,Stress-Predict:S11,Rest,0.11909224092960358,0.7528031468391418
76,Stress-Predict,Stress-Predict:S11,Rest,0.07340866327285767,0.4786539673805237
77,Stress-Predict,Stress-Predict:S11,Rest,0.05741378664970398,0.17699295282363892
78,Stress-Predict,Stress-Predict:S11,Rest,0.7050235271453857,0.18166309595108032
79,Stress-Predict,Stress-Predict:S11,Rest,0.06900670379400253,0.13758814334869385
0,Stress-Predict,Stress-Predict:S12,Baseline,0.21199601888656616,0.021878046914935112
1,Stress-Predict,Stress-Predict:S12,Baseline,0.14988774061203003,0.04572286456823349
2,Stress-Predict,Stress-Predict:S12,Baseline,0.06098444014787674,0.4327060878276825
3,Stress-Predict,Stress-Predict:S12,Baseline,0.040240559726953506,0.021924130618572235
4,Stress-Predict,Stress-Predict:S12,Baseline,0.20266446471214294,0.030559374019503593
5,Stress-Predict,Stress-Predict:S12,Baseline,0.11310713738203049,0.5863593220710754
6,Stress-Predict,Stress-Predict:S12,Baseline,0.12521542608737946,0.011120660230517387
7,Stress-Predict,Stress-Predict:S12,Baseline,0.15557128190994263,0.022803043946623802
8,Stress-Predict,Stress-Predict:S12,Baseline,0.1850692629814148,0.015883857384324074
9,Stress-Predict,Stress-Predict:S12,Baseline,0.04212655872106552,0.7946802377700806
10,Stress-Predict,Stress-Predict:S12,Baseline,0.8162190318107605,0.21203503012657166
11,Stress-Predict,Stress-Predict:S12,Baseline,0.8746983408927917,0.09066826105117798
12,Stress-Predict,Stress-Predict:S12,Baseline,0.028508076444268227,0.23316331207752228
13,Stress-Predict,Stress-Predict:S12,Baseline,0.026327090337872505,0.09162936359643936
14,Stress-Predict,Stress-Predict:S12,Baseline,0.007051975931972265,0.02936873771250248
15,Stress-Predict,Stress-Predict:S12,Baseline,0.007131584454327822,0.06595838814973831
16,Stress-Predict,Stress-Predict:S12,Baseline,0.02077229879796505,0.044266313314437866
17,Stress-Predict,Stress-Predict:S12,Baseline,0.018481479957699776,0.005995136220008135
18,Stress-Predict,Stress-Predict:S12,Baseline,0.07944269478321075,0.016649028286337852
19,Stress-Predict,Stress-Predict:S12,Baseline,0.285945326089859,0.04642893001437187
20,Stress-Predict,Stress-Predict:S12,Stress,0.18145786225795746,0.36531445384025574
21,Stress-Predict,Stress-Predict:S12,Stress,0.3391990065574646,0.637616753578186
22,Stress-Predict,Stress-Predict:S12,Stress,0.40800920128822327,0.8324492573738098
23,Stress-Predict,Stress-Predict:S12,Stress,0.30681848526000977,0.8357752561569214
24,Stress-Predict,Stress-Predict:S12,Stress,0.23804610967636108,0.7901627421379089
25,Stress-Predict,Stress-Predict:S12,Stress,0.28828689455986023,0.8285835385322571
26,Stress-Predict,Stress-Predict:S12,Stress,0.5391888618469238,0.6277108192443848
27,Stress-Predict,Stress-Predict:S12,Stress,0.4047607481479645,0.3917695879936218
28,Stress-Predict,Stress-Predict:S12,Rest,0.01932963728904724,0.17598895728588104
29,Stress-Predict,Stress-Predict:S12,Rest,0.06554112583398819,0.06959256529808044
30,Stress-Predict,Stress-Predict:S12,Rest,0.02073601447045803,0.07704374939203262
31,Stress-Predict,Stress-Predict:S12,Rest,0.0846843495965004,0.30571529269218445
32,Stress-Predict,Stress-Predict:S12,Rest,0.06040430814027786,0.31753894686698914
33,Stress-Predict,Stress-Predict:S12,Rest,0.1045006811618805,0.26689228415489197
34,Stress-Predict,Stress-Predict:S12,Rest,0.0800853744149208,0.2417180985212326
35,Stress-Predict,Stress-Predict:S12,Rest,0.02172134444117546,0.41826584935188293
36,Stress-Predict,Stress-Predict:S12,Rest,0.07430469244718552,0.5012692213058472
37,Stress-Predict,Stress-Predict:S12,Stress,0.9713234901428223,0.9029250741004944
38,Stress-Predict,Stress-Predict:S12,Stress,0.9036401510238647,0.9203820824623108
39,Stress-Predict,Stress-Predict:S12,Stress,0.8469715118408203,0.8901728391647339
40,Stress-Predict,Stress-Predict:S12,Stress,0.5848854780197144,0.7987046241760254
41,Stress-Predict,Stress-Predict:S12,Stress,0.6683773398399353,0.7903560400009155
42,Stress-Predict,Stress-Predict:S12,Stress,0.9686347246170044,0.8910355567932129
43,Stress-Predict,Stress-Predict:S12,Stress,0.6548553109169006,0.8982069492340088
44,Stress-Predict,Stress-Predict:S12,Stress,0.7228879928588867,0.7278317213058472
45,Stress-Predict,Stress-Predict:S12,Stress,0.9204428791999817,0.690936267375946
46,Stress-Predict,Stress-Predict:S12,Stress,0.9586778879165649,0.8388917446136475
47,Stress-Predict,Stress-Predict:S12,Stress,0.8934276103973389,0.7247724533081055
48,Stress-Predict,Stress-Predict:S12,Stress,0.9285351037979126,0.7331975102424622
49,Stress-Predict,Stress-Predict:S12,Stress,0.9674939513206482,0.8482236862182617
50,Stress-Predict,Stress-Predict:S12,Stress,0.9446585774421692,0.8102177381515503
51,Stress-Predict,Stress-Predict:S12,Stress,0.9496657252311707,0.8439273834228516
52,Stress-Predict,Stress-Predict:S12,Stress,0.9743669033050537,0.8882915377616882
53,Stress-Predict,Stress-Predict:S12,Stress,0.9764854907989502,0.846031665802002
54,Stress-Predict,Stress-Predict:S12,Stress,0.9729068279266357,0.8667750954627991
55,Stress-Predict,Stress-Predict:S12,Stress,0.8944956660270691,0.4538291096687317
56,Stress-Predict,Stress-Predict:S12,Rest,0.9268801212310791,0.5989015102386475
57,Stress-Predict,Stress-Predict:S12,Rest,0.972426176071167,0.8091118335723877
58,Stress-Predict,Stress-Predict:S12,Rest,0.8830468654632568,0.7759844660758972
59,Stress-Predict,Stress-Predict:S12,Rest,0.5637508630752563,0.19068318605422974
60,Stress-Predict,Stress-Predict:S12,Rest,0.5261619687080383,0.34570837020874023
61,Stress-Predict,Stress-Predict:S12,Rest,0.605400562286377,0.4919375777244568
62,Stress-Predict,Stress-Predict:S12,Rest,0.8763118982315063,0.20906534790992737
63,Stress-Predict,Stress-Predict:S12,Hyperventilation,0.9282601475715637,0.8808503150939941
64,Stress-Predict,Stress-Predict:S12,Hyperventilation,0.9830086827278137,0.85174161195755
65,Stress-Predict,Stress-Predict:S12,Rest,0.825721025466919,0.7650562524795532
66,Stress-Predict,Stress-Predict:S12,Rest,0.2740439176559448,0.09425397962331772
67,Stress-Predict,Stress-Predict:S12,Rest,0.17634399235248566,0.03591230511665344
68,Stress-Predict,Stress-Predict:S12,Rest,0.08129695057868958,0.04922784864902496
69,Stress-Predict,Stress-Predict:S12,Rest,0.45435062050819397,0.06534869968891144
70,Stress-Predict,Stress-Predict:S12,Rest,0.4237075448036194,0.21058490872383118
71,Stress-Predict,Stress-Predict:S12,Rest,0.40611857175827026,0.29959025979042053
72,Stress-Predict,Stress-Predict:S12,Rest,0.14262770116329193,0.0746321752667427
73,Stress-Predict,Stress-Predict:S12,Rest,0.01930287666618824,0.24590495228767395
74,Stress-Predict,Stress-Predict:S12,Rest,0.1709636151790619,0.41539138555526733
75,Stress-Predict,Stress-Predict:S12,Rest,0.15777383744716644,0.1691126972436905
76,Stress-Predict,Stress-Predict:S12,Rest,0.35629865527153015,0.252804696559906
77,Stress-Predict,Stress-Predict:S12,Rest,0.12208279967308044,0.40397846698760986
78,Stress-Predict,Stress-Predict:S12,Rest,0.2952260971069336,0.4544054865837097
79,Stress-Predict,Stress-Predict:S12,Rest,0.31215381622314453,0.37259528040885925
0,Stress-Predict,Stress-Predict:S13,Baseline,0.012006293050944805,0.051029022783041
1,Stress-Predict,Stress-Predict:S13,Baseline,0.050113361328840256,0.07582961767911911
2,Stress-Predict,Stress-Predict:S13,Baseline,0.04688600078225136,0.07582961767911911
3,Stress-Predict,Stress-Predict:S13,Baseline,0.050113361328840256,0.07582961767911911
4,Stress-Predict,Stress-Predict:S13,Baseline,0.007980773225426674,0.048613689839839935
5,Stress-Predict,Stress-Predict:S13,Baseline,0.0068032932467758656,0.06687453389167786
6,Stress-Predict,Stress-Predict:S13,Baseline,0.021990861743688583,0.03161069378256798
7,Stress-Predict,Stress-Predict:S13,Baseline,0.06608787924051285,0.08468055725097656
8,Stress-Predict,Stress-Predict:S13,Baseline,0.04561242461204529,0.08133590221405029
9,Stress-Predict,Stress-Predict:S13,Baseline,0.04266190901398659,0.08045636862516403
10,Stress-Predict,Stress-Predict:S13,Baseline,0.046508967876434326,0.08045636862516403
11,Stress-Predict,Stress-Predict:S13,Baseline,0.04279690980911255,0.08045636862516403
12,Stress-Predict,Stress-Predict:S13,Baseline,0.016170796006917953,0.08045636862516403
13,Stress-Predict,Stress-Predict:S13,Baseline,0.04350310191512108,0.08045636862516403
14,Stress-Predict,Stress-Predict:S13,Baseline,0.046508967876434326,0.08347897976636887
15,Stress-Predict,Stress-Predict:S13,Baseline,0.046508967876434326,0.08133590221405029
16,Stress-Predict,Stress-Predict:S13,Baseline,0.046508967876434326,0.08045636862516403
17,Stress-Predict,Stress-Predict:S13,Baseline,0.046508967876434326,0.07596776634454727
18,Stress-Predict,Stress-Predict:S13,Stress,0.06965560466051102,0.04418729990720749
19,Stress-Predict,Stress-Predict:S13,Stress,0.0743645578622818,0.04418729990720749
20,Stress-Predict,Stress-Predict:S13,Stress,0.05255958437919617,0.045879315584897995
21,Stress-Predict,Stress-Predict:S13,Stress,0.04460978880524635,0.1037939265370369
22,Stress-Predict,Stress-Predict:S13,Stress,0.1606959104537964,0.3726729154586792
23,Stress-Predict,Stress-Predict:S13,Stress,0.07266189157962799,0.39792755246162415
24,Stress-Predict,Stress-Predict:S13,Stress,0.23919153213500977,0.513683557510376
25,Stress-Predict,Stress-Predict:S13,Stress,0.34966030716896057,0.7528961300849915
26,Stress-Predict,Stress-Predict:S13,Stress,0.1949365884065628,0.7674791216850281
27,Stress-Predict,Stress-Predict:S13,Stress,0.2345622330904007,0.9097931981086731
28,Stress-Predict,Stress-Predict:S13,Stress,0.1685207188129425,0.8916844725608826
29,Stress-Predict,Stress-Predict:S13,Stress,0.33307015895843506,0.8003588914871216
30,Stress-Predict,Stress-Predict:S13,Rest,0.08355651795864105,0.2734922170639038
31,Stress-Predict,Stress-Predict:S13,Rest,0.13877029716968536,0.24306707084178925
32,Stress-Predict,Stress-Predict:S13,Rest,0.2298354059457779,0.7903053760528564
33,Stress-Predict,Stress-Predict:S13,Rest,0.7678058743476868,0.8340298533439636
34,Stress-Predict,Stress-Predict:S13,Rest,0.6663376688957214,0.8150754570960999
35,Stress-Predict,Stress-Predict:S13,Rest,0.32706645131111145,0.7027941346168518
36,Stress-Predict,Stress-Predict:S13,Rest,0.48756158351898193,0.7267894148826599
37,Stress-Predict,Stress-Predict:S13,Rest,0.2873753011226654,0.3753673732280731
38,Stress-Predict,Stress-Predict:S13,Stress,0.6663166880607605,0.855320155620575
39,Stress-Predict,Stress-Predict:S13,Stress,0.7699917554855347,0.7849400043487549
40,Stress-Predict,Stress-Predict:S13,Stress,0.29584068059921265,0.5200656652450562
41,Stress-Predict,Stress-Predict:S13,Stress,0.07146457582712173,0.5598964095115662
42,Stress-Predict,Stress-Predict:S13,Stress,0.1945437341928482,0.575359046459198
43,Stress-Predict,Stress-Predict:S13,Stress,0.4741721451282501,0.8188824653625488
44,Stress-Predict,Stress-Predict:S13,Stress,0.7742297053337097,0.7066579461097717
45,Stress-Predict,Stress-Predict:S13,Stress,0.2702748775482178,0.647445559501648
46,Stress-Predict,Stress-Predict:S13,Stress,0.40995538234710693,0.6281911134719849
47,Stress-Predict,Stress-Predict:S13,Stress,0.5359830260276794,0.7669251561164856
48,Stress-Predict,Stress-Predict:S13,Stress,0.49990037083625793,0.8655079007148743
49,Stress-Predict,Stress-Predict:S13,Stress,0.7312809824943542,0.8778586983680725
50,Stress-Predict,Stress-Predict:S13,Stress,0.9036387801170349,0.8569324016571045
51,Stress-Predict,Stress-Predict:S13,Stress,0.8495686054229736,0.8058834671974182
52,Stress-Predict,Stress-Predict:S13,Stress,0.5146644711494446,0.497335821390152
53,Stress-Predict,Stress-Predict:S13,Stress,0.3891865313053131,0.4745963513851166
54,Stress-Predict,Stress-Predict:S13,Stress,0.8664407134056091,0.8585488796234131
55,Stress-Predict,Stress-Predict:S13,Stress,0.896759569644928,0.8059670925140381
56,Stress-Predict,Stress-Predict:S13,Rest,0.9520434141159058,0.8982852697372437
57,Stress-Predict,Stress-Predict:S13,Rest,0.5915246605873108,0.45092567801475525
58,Stress-Predict,Stress-Predict:S13,Rest,0.24259693920612335,0.21500606834888458
59,Stress-Predict,Stress-Predict:S13,Rest,0.20857958495616913,0.6213254332542419
60,Stress-Predict,Stress-Predict:S13,Rest,0.11617317795753479,0.48173314332962036
61,Stress-Predict,Stress-Predict:S13,Rest,0.0420675091445446,0.49581295251846313
62,Stress-Predict,Stress-Predict:S13,Rest,0.009861326776444912,0.5101848840713501
63,Stress-Predict,Stress-Predict:S13,Rest,0.006582209374755621,0.15718971192836761
64,Stress-Predict,Stress-Predict:S13,Hyperventilation,0.9527261257171631,0.9663436412811279
65,Stress-Predict,Stress-Predict:S13,Rest,0.3206554055213928,0.8513655066490173
66,Stress-Predict,Stress-Predict:S13,Rest,0.5191790461540222,0.7705186605453491
67,Stress-Predict,Stress-Predict:S13,Rest,0.1632775515317917,0.16577504575252533
68,Stress-Predict,Stress-Predict:S13,Rest,0.10385073721408844,0.27185744047164917
69,Stress-Predict,Stress-Predict:S13,Rest,0.09043010324239731,0.14767538011074066
70,Stress-Predict,Stress-Predict:S13,Rest,0.04038171470165253,0.08611619472503662
71,Stress-Predict,Stress-Predict:S13,Rest,0.032999105751514435,0.08943895250558853
72,Stress-Predict,Stress-Predict:S13,Rest,0.023413782939314842,0.11961353570222855
73,Stress-Predict,Stress-Predict:S13,Rest,0.3488715589046478,0.6268602013587952
74,Stress-Predict,Stress-Predict:S13,Rest,0.10103272646665573,0.19088603556156158
75,Stress-Predict,Stress-Predict:S13,Rest,0.09882999211549759,0.09386062622070312
76,Stress-Predict,Stress-Predict:S13,Rest,0.06484927237033844,0.22546370327472687
77,Stress-Predict,Stress-Predict:S13,Rest,0.38575583696365356,0.21621829271316528
78,Stress-Predict,Stress-Predict:S13,Rest,0.3233639895915985,0.17440950870513916
79,Stress-Predict,Stress-Predict:S13,Rest,0.18361437320709229,0.2219604253768921
80,Stress-Predict,Stress-Predict:S13,Rest,0.12699924409389496,0.05143791064620018
81,Stress-Predict,Stress-Predict:S13,Rest,0.052353594452142715,0.09324358403682709
82,Stress-Predict,Stress-Predict:S13,Rest,0.05785493180155754,0.11006053537130356
0,Stress-Predict,Stress-Predict:S14,Baseline,0.23246727883815765,0.03981894627213478
1,Stress-Predict,Stress-Predict:S14,Baseline,0.025716187432408333,0.11932966113090515
2,Stress-Predict,Stress-Predict:S14,Baseline,0.023981938138604164,0.14462332427501678
3,Stress-Predict,Stress-Predict:S14,Baseline,0.03706374019384384,0.17255602777004242
4,Stress-Predict,Stress-Predict:S14,Baseline,0.018186209723353386,0.09011653065681458
5,Stress-Predict,Stress-Predict:S14,Baseline,0.019711889326572418,0.09230764955282211
6,Stress-Predict,Stress-Predict:S14,Baseline,0.012679578736424446,0.12324472516775131
7,Stress-Predict,Stress-Predict:S14,Baseline,0.007761688902974129,0.11266610771417618
8,Stress-Predict,Stress-Predict:S14,Baseline,0.009419777430593967,0.1279832422733307
9,Stress-Predict,Stress-Predict:S14,Baseline,0.012162726372480392,0.10323657095432281
10,Stress-Predict,Stress-Predict:S14,Baseline,0.018633512780070305,0.05576944723725319
11,Stress-Predict,Stress-Predict:S14,Baseline,0.007925717160105705,0.10822314769029617
12,Stress-Predict,Stress-Predict:S14,Baseline,0.012169287540018559,0.1441524624824524
13,Stress-Predict,Stress-Predict:S14,Baseline,0.013901326805353165,0.07084386795759201
14,Stress-Predict,Stress-Predict:S14,Baseline,0.014260314404964447,0.0526614673435688
15,Stress-Predict,Stress-Predict:S14,Baseline,0.02023100107908249,0.08984408527612686
16,Stress-Predict,Stress-Predict:S14,Baseline,0.044850293546915054,0.06107102707028389
17,Stress-Predict,Stress-Predict:S14,Baseline,0.0075943246483802795,0.08084839582443237
18,Stress-Predict,Stress-Predict:S14,Baseline,0.010371685028076172,0.05544694885611534
19,Stress-Predict,Stress-Predict:S14,Baseline,0.014561290852725506,0.041728392243385315
20,Stress-Predict,Stress-Predict:S14,Baseline,0.009960009716451168,0.09671616554260254
21,Stress-Predict,Stress-Predict:S14,Stress,0.03381296619772911,0.3022115230560303
22,Stress-Predict,Stress-Predict:S14,Stress,0.017183350399136543,0.2790755331516266
23,Stress-Predict,Stress-Predict:S14,Stress,0.018599506467580795,0.3046681880950928
24,Stress-Predict,Stress-Predict:S14,Stress,0.13424919545650482,0.2867233157157898
25,Stress-Predict,Stress-Predict:S14,Stress,0.03323947638273239,0.29311442375183105
26,Stress-Predict,Stress-Predict:S14,Stress,0.02026936784386635,0.4368042051792145
27,Stress-Predict,Stress-Predict:S14,Stress,0.12972021102905273,0.4443246126174927
28,Stress-Predict,Stress-Predict:S14,Stress,0.05470934137701988,0.5245102643966675
29,Stress-Predict,Stress-Predict:S14,Stress,0.04503428190946579,0.24890221655368805
30,Stress-Predict,Stress-Predict:S14,Stress,0.0646623969078064,0.4371933043003082
31,Stress-Predict,Stress-Predict:S14,Rest,0.05293477699160576,0.18713641166687012
32,Stress-Predict,Stress-Predict:S14,Rest,0.006235338281840086,0.15581487119197845
33,Stress-Predict,Stress-Predict:S14,Rest,0.0074187638238072395,0.18357279896736145
34,Stress-Predict,Stress-Predict:S14,Rest,0.011867426335811615,0.1457362174987793
35,Stress-Predict,Stress-Predict:S14,Rest,0.022534053772687912,0.10684102028608322
36,Stress-Predict,Stress-Predict:S14,Rest,0.023666009306907654,0.09715144336223602
37,Stress-Predict,Stress-Predict:S14,Rest,0.008422067388892174,0.02986622415482998
38,Stress-Predict,Stress-Predict:S14,Rest,0.009976711124181747,0.07354956865310669
39,Stress-Predict,Stress-Predict:S14,Stress,0.10846643894910812,0.4509870409965515
40,Stress-Predict,Stress-Predict:S14,Stress,0.029307089745998383,0.2452593594789505
41,Stress-Predict,Stress-Predict:S14,Stress,0.016900788992643356,0.30475619435310364
42,Stress-Predict,Stress-Predict:S14,Stress,0.014248455874621868,0.44427478313446045
43,Stress-Predict,Stress-Predict:S14,Stress,0.021111933514475822,0.5761702656745911
44,Stress-Predict,Stress-Predict:S14,Stress,0.2030801624059677,0.5497506856918335
45,Stress-Predict,Stress-Predict:S14,Stress,0.5358981490135193,0.7313993573188782
46,Stress-Predict,Stress-Predict:S14,Stress,0.927359938621521,0.6236581206321716
47,Stress-Predict,Stress-Predict:S14,Stress,0.9542079567909241,0.826302170753479
48,Stress-Predict,Stress-Predict:S14,Stress,0.95107501745224,0.8364341259002686
49,Stress-Predict,Stress-Predict:S14,Stress,0.988182008266449,0.946319043636322
50,Stress-Predict,Stress-Predict:S14,Stress,0.9948674440383911,0.9591027498245239
51,Stress-Predict,Stress-Predict:S14,Stress,0.9935640692710876,0.9505990743637085
52,Stress-Predict,Stress-Predict:S14,Stress,0.9943943023681641,0.9774445295333862
53,Stress-Predict,Stress-Predict:S14,Stress,0.9872332811355591,0.8691288828849792
54,Stress-Predict,Stress-Predict:S14,Stress,0.9623270630836487,0.42878565192222595
55,Stress-Predict,Stress-Predict:S14,Stress,0.9101635813713074,0.8172475695610046
56,Stress-Predict,Stress-Predict:S14,Stress,0.9688751101493835,0.9274162650108337
57,Stress-Predict,Stress-Predict:S14,Stress,0.9312517642974854,0.7035194635391235
58,Stress-Predict,Stress-Predict:S14,Rest,0.9489261507987976,0.6616028547286987
59,Stress-Predict,Stress-Predict:S14,Rest,0.5458589196205139,0.46784672141075134
60,Stress-Predict,Stress-Predict:S14,Rest,0.19064860045909882,0.2043578177690506
61,Stress-Predict,Stress-Predict:S14,Rest,0.6229959726333618,0.5065953731536865
62,Stress-Predict,Stress-Predict:S14,Rest,0.7960617542266846,0.6493552327156067
63,Stress-Predict,Stress-Predict:S14,Rest,0.9030855298042297,0.8312859535217285
64,Stress-Predict,Stress-Predict:S14,Rest,0.8716453909873962,0.8223409652709961
65,Stress-Predict,Stress-Predict:S14,Rest,0.6749309301376343,0.43685853481292725
66,Stress-Predict,Stress-Predict:S14,Rest,0.26047250628471375,0.707320511341095
67,Stress-Predict,Stress-Predict:S14,Rest,0.3382005989551544,0.7543405890464783
68,Stress-Predict,Stress-Predict:S14,Rest,0.9022467136383057,0.768374502658844
69,Stress-Predict,Stress-Predict:S14,Hyperventilation,0.8667479157447815,0.7038111090660095
70,Stress-Predict,Stress-Predict:S14,Hyperventilation,0.8157954216003418,0.8135713934898376
71,Stress-Predict,Stress-Predict:S14,Rest,0.05479922145605087,0.0318288579583168
72,Stress-Predict,Stress-Predict:S14,Rest,0.035115551203489304,0.09689807146787643
73,Stress-Predict,Stress-Predict:S14,Rest,0.049472056329250336,0.19895705580711365
74,Stress-Predict,Stress-Predict:S14,Rest,0.012954182922840118,0.249519944190979
75,Stress-Predict,Stress-Predict:S14,Rest,0.2655390202999115,0.6795014142990112
76,Stress-Predict,Stress-Predict:S14,Rest,0.6192223429679871,0.5700103640556335
77,Stress-Predict,Stress-Predict:S14,Rest,0.06420699506998062,0.564392626285553
78,Stress-Predict,Stress-Predict:S14,Rest,0.0288368072360754,0.13963386416435242
79,Stress-Predict,Stress-Predict:S14,Rest,0.0136508634313941,0.10304833948612213
80,Stress-Predict,Stress-Predict:S14,Rest,0.010000872425734997,0.12619970738887787
0,Stress-Predict,Stress-Predict:S15,Baseline,0.8204531669616699,0.3936210572719574
1,Stress-Predict,Stress-Predict:S15,Baseline,0.8488000631332397,0.584113597869873
2,Stress-Predict,Stress-Predict:S15,Baseline,0.33251604437828064,0.5351366400718689
3,Stress-Predict,Stress-Predict:S15,Baseline,0.596563458442688,0.526310384273529
4,Stress-Predict,Stress-Predict:S15,Baseline,0.4991077780723572,0.6620306968688965
5,Stress-Predict,Stress-Predict:S15,Baseline,0.08100858330726624,0.56927490234375
6,Stress-Predict,Stress-Predict:S15,Baseline,0.762278139591217,0.4038766324520111
7,Stress-Predict,Stress-Predict:S15,Baseline,0.8037951588630676,0.17717331647872925
8,Stress-Predict,Stress-Predict:S15,Baseline,0.7192829251289368,0.15616515278816223
9,Stress-Predict,Stress-Predict:S15,Baseline,0.48791390657424927,0.5444650650024414
10,Stress-Predict,Stress-Predict:S15,Baseline,0.485019713640213,0.5485826134681702
11,Stress-Predict,Stress-Predict:S15,Baseline,0.4698105454444885,0.7698976993560791
12,Stress-Predict,Stress-Predict:S15,Baseline,0.37843382358551025,0.641082763671875
13,Stress-Predict,Stress-Predict:S15,Baseline,0.3125009834766388,0.42619428038597107
14,Stress-Predict,Stress-Predict:S15,Baseline,0.09587443619966507,0.36868417263031006
15,Stress-Predict,Stress-Predict:S15,Baseline,0.13235746324062347,0.13451184332370758
16,Stress-Predict,Stress-Predict:S15,Baseline,0.8096598386764526,0.22127094864845276
17,Stress-Predict,Stress-Predict:S15,Baseline,0.7695502042770386,0.05369056761264801
18,Stress-Predict,Stress-Predict:S15,Baseline,0.1533723920583725,0.34075304865837097
19,Stress-Predict,Stress-Predict:S15,Baseline,0.08639656007289886,0.14458787441253662
20,Stress-Predict,Stress-Predict:S15,Baseline,0.05423296242952347,0.12979954481124878
21,Stress-Predict,Stress-Predict:S15,Baseline,0.08820807188749313,0.30104324221611023
22,Stress-Predict,Stress-Predict:S15,Baseline,0.15878604352474213,0.2474210262298584
23,Stress-Predict,Stress-Predict:S15,Stress,0.13073810935020447,0.6253150105476379
24,Stress-Predict,Stress-Predict:S15,Stress,0.1209523156285286,0.46219050884246826
25,Stress-Predict,Stress-Predict:S15,Stress,0.14587721228599548,0.6361756324768066
26,Stress-Predict,Stress-Predict:S15,Stress,0.15227513015270233,0.6613923907279968
27,Stress-Predict,Stress-Predict:S15,Stress,0.14587721228599548,0.6524961590766907
28,Stress-Predict,Stress-Predict:S15,Stress,0.04554339125752449,0.7018745541572571
29,Stress-Predict,Stress-Predict:S15,Stress,0.07994648069143295,0.543738603591919
30,Stress-Predict,Stress-Predict:S15,Rest,0.9292412996292114,0.605535089969635
31,Stress-Predict,Stress-Predict:S15,Rest,0.6233177185058594,0.3159763514995575
32,Stress-Predict,Stress-Predict:S15,Rest,0.34636521339416504,0.2469678521156311
33,Stress-Predict,Stress-Predict:S15,Rest,0.188607320189476,0.39716267585754395
34,Stress-Predict,Stress-Predict:S15,Rest,0.08585654199123383,0.35973766446113586
35,Stress-Predict,Stress-Predict:S15,Rest,0.08203066885471344,0.31928279995918274
36,Stress-Predict,Stress-Predict:S15,Rest,0.014185663312673569,0.5287638306617737
37,Stress-Predict,Stress-Predict:S15,Rest,0.04539784416556358,0.18023961782455444
38,Stress-Predict,Stress-Predict:S15,Rest,0.01234302669763565,0.10433778911828995
39,Stress-Predict,Stress-Predict:S15,Stress,0.17263846099376678,0.5759921669960022
40,Stress-Predict,Stress-Predict:S15,Stress,0.14788562059402466,0.5754056572914124
41,Stress-Predict,Stress-Predict:S15,Stress,0.7291492819786072,0.8601080775260925
42,Stress-Predict,Stress-Predict:S15,Stress,0.278361052274704,0.8775959610939026
43,Stress-Predict,Stress-Predict:S15,Stress,0.2947961688041687,0.8734734058380127
44,Stress-Predict,Stress-Predict:S15,Stress,0.2106880247592926,0.8554564714431763
45,Stress-Predict,Stress-Predict:S15,Stress,0.8508581519126892,0.8183860182762146
46,Stress-Predict,Stress-Predict:S15,Stress,0.95819091796875,0.8256807327270508
47,Stress-Predict,Stress-Predict:S15,Stress,0.675238847732544,0.48340755701065063
48,Stress-Predict,Stress-Predict:S15,Stress,0.9553641080856323,0.8111954927444458
49,Stress-Predict,Stress-Predict:S15,Stress,0.9737071394920349,0.9165221452713013
50,Stress-Predict,Stress-Predict:S15,Stress,0.988556981086731,0.910906970500946
51,Stress-Predict,Stress-Predict:S15,Stress,0.9891554713249207,0.8939281105995178
52,Stress-Predict,Stress-Predict:S15,Stress,0.9089040160179138,0.5454639196395874
53,Stress-Predict,Stress-Predict:S15,Stress,0.9864669442176819,0.9359492659568787
54,Stress-Predict,Stress-Predict:S15,Stress,0.9861904382705688,0.941127598285675
55,Stress-Predict,Stress-Predict:S15,Stress,0.9897683262825012,0.9359951019287109
56,Stress-Predict,Stress-Predict:S15,Stress,0.8894997835159302,0.8516413569450378
57,Stress-Predict,Stress-Predict:S15,Stress,0.9828353524208069,0.9243342876434326
58,Stress-Predict,Stress-Predict:S15,Stress,0.9749069213867188,0.8729434013366699
59,Stress-Predict,Stress-Predict:S15,Rest,0.9154508113861084,0.198018416762352
60,Stress-Predict,Stress-Predict:S15,Rest,0.959401547908783,0.6357709169387817
61,Stress-Predict,Stress-Predict:S15,Rest,0.8154237866401672,0.41915133595466614
62,Stress-Predict,Stress-Predict:S15,Rest,0.7008151412010193,0.13989250361919403
63,Stress-Predict,Stress-Predict:S15,Rest,0.26674017310142517,0.3184334933757782
64,Stress-Predict,Stress-Predict:S15,Rest,0.21048422157764435,0.24824707210063934
65,Stress-Predict,Stress-Predict:S15,Rest,0.12797178328037262,0.20970654487609863
66,Stress-Predict,Stress-Predict:S15,Rest,0.04212461784482002,0.14043016731739044
67,Stress-Predict,Stress-Predict:S15,Hyperventilation,0.4811688959598541,0.6127382516860962
68,Stress-Predict,Stress-Predict:S15,Hyperventilation,0.46780842542648315,0.597259521484375
69,Stress-Predict,Stress-Predict:S15,Rest,0.10648653656244278,0.21736781299114227
70,Stress-Predict,Stress-Predict:S15,Rest,0.09190846234560013,0.22161448001861572
71,Stress-Predict,Stress-Predict:S15,Rest,0.08100379258394241,0.2227761149406433
72,Stress-Predict,Stress-Predict:S15,Rest,0.1313839852809906,0.4819241464138031
73,Stress-Predict,Stress-Predict:S15,Rest,0.09264969080686569,0.47028863430023193
74,Stress-Predict,Stress-Predict:S15,Rest,0.06354890018701553,0.47076722979545593
75,Stress-Predict,Stress-Predict:S15,Rest,0.0349760428071022,0.3206571042537689
76,Stress-Predict,Stress-Predict:S15,Rest,0.1222929134964943,0.18874777853488922
77,Stress-Predict,Stress-Predict:S15,Rest,0.027074012905359268,0.06913484632968903
78,Stress-Predict,Stress-Predict:S15,Rest,0.06996303051710129,0.06919644773006439
79,Stress-Predict,Stress-Predict:S15,Rest,0.09664984047412872,0.08006799221038818
80,Stress-Predict,Stress-Predict:S15,Rest,0.09401930123567581,0.07861825078725815
81,Stress-Predict,Stress-Predict:S15,Rest,0.10082243382930756,0.049383435398340225
82,Stress-Predict,Stress-Predict:S15,Rest,0.038400646299123764,0.044282324612140656
83,Stress-Predict,Stress-Predict:S15,Rest,0.09495599567890167,0.045399777591228485
84,Stress-Predict,Stress-Predict:S15,Rest,0.09638071060180664,0.04294329136610031
0,Stress-Predict,Stress-Predict:S16,Baseline,0.149992898106575,0.3067283034324646
1,Stress-Predict,Stress-Predict:S16,Baseline,0.2960054874420166,0.6172535419464111
2,Stress-Predict,Stress-Predict:S16,Baseline,0.705485463142395,0.6144048571586609
3,Stress-Predict,Stress-Predict:S16,Baseline,0.5260185599327087,0.5305936932563782
4,Stress-Predict,Stress-Predict:S16,Baseline,0.13448506593704224,0.31748831272125244
5,Stress-Predict,Stress-Predict:S16,Baseline,0.14092300832271576,0.2752120792865753
6,Stress-Predict,Stress-Predict:S16,Baseline,0.44157251715660095,0.43164679408073425
7,Stress-Predict,Stress-Predict:S16,Baseline,0.35312309861183167,0.6484259963035583
8,Stress-Predict,Stress-Predict:S16,Baseline,0.1631527841091156,0.6624161601066589
9,Stress-Predict,Stress-Predict:S16,Baseline,0.2596917450428009,0.7042309641838074
10,Stress-Predict,Stress-Predict:S16,Baseline,0.24399316310882568,0.37342411279678345
11,Stress-Predict,Stress-Predict:S16,Baseline,0.33474624156951904,0.31768420338630676
12,Stress-Predict,Stress-Predict:S16,Baseline,0.17730583250522614,0.5982973575592041
13,Stress-Predict,Stress-Predict:S16,Baseline,0.08520819991827011,0.38948556780815125
14,Stress-Predict,Stress-Predict:S16,Baseline,0.06450944393873215,0.4196399748325348
15,Stress-Predict,Stress-Predict:S16,Baseline,0.06869324296712875,0.15234802663326263
16,Stress-Predict,Stress-Predict:S16,Baseline,0.08691682666540146,0.06733807921409607
17,Stress-Predict,Stress-Predict:S16,Baseline,0.17089155316352844,0.03534442186355591
18,Stress-Predict,Stress-Predict:S16,Baseline,0.12670765817165375,0.057114534080028534
19,Stress-Predict,Stress-Predict:S16,Baseline,0.062089476734399796,0.44909220933914185
20,Stress-Predict,Stress-Predict:S16,Baseline,0.07382143288850784,0.5255958437919617
21,Stress-Predict,Stress-Predict:S16,Baseline,0.0553223118185997,0.4253403842449188
22,Stress-Predict,Stress-Predict:S16,Baseline,0.05536256358027458,0.3184851109981537
23,Stress-Predict,Stress-Predict:S16,Stress,0.2291136533021927,0.32627764344215393
24,Stress-Predict,Stress-Predict:S16,Stress,0.1538281887769699,0.08933510631322861
25,Stress-Predict,Stress-Predict:S16,Stress,0.1733652502298355,0.07522891461849213
26,Stress-Predict,Stress-Predict:S16,Stress,0.16679805517196655,0.046695128083229065
27,Stress-Predict,Stress-Predict:S16,Stress,0.06322594732046127,0.011623556725680828
28,Stress-Predict,Stress-Predict:S16,Stress,0.08315496146678925,0.011690645478665829
29,Stress-Predict,Stress-Predict:S16,Stress,0.05431037023663521,0.01678386889398098
30,Stress-Predict,Stress-Predict:S16,Stress,0.05069635808467865,0.021115979179739952
31,Stress-Predict,Stress-Predict:S16,Stress,0.05069635808467865,0.04634668678045273
32,Stress-Predict,Stress-Predict:S16,Rest,0.12875884771347046,0.4985682964324951
33,Stress-Predict,Stress-Predict:S16,Rest,0.20731671154499054,0.3446616530418396
34,Stress-Predict,Stress-Predict:S16,Rest,0.1451808512210846,0.35190680623054504
35,Stress-Predict,Stress-Predict:S16,Rest,0.015189341269433498,0.21336586773395538
36,Stress-Predict,Stress-Predict:S16,Rest,0.48325416445732117,0.0849061906337738
37,Stress-Predict,Stress-Predict:S16,Rest,0.5943775773048401,0.018907124176621437
38,Stress-Predict,Stress-Predict:S16,Rest,0.26886656880378723,0.08956945687532425
39,Stress-Predict,Stress-Predict:S16,Rest,0.4497153162956238,0.12855611741542816
40,Stress-Predict,Stress-Predict:S16,Rest,0.2446194887161255,0.37349453568458557
41,Stress-Predict,Stress-Predict:S16,Stress,0.9570200443267822,0.7177744507789612
42,Stress-Predict,Stress-Predict:S16,Stress,0.8873050808906555,0.6547488570213318
43,Stress-Predict,Stress-Predict:S16,Stress,0.9695528149604797,0.6841548681259155
44,Stress-Predict,Stress-Predict:S16,Stress,0.9687277674674988,0.8410921096801758
45,Stress-Predict,Stress-Predict:S16,Stress,0.9751183986663818,0.7166653871536255
46,Stress-Predict,Stress-Predict:S16,Stress,0.987206757068634,0.9218921065330505
47,Stress-Predict,Stress-Predict:S16,Stress,0.9919196367263794,0.9625335335731506
48,Stress-Predict,Stress-Predict:S16,Stress,0.9872283935546875,0.8886352181434631
49,Stress-Predict,Stress-Predict:S16,Stress,0.974517285823822,0.6340998411178589
50,Stress-Predict,Stress-Predict:S16,Stress,0.8693998456001282,0.16452458500862122
51,Stress-Predict,Stress-Predict:S16,Stress,0.8224356174468994,0.28105494379997253
52,Stress-Predict,Stress-Predict:S16,Stress,0.9807158708572388,0.9049966931343079
53,Stress-Predict,Stress-Predict:S16,Stress,0.9824877381324768,0.7915061116218567
54,Stress-Predict,Stress-Predict:S16,Stress,0.9555205702781677,0.3875928223133087
55,Stress-Predict,Stress-Predict:S16,Stress,0.9845365881919861,0.7434834837913513
56,Stress-Predict,Stress-Predict:S16,Stress,0.9823090434074402,0.7944274544715881
57,Stress-Predict,Stress-Predict:S16,Rest,0.7787852883338928,0.12532447278499603
58,Stress-Predict,Stress-Predict:S16,Rest,0.4947792887687683,0.08575636893510818
59,Stress-Predict,Stress-Predict:S16,Rest,0.6016730666160583,0.4705260396003723
60,Stress-Predict,Stress-Predict:S16,Rest,0.9093299508094788,0.6481356620788574
61,Stress-Predict,Stress-Predict:S16,Rest,0.9167467951774597,0.7508532404899597
62,Stress-Predict,Stress-Predict:S16,Rest,0.8618903160095215,0.771844744682312
63,Stress-Predict,Stress-Predict:S16,Rest,0.9617284536361694,0.9121631383895874
64,Stress-Predict,Stress-Predict:S16,Rest,0.843722939491272,0.5478398203849792
65,Stress-Predict,Stress-Predict:S16,Rest,0.9233769178390503,0.82581627368927
66,Stress-Predict,Stress-Predict:S16,Hyperventilation,0.9400144219398499,0.6621149182319641
67,Stress-Predict,Stress-Predict:S16,Hyperventilation,0.8697978854179382,0.6693126559257507
68,Stress-Predict,Stress-Predict:S16,Rest,0.9253211617469788,0.8406133651733398
69,Stress-Predict,Stress-Predict:S16,Rest,0.9487629532814026,0.38166654109954834
70,Stress-Predict,Stress-Predict:S16,Rest,0.9144236445426941,0.27255797386169434
71,Stress-Predict,Stress-Predict:S16,Rest,0.2885051965713501,0.21707558631896973
72,Stress-Predict,Stress-Predict:S16,Rest,0.9418327808380127,0.5861489176750183
73,Stress-Predict,Stress-Predict:S16,Rest,0.9718299508094788,0.8745030164718628
74,Stress-Predict,Stress-Predict:S16,Rest,0.9640072584152222,0.8454951643943787
75,Stress-Predict,Stress-Predict:S16,Rest,0.9718913435935974,0.7064555883407593
76,Stress-Predict,Stress-Predict:S16,Rest,0.9589883685112,0.6722756624221802
77,Stress-Predict,Stress-Predict:S16,Rest,0.13541433215141296,0.36716896295547485
78,Stress-Predict,Stress-Predict:S16,Rest,0.06768882274627686,0.01316752564162016
79,Stress-Predict,Stress-Predict:S16,Rest,0.08315496146678925,0.012099375948309898
80,Stress-Predict,Stress-Predict:S16,Rest,0.05431037023663521,0.01655958965420723
81,Stress-Predict,Stress-Predict:S16,Rest,0.05069635808467865,0.020465021952986717
82,Stress-Predict,Stress-Predict:S16,Rest,0.15052971243858337,0.019206823781132698
0,Stress-Predict,Stress-Predict:S17,Baseline,0.11316622793674469,0.1050315871834755
1,Stress-Predict,Stress-Predict:S17,Baseline,0.09179792553186417,0.07250776886940002
2,Stress-Predict,Stress-Predict:S17,Baseline,0.10795075446367264,0.11649087071418762
3,Stress-Predict,Stress-Predict:S17,Baseline,0.06608778238296509,0.13354860246181488
4,Stress-Predict,Stress-Predict:S17,Baseline,0.03741815686225891,0.4442237615585327
5,Stress-Predict,Stress-Predict:S17,Baseline,0.06170305237174034,0.1498287171125412
6,Stress-Predict,Stress-Predict:S17,Baseline,0.0717628225684166,0.13319113850593567
7,Stress-Predict,Stress-Predict:S17,Baseline,0.08096624165773392,0.19938626885414124
8,Stress-Predict,Stress-Predict:S17,Baseline,0.30838149785995483,0.1805650144815445
9,Stress-Predict,Stress-Predict:S17,Baseline,0.6534632444381714,0.1617080122232437
10,Stress-Predict,Stress-Predict:S17,Baseline,0.7061036229133606,0.44424644112586975
11,Stress-Predict,Stress-Predict:S17,Baseline,0.5866614580154419,0.29290279746055603
12,Stress-Predict,Stress-Predict:S17,Baseline,0.023170705884695053,0.3554172217845917
13,Stress-Predict,Stress-Predict:S17,Baseline,0.2103491872549057,0.5476639270782471
14,Stress-Predict,Stress-Predict:S17,Baseline,0.18277624249458313,0.6240371465682983
15,Stress-Predict,Stress-Predict:S17,Baseline,0.19380150735378265,0.19141334295272827
16,Stress-Predict,Stress-Predict:S17,Baseline,0.320171982049942,0.35152000188827515
17,Stress-Predict,Stress-Predict:S17,Stress,0.12849625945091248,0.3823431432247162
18,Stress-Predict,Stress-Predict:S17,Stress,0.6010233759880066,0.4332271218299866
19,Stress-Predict,Stress-Predict:S17,Stress,0.7448207139968872,0.5445173382759094
20,Stress-Predict,Stress-Predict:S17,Stress,0.7818918228149414,0.6345406174659729
21,Stress-Predict,Stress-Predict:S17,Stress,0.8627792596817017,0.4977245032787323
22,Stress-Predict,Stress-Predict:S17,Stress,0.9624723792076111,0.6083543300628662
23,Stress-Predict,Stress-Predict:S17,Stress,0.853667140007019,0.3615003228187561
24,Stress-Predict,Stress-Predict:S17,Stress,0.7507660984992981,0.3268873691558838
25,Stress-Predict,Stress-Predict:S17,Stress,0.7533949017524719,0.35494324564933777
26,Stress-Predict,Stress-Predict:S17,Stress,0.4913311004638672,0.3850909471511841
27,Stress-Predict,Stress-Predict:S17,Stress,0.46861502528190613,0.5709226131439209
28,Stress-Predict,Stress-Predict:S17,Stress,0.4019923806190491,0.39884355664253235
29,Stress-Predict,Stress-Predict:S17,Rest,0.7986676692962646,0.5813015699386597
30,Stress-Predict,Stress-Predict:S17,Rest,0.8655991554260254,0.8345100283622742
31,Stress-Predict,Stress-Predict:S17,Rest,0.7863566279411316,0.6071767210960388
32,Stress-Predict,Stress-Predict:S17,Rest,0.7656223177909851,0.2964315414428711
33,Stress-Predict,Stress-Predict:S17,Rest,0.855791449546814,0.5663735866546631
34,Stress-Predict,Stress-Predict:S17,Rest,0.7282364368438721,0.4131019115447998
35,Stress-Predict,Stress-Predict:S17,Rest,0.8295601010322571,0.42160117626190186
36,Stress-Predict,Stress-Predict:S17,Rest,0.8804384469985962,0.6077294945716858
37,Stress-Predict,Stress-Predict:S17,Rest,0.940245509147644,0.7636128664016724
38,Stress-Predict,Stress-Predict:S17,Hyperventilation,0.9675447344779968,0.4004887342453003
39,Stress-Predict,Stress-Predict:S17,Rest,0.8522264957427979,0.5909833312034607
40,Stress-Predict,Stress-Predict:S17,Rest,0.7715031504631042,0.26166123151779175
41,Stress-Predict,Stress-Predict:S17,Rest,0.5406968593597412,0.4236498773097992
42,Stress-Predict,Stress-Predict:S17,Rest,0.7860522866249084,0.48885902762413025
43,Stress-Predict,Stress-Predict:S17,Rest,0.7699334621429443,0.5793801546096802
44,Stress-Predict,Stress-Predict:S17,Rest,0.48267990350723267,0.7348355054855347
45,Stress-Predict,Stress-Predict:S17,Rest,0.6262816190719604,0.7602670788764954
46,Stress-Predict,Stress-Predict:S17,Rest,0.7668246626853943,0.49266159534454346
47,Stress-Predict,Stress-Predict:S17,Rest,0.7523601651191711,0.265683650970459
48,Stress-Predict,Stress-Predict:S17,Rest,0.8886105418205261,0.4876175820827484
49,Stress-Predict,Stress-Predict:S17,Rest,0.8889752626419067,0.5610556602478027
50,Stress-Predict,Stress-Predict:S17,Rest,0.8863663077354431,0.6212354302406311
51,Stress-Predict,Stress-Predict:S17,Rest,0.9066591262817383,0.5100933909416199
52,Stress-Predict,Stress-Predict:S17,Rest,0.9719385504722595,0.47487345337867737
53,Stress-Predict,Stress-Predict:S17,Rest,0.7000479698181152,0.21314974129199982
0,Stress-Predict,Stress-Predict:S18,Baseline,0.04918500408530235,0.0849686786532402
1,Stress-Predict,Stress-Predict:S18,Baseline,0.039844341576099396,0.12369238585233688
2,Stress-Predict,Stress-Predict:S18,Baseline,0.04918500408530235,0.22270594537258148
3,Stress-Predict,Stress-Predict:S18,Baseline,0.11197454482316971,0.12642836570739746
4,Stress-Predict,Stress-Predict:S18,Baseline,0.13649360835552216,0.06622455269098282
5,Stress-Predict,Stress-Predict:S18,Baseline,0.8007143139839172,0.05342160165309906
6,Stress-Predict,Stress-Predict:S18,Baseline,0.7662577033042908,0.08278936892747879
7,Stress-Predict,Stress-Predict:S18,Baseline,0.17104525864124298,0.5257366299629211
8,Stress-Predict,Stress-Predict:S18,Baseline,0.12861423194408417,0.24479921162128448
9,Stress-Predict,Stress-Predict:S18,Baseline,0.12474077939987183,0.2909262478351593
10,Stress-Predict,Stress-Predict:S18,Baseline,0.5682518482208252,0.49863314628601074
11,Stress-Predict,Stress-Predict:S18,Baseline,0.8252254128456116,0.7188148498535156
12,Stress-Predict,Stress-Predict:S18,Baseline,0.5148440003395081,0.5229620933532715
13,Stress-Predict,Stress-Predict:S18,Baseline,0.52045077085495,0.3053378164768219
14,Stress-Predict,Stress-Predict:S18,Baseline,0.0777633860707283,0.3197561800479889
15,Stress-Predict,Stress-Predict:S18,Baseline,0.6798579096794128,0.5504644513130188
16,Stress-Predict,Stress-Predict:S18,Baseline,0.9076680541038513,0.5766921639442444
17,Stress-Predict,Stress-Predict:S18,Baseline,0.378745973110199,0.5597699284553528
18,Stress-Predict,Stress-Predict:S18,Rest,0.8456874489784241,0.5295936465263367
19,Stress-Predict,Stress-Predict:S18,Rest,0.8630064129829407,0.4131273627281189
20,Stress-Predict,Stress-Predict:S18,Rest,0.9689835906028748,0.5743029117584229
21,Stress-Predict,Stress-Predict:S18,Rest,0.9668471813201904,0.6134937405586243
22,Stress-Predict,Stress-Predict:S18,Rest,0.9631443619728088,0.651899516582489
23,Stress-Predict,Stress-Predict:S18,Rest,0.947198748588562,0.6059535145759583
24,Stress-Predict,Stress-Predict:S18,Rest,0.9749113321304321,0.17131531238555908
25,Stress-Predict,Stress-Predict:S18,Rest,0.9290103912353516,0.23473025858402252
26,Stress-Predict,Stress-Predict:S18,Rest,0.924502432346344,0.37490570545196533
27,Stress-Predict,Stress-Predict:S18,Stress,0.9633379578590393,0.8200803995132446
28,Stress-Predict,Stress-Predict:S18,Stress,0.9620519280433655,0.683712899684906
29,Stress-Predict,Stress-Predict:S18,Stress,0.9445046782493591,0.4901907742023468
30,Stress-Predict,Stress-Predict:S18,Stress,0.9338322877883911,0.40777480602264404
31,Stress-Predict,Stress-Predict:S18,Stress,0.9374774098396301,0.485495001077652
32,Stress-Predict,Stress-Predict:S18,Stress,0.9438433647155762,0.6766703128814697
33,Stress-Predict,Stress-Predict:S18,Stress,0.919937252998352,0.6633492112159729
34,Stress-Predict,Stress-Predict:S18,Stress,0.9318580031394958,0.6712475419044495
35,Stress-Predict,Stress-Predict:S18,Stress,0.9114429950714111,0.7868071794509888
36,Stress-Predict,Stress-Predict:S18,Stress,0.9027277827262878,0.7621031999588013
37,Stress-Predict,Stress-Predict:S18,Stress,0.9616785049438477,0.8497173190116882
38,Stress-Predict,Stress-Predict:S18,Stress,0.9661485552787781,0.8144679069519043
39,Stress-Predict,Stress-Predict:S18,Stress,0.9606638550758362,0.7915393114089966
40,Stress-Predict,Stress-Predict:S18,Stress,0.9877898693084717,0.845485270023346
41,Stress-Predict,Stress-Predict:S18,Stress,0.9712452292442322,0.8465584516525269
42,Stress-Predict,Stress-Predict:S18,Stress,0.9645271897315979,0.8586519360542297
43,Stress-Predict,Stress-Predict:S18,Stress,0.964197039604187,0.8400574326515198
44,Stress-Predict,Stress-Predict:S18,Stress,0.7923763394355774,0.8419283628463745
45,Stress-Predict,Stress-Predict:S18,Stress,0.27773019671440125,0.2632003128528595
46,Stress-Predict,Stress-Predict:S18,Rest,0.7836698889732361,0.6495044231414795
47,Stress-Predict,Stress-Predict:S18,Rest,0.7097669839859009,0.38309618830680847
48,Stress-Predict,Stress-Predict:S18,Rest,0.37804222106933594,0.18112972378730774
49,Stress-Predict,Stress-Predict:S18,Rest,0.5585867166519165,0.23387137055397034
50,Stress-Predict,Stress-Predict:S18,Rest,0.27487829327583313,0.22959625720977783
51,Stress-Predict,Stress-Predict:S18,Rest,0.3721860349178314,0.26643359661102295
52,Stress-Predict,Stress-Predict:S18,Rest,0.2886214852333069,0.3387722373008728
53,Stress-Predict,Stress-Predict:S18,Rest,0.28962409496307373,0.26929670572280884
54,Stress-Predict,Stress-Predict:S18,Hyperventilation,0.8125637769699097,0.8038040399551392
55,Stress-Predict,Stress-Predict:S18,Hyperventilation,0.1992071270942688,0.41876116394996643
56,Stress-Predict,Stress-Predict:S18,Rest,0.03783359006047249,0.07365790009498596
57,Stress-Predict,Stress-Predict:S18,Rest,0.1115417405962944,0.1296507865190506
58,Stress-Predict,Stress-Predict:S18,Rest,0.26520076394081116,0.308199018239975
59,Stress-Predict,Stress-Predict:S18,Rest,0.25635582208633423,0.2940880358219147
60,Stress-Predict,Stress-Predict:S18,Rest,0.05100766941905022,0.25587984919548035
61,Stress-Predict,Stress-Predict:S18,Rest,0.07015646249055862,0.316273957490921
62,Stress-Predict,Stress-Predict:S18,Rest,0.08003687858581543,0.2727036476135254
63,Stress-Predict,Stress-Predict:S18,Rest,0.24148087203502655,0.09023283421993256
64,Stress-Predict,Stress-Predict:S18,Rest,0.0946076288819313,0.09477780014276505
65,Stress-Predict,Stress-Predict:S18,Rest,0.04396620765328407,0.12848804891109467
66,Stress-Predict,Stress-Predict:S18,Rest,0.04016837105154991,0.09276257455348969
67,Stress-Predict,Stress-Predict:S18,Rest,0.24018430709838867,0.11670422554016113
68,Stress-Predict,Stress-Predict:S18,Rest,0.1382637321949005,0.19817987084388733
69,Stress-Predict,Stress-Predict:S18,Rest,0.018367987126111984,0.017478404566645622
70,Stress-Predict,Stress-Predict:S18,Rest,0.020258815959095955,0.016451308503746986
71,Stress-Predict,Stress-Predict:S18,Rest,0.018837474286556244,0.0589979887008667
0,Stress-Predict,Stress-Predict:S19,Baseline,0.011103671975433826,0.2008383423089981
1,Stress-Predict,Stress-Predict:S19,Baseline,0.005837201606482267,0.22994260489940643
2,Stress-Predict,Stress-Predict:S19,Baseline,0.007204008754342794,0.3291792571544647
3,Stress-Predict,Stress-Predict:S19,Baseline,0.005285563878715038,0.22687888145446777
4,Stress-Predict,Stress-Predict:S19,Baseline,0.024462755769491196,0.4475335478782654
5,Stress-Predict,Stress-Predict:S19,Baseline,0.02515553869307041,0.6248952746391296
6,Stress-Predict,Stress-Predict:S19,Baseline,0.014124942943453789,0.5221400856971741
7,Stress-Predict,Stress-Predict:S19,Baseline,0.01117368321865797,0.4894796311855316
8,Stress-Predict,Stress-Predict:S19,Baseline,0.010136811062693596,0.3672497868537903
9,Stress-Predict,Stress-Predict:S19,Baseline,0.007012801710516214,0.3750413954257965
10,Stress-Predict,Stress-Predict:S19,Baseline,0.018625345081090927,0.2932814061641693
11,Stress-Predict,Stress-Predict:S19,Baseline,0.026049643754959106,0.28996479511260986
12,Stress-Predict,Stress-Predict:S19,Baseline,0.011661982163786888,0.3409562408924103
13,Stress-Predict,Stress-Predict:S19,Baseline,0.011597629636526108,0.4537007808685303
14,Stress-Predict,Stress-Predict:S19,Baseline,0.03844412788748741,0.4444217383861542
15,Stress-Predict,Stress-Predict:S19,Baseline,0.02424135059118271,0.40595629811286926
16,Stress-Predict,Stress-Predict:S19,Baseline,0.05928042531013489,0.5054180026054382
17,Stress-Predict,Stress-Predict:S19,Stress,0.23525463044643402,0.5831348299980164
18,Stress-Predict,Stress-Predict:S19,Stress,0.15266159176826477,0.7768228650093079
19,Stress-Predict,Stress-Predict:S19,Stress,0.10700906813144684,0.7103930711746216
20,Stress-Predict,Stress-Predict:S19,Stress,0.10205402970314026,0.7573752403259277
21,Stress-Predict,Stress-Predict:S19,Stress,0.18932011723518372,0.7981456518173218
22,Stress-Predict,Stress-Predict:S19,Stress,0.5949506163597107,0.7713444232940674
23,Stress-Predict,Stress-Predict:S19,Stress,0.2720015347003937,0.7614104747772217
24,Stress-Predict,Stress-Predict:S19,Stress,0.15504267811775208,0.7350680232048035
25,Stress-Predict,Stress-Predict:S19,Stress,0.25936105847358704,0.7978067994117737
26,Stress-Predict,Stress-Predict:S19,Stress,0.23487816751003265,0.7145845293998718
27,Stress-Predict,Stress-Predict:S19,Rest,0.05830591544508934,0.11848738044500351
28,Stress-Predict,Stress-Predict:S19,Rest,0.10580839216709137,0.09261506795883179
29,Stress-Predict,Stress-Predict:S19,Rest,0.060490600764751434,0.11861485987901688
30,Stress-Predict,Stress-Predict:S19,Rest,0.057057976722717285,0.2250027358531952
31,Stress-Predict,Stress-Predict:S19,Rest,0.061536047607660294,0.5564510226249695
32,Stress-Predict,Stress-Predict:S19,Rest,0.04061996191740036,0.6076723337173462
33,Stress-Predict,Stress-Predict:S19,Rest,0.028414128348231316,0.3477018177509308
34,Stress-Predict,Stress-Predict:S19,Rest,0.043408170342445374,0.5743474364280701
35,Stress-Predict,Stress-Predict:S19,Rest,0.0553043857216835,0.5219674706459045
36,Stress-Predict,Stress-Predict:S19,Rest,0.14443890750408173,0.7436389327049255
37,Stress-Predict,Stress-Predict:S19,Rest,0.055925555527210236,0.8237978219985962
38,Stress-Predict,Stress-Predict:S19,Rest,0.02233167551457882,0.2310764640569687
39,Stress-Predict,Stress-Predict:S19,Rest,0.06496613472700119,0.295950323343277
40,Stress-Predict,Stress-Predict:S19,Stress,0.5192033648490906,0.7032149434089661
41,Stress-Predict,Stress-Predict:S19,Stress,0.9504985809326172,0.721764326095581
42,Stress-Predict,Stress-Predict:S19,Stress,0.9118826389312744,0.5742520093917847
43,Stress-Predict,Stress-Predict:S19,Stress,0.2684457004070282,0.13687798380851746
44,Stress-Predict,Stress-Predict:S19,Stress,0.9255523085594177,0.7849100232124329
45,Stress-Predict,Stress-Predict:S19,Stress,0.8910347819328308,0.7947075366973877
46,Stress-Predict,Stress-Predict:S19,Stress,0.7826919555664062,0.8493166565895081
47,Stress-Predict,Stress-Predict:S19,Stress,0.972719669342041,0.8511213660240173
48,Stress-Predict,Stress-Predict:S19,Stress,0.9174536466598511,0.707372784614563
49,Stress-Predict,Stress-Predict:S19,Stress,0.9026107788085938,0.7555056810379028
50,Stress-Predict,Stress-Predict:S19,Stress,0.944833517074585,0.4379710853099823
51,Stress-Predict,Stress-Predict:S19,Stress,0.7694019079208374,0.7818834781646729
52,Stress-Predict,Stress-Predict:S19,Stress,0.8723440766334534,0.7949445843696594
53,Stress-Predict,Stress-Predict:S19,Rest,0.24197183549404144,0.18292643129825592
54,Stress-Predict,Stress-Predict:S19,Rest,0.07479619234800339,0.26100119948387146
55,Stress-Predict,Stress-Predict:S19,Rest,0.03538821265101433,0.2229073941707611
56,Stress-Predict,Stress-Predict:S19,Rest,0.020599476993083954,0.21586060523986816
57,Stress-Predict,Stress-Predict:S19,Rest,0.02031927928328514,0.29457542300224304
58,Stress-Predict,Stress-Predict:S19,Rest,0.024144355207681656,0.20409677922725677
59,Stress-Predict,Stress-Predict:S19,Rest,0.01615563966333866,0.2636125087738037
60,Stress-Predict,Stress-Predict:S19,Hyperventilation,0.8376011252403259,0.846337080001831
61,Stress-Predict,Stress-Predict:S19,Rest,0.6794909834861755,0.45893457531929016
62,Stress-Predict,Stress-Predict:S19,Rest,0.04746732488274574,0.16918206214904785
63,Stress-Predict,Stress-Predict:S19,Rest,0.09993985295295715,0.1606450378894806
64,Stress-Predict,Stress-Predict:S19,Rest,0.047899071127176285,0.12228506803512573
65,Stress-Predict,Stress-Predict:S19,Rest,0.018776332959532738,0.21244920790195465
66,Stress-Predict,Stress-Predict:S19,Rest,0.027905775234103203,0.5811128616333008
67,Stress-Predict,Stress-Predict:S19,Rest,0.04161255806684494,0.40536755323410034
68,Stress-Predict,Stress-Predict:S19,Rest,0.21788786351680756,0.1877581775188446
69,Stress-Predict,Stress-Predict:S19,Rest,0.2652173638343811,0.17153193056583405
70,Stress-Predict,Stress-Predict:S19,Rest,0.05504019930958748,0.1519341617822647
71,Stress-Predict,Stress-Predict:S19,Rest,0.011729600839316845,0.35156652331352234
72,Stress-Predict,Stress-Predict:S19,Rest,0.029087664559483528,0.3804916739463806
73,Stress-Predict,Stress-Predict:S19,Rest,0.0404014065861702,0.39984574913978577
74,Stress-Predict,Stress-Predict:S19,Rest,0.010299372486770153,0.2055559754371643
75,Stress-Predict,Stress-Predict:S19,Rest,0.008036399260163307,0.10884507745504379
76,Stress-Predict,Stress-Predict:S19,Rest,0.013365688733756542,0.07709359377622604
0,Stress-Predict,Stress-Predict:S20,Baseline,0.03009008802473545,0.014913247898221016
1,Stress-Predict,Stress-Predict:S20,Baseline,0.12096504867076874,0.011007522232830524
2,Stress-Predict,Stress-Predict:S20,Baseline,0.13682550191879272,0.008516893722116947
3,Stress-Predict,Stress-Predict:S20,Baseline,0.08976952731609344,0.010130836628377438
4,Stress-Predict,Stress-Predict:S20,Baseline,0.1908058226108551,0.03545546531677246
5,Stress-Predict,Stress-Predict:S20,Baseline,0.34959158301353455,0.006457117851823568
6,Stress-Predict,Stress-Predict:S20,Baseline,0.060382481664419174,0.008531914092600346
7,Stress-Predict,Stress-Predict:S20,Baseline,0.0388520285487175,0.01801382191479206
8,Stress-Predict,Stress-Predict:S20,Baseline,0.02635294757783413,0.016056425869464874
9,Stress-Predict,Stress-Predict:S20,Baseline,0.04334055259823799,0.008247186429798603
10,Stress-Predict,Stress-Predict:S20,Baseline,0.5439271926879883,0.2848954200744629
11,Stress-Predict,Stress-Predict:S20,Baseline,0.3868488371372223,0.4013301730155945
12,Stress-Predict,Stress-Predict:S20,Baseline,0.13380597531795502,0.764214038848877
13,Stress-Predict,Stress-Predict:S20,Baseline,0.5883464217185974,0.8027941584587097
14,Stress-Predict,Stress-Predict:S20,Baseline,0.6878407001495361,0.902595043182373
15,Stress-Predict,Stress-Predict:S20,Baseline,0.9501587748527527,0.7492035627365112
16,Stress-Predict,Stress-Predict:S20,Baseline,0.783401608467102,0.5499553084373474
17,Stress-Predict,Stress-Predict:S20,Baseline,0.5587060451507568,0.7941585779190063
18,Stress-Predict,Stress-Predict:S20,Baseline,0.6024691462516785,0.7496203184127808
19,Stress-Predict,Stress-Predict:S20,Stress,0.8603864908218384,0.7825154066085815
20,Stress-Predict,Stress-Predict:S20,Stress,0.8359167575836182,0.8504330515861511
21,Stress-Predict,Stress-Predict:S20,Stress,0.6140087246894836,0.7417455315589905
22,Stress-Predict,Stress-Predict:S20,Stress,0.17142480611801147,0.6745080351829529
23,Stress-Predict,Stress-Predict:S20,Stress,0.1522984355688095,0.5003079771995544
24,Stress-Predict,Stress-Predict:S20,Stress,0.12156988680362701,0.7229799032211304
25,Stress-Predict,Stress-Predict:S20,Stress,0.8476387858390808,0.6948385834693909
26,Stress-Predict,Stress-Predict:S20,Stress,0.38898584246635437,0.592830240726471
27,Stress-Predict,Stress-Predict:S20,Stress,0.807025134563446,0.8503403663635254
28,Stress-Predict,Stress-Predict:S20,Rest,0.2576049864292145,0.27559104561805725
29,Stress-Predict,Stress-Predict:S20,Rest,0.2596942186355591,0.36670899391174316
30,Stress-Predict,Stress-Predict:S20,Rest,0.2894825041294098,0.3328145146369934
31,Stress-Predict,Stress-Predict:S20,Rest,0.14723078906536102,0.1836417019367218
32,Stress-Predict,Stress-Predict:S20,Rest,0.01054785680025816,0.2150253802537918
33,Stress-Predict,Stress-Predict:S20,Rest,0.03592827171087265,0.1387384682893753
34,Stress-Predict,Stress-Predict:S20,Rest,0.02569202147424221,0.1653868854045868
35,Stress-Predict,Stress-Predict:S20,Rest,0.04030780866742134,0.04928535223007202
36,Stress-Predict,Stress-Predict:S20,Rest,0.16220906376838684,0.1478508710861206
37,Stress-Predict,Stress-Predict:S20,Stress,0.6244151592254639,0.46835044026374817
38,Stress-Predict,Stress-Predict:S20,Stress,0.0708431750535965,0.29382601380348206
39,Stress-Predict,Stress-Predict:S20,Stress,0.22781363129615784,0.39224234223365784
40,Stress-Predict,Stress-Predict:S20,Stress,0.32633161544799805,0.8027966618537903
41,Stress-Predict,Stress-Predict:S20,Stress,0.3744807243347168,0.6463063359260559
42,Stress-Predict,Stress-Predict:S20,Stress,0.12845809757709503,0.33963334560394287
43,Stress-Predict,Stress-Predict:S20,Stress,0.3093198239803314,0.48688897490501404
44,Stress-Predict,Stress-Predict:S20,Stress,0.8499540686607361,0.8354188799858093
45,Stress-Predict,Stress-Predict:S20,Stress,0.9319682717323303,0.941525399684906
46,Stress-Predict,Stress-Predict:S20,Stress,0.6748889684677124,0.9054962992668152
47,Stress-Predict,Stress-Predict:S20,Stress,0.4758632481098175,0.5282389521598816
48,Stress-Predict,Stress-Predict:S20,Stress,0.23055846989154816,0.6545640826225281
49,Stress-Predict,Stress-Predict:S20,Stress,0.2522966265678406,0.32864540815353394
50,Stress-Predict,Stress-Predict:S20,Stress,0.6016283631324768,0.3380090892314911
51,Stress-Predict,Stress-Predict:S20,Stress,0.959911048412323,0.7590779066085815
52,Stress-Predict,Stress-Predict:S20,Stress,0.9637290239334106,0.9046239852905273
53,Stress-Predict,Stress-Predict:S20,Stress,0.9398645758628845,0.5208737254142761
54,Stress-Predict,Stress-Predict:S20,Rest,0.8339921236038208,0.8921454548835754
55,Stress-Predict,Stress-Predict:S20,Rest,0.9536148905754089,0.7560532093048096
56,Stress-Predict,Stress-Predict:S20,Rest,0.9737547636032104,0.7243258953094482
57,Stress-Predict,Stress-Predict:S20,Rest,0.7889297604560852,0.23262830078601837
58,Stress-Predict,Stress-Predict:S20,Rest,0.5894073247909546,0.33772414922714233
59,Stress-Predict,Stress-Predict:S20,Rest,0.05643794313073158,0.1115785539150238
60,Stress-Predict,Stress-Predict:S20,Rest,0.1764059215784073,0.20179176330566406
61,Stress-Predict,Stress-Predict:S20,Hyperventilation,0.34995561838150024,0.7661656141281128
62,Stress-Predict,Stress-Predict:S20,Rest,0.45419448614120483,0.06787655502557755
63,Stress-Predict,Stress-Predict:S20,Rest,0.13817763328552246,0.3033186197280884
64,Stress-Predict,Stress-Predict:S20,Rest,0.06928246468305588,0.1484147310256958
65,Stress-Predict,Stress-Predict:S20,Rest,0.13495652377605438,0.0313650481402874
66,Stress-Predict,Stress-Predict:S20,Rest,0.29965296387672424,0.1069670021533966
67,Stress-Predict,Stress-Predict:S20,Rest,0.20803523063659668,0.33008384704589844
68,Stress-Predict,Stress-Predict:S20,Rest,0.04094313830137253,0.30717432498931885
69,Stress-Predict,Stress-Predict:S20,Rest,0.018232159316539764,0.24140840768814087
70,Stress-Predict,Stress-Predict:S20,Rest,0.2634228467941284,0.37527742981910706
71,Stress-Predict,Stress-Predict:S20,Rest,0.1858748197555542,0.48334944248199463
72,Stress-Predict,Stress-Predict:S20,Rest,0.7005650997161865,0.6160518527030945
73,Stress-Predict,Stress-Predict:S20,Rest,0.9026612639427185,0.8150562047958374
74,Stress-Predict,Stress-Predict:S20,Rest,0.23451754450798035,0.4732320010662079
75,Stress-Predict,Stress-Predict:S20,Rest,0.14550988376140594,0.2973591387271881
76,Stress-Predict,Stress-Predict:S20,Rest,0.025519508868455887,0.41398757696151733
77,Stress-Predict,Stress-Predict:S20,Rest,0.05995863303542137,0.6467020511627197
0,Stress-Predict,Stress-Predict:S21,Baseline,0.02198728173971176,0.07750102132558823
1,Stress-Predict,Stress-Predict:S21,Baseline,0.02536884695291519,0.08614189922809601
2,Stress-Predict,Stress-Predict:S21,Baseline,0.01705937646329403,0.0798497274518013
3,Stress-Predict,Stress-Predict:S21,Baseline,0.024571698158979416,0.02503531239926815
4,Stress-Predict,Stress-Predict:S21,Baseline,0.030820654705166817,0.03072636015713215
5,Stress-Predict,Stress-Predict:S21,Baseline,0.07235201448202133,0.027654899284243584
6,Stress-Predict,Stress-Predict:S21,Baseline,0.01794690452516079,0.016790959984064102
7,Stress-Predict,Stress-Predict:S21,Baseline,0.028869690373539925,0.017628617584705353
8,Stress-Predict,Stress-Predict:S21,Baseline,0.19846367835998535,0.03887716308236122
9,Stress-Predict,Stress-Predict:S21,Baseline,0.2323586642742157,0.01436398271471262
10,Stress-Predict,Stress-Predict:S21,Baseline,0.03187227249145508,0.018650906160473824
11,Stress-Predict,Stress-Predict:S21,Baseline,0.07893918454647064,0.045654766261577606
12,Stress-Predict,Stress-Predict:S21,Baseline,0.0447559729218483,0.056888408958911896
13,Stress-Predict,Stress-Predict:S21,Baseline,0.026938466355204582,0.0643489733338356
14,Stress-Predict,Stress-Predict:S21,Baseline,0.0221882201731205,0.025642164051532745
15,Stress-Predict,Stress-Predict:S21,Baseline,0.011425429955124855,0.019681574776768684
16,Stress-Predict,Stress-Predict:S21,Baseline,0.030054805800318718,0.02120818756520748
17,Stress-Predict,Stress-Predict:S21,Stress,0.44822850823402405,0.118269182741642
18,Stress-Predict,Stress-Predict:S21,Stress,0.21627892553806305,0.4139765799045563
19,Stress-Predict,Stress-Predict:S21,Stress,0.021262578666210175,0.44904547929763794
20,Stress-Predict,Stress-Predict:S21,Stress,0.009821890853345394,0.29186198115348816
21,Stress-Predict,Stress-Predict:S21,Stress,0.017624836415052414,0.17174774408340454
22,Stress-Predict,Stress-Predict:S21,Stress,0.03858116269111633,0.5979512929916382
23,Stress-Predict,Stress-Predict:S21,Stress,0.9307367205619812,0.8180193305015564
24,Stress-Predict,Stress-Predict:S21,Stress,0.883089542388916,0.8493661880493164
25,Stress-Predict,Stress-Predict:S21,Stress,0.1565888375043869,0.5885908007621765
26,Stress-Predict,Stress-Predict:S21,Stress,0.017273858189582825,0.603125274181366
27,Stress-Predict,Stress-Predict:S21,Stress,0.08254485577344894,0.5364500880241394
28,Stress-Predict,Stress-Predict:S21,Rest,0.7889009714126587,0.47179991006851196
29,Stress-Predict,Stress-Predict:S21,Rest,0.12134480476379395,0.6388601660728455
30,Stress-Predict,Stress-Predict:S21,Rest,0.03447301685810089,0.14027559757232666
31,Stress-Predict,Stress-Predict:S21,Rest,0.01995011791586876,0.17447543144226074
32,Stress-Predict,Stress-Predict:S21,Rest,0.0066183386370539665,0.1457446962594986
33,Stress-Predict,Stress-Predict:S21,Rest,0.017986202612519264,0.1404757797718048
34,Stress-Predict,Stress-Predict:S21,Rest,0.01979585736989975,0.1320544183254242
35,Stress-Predict,Stress-Predict:S21,Rest,0.011316437274217606,0.055490829050540924
36,Stress-Predict,Stress-Predict:S21,Stress,0.9715604186058044,0.8782009482383728
37,Stress-Predict,Stress-Predict:S21,Stress,0.5848860740661621,0.5554395914077759
38,Stress-Predict,Stress-Predict:S21,Stress,0.7692422270774841,0.5287283062934875
39,Stress-Predict,Stress-Predict:S21,Stress,0.6643874645233154,0.5371391773223877
40,Stress-Predict,Stress-Predict:S21,Stress,0.73360276222229,0.6022133827209473
41,Stress-Predict,Stress-Predict:S21,Stress,0.9805786609649658,0.8635566830635071
42,Stress-Predict,Stress-Predict:S21,Stress,0.9821152687072754,0.8414490222930908
43,Stress-Predict,Stress-Predict:S21,Stress,0.9883484244346619,0.9029921889305115
44,Stress-Predict,Stress-Predict:S21,Stress,0.9753926396369934,0.7221044301986694
45,Stress-Predict,Stress-Predict:S21,Stress,0.8579234480857849,0.23398639261722565
46,Stress-Predict,Stress-Predict:S21,Stress,0.7900033593177795,0.4455682337284088
47,Stress-Predict,Stress-Predict:S21,Stress,0.733887255191803,0.4217209815979004
48,Stress-Predict,Stress-Predict:S21,Stress,0.6651248931884766,0.3691783547401428
49,Stress-Predict,Stress-Predict:S21,Stress,0.9666991233825684,0.8153484463691711
50,Stress-Predict,Stress-Predict:S21,Stress,0.9683963060379028,0.8306544423103333
51,Stress-Predict,Stress-Predict:S21,Stress,0.8854840993881226,0.7209529876708984
52,Stress-Predict,Stress-Predict:S21,Stress,0.9490992426872253,0.6531606912612915
53,Stress-Predict,Stress-Predict:S21,Stress,0.3558502197265625,0.4612063765525818
54,Stress-Predict,Stress-Predict:S21,Rest,0.6511808633804321,0.45257025957107544
55,Stress-Predict,Stress-Predict:S21,Rest,0.7256902456283569,0.4410051703453064
56,Stress-Predict,Stress-Predict:S21,Rest,0.9783114790916443,0.8828021883964539
57,Stress-Predict,Stress-Predict:S21,Rest,0.9722408652305603,0.8800941109657288
58,Stress-Predict,Stress-Predict:S21,Rest,0.9385295510292053,0.7989805936813354
59,Stress-Predict,Stress-Predict:S21,Rest,0.7642571926116943,0.48913270235061646
60,Stress-Predict,Stress-Predict:S21,Rest,0.573272705078125,0.3844078481197357
61,Stress-Predict,Stress-Predict:S21,Rest,0.9456040859222412,0.7220459580421448
62,Stress-Predict,Stress-Predict:S21,Hyperventilation,0.5947459936141968,0.7348337769508362
63,Stress-Predict,Stress-Predict:S21,Rest,0.9064709544181824,0.08626732975244522
64,Stress-Predict,Stress-Predict:S21,Rest,0.8546785116195679,0.13003022968769073
65,Stress-Predict,Stress-Predict:S21,Rest,0.7563753724098206,0.31659117341041565
66,Stress-Predict,Stress-Predict:S21,Rest,0.5486302375793457,0.3411756753921509
67,Stress-Predict,Stress-Predict:S21,Rest,0.25595125555992126,0.4150998592376709
68,Stress-Predict,Stress-Predict:S21,Rest,0.165128692984581,0.34806039929389954
69,Stress-Predict,Stress-Predict:S21,Rest,0.20004162192344666,0.1729034036397934
70,Stress-Predict,Stress-Predict:S21,Rest,0.9476231336593628,0.7614794373512268
71,Stress-Predict,Stress-Predict:S21,Rest,0.7587486505508423,0.45485949516296387
72,Stress-Predict,Stress-Predict:S21,Rest,0.6695975661277771,0.4258682429790497
73,Stress-Predict,Stress-Predict:S21,Rest,0.34601977467536926,0.25604164600372314
74,Stress-Predict,Stress-Predict:S21,Rest,0.11038833111524582,0.367658793926239
0,Stress-Predict,Stress-Predict:S22,Baseline,0.1388358324766159,0.23239268362522125
1,Stress-Predict,Stress-Predict:S22,Baseline,0.5641474723815918,0.4315909147262573
2,Stress-Predict,Stress-Predict:S22,Baseline,0.6279163360595703,0.717878520488739
3,Stress-Predict,Stress-Predict:S22,Baseline,0.6785433292388916,0.6688807606697083
4,Stress-Predict,Stress-Predict:S22,Baseline,0.2585211396217346,0.2970665991306305
5,Stress-Predict,Stress-Predict:S22,Baseline,0.22708797454833984,0.19510430097579956
6,Stress-Predict,Stress-Predict:S22,Baseline,0.7458723783493042,0.4630531668663025
7,Stress-Predict,Stress-Predict:S22,Baseline,0.7880771160125732,0.7211918830871582
8,Stress-Predict,Stress-Predict:S22,Baseline,0.30530592799186707,0.15474985539913177
9,Stress-Predict,Stress-Predict:S22,Baseline,0.3117637634277344,0.1877763271331787
10,Stress-Predict,Stress-Predict:S22,Baseline,0.5921571850776672,0.6595115661621094
11,Stress-Predict,Stress-Predict:S22,Baseline,0.34918221831321716,0.4628300666809082
12,Stress-Predict,Stress-Predict:S22,Baseline,0.22447331249713898,0.21973709762096405
13,Stress-Predict,Stress-Predict:S22,Baseline,0.6846925616264343,0.23313851654529572
14,Stress-Predict,Stress-Predict:S22,Stress,0.8742086291313171,0.15978431701660156
15,Stress-Predict,Stress-Predict:S22,Stress,0.8494808673858643,0.3965069055557251
16,Stress-Predict,Stress-Predict:S22,Stress,0.17031484842300415,0.19192638993263245
17,Stress-Predict,Stress-Predict:S22,Stress,0.8443243503570557,0.41699159145355225
18,Stress-Predict,Stress-Predict:S22,Stress,0.7625066041946411,0.44402211904525757
19,Stress-Predict,Stress-Predict:S22,Stress,0.6297420263290405,0.4609328806400299
20,Stress-Predict,Stress-Predict:S22,Stress,0.6150835752487183,0.4609328806400299
21,Stress-Predict,Stress-Predict:S22,Stress,0.6114121079444885,0.47006916999816895
22,Stress-Predict,Stress-Predict:S22,Stress,0.6239951848983765,0.47006916999816895
23,Stress-Predict,Stress-Predict:S22,Stress,0.631162703037262,0.4577314853668213
24,Stress-Predict,Stress-Predict:S22,Stress,0.6134902238845825,0.4577314853668213
25,Stress-Predict,Stress-Predict:S22,Rest,0.8235999941825867,0.3943230211734772
26,Stress-Predict,Stress-Predict:S22,Rest,0.7113635540008545,0.3184052109718323
27,Stress-Predict,Stress-Predict:S22,Rest,0.7014231085777283,0.608237624168396
28,Stress-Predict,Stress-Predict:S22,Rest,0.7936238646507263,0.42353811860084534
29,Stress-Predict,Stress-Predict:S22,Rest,0.6498697996139526,0.4506649374961853
30,Stress-Predict,Stress-Predict:S22,Rest,0.6067719459533691,0.4609328806400299
31,Stress-Predict,Stress-Predict:S22,Rest,0.5749484300613403,0.4596022963523865
32,Stress-Predict,Stress-Predict:S22,Stress,0.8106618523597717,0.5118383765220642
33,Stress-Predict,Stress-Predict:S22,Stress,0.4868934750556946,0.43955349922180176
34,Stress-Predict,Stress-Predict:S22,Stress,0.9191121459007263,0.6447777152061462
35,Stress-Predict,Stress-Predict:S22,Stress,0.8712542057037354,0.6510071158409119
36,Stress-Predict,Stress-Predict:S22,Stress,0.9048375487327576,0.40299364924430847
37,Stress-Predict,Stress-Predict:S22,Stress,0.9198356866836548,0.5534228682518005
38,Stress-Predict,Stress-Predict:S22,Stress,0.9300174117088318,0.6053292155265808
39,Stress-Predict,Stress-Predict:S22,Stress,0.9686019420623779,0.8269394636154175
40,Stress-Predict,Stress-Predict:S22,Stress,0.9781506061553955,0.8767009377479553
41,Stress-Predict,Stress-Predict:S22,Stress,0.9780533313751221,0.9304180145263672
42,Stress-Predict,Stress-Predict:S22,Stress,0.9716488718986511,0.7248433232307434
43,Stress-Predict,Stress-Predict:S22,Stress,0.9381444454193115,0.7708014845848083
44,Stress-Predict,Stress-Predict:S22,Stress,0.956089437007904,0.7395222187042236
45,Stress-Predict,Stress-Predict:S22,Stress,0.9158070087432861,0.46848616003990173
46,Stress-Predict,Stress-Predict:S22,Stress,0.9721765518188477,0.8186593055725098
47,Stress-Predict,Stress-Predict:S22,Stress,0.9519844651222229,0.6594584584236145
48,Stress-Predict,Stress-Predict:S22,Stress,0.7993997931480408,0.6386162638664246
49,Stress-Predict,Stress-Predict:S22,Rest,0.92885422706604,0.5267820954322815
50,Stress-Predict,Stress-Predict:S22,Rest,0.7799006104469299,0.5761095285415649
51,Stress-Predict,Stress-Predict:S22,Rest,0.7702429294586182,0.3095172941684723
52,Stress-Predict,Stress-Predict:S22,Rest,0.23522423207759857,0.2171061933040619
53,Stress-Predict,Stress-Predict:S22,Rest,0.42661967873573303,0.14962513744831085
54,Stress-Predict,Stress-Predict:S22,Rest,0.21867479383945465,0.16087765991687775
55,Stress-Predict,Stress-Predict:S22,Rest,0.38286831974983215,0.29418128728866577
56,Stress-Predict,Stress-Predict:S22,Rest,0.6336939930915833,0.09398423135280609
57,Stress-Predict,Stress-Predict:S22,Hyperventilation,0.2247185856103897,0.34850525856018066
58,Stress-Predict,Stress-Predict:S22,Hyperventilation,0.22926343977451324,0.24067367613315582
59,Stress-Predict,Stress-Predict:S22,Rest,0.5822655558586121,0.11959901452064514
60,Stress-Predict,Stress-Predict:S22,Rest,0.2693958580493927,0.11682884395122528
61,Stress-Predict,Stress-Predict:S22,Rest,0.18024452030658722,0.31163695454597473
62,Stress-Predict,Stress-Predict:S22,Rest,0.1758395880460739,0.22031879425048828
63,Stress-Predict,Stress-Predict:S22,Rest,0.2257184088230133,0.39840444922447205
64,Stress-Predict,Stress-Predict:S22,Rest,0.39641034603118896,0.7563525438308716
65,Stress-Predict,Stress-Predict:S22,Rest,0.06733318418264389,0.043187934905290604
66,Stress-Predict,Stress-Predict:S22,Rest,0.20448356866836548,0.17370228469371796
67,Stress-Predict,Stress-Predict:S22,Rest,0.3525509238243103,0.17138250172138214
68,Stress-Predict,Stress-Predict:S22,Rest,0.1919018179178238,0.23667867481708527
69,Stress-Predict,Stress-Predict:S22,Rest,0.18980145454406738,0.14844681322574615
70,Stress-Predict,Stress-Predict:S22,Rest,0.11190328001976013,0.0703604519367218
0,Stress-Predict,Stress-Predict:S23,Baseline,0.29799672961235046,0.06909001618623734
1,Stress-Predict,Stress-Predict:S23,Baseline,0.1972036361694336,0.04332061856985092
2,Stress-Predict,Stress-Predict:S23,Baseline,0.04672858119010925,0.04415293410420418
3,Stress-Predict,Stress-Predict:S23,Baseline,0.18540117144584656,0.06046082824468613
4,Stress-Predict,Stress-Predict:S23,Baseline,0.10017193853855133,0.06206217780709267
5,Stress-Predict,Stress-Predict:S23,Baseline,0.09956502914428711,0.13421069085597992
6,Stress-Predict,Stress-Predict:S23,Baseline,0.08377762138843536,0.19812989234924316
7,Stress-Predict,Stress-Predict:S23,Baseline,0.21285727620124817,0.26602116227149963
8,Stress-Predict,Stress-Predict:S23,Baseline,0.048255328088998795,0.15884633362293243
9,Stress-Predict,Stress-Predict:S23,Baseline,0.02521924115717411,0.1825534850358963
10,Stress-Predict,Stress-Predict:S23,Baseline,0.3264092803001404,0.30832597613334656
11,Stress-Predict,Stress-Predict:S23,Baseline,0.04660159721970558,0.22534118592739105
12,Stress-Predict,Stress-Predict:S23,Baseline,0.036667175590991974,0.2242322415113449
13,Stress-Predict,Stress-Predict:S23,Baseline,0.05217796936631203,0.1657981425523758
14,Stress-Predict,Stress-Predict:S23,Baseline,0.042818304151296616,0.21015262603759766
15,Stress-Predict,Stress-Predict:S23,Baseline,0.026395607739686966,0.3684162497520447
16,Stress-Predict,Stress-Predict:S23,Stress,0.395328551530838,0.3854540288448334
17,Stress-Predict,Stress-Predict:S23,Stress,0.9064079523086548,0.7278000712394714
18,Stress-Predict,Stress-Predict:S23,Stress,0.6355063915252686,0.764742374420166
19,Stress-Predict,Stress-Predict:S23,Stress,0.2859051823616028,0.8194574117660522
20,Stress-Predict,Stress-Predict:S23,Stress,0.29905250668525696,0.8547588586807251
21,Stress-Predict,Stress-Predict:S23,Stress,0.38659438490867615,0.8895496726036072
22,Stress-Predict,Stress-Predict:S23,Stress,0.39307793974876404,0.8844369053840637
23,Stress-Predict,Stress-Predict:S23,Stress,0.3536528944969177,0.8281950354576111
24,Stress-Predict,Stress-Predict:S23,Stress,0.5992733836174011,0.8591498136520386
25,Stress-Predict,Stress-Predict:S23,Stress,0.4784170091152191,0.8623268008232117
26,Stress-Predict,Stress-Predict:S23,Rest,0.059156130999326706,0.41490527987480164
27,Stress-Predict,Stress-Predict:S23,Rest,0.30518680810928345,0.6125816702842712
28,Stress-Predict,Stress-Predict:S23,Rest,0.04703791067004204,0.558640718460083
29,Stress-Predict,Stress-Predict:S23,Rest,0.055618539452552795,0.4205179512500763
30,Stress-Predict,Stress-Predict:S23,Rest,0.4331928491592407,0.6518720984458923
31,Stress-Predict,Stress-Predict:S23,Rest,0.43710455298423767,0.6275458931922913
32,Stress-Predict,Stress-Predict:S23,Rest,0.32905083894729614,0.6738515496253967
33,Stress-Predict,Stress-Predict:S23,Rest,0.3105827271938324,0.6454395651817322
34,Stress-Predict,Stress-Predict:S23,Rest,0.46656161546707153,0.6629300713539124
35,Stress-Predict,Stress-Predict:S23,Stress,0.19423381984233856,0.7969944477081299
36,Stress-Predict,Stress-Predict:S23,Stress,0.35411661863327026,0.651059627532959
37,Stress-Predict,Stress-Predict:S23,Stress,0.4172663688659668,0.6738515496253967
38,Stress-Predict,Stress-Predict:S23,Stress,0.7693777084350586,0.5088837742805481
39,Stress-Predict,Stress-Predict:S23,Stress,0.7454903721809387,0.4200851321220398
40,Stress-Predict,Stress-Predict:S23,Stress,0.613673746585846,0.6341870427131653
41,Stress-Predict,Stress-Predict:S23,Stress,0.7142803072929382,0.6341870427131653
42,Stress-Predict,Stress-Predict:S23,Stress,0.4172663688659668,0.6738515496253967
43,Stress-Predict,Stress-Predict:S23,Stress,0.4172663688659668,0.6738515496253967
44,Stress-Predict,Stress-Predict:S23,Stress,0.44667503237724304,0.686590313911438
45,Stress-Predict,Stress-Predict:S23,Stress,0.3436296284198761,0.6922560334205627
46,Stress-Predict,Stress-Predict:S23,Stress,0.41482311487197876,0.6869805455207825
47,Stress-Predict,Stress-Predict:S23,Stress,0.5993112921714783,0.7208504676818848
48,Stress-Predict,Stress-Predict:S23,Stress,0.7698175311088562,0.6678757667541504
49,Stress-Predict,Stress-Predict:S23,Stress,0.9398146271705627,0.7611784338951111
50,Stress-Predict,Stress-Predict:S23,Stress,0.9475844502449036,0.7379534244537354
51,Stress-Predict,Stress-Predict:S23,Rest,0.12238463014364243,0.14980047941207886
52,Stress-Predict,Stress-Predict:S23,Rest,0.052201759070158005,0.40604323148727417
53,Stress-Predict,Stress-Predict:S23,Rest,0.5649720430374146,0.7579743266105652
54,Stress-Predict,Stress-Predict:S23,Rest,0.535505473613739,0.7626435160636902
55,Stress-Predict,Stress-Predict:S23,Rest,0.24289944767951965,0.5589274168014526
56,Stress-Predict,Stress-Predict:S23,Rest,0.2573576867580414,0.5834205150604248
57,Stress-Predict,Stress-Predict:S23,Rest,0.11352834850549698,0.5827026963233948
58,Stress-Predict,Stress-Predict:S23,Hyperventilation,0.8495203852653503,0.6887933015823364
59,Stress-Predict,Stress-Predict:S23,Hyperventilation,0.9203381538391113,0.6530722379684448
60,Stress-Predict,Stress-Predict:S23,Rest,0.6486473083496094,0.697415828704834
61,Stress-Predict,Stress-Predict:S23,Rest,0.06475403904914856,0.19179601967334747
62,Stress-Predict,Stress-Predict:S23,Rest,0.28638413548469543,0.24148206412792206
63,Stress-Predict,Stress-Predict:S23,Rest,0.0406201146543026,0.041437141597270966
64,Stress-Predict,Stress-Predict:S23,Rest,0.03760647773742676,0.03389737755060196
65,Stress-Predict,Stress-Predict:S23,Rest,0.2238917499780655,0.03669700026512146
66,Stress-Predict,Stress-Predict:S23,Rest,0.22581346333026886,0.04561013728380203
67,Stress-Predict,Stress-Predict:S23,Rest,0.22581346333026886,0.045265890657901764
68,Stress-Predict,Stress-Predict:S23,Rest,0.6791846752166748,0.5230087637901306
69,Stress-Predict,Stress-Predict:S23,Rest,0.9696041941642761,0.4193185269832611
70,Stress-Predict,Stress-Predict:S23,Rest,0.935806393623352,0.6507571339607239
71,Stress-Predict,Stress-Predict:S23,Rest,0.9340319037437439,0.5240463018417358
72,Stress-Predict,Stress-Predict:S23,Rest,0.9142882227897644,0.7203167080879211
73,Stress-Predict,Stress-Predict:S23,Rest,0.9236989617347717,0.687418520450592
74,Stress-Predict,Stress-Predict:S23,Rest,0.33980393409729004,0.4789409041404724
75,Stress-Predict,Stress-Predict:S23,Rest,0.9136578440666199,0.6707861423492432
0,Stress-Predict,Stress-Predict:S24,Baseline,0.016023943200707436,0.008902779780328274
1,Stress-Predict,Stress-Predict:S24,Baseline,0.022798947989940643,0.035766467452049255
2,Stress-Predict,Stress-Predict:S24,Baseline,0.010093116201460361,0.014218288473784924
3,Stress-Predict,Stress-Predict:S24,Baseline,0.05093630030751228,0.10378765314817429
4,Stress-Predict,Stress-Predict:S24,Baseline,0.0236652921885252,0.061707161366939545
5,Stress-Predict,Stress-Predict:S24,Baseline,0.022770840674638748,0.06665660440921783
6,Stress-Predict,Stress-Predict:S24,Baseline,0.023809075355529785,0.06393373757600784
7,Stress-Predict,Stress-Predict:S24,Baseline,0.025241926312446594,0.07139575481414795
8,Stress-Predict,Stress-Predict:S24,Baseline,0.028754768893122673,0.06876537948846817
9,Stress-Predict,Stress-Predict:S24,Baseline,0.06094637140631676,0.04474686086177826
10,Stress-Predict,Stress-Predict:S24,Baseline,0.07887071371078491,0.021685311570763588
11,Stress-Predict,Stress-Predict:S24,Baseline,0.06517508625984192,0.020693792030215263
12,Stress-Predict,Stress-Predict:S24,Baseline,0.03922145813703537,0.008898022584617138
13,Stress-Predict,Stress-Predict:S24,Baseline,0.06568074971437454,0.007165582850575447
14,Stress-Predict,Stress-Predict:S24,Baseline,0.0627455934882164,0.010889017954468727
15,Stress-Predict,Stress-Predict:S24,Baseline,0.05047684907913208,0.0140960942953825
16,Stress-Predict,Stress-Predict:S24,Baseline,0.20368202030658722,0.027085356414318085
17,Stress-Predict,Stress-Predict:S24,Baseline,0.08297464996576309,0.020592065528035164
18,Stress-Predict,Stress-Predict:S24,Baseline,0.041434887796640396,0.045366447418928146
19,Stress-Predict,Stress-Predict:S24,Baseline,0.01754680462181568,0.07816128432750702
20,Stress-Predict,Stress-Predict:S24,Baseline,0.15645146369934082,0.013560936786234379
21,Stress-Predict,Stress-Predict:S24,Stress,0.01616222783923149,0.23295512795448303
22,Stress-Predict,Stress-Predict:S24,Stress,0.011280227452516556,0.34176209568977356
23,Stress-Predict,Stress-Predict:S24,Stress,0.054109178483486176,0.7487444877624512
24,Stress-Predict,Stress-Predict:S24,Stress,0.12312591820955276,0.6828300356864929
25,Stress-Predict,Stress-Predict:S24,Stress,0.033328551799058914,0.5107163786888123
26,Stress-Predict,Stress-Predict:S24,Stress,0.056947071105241776,0.6768603920936584
27,Stress-Predict,Stress-Predict:S24,Stress,0.05434814840555191,0.5992744565010071
28,Stress-Predict,Stress-Predict:S24,Stress,0.14047303795814514,0.7311246395111084
29,Stress-Predict,Stress-Predict:S24,Stress,0.04047423228621483,0.6723254919052124
30,Stress-Predict,Stress-Predict:S24,Rest,0.047497738152742386,0.30435237288475037
31,Stress-Predict,Stress-Predict:S24,Rest,0.048257045447826385,0.10333070158958435
32,Stress-Predict,Stress-Predict:S24,Rest,0.06958242505788803,0.2070992887020111
33,Stress-Predict,Stress-Predict:S24,Rest,0.12455420196056366,0.10544833540916443
34,Stress-Predict,Stress-Predict:S24,Rest,0.30485403537750244,0.24161294102668762
35,Stress-Predict,Stress-Predict:S24,Rest,0.13623999059200287,0.07202357053756714
36,Stress-Predict,Stress-Predict:S24,Rest,0.048087023198604584,0.10271874070167542
37,Stress-Predict,Stress-Predict:S24,Rest,0.0424816831946373,0.18245242536067963
38,Stress-Predict,Stress-Predict:S24,Stress,0.02229868806898594,0.17500822246074677
39,Stress-Predict,Stress-Predict:S24,Stress,0.022118529304862022,0.22961857914924622
40,Stress-Predict,Stress-Predict:S24,Stress,0.05358254536986351,0.15259402990341187
41,Stress-Predict,Stress-Predict:S24,Stress,0.049160949885845184,0.15375500917434692
42,Stress-Predict,Stress-Predict:S24,Stress,0.06428662687540054,0.5749117136001587
43,Stress-Predict,Stress-Predict:S24,Stress,0.19397808611392975,0.4649108648300171
44,Stress-Predict,Stress-Predict:S24,Stress,0.12639953196048737,0.4489658772945404
45,Stress-Predict,Stress-Predict:S24,Stress,0.03461509570479393,0.42770621180534363
46,Stress-Predict,Stress-Predict:S24,Stress,0.20991109311580658,0.8278141021728516
47,Stress-Predict,Stress-Predict:S24,Stress,0.5038019418716431,0.8349651098251343
48,Stress-Predict,Stress-Predict:S24,Stress,0.7869443297386169,0.8719037771224976
49,Stress-Predict,Stress-Predict:S24,Stress,0.45301541686058044,0.7588877081871033
50,Stress-Predict,Stress-Predict:S24,Stress,0.15300576388835907,0.6996302008628845
51,Stress-Predict,Stress-Predict:S24,Stress,0.6369067430496216,0.8830528259277344
52,Stress-Predict,Stress-Predict:S24,Stress,0.9402133822441101,0.9126211404800415
53,Stress-Predict,Stress-Predict:S24,Stress,0.8739193081855774,0.9160512089729309
54,Stress-Predict,Stress-Predict:S24,Stress,0.9289148449897766,0.7064406275749207
55,Stress-Predict,Stress-Predict:S24,Stress,0.8892022967338562,0.743545651435852
56,Stress-Predict,Stress-Predict:S24,Rest,0.08035612851381302,0.14066936075687408
57,Stress-Predict,Stress-Predict:S24,Rest,0.16927902400493622,0.13472498953342438
58,Stress-Predict,Stress-Predict:S24,Rest,0.1320536881685257,0.36955133080482483
59,Stress-Predict,Stress-Predict:S24,Rest,0.18711376190185547,0.38323184847831726
60,Stress-Predict,Stress-Predict:S24,Rest,0.22596175968647003,0.48683834075927734
61,Stress-Predict,Stress-Predict:S24,Rest,0.6769193410873413,0.7427893877029419
62,Stress-Predict,Stress-Predict:S24,Rest,0.530657172203064,0.8836458325386047
63,Stress-Predict,Stress-Predict:S24,Rest,0.8716838955879211,0.8911887407302856
64,Stress-Predict,Stress-Predict:S24,Hyperventilation,0.268656849861145,0.2507186830043793
65,Stress-Predict,Stress-Predict:S24,Rest,0.10060832649469376,0.18486781418323517
66,Stress-Predict,Stress-Predict:S24,Rest,0.1507498174905777,0.12478704005479813
67,Stress-Predict,Stress-Predict:S24,Rest,0.5166767239570618,0.5950747728347778
68,Stress-Predict,Stress-Predict:S24,Rest,0.6996282339096069,0.6361876726150513
69,Stress-Predict,Stress-Predict:S24,Rest,0.9417291879653931,0.8771345019340515
70,Stress-Predict,Stress-Predict:S24,Rest,0.9329736828804016,0.7827951908111572
71,Stress-Predict,Stress-Predict:S24,Rest,0.32665738463401794,0.43191444873809814
72,Stress-Predict,Stress-Predict:S24,Rest,0.413318008184433,0.6903710961341858
73,Stress-Predict,Stress-Predict:S24,Rest,0.8973036408424377,0.56866055727005
74,Stress-Predict,Stress-Predict:S24,Rest,0.6819214820861816,0.7827364206314087
75,Stress-Predict,Stress-Predict:S24,Rest,0.6940160989761353,0.5910093188285828
76,Stress-Predict,Stress-Predict:S24,Rest,0.7812914252281189,0.38506174087524414
77,Stress-Predict,Stress-Predict:S24,Rest,0.4881086051464081,0.7538611888885498
78,Stress-Predict,Stress-Predict:S24,Rest,0.20171330869197845,0.24702803790569305
0,Stress-Predict,Stress-Predict:S25,Baseline,0.05844418704509735,0.1826344132423401
1,Stress-Predict,Stress-Predict:S25,Baseline,0.04355623945593834,0.187806636095047
2,Stress-Predict,Stress-Predict:S25,Baseline,0.04355623945593834,0.187806636095047
3,Stress-Predict,Stress-Predict:S25,Baseline,0.044274378567934036,0.187806636095047
4,Stress-Predict,Stress-Predict:S25,Baseline,0.0462176539003849,0.187806636095047
5,Stress-Predict,Stress-Predict:S25,Baseline,0.0881931260228157,0.13658449053764343
6,Stress-Predict,Stress-Predict:S25,Baseline,0.08056169748306274,0.09949447959661484
7,Stress-Predict,Stress-Predict:S25,Baseline,0.017034128308296204,0.21498151123523712
8,Stress-Predict,Stress-Predict:S25,Baseline,0.044274378567934036,0.187806636095047
9,Stress-Predict,Stress-Predict:S25,Baseline,0.04355623945593834,0.187806636095047
10,Stress-Predict,Stress-Predict:S25,Baseline,0.04355623945593834,0.14741405844688416
11,Stress-Predict,Stress-Predict:S25,Baseline,0.044274378567934036,0.14741405844688416
12,Stress-Predict,Stress-Predict:S25,Baseline,0.044274378567934036,0.187806636095047
13,Stress-Predict,Stress-Predict:S25,Baseline,0.04491429403424263,0.187806636095047
14,Stress-Predict,Stress-Predict:S25,Baseline,0.05597153678536415,0.2560257613658905
15,Stress-Predict,Stress-Predict:S25,Baseline,0.013437234796583652,0.20302386581897736
16,Stress-Predict,Stress-Predict:S25,Baseline,0.007130396086722612,0.05128094181418419
17,Stress-Predict,Stress-Predict:S25,Stress,0.1705102175474167,0.1989167332649231
18,Stress-Predict,Stress-Predict:S25,Stress,0.09620683640241623,0.09576255828142166
19,Stress-Predict,Stress-Predict:S25,Stress,0.043477315455675125,0.08839034289121628
20,Stress-Predict,Stress-Predict:S25,Stress,0.04191024228930473,0.08839034289121628
21,Stress-Predict,Stress-Predict:S25,Stress,0.044274378567934036,0.187806636095047
22,Stress-Predict,Stress-Predict:S25,Stress,0.04355623945593834,0.187806636095047
23,Stress-Predict,Stress-Predict:S25,Stress,0.04355623945593834,0.14741405844688416
24,Stress-Predict,Stress-Predict:S25,Stress,0.044274378567934036,0.14741405844688416
25,Stress-Predict,Stress-Predict:S25,Stress,0.044274378567934036,0.187806636095047
26,Stress-Predict,Stress-Predict:S25,Stress,0.05844418704509735,0.1990727335214615
27,Stress-Predict,Stress-Predict:S25,Stress,0.06263560056686401,0.19547080993652344
28,Stress-Predict,Stress-Predict:S25,Rest,0.04355623945593834,0.187806636095047
29,Stress-Predict,Stress-Predict:S25,Rest,0.044274378567934036,0.187806636095047
30,Stress-Predict,Stress-Predict:S25,Rest,0.044274378567934036,0.187806636095047
31,Stress-Predict,Stress-Predict:S25,Rest,0.04140666872262955,0.14741405844688416
32,Stress-Predict,Stress-Predict:S25,Rest,0.044274378567934036,0.14741405844688416
33,Stress-Predict,Stress-Predict:S25,Rest,0.04355623945593834,0.187806636095047
34,Stress-Predict,Stress-Predict:S25,Rest,0.04355623945593834,0.14741405844688416
35,Stress-Predict,Stress-Predict:S25,Rest,0.04355623945593834,0.14741405844688416
36,Stress-Predict,Stress-Predict:S25,Stress,0.05844418704509735,0.1990727335214615
37,Stress-Predict,Stress-Predict:S25,Stress,0.044274378567934036,0.14741405844688416
38,Stress-Predict,Stress-Predict:S25,Stress,0.04355623945593834,0.14741405844688416
39,Stress-Predict,Stress-Predict:S25,Stress,0.06218773499131203,0.10163454711437225
40,Stress-Predict,Stress-Predict:S25,Stress,0.07222890853881836,0.10922110080718994
41,Stress-Predict,Stress-Predict:S25,Stress,0.11399389058351517,0.17223690450191498
42,Stress-Predict,Stress-Predict:S25,Stress,0.901375412940979,0.7804045677185059
43,Stress-Predict,Stress-Predict:S25,Stress,0.9544161558151245,0.8636497855186462
44,Stress-Predict,Stress-Predict:S25,Stress,0.9759894609451294,0.878406822681427
45,Stress-Predict,Stress-Predict:S25,Stress,0.9745381474494934,0.8403483629226685
46,Stress-Predict,Stress-Predict:S25,Stress,0.9808269739151001,0.8564269542694092
47,Stress-Predict,Stress-Predict:S25,Stress,0.9849308729171753,0.8726582527160645
48,Stress-Predict,Stress-Predict:S25,Stress,0.9890378713607788,0.8162648677825928
49,Stress-Predict,Stress-Predict:S25,Stress,0.9916171431541443,0.9192721843719482
50,Stress-Predict,Stress-Predict:S25,Stress,0.9921283721923828,0.9192721843719482
51,Stress-Predict,Stress-Predict:S25,Stress,0.9940041899681091,0.9358646869659424
52,Stress-Predict,Stress-Predict:S25,Stress,0.9924142956733704,0.890360414981842
53,Stress-Predict,Stress-Predict:S25,Rest,0.9613012671470642,0.6016446352005005
54,Stress-Predict,Stress-Predict:S25,Rest,0.9555484652519226,0.32652220129966736
55,Stress-Predict,Stress-Predict:S25,Rest,0.9490990042686462,0.17951634526252747
56,Stress-Predict,Stress-Predict:S25,Rest,0.9411821961402893,0.28826990723609924
57,Stress-Predict,Stress-Predict:S25,Rest,0.9192778468132019,0.25484445691108704
58,Stress-Predict,Stress-Predict:S25,Rest,0.8955233097076416,0.14310145378112793
59,Stress-Predict,Stress-Predict:S25,Rest,0.8812811970710754,0.13632090389728546
60,Stress-Predict,Stress-Predict:S25,Rest,0.7211536765098572,0.12300156056880951
61,Stress-Predict,Stress-Predict:S25,Rest,0.7422547936439514,0.22504682838916779
62,Stress-Predict,Stress-Predict:S25,Rest,0.7273081541061401,0.2735259234905243
63,Stress-Predict,Stress-Predict:S25,Rest,0.610700786113739,0.29640647768974304
64,Stress-Predict,Stress-Predict:S25,Rest,0.5469532608985901,0.36842790246009827
65,Stress-Predict,Stress-Predict:S25,Rest,0.5183581709861755,0.3548263609409332
66,Stress-Predict,Stress-Predict:S25,Rest,0.7257533073425293,0.6916702389717102
67,Stress-Predict,Stress-Predict:S25,Rest,0.8487891554832458,0.6833122968673706
68,Stress-Predict,Stress-Predict:S25,Rest,0.3228026032447815,0.39939814805984497
69,Stress-Predict,Stress-Predict:S25,Rest,0.642850399017334,0.2276546061038971
70,Stress-Predict,Stress-Predict:S25,Rest,0.10832566767930984,0.18366111814975739
71,Stress-Predict,Stress-Predict:S25,Rest,0.0702957808971405,0.2788315713405609
72,Stress-Predict,Stress-Predict:S25,Rest,0.0702957808971405,0.2788315713405609
73,Stress-Predict,Stress-Predict:S25,Rest,0.07500771433115005,0.28592056035995483
74,Stress-Predict,Stress-Predict:S25,Rest,0.07500771433115005,0.3201143145561218
0,Stress-Predict,Stress-Predict:S26,Baseline,0.10600869357585907,0.0909542441368103
1,Stress-Predict,Stress-Predict:S26,Baseline,0.02318073809146881,0.312869131565094
2,Stress-Predict,Stress-Predict:S26,Baseline,0.024827223271131516,0.3312070369720459
3,Stress-Predict,Stress-Predict:S26,Baseline,0.009942876175045967,0.22676919400691986
4,Stress-Predict,Stress-Predict:S26,Baseline,0.11643113195896149,0.525980532169342
5,Stress-Predict,Stress-Predict:S26,Baseline,0.11365208029747009,0.5258086919784546
6,Stress-Predict,Stress-Predict:S26,Baseline,0.027240732684731483,0.4672507047653198
7,Stress-Predict,Stress-Predict:S26,Baseline,0.13149404525756836,0.5524416565895081
8,Stress-Predict,Stress-Predict:S26,Baseline,0.06760945916175842,0.7839006781578064
9,Stress-Predict,Stress-Predict:S26,Baseline,0.4294542074203491,0.6352902054786682
10,Stress-Predict,Stress-Predict:S26,Baseline,0.11233314871788025,0.5764542818069458
11,Stress-Predict,Stress-Predict:S26,Baseline,0.2082362174987793,0.17087487876415253
12,Stress-Predict,Stress-Predict:S26,Baseline,0.09830714762210846,0.5351440906524658
13,Stress-Predict,Stress-Predict:S26,Baseline,0.10140995681285858,0.5900530815124512
14,Stress-Predict,Stress-Predict:S26,Baseline,0.2886267602443695,0.6064335107803345
15,Stress-Predict,Stress-Predict:S26,Baseline,0.28193098306655884,0.6314058303833008
16,Stress-Predict,Stress-Predict:S26,Stress,0.021691791713237762,0.7013497948646545
17,Stress-Predict,Stress-Predict:S26,Stress,0.07579927146434784,0.7940173149108887
18,Stress-Predict,Stress-Predict:S26,Stress,0.09473080933094025,0.8465027809143066
19,Stress-Predict,Stress-Predict:S26,Stress,0.14178957045078278,0.5810573101043701
20,Stress-Predict,Stress-Predict:S26,Stress,0.6639733910560608,0.8873356580734253
21,Stress-Predict,Stress-Predict:S26,Stress,0.8034393191337585,0.9290301203727722
22,Stress-Predict,Stress-Predict:S26,Stress,0.33271369338035583,0.8675358295440674
23,Stress-Predict,Stress-Predict:S26,Stress,0.13931594789028168,0.8320622444152832
24,Stress-Predict,Stress-Predict:S26,Stress,0.20446275174617767,0.7354779243469238
25,Stress-Predict,Stress-Predict:S26,Stress,0.05805586650967598,0.7564111351966858
26,Stress-Predict,Stress-Predict:S26,Rest,0.34533974528312683,0.4889185428619385
27,Stress-Predict,Stress-Predict:S26,Rest,0.25773540139198303,0.43048226833343506
28,Stress-Predict,Stress-Predict:S26,Rest,0.41605740785598755,0.6345588564872742
29,Stress-Predict,Stress-Predict:S26,Rest,0.24747468531131744,0.48357030749320984
30,Stress-Predict,Stress-Predict:S26,Rest,0.08073511719703674,0.5727848410606384
31,Stress-Predict,Stress-Predict:S26,Rest,0.05073978006839752,0.14209820330142975
32,Stress-Predict,Stress-Predict:S26,Rest,0.08546087890863419,0.1084069162607193
33,Stress-Predict,Stress-Predict:S26,Stress,0.05502307787537575,0.7600836753845215
34,Stress-Predict,Stress-Predict:S26,Stress,0.229287251830101,0.4566275477409363
35,Stress-Predict,Stress-Predict:S26,Stress,0.5720126628875732,0.387450635433197
36,Stress-Predict,Stress-Predict:S26,Stress,0.05392332747578621,0.04082528129220009
37,Stress-Predict,Stress-Predict:S26,Stress,0.03929682448506355,0.031056374311447144
38,Stress-Predict,Stress-Predict:S26,Stress,0.10688439756631851,0.0599251352250576
39,Stress-Predict,Stress-Predict:S26,Stress,0.13660593330860138,0.059856731444597244
40,Stress-Predict,Stress-Predict:S26,Stress,0.043279945850372314,0.03370817378163338
41,Stress-Predict,Stress-Predict:S26,Stress,0.1158042922616005,0.062134552747011185
42,Stress-Predict,Stress-Predict:S26,Stress,0.11489319801330566,0.0628737360239029
43,Stress-Predict,Stress-Predict:S26,Stress,0.19224877655506134,0.06737204641103745
44,Stress-Predict,Stress-Predict:S26,Stress,0.2979760468006134,0.06737204641103745
45,Stress-Predict,Stress-Predict:S26,Stress,0.20411895215511322,0.088742695748806
46,Stress-Predict,Stress-Predict:S26,Stress,0.03473835065960884,0.02763981558382511
47,Stress-Predict,Stress-Predict:S26,Stress,0.018564149737358093,0.04693085327744484
48,Stress-Predict,Stress-Predict:S26,Stress,0.13729558885097504,0.12342799454927444
49,Stress-Predict,Stress-Predict:S26,Stress,0.08522647619247437,0.15895773470401764
50,Stress-Predict,Stress-Predict:S26,Rest,0.5044540762901306,0.26754406094551086
51,Stress-Predict,Stress-Predict:S26,Rest,0.560059130191803,0.28293660283088684
52,Stress-Predict,Stress-Predict:S26,Rest,0.37805846333503723,0.36142873764038086
53,Stress-Predict,Stress-Predict:S26,Rest,0.15384911000728607,0.33805665373802185
54,Stress-Predict,Stress-Predict:S26,Rest,0.3158808648586273,0.2451934665441513
55,Stress-Predict,Stress-Predict:S26,Rest,0.028508532792329788,0.13279688358306885
56,Stress-Predict,Stress-Predict:S26,Rest,0.021108046174049377,0.670821487903595
57,Stress-Predict,Stress-Predict:S26,Rest,0.12451215833425522,0.544016420841217
58,Stress-Predict,Stress-Predict:S26,Rest,0.12779714167118073,0.4858061373233795
59,Stress-Predict,Stress-Predict:S26,Hyperventilation,0.13433875143527985,0.5313911437988281
60,Stress-Predict,Stress-Predict:S26,Hyperventilation,0.21333107352256775,0.7774244546890259
61,Stress-Predict,Stress-Predict:S26,Rest,0.9808922410011292,0.9551407694816589
62,Stress-Predict,Stress-Predict:S26,Rest,0.9810373187065125,0.9698355197906494
63,Stress-Predict,Stress-Predict:S26,Rest,0.9761788845062256,0.9547999501228333
64,Stress-Predict,Stress-Predict:S26,Rest,0.9388480186462402,0.9312145709991455
65,Stress-Predict,Stress-Predict:S26,Rest,0.8206731081008911,0.60994553565979
66,Stress-Predict,Stress-Predict:S26,Rest,0.8545294404029846,0.4521925151348114
67,Stress-Predict,Stress-Predict:S26,Rest,0.44878602027893066,0.7724036574363708
68,Stress-Predict,Stress-Predict:S26,Rest,0.25680848956108093,0.7790637612342834
69,Stress-Predict,Stress-Predict:S26,Rest,0.4386575520038605,0.41013750433921814
70,Stress-Predict,Stress-Predict:S26,Rest,0.29878756403923035,0.4305952489376068
71,Stress-Predict,Stress-Predict:S26,Rest,0.2194516956806183,0.6369633674621582
72,Stress-Predict,Stress-Predict:S26,Rest,0.20445536077022552,0.396497905254364
73,Stress-Predict,Stress-Predict:S26,Rest,0.2135668396949768,0.7494708299636841
74,Stress-Predict,Stress-Predict:S26,Rest,0.5095308423042297,0.6619037389755249
75,Stress-Predict,Stress-Predict:S26,Rest,0.5126315951347351,0.6347807049751282
76,Stress-Predict,Stress-Predict:S26,Rest,0.48436108231544495,0.49686527252197266
77,Stress-Predict,Stress-Predict:S26,Rest,0.20445536077022552,0.387128621339798
78,Stress-Predict,Stress-Predict:S26,Rest,0.2436223328113556,0.6559717655181885
0,Stress-Predict,Stress-Predict:S27,Baseline,0.006465048994868994,0.5091699361801147
1,Stress-Predict,Stress-Predict:S27,Baseline,0.023355580866336823,0.5231417417526245
2,Stress-Predict,Stress-Predict:S27,Baseline,0.08938299119472504,0.42548125982284546
3,Stress-Predict,Stress-Predict:S27,Baseline,0.21655477583408356,0.500994086265564
4,Stress-Predict,Stress-Predict:S27,Baseline,0.05504611134529114,0.33147895336151123
5,Stress-Predict,Stress-Predict:S27,Baseline,0.0839068591594696,0.4065477252006531
6,Stress-Predict,Stress-Predict:S27,Baseline,0.261040598154068,0.4597528278827667
7,Stress-Predict,Stress-Predict:S27,Baseline,0.1992092877626419,0.6983898282051086
8,Stress-Predict,Stress-Predict:S27,Baseline,0.0462510772049427,0.4101336896419525
9,Stress-Predict,Stress-Predict:S27,Baseline,0.013449826277792454,0.14859096705913544
10,Stress-Predict,Stress-Predict:S27,Baseline,0.016555776819586754,0.20745083689689636
11,Stress-Predict,Stress-Predict:S27,Baseline,0.35022813081741333,0.35326600074768066
12,Stress-Predict,Stress-Predict:S27,Baseline,0.331324964761734,0.526594340801239
13,Stress-Predict,Stress-Predict:S27,Baseline,0.21770109236240387,0.6404301524162292
14,Stress-Predict,Stress-Predict:S27,Baseline,0.8289152979850769,0.35394951701164246
15,Stress-Predict,Stress-Predict:S27,Baseline,0.7606533765792847,0.37861084938049316
16,Stress-Predict,Stress-Predict:S27,Baseline,0.06699569523334503,0.650027871131897
17,Stress-Predict,Stress-Predict:S27,Stress,0.03896685317158699,0.4273938536643982
18,Stress-Predict,Stress-Predict:S27,Stress,0.7543879747390747,0.45813342928886414
19,Stress-Predict,Stress-Predict:S27,Stress,0.9541298747062683,0.6187295913696289
20,Stress-Predict,Stress-Predict:S27,Stress,0.628500759601593,0.734941303730011
21,Stress-Predict,Stress-Predict:S27,Stress,0.08460593223571777,0.4147038459777832
22,Stress-Predict,Stress-Predict:S27,Stress,0.01785033382475376,0.39187830686569214
23,Stress-Predict,Stress-Predict:S27,Stress,0.08609180897474289,0.54859858751297
24,Stress-Predict,Stress-Predict:S27,Stress,0.10407770425081253,0.27337196469306946
25,Stress-Predict,Stress-Predict:S27,Stress,0.028131773695349693,0.32595372200012207
26,Stress-Predict,Stress-Predict:S27,Stress,0.09519989788532257,0.21571974456310272
27,Stress-Predict,Stress-Predict:S27,Stress,0.06276649981737137,0.4931194484233856
28,Stress-Predict,Stress-Predict:S27,Stress,0.16069428622722626,0.6404063105583191
29,Stress-Predict,Stress-Predict:S27,Rest,0.7058497667312622,0.6339168548583984
30,Stress-Predict,Stress-Predict:S27,Rest,0.30259525775909424,0.7746789455413818
31,Stress-Predict,Stress-Predict:S27,Rest,0.06356319040060043,0.5558152198791504
32,Stress-Predict,Stress-Predict:S27,Rest,0.036258526146411896,0.24268189072608948
33,Stress-Predict,Stress-Predict:S27,Rest,0.03645765036344528,0.12019936740398407
34,Stress-Predict,Stress-Predict:S27,Rest,0.04342319071292877,0.17025870084762573
35,Stress-Predict,Stress-Predict:S27,Rest,0.08536458760499954,0.32282987236976624
36,Stress-Predict,Stress-Predict:S27,Stress,0.7354432344436646,0.827591598033905
37,Stress-Predict,Stress-Predict:S27,Stress,0.23621048033237457,0.5261477828025818
38,Stress-Predict,Stress-Predict:S27,Stress,0.45734238624572754,0.6907000541687012
39,Stress-Predict,Stress-Predict:S27,Stress,0.40410691499710083,0.9019785523414612
40,Stress-Predict,Stress-Predict:S27,Stress,0.25345152616500854,0.8598857522010803
41,Stress-Predict,Stress-Predict:S27,Stress,0.9252635836601257,0.737076997756958
42,Stress-Predict,Stress-Predict:S27,Stress,0.9788397550582886,0.8491026163101196
43,Stress-Predict,Stress-Predict:S27,Stress,0.9850333333015442,0.9142575263977051
44,Stress-Predict,Stress-Predict:S27,Stress,0.9653191566467285,0.7705022692680359
45,Stress-Predict,Stress-Predict:S27,Stress,0.7759412527084351,0.6847133040428162
46,Stress-Predict,Stress-Predict:S27,Stress,0.5733507871627808,0.6811990737915039
47,Stress-Predict,Stress-Predict:S27,Stress,0.8607292771339417,0.863513171672821
48,Stress-Predict,Stress-Predict:S27,Stress,0.962018609046936,0.7894231677055359
49,Stress-Predict,Stress-Predict:S27,Stress,0.9618307948112488,0.46460026502609253
50,Stress-Predict,Stress-Predict:S27,Stress,0.9433773159980774,0.47737714648246765
51,Stress-Predict,Stress-Predict:S27,Stress,0.6615195870399475,0.346868097782135
52,Stress-Predict,Stress-Predict:S27,Stress,0.2513304054737091,0.6354976892471313
53,Stress-Predict,Stress-Predict:S27,Stress,0.209943488240242,0.3524729311466217
54,Stress-Predict,Stress-Predict:S27,Stress,0.7359920144081116,0.3801802396774292
55,Stress-Predict,Stress-Predict:S27,Rest,0.6161282658576965,0.18762905895709991
56,Stress-Predict,Stress-Predict:S27,Rest,0.15802592039108276,0.23735970258712769
57,Stress-Predict,Stress-Predict:S27,Rest,0.8485507369041443,0.5872849822044373
58,Stress-Predict,Stress-Predict:S27,Rest,0.8963197469711304,0.674641489982605
59,Stress-Predict,Stress-Predict:S27,Rest,0.048995137214660645,0.08697302639484406
60,Stress-Predict,Stress-Predict:S27,Rest,0.019508542492985725,0.04340694472193718
61,Stress-Predict,Stress-Predict:S27,Rest,0.005807830020785332,0.09590493887662888
62,Stress-Predict,Stress-Predict:S27,Hyperventilation,0.16022329032421112,0.2069099396467209
63,Stress-Predict,Stress-Predict:S27,Rest,0.5257691144943237,0.05852709338068962
64,Stress-Predict,Stress-Predict:S27,Rest,0.10846666246652603,0.2793400287628174
65,Stress-Predict,Stress-Predict:S27,Rest,0.05741908773779869,0.15312187373638153
66,Stress-Predict,Stress-Predict:S27,Rest,0.05741908773779869,0.18475839495658875
67,Stress-Predict,Stress-Predict:S27,Rest,0.017945818603038788,0.053702693432569504
68,Stress-Predict,Stress-Predict:S27,Rest,0.0076164985075592995,0.06881808489561081
69,Stress-Predict,Stress-Predict:S27,Rest,0.01317044347524643,0.041892245411872864
70,Stress-Predict,Stress-Predict:S27,Rest,0.01317044347524643,0.01538825687021017
71,Stress-Predict,Stress-Predict:S27,Rest,0.006824016105383635,0.009513450786471367
72,Stress-Predict,Stress-Predict:S27,Rest,0.8794445991516113,0.39566412568092346
73,Stress-Predict,Stress-Predict:S27,Rest,0.4856056272983551,0.36630868911743164
74,Stress-Predict,Stress-Predict:S27,Rest,0.01864328607916832,0.12326136231422424
75,Stress-Predict,Stress-Predict:S27,Rest,0.016892947256565094,0.24068854749202728
76,Stress-Predict,Stress-Predict:S27,Rest,0.024263737723231316,0.4797859489917755
77,Stress-Predict,Stress-Predict:S27,Rest,0.009102254174649715,0.8089041709899902
78,Stress-Predict,Stress-Predict:S27,Rest,0.06763175129890442,0.6445719599723816
79,Stress-Predict,Stress-Predict:S27,Rest,0.04349010810256004,0.49206453561782837
0,Stress-Predict,Stress-Predict:S28,Baseline,0.06117982789874077,0.4410872161388397
1,Stress-Predict,Stress-Predict:S28,Baseline,0.04652969166636467,0.3331892192363739
2,Stress-Predict,Stress-Predict:S28,Baseline,0.06117982789874077,0.34973248839378357
3,Stress-Predict,Stress-Predict:S28,Baseline,0.04652969166636467,0.32839396595954895
4,Stress-Predict,Stress-Predict:S28,Baseline,0.04385113716125488,0.3524474799633026
5,Stress-Predict,Stress-Predict:S28,Baseline,0.045247677713632584,0.321262389421463
6,Stress-Predict,Stress-Predict:S28,Baseline,0.045686472207307816,0.33103764057159424
7,Stress-Predict,Stress-Predict:S28,Baseline,0.04684574902057648,0.32852911949157715
8,Stress-Predict,Stress-Predict:S28,Baseline,0.04684574902057648,0.39370042085647583
9,Stress-Predict,Stress-Predict:S28,Baseline,0.048332832753658295,0.3577063977718353
10,Stress-Predict,Stress-Predict:S28,Baseline,0.04885176196694374,0.3694867193698883
11,Stress-Predict,Stress-Predict:S28,Baseline,0.04684574902057648,0.3958076536655426
12,Stress-Predict,Stress-Predict:S28,Baseline,0.04698183387517929,0.45002150535583496
13,Stress-Predict,Stress-Predict:S28,Baseline,0.0739673599600792,0.38734519481658936
14,Stress-Predict,Stress-Predict:S28,Baseline,0.09638312458992004,0.43310096859931946
15,Stress-Predict,Stress-Predict:S28,Baseline,0.075067438185215,0.3290424346923828
16,Stress-Predict,Stress-Predict:S28,Baseline,0.06801599264144897,0.3912462294101715
17,Stress-Predict,Stress-Predict:S28,Stress,0.04885176196694374,0.3495520055294037
18,Stress-Predict,Stress-Predict:S28,Stress,0.04885176196694374,0.3355753719806671
19,Stress-Predict,Stress-Predict:S28,Stress,0.048332832753658295,0.3679893910884857
20,Stress-Predict,Stress-Predict:S28,Stress,0.04698183387517929,0.37219494581222534
21,Stress-Predict,Stress-Predict:S28,Stress,0.051819220185279846,0.38082563877105713
22,Stress-Predict,Stress-Predict:S28,Stress,0.06239035725593567,0.38082563877105713
23,Stress-Predict,Stress-Predict:S28,Stress,0.04698183387517929,0.3956737518310547
24,Stress-Predict,Stress-Predict:S28,Stress,0.04885176196694374,0.3459051549434662
25,Stress-Predict,Stress-Predict:S28,Stress,0.057842500507831573,0.38508856296539307
26,Stress-Predict,Stress-Predict:S28,Stress,0.06277457624673843,0.38082563877105713
27,Stress-Predict,Stress-Predict:S28,Rest,0.06982496380805969,0.37122124433517456
28,Stress-Predict,Stress-Predict:S28,Rest,0.06982496380805969,0.4469262957572937
29,Stress-Predict,Stress-Predict:S28,Rest,0.06277457624673843,0.3860844075679779
30,Stress-Predict,Stress-Predict:S28,Rest,0.08173646777868271,0.44274070858955383
31,Stress-Predict,Stress-Predict:S28,Rest,0.07637102901935577,0.45040565729141235
32,Stress-Predict,Stress-Predict:S28,Rest,0.06277457624673843,0.375596284866333
33,Stress-Predict,Stress-Predict:S28,Rest,0.058950889855623245,0.36743786931037903
34,Stress-Predict,Stress-Predict:S28,Stress,0.07637102901935577,0.5225433707237244
35,Stress-Predict,Stress-Predict:S28,Stress,0.058950889855623245,0.4525843858718872
36,Stress-Predict,Stress-Predict:S28,Stress,0.4279577434062958,0.3745661973953247
37,Stress-Predict,Stress-Predict:S28,Stress,0.24061602354049683,0.30052560567855835
38,Stress-Predict,Stress-Predict:S28,Stress,0.20294387638568878,0.21648821234703064
39,Stress-Predict,Stress-Predict:S28,Stress,0.3247368335723877,0.40167808532714844
40,Stress-Predict,Stress-Predict:S28,Stress,0.7872540950775146,0.4184233844280243
41,Stress-Predict,Stress-Predict:S28,Stress,0.8785312175750732,0.7518066763877869
42,Stress-Predict,Stress-Predict:S28,Stress,0.9375274181365967,0.7758299112319946
43,Stress-Predict,Stress-Predict:S28,Stress,0.9776925444602966,0.8947667479515076
44,Stress-Predict,Stress-Predict:S28,Stress,0.9920902252197266,0.880558431148529
45,Stress-Predict,Stress-Predict:S28,Stress,0.9897023439407349,0.8436853885650635
46,Stress-Predict,Stress-Predict:S28,Stress,0.9927523136138916,0.8941865563392639
47,Stress-Predict,Stress-Predict:S28,Stress,0.9882539510726929,0.8851711750030518
48,Stress-Predict,Stress-Predict:S28,Stress,0.9751694202423096,0.717567503452301
49,Stress-Predict,Stress-Predict:S28,Stress,0.9600139856338501,0.4519359767436981
50,Stress-Predict,Stress-Predict:S28,Stress,0.9894542694091797,0.8707079887390137
51,Stress-Predict,Stress-Predict:S28,Stress,0.9876883625984192,0.7997438907623291
52,Stress-Predict,Stress-Predict:S28,Rest,0.9532646536827087,0.30302223563194275
53,Stress-Predict,Stress-Predict:S28,Rest,0.9483489394187927,0.32179462909698486
54,Stress-Predict,Stress-Predict:S28,Rest,0.9608592987060547,0.3434291481971741
55,Stress-Predict,Stress-Predict:S28,Rest,0.9510812759399414,0.44803568720817566
56,Stress-Predict,Stress-Predict:S28,Rest,0.8643768429756165,0.2623583972454071
57,Stress-Predict,Stress-Predict:S28,Rest,0.7656764984130859,0.23325027525424957
58,Stress-Predict,Stress-Predict:S28,Rest,0.584001898765564,0.2647586762905121
59,Stress-Predict,Stress-Predict:S28,Hyperventilation,0.31109705567359924,0.3604852855205536
60,Stress-Predict,Stress-Predict:S28,Hyperventilation,0.21218490600585938,0.2734772264957428
61,Stress-Predict,Stress-Predict:S28,Rest,0.16299164295196533,0.3409810960292816
62,Stress-Predict,Stress-Predict:S28,Rest,0.07528747618198395,0.2914295792579651
63,Stress-Predict,Stress-Predict:S28,Rest,0.06001480296254158,0.23289108276367188
64,Stress-Predict,Stress-Predict:S28,Rest,0.06000102683901787,0.2656298577785492
65,Stress-Predict,Stress-Predict:S28,Rest,0.06994648277759552,0.22198785841464996
66,Stress-Predict,Stress-Predict:S28,Rest,0.08054204285144806,0.30971774458885193
67,Stress-Predict,Stress-Predict:S28,Rest,0.05527867004275322,0.2582114040851593
68,Stress-Predict,Stress-Predict:S28,Rest,0.058950889855623245,0.2791385054588318
69,Stress-Predict,Stress-Predict:S28,Rest,0.15885873138904572,0.19024306535720825
70,Stress-Predict,Stress-Predict:S28,Rest,0.04750741273164749,0.2715754210948944
0,Stress-Predict,Stress-Predict:S29,Baseline,0.7215198874473572,0.06635881960391998
1,Stress-Predict,Stress-Predict:S29,Baseline,0.3135940134525299,0.22532087564468384
2,Stress-Predict,Stress-Predict:S29,Baseline,0.05978449434041977,0.32966312766075134
3,Stress-Predict,Stress-Predict:S29,Baseline,0.07182707637548447,0.2703470289707184
4,Stress-Predict,Stress-Predict:S29,Baseline,0.44881176948547363,0.02552010305225849
5,Stress-Predict,Stress-Predict:S29,Baseline,0.5645661354064941,0.01939798891544342
6,Stress-Predict,Stress-Predict:S29,Baseline,0.5989671349525452,0.015005258843302727
7,Stress-Predict,Stress-Predict:S29,Baseline,0.20470675826072693,0.020697396248579025
8,Stress-Predict,Stress-Predict:S29,Baseline,0.0631025955080986,0.02498498372733593
9,Stress-Predict,Stress-Predict:S29,Baseline,0.5592499375343323,0.08367691189050674
10,Stress-Predict,Stress-Predict:S29,Baseline,0.5277953147888184,0.027796711772680283
11,Stress-Predict,Stress-Predict:S29,Baseline,0.11791429668664932,0.011665433645248413
12,Stress-Predict,Stress-Predict:S29,Baseline,0.09354826807975769,0.01605808362364769
13,Stress-Predict,Stress-Predict:S29,Baseline,0.8078213930130005,0.07369191944599152
14,Stress-Predict,Stress-Predict:S29,Baseline,0.5588759183883667,0.08160220086574554
15,Stress-Predict,Stress-Predict:S29,Baseline,0.46114420890808105,0.15153111517429352
16,Stress-Predict,Stress-Predict:S29,Baseline,0.05519299954175949,0.37764087319374084
17,Stress-Predict,Stress-Predict:S29,Stress,0.44043171405792236,0.6123169660568237
18,Stress-Predict,Stress-Predict:S29,Stress,0.3128988742828369,0.741730809211731
19,Stress-Predict,Stress-Predict:S29,Stress,0.5386780500411987,0.8609495759010315
20,Stress-Predict,Stress-Predict:S29,Stress,0.5799238681793213,0.7400423288345337
21,Stress-Predict,Stress-Predict:S29,Stress,0.5853667259216309,0.7148527503013611
22,Stress-Predict,Stress-Predict:S29,Stress,0.5366936326026917,0.548956036567688
23,Stress-Predict,Stress-Predict:S29,Stress,0.5931409001350403,0.6717315912246704
24,Stress-Predict,Stress-Predict:S29,Stress,0.6249942183494568,0.6433771252632141
25,Stress-Predict,Stress-Predict:S29,Stress,0.7019146084785461,0.5255410075187683
26,Stress-Predict,Stress-Predict:S29,Stress,0.7624745965003967,0.5255410075187683
27,Stress-Predict,Stress-Predict:S29,Rest,0.7333579063415527,0.22741197049617767
28,Stress-Predict,Stress-Predict:S29,Rest,0.5009812712669373,0.3179773986339569
29,Stress-Predict,Stress-Predict:S29,Rest,0.7918376326560974,0.3194425404071808
30,Stress-Predict,Stress-Predict:S29,Rest,0.7712634801864624,0.2538050711154938
31,Stress-Predict,Stress-Predict:S29,Rest,0.9114286303520203,0.46213337779045105
32,Stress-Predict,Stress-Predict:S29,Rest,0.9180101752281189,0.6718500256538391
33,Stress-Predict,Stress-Predict:S29,Rest,0.3228026032447815,0.4447636008262634
34,Stress-Predict,Stress-Predict:S29,Rest,0.3585939407348633,0.3952242136001587
35,Stress-Predict,Stress-Predict:S29,Stress,0.7389973998069763,0.6405373811721802
36,Stress-Predict,Stress-Predict:S29,Stress,0.5972201824188232,0.4137765169143677
37,Stress-Predict,Stress-Predict:S29,Stress,0.5124126672744751,0.417460560798645
38,Stress-Predict,Stress-Predict:S29,Stress,0.8170547485351562,0.22869126498699188
39,Stress-Predict,Stress-Predict:S29,Stress,0.8350316882133484,0.23283971846103668
40,Stress-Predict,Stress-Predict:S29,Stress,0.776691734790802,0.20391422510147095
41,Stress-Predict,Stress-Predict:S29,Stress,0.9172292351722717,0.4896526634693146
42,Stress-Predict,Stress-Predict:S29,Stress,0.979816734790802,0.7130900621414185
43,Stress-Predict,Stress-Predict:S29,Stress,0.904360294342041,0.5981557369232178
44,Stress-Predict,Stress-Predict:S29,Stress,0.9426900744438171,0.6233997344970703
45,Stress-Predict,Stress-Predict:S29,Stress,0.9528003931045532,0.46605563163757324
46,Stress-Predict,Stress-Predict:S29,Stress,0.9340893626213074,0.5610726475715637
47,Stress-Predict,Stress-Predict:S29,Stress,0.9246206879615784,0.840026319026947
48,Stress-Predict,Stress-Predict:S29,Stress,0.9825894832611084,0.8545644283294678
49,Stress-Predict,Stress-Predict:S29,Stress,0.9840960502624512,0.8669458627700806
50,Stress-Predict,Stress-Predict:S29,Stress,0.9634501338005066,0.5285347700119019
51,Stress-Predict,Stress-Predict:S29,Stress,0.9374534487724304,0.32541730999946594
52,Stress-Predict,Stress-Predict:S29,Rest,0.8903773427009583,0.30721136927604675
53,Stress-Predict,Stress-Predict:S29,Rest,0.7526054978370667,0.16630400717258453
54,Stress-Predict,Stress-Predict:S29,Rest,0.722191333770752,0.17502953112125397
55,Stress-Predict,Stress-Predict:S29,Rest,0.8034130334854126,0.4296739995479584
56,Stress-Predict,Stress-Predict:S29,Rest,0.7045455574989319,0.2807543873786926
57,Stress-Predict,Stress-Predict:S29,Rest,0.6356076002120972,0.2231702208518982
58,Stress-Predict,Stress-Predict:S29,Rest,0.8064233064651489,0.41283008456230164
59,Stress-Predict,Stress-Predict:S29,Hyperventilation,0.7234360575675964,0.29160693287849426
60,Stress-Predict,Stress-Predict:S29,Rest,0.6100138425827026,0.6482630372047424
61,Stress-Predict,Stress-Predict:S29,Rest,0.5795378684997559,0.6259483695030212
62,Stress-Predict,Stress-Predict:S29,Rest,0.6803597211837769,0.44879046082496643
63,Stress-Predict,Stress-Predict:S29,Rest,0.3162478506565094,0.5051833391189575
64,Stress-Predict,Stress-Predict:S29,Rest,0.2003750503063202,0.5952904224395752
65,Stress-Predict,Stress-Predict:S29,Rest,0.12091684341430664,0.5813495516777039
66,Stress-Predict,Stress-Predict:S29,Rest,0.18461017310619354,0.7166571617126465
67,Stress-Predict,Stress-Predict:S29,Rest,0.21250160038471222,0.49151742458343506
68,Stress-Predict,Stress-Predict:S29,Rest,0.22748728096485138,0.4585916996002197
69,Stress-Predict,Stress-Predict:S29,Rest,0.06175646558403969,0.5304599404335022
70,Stress-Predict,Stress-Predict:S29,Rest,0.16690480709075928,0.6351356506347656
71,Stress-Predict,Stress-Predict:S29,Rest,0.1283564567565918,0.6227024793624878
72,Stress-Predict,Stress-Predict:S29,Rest,0.1368660032749176,0.4523175060749054
73,Stress-Predict,Stress-Predict:S29,Rest,0.0968262106180191,0.5601987838745117
0,Stress-Predict,Stress-Predict:S30,Baseline,0.2806578576564789,0.30468761920928955
1,Stress-Predict,Stress-Predict:S30,Baseline,0.22579048573970795,0.07825202494859695
2,Stress-Predict,Stress-Predict:S30,Baseline,0.2000487595796585,0.07751648128032684
3,Stress-Predict,Stress-Predict:S30,Baseline,0.2309020310640335,0.24574629962444305
4,Stress-Predict,Stress-Predict:S30,Baseline,0.05571235716342926,0.28251615166664124
5,Stress-Predict,Stress-Predict:S30,Baseline,0.05571235716342926,0.3269956707954407
6,Stress-Predict,Stress-Predict:S30,Baseline,0.22317402064800262,0.36395978927612305
7,Stress-Predict,Stress-Predict:S30,Baseline,0.23621539771556854,0.3505008816719055
8,Stress-Predict,Stress-Predict:S30,Baseline,0.06209118291735649,0.40252527594566345
9,Stress-Predict,Stress-Predict:S30,Baseline,0.21996936202049255,0.3501434922218323
10,Stress-Predict,Stress-Predict:S30,Baseline,0.0912756398320198,0.08195901662111282
11,Stress-Predict,Stress-Predict:S30,Baseline,0.05904873460531235,0.142447367310524
12,Stress-Predict,Stress-Predict:S30,Baseline,0.10717690736055374,0.24978578090667725
13,Stress-Predict,Stress-Predict:S30,Baseline,0.06893308460712433,0.2357349693775177
14,Stress-Predict,Stress-Predict:S30,Baseline,0.07275613397359848,0.17721682786941528
15,Stress-Predict,Stress-Predict:S30,Baseline,0.6899377703666687,0.19798071682453156
16,Stress-Predict,Stress-Predict:S30,Baseline,0.6954509019851685,0.29143768548965454
17,Stress-Predict,Stress-Predict:S30,Baseline,0.055599793791770935,0.11458638310432434
18,Stress-Predict,Stress-Predict:S30,Rest,0.0520952045917511,0.18095658719539642
19,Stress-Predict,Stress-Predict:S30,Rest,0.18600991368293762,0.2678028643131256
20,Stress-Predict,Stress-Predict:S30,Rest,0.514599084854126,0.21119630336761475
21,Stress-Predict,Stress-Predict:S30,Rest,0.13580240309238434,0.18995831906795502
22,Stress-Predict,Stress-Predict:S30,Rest,0.06435998529195786,0.447909951210022
23,Stress-Predict,Stress-Predict:S30,Rest,0.17034009099006653,0.4733053147792816
24,Stress-Predict,Stress-Predict:S30,Rest,0.5337626934051514,0.45874717831611633
25,Stress-Predict,Stress-Predict:S30,Rest,0.2164202183485031,0.4966251254081726
26,Stress-Predict,Stress-Predict:S30,Rest,0.46234601736068726,0.5560905933380127
27,Stress-Predict,Stress-Predict:S30,Stress,0.16396531462669373,0.5081943273544312
28,Stress-Predict,Stress-Predict:S30,Stress,0.24509797990322113,0.48093733191490173
29,Stress-Predict,Stress-Predict:S30,Stress,0.4790036082267761,0.3533487915992737
30,Stress-Predict,Stress-Predict:S30,Stress,0.8126407861709595,0.4295004606246948
31,Stress-Predict,Stress-Predict:S30,Stress,0.9170589447021484,0.6815648674964905
32,Stress-Predict,Stress-Predict:S30,Stress,0.7180673480033875,0.5103625059127808
33,Stress-Predict,Stress-Predict:S30,Stress,0.9537039995193481,0.8634173274040222
34,Stress-Predict,Stress-Predict:S30,Stress,0.9684577584266663,0.7911710143089294
35,Stress-Predict,Stress-Predict:S30,Stress,0.9388903379440308,0.7240564823150635
36,Stress-Predict,Stress-Predict:S30,Stress,0.9687139987945557,0.8374782800674438
37,Stress-Predict,Stress-Predict:S30,Stress,0.979083240032196,0.8990886807441711
38,Stress-Predict,Stress-Predict:S30,Stress,0.984408438205719,0.955847978591919
39,Stress-Predict,Stress-Predict:S30,Stress,0.987159252166748,0.9512403607368469
40,Stress-Predict,Stress-Predict:S30,Stress,0.969597339630127,0.8768948912620544
41,Stress-Predict,Stress-Predict:S30,Stress,0.9845332503318787,0.897864043712616
42,Stress-Predict,Stress-Predict:S30,Stress,0.9845595955848694,0.8572404384613037
43,Stress-Predict,Stress-Predict:S30,Rest,0.9538983702659607,0.7779404520988464
44,Stress-Predict,Stress-Predict:S30,Rest,0.9408705234527588,0.7617080211639404
45,Stress-Predict,Stress-Predict:S30,Rest,0.9773813486099243,0.9258822798728943
46,Stress-Predict,Stress-Predict:S30,Rest,0.9818122982978821,0.9142099618911743
47,Stress-Predict,Stress-Predict:S30,Rest,0.9867320656776428,0.9090831875801086
48,Stress-Predict,Stress-Predict:S30,Rest,0.43100839853286743,0.7438121438026428
49,Stress-Predict,Stress-Predict:S30,Rest,0.3672225773334503,0.6347238421440125
50,Stress-Predict,Stress-Predict:S30,Hyperventilation,0.1650218665599823,0.1621318906545639
51,Stress-Predict,Stress-Predict:S30,Hyperventilation,0.49561506509780884,0.17327675223350525
52,Stress-Predict,Stress-Predict:S30,Rest,0.8118108510971069,0.8294581174850464
53,Stress-Predict,Stress-Predict:S30,Rest,0.7290517687797546,0.7465241551399231
54,Stress-Predict,Stress-Predict:S30,Rest,0.5530204772949219,0.6745501160621643
55,Stress-Predict,Stress-Predict:S30,Rest,0.05231489613652229,0.28213629126548767
56,Stress-Predict,Stress-Predict:S30,Rest,0.33793333172798157,0.22782839834690094
57,Stress-Predict,Stress-Predict:S30,Rest,0.10126367956399918,0.23293763399124146
58,Stress-Predict,Stress-Predict:S30,Rest,0.038854602724313736,0.18527652323246002
59,Stress-Predict,Stress-Predict:S30,Rest,0.3530796766281128,0.29026737809181213
60,Stress-Predict,Stress-Predict:S30,Rest,0.20784229040145874,0.24643991887569427
61,Stress-Predict,Stress-Predict:S30,Rest,0.09270227700471878,0.5177096724510193
62,Stress-Predict,Stress-Predict:S30,Rest,0.03232722729444504,0.4815891683101654
63,Stress-Predict,Stress-Predict:S30,Rest,0.18970021605491638,0.3054351210594177
64,Stress-Predict,Stress-Predict:S30,Rest,0.13079382479190826,0.48109152913093567
65,Stress-Predict,Stress-Predict:S30,Rest,0.026635225862264633,0.4516671597957611
66,Stress-Predict,Stress-Predict:S30,Rest,0.059397075325250626,0.1722099781036377
0,Stress-Predict,Stress-Predict:S31,Baseline,0.03705756366252899,0.026353804394602776
1,Stress-Predict,Stress-Predict:S31,Baseline,0.18478842079639435,0.18494752049446106
2,Stress-Predict,Stress-Predict:S31,Baseline,0.024631554260849953,0.24681593477725983
3,Stress-Predict,Stress-Predict:S31,Baseline,0.03542574122548103,0.15489561855793
4,Stress-Predict,Stress-Predict:S31,Baseline,0.09291166067123413,0.20055970549583435
5,Stress-Predict,Stress-Predict:S31,Baseline,0.08300735801458359,0.22847077250480652
6,Stress-Predict,Stress-Predict:S31,Baseline,0.15484008193016052,0.23685544729232788
7,Stress-Predict,Stress-Predict:S31,Baseline,0.05769859254360199,0.23857687413692474
8,Stress-Predict,Stress-Predict:S31,Baseline,0.03845209255814552,0.16763678193092346
9,Stress-Predict,Stress-Predict:S31,Baseline,0.05463754013180733,0.14121326804161072
10,Stress-Predict,Stress-Predict:S31,Baseline,0.011997235007584095,0.2447093427181244
11,Stress-Predict,Stress-Predict:S31,Baseline,0.022452939301729202,0.47280460596084595
12,Stress-Predict,Stress-Predict:S31,Baseline,0.022156860679388046,0.5110980272293091
13,Stress-Predict,Stress-Predict:S31,Baseline,0.050701726227998734,0.24709510803222656
14,Stress-Predict,Stress-Predict:S31,Baseline,0.24636059999465942,0.49268364906311035
15,Stress-Predict,Stress-Predict:S31,Baseline,0.5081790089607239,0.7318657636642456
16,Stress-Predict,Stress-Predict:S31,Baseline,0.13766944408416748,0.6235402226448059
17,Stress-Predict,Stress-Predict:S31,Baseline,0.03783584013581276,0.5583968162536621
18,Stress-Predict,Stress-Predict:S31,Baseline,0.06115417182445526,0.7444645166397095
19,Stress-Predict,Stress-Predict:S31,Stress,0.8390267491340637,0.805317223072052
20,Stress-Predict,Stress-Predict:S31,Stress,0.7615882754325867,0.86665940284729
21,Stress-Predict,Stress-Predict:S31,Stress,0.29644155502319336,0.8067485094070435
22,Stress-Predict,Stress-Predict:S31,Stress,0.07267289608716965,0.7352107167243958
23,Stress-Predict,Stress-Predict:S31,Stress,0.42314082384109497,0.9076512455940247
24,Stress-Predict,Stress-Predict:S31,Stress,0.7646068930625916,0.8317168354988098
25,Stress-Predict,Stress-Predict:S31,Stress,0.8282700181007385,0.8342245221138
26,Stress-Predict,Stress-Predict:S31,Stress,0.8524559140205383,0.921646773815155
27,Stress-Predict,Stress-Predict:S31,Stress,0.925643265247345,0.8728288412094116
28,Stress-Predict,Stress-Predict:S31,Stress,0.8663284182548523,0.8505127429962158
29,Stress-Predict,Stress-Predict:S31,Rest,0.03270633518695831,0.21481318771839142
30,Stress-Predict,Stress-Predict:S31,Rest,0.17817823588848114,0.3866369426250458
31,Stress-Predict,Stress-Predict:S31,Rest,0.2785263657569885,0.47080427408218384
32,Stress-Predict,Stress-Predict:S31,Rest,0.0802263393998146,0.26364877820014954
33,Stress-Predict,Stress-Predict:S31,Rest,0.08376384526491165,0.4511333107948303
34,Stress-Predict,Stress-Predict:S31,Rest,0.11210348457098007,0.4688725471496582
35,Stress-Predict,Stress-Predict:S31,Rest,0.08669711649417877,0.6006267666816711
36,Stress-Predict,Stress-Predict:S31,Rest,0.16960066556930542,0.7034825086593628
37,Stress-Predict,Stress-Predict:S31,Stress,0.8699225783348083,0.5976497530937195
38,Stress-Predict,Stress-Predict:S31,Stress,0.7352920770645142,0.3273817002773285
39,Stress-Predict,Stress-Predict:S31,Stress,0.7567084431648254,0.5320594310760498
40,Stress-Predict,Stress-Predict:S31,Stress,0.7567084431648254,0.5191358923912048
41,Stress-Predict,Stress-Predict:S31,Stress,0.7762013077735901,0.6716957688331604
42,Stress-Predict,Stress-Predict:S31,Stress,0.7373971343040466,0.7693477869033813
43,Stress-Predict,Stress-Predict:S31,Stress,0.36281639337539673,0.45889177918434143
44,Stress-Predict,Stress-Predict:S31,Stress,0.5044547915458679,0.577049970626831
45,Stress-Predict,Stress-Predict:S31,Stress,0.4813508987426758,0.5330104231834412
46,Stress-Predict,Stress-Predict:S31,Stress,0.14056172966957092,0.17466938495635986
47,Stress-Predict,Stress-Predict:S31,Stress,0.8340088725090027,0.21980316936969757
48,Stress-Predict,Stress-Predict:S31,Stress,0.17908743023872375,0.07331248372793198
49,Stress-Predict,Stress-Predict:S31,Stress,0.9462677836418152,0.5560446977615356
50,Stress-Predict,Stress-Predict:S31,Stress,0.9358096718788147,0.5869063138961792
51,Stress-Predict,Stress-Predict:S31,Stress,0.12117133289575577,0.34314513206481934
52,Stress-Predict,Stress-Predict:S31,Stress,0.09098567068576813,0.2637166380882263
53,Stress-Predict,Stress-Predict:S31,Stress,0.2153010368347168,0.1932421624660492
54,Stress-Predict,Stress-Predict:S31,Rest,0.8399683237075806,0.7992076277732849
55,Stress-Predict,Stress-Predict:S31,Rest,0.6648569703102112,0.611291766166687
56,Stress-Predict,Stress-Predict:S31,Rest,0.14678864181041718,0.06710951030254364
57,Stress-Predict,Stress-Predict:S31,Rest,0.08054259419441223,0.09310713410377502
58,Stress-Predict,Stress-Predict:S31,Rest,0.11294928938150406,0.2853560745716095
59,Stress-Predict,Stress-Predict:S31,Rest,0.3286702334880829,0.6084323525428772
60,Stress-Predict,Stress-Predict:S31,Rest,0.3231058120727539,0.8078718185424805
61,Stress-Predict,Stress-Predict:S31,Rest,0.11952167749404907,0.48868611454963684
62,Stress-Predict,Stress-Predict:S31,Rest,0.20538626611232758,0.39847445487976074
63,Stress-Predict,Stress-Predict:S31,Hyperventilation,0.09357354789972305,0.3043455183506012
64,Stress-Predict,Stress-Predict:S31,Rest,0.04629618674516678,0.39325597882270813
65,Stress-Predict,Stress-Predict:S31,Rest,0.5020237565040588,0.5047187209129333
66,Stress-Predict,Stress-Predict:S31,Rest,0.5759296417236328,0.6104705333709717
67,Stress-Predict,Stress-Predict:S31,Rest,0.34071084856987,0.5568915605545044
68,Stress-Predict,Stress-Predict:S31,Rest,0.9415155649185181,0.6625210642814636
69,Stress-Predict,Stress-Predict:S31,Rest,0.059361156076192856,0.26637208461761475
70,Stress-Predict,Stress-Predict:S31,Rest,0.10307839512825012,0.11378712207078934
71,Stress-Predict,Stress-Predict:S31,Rest,0.05652172490954399,0.0483306348323822
72,Stress-Predict,Stress-Predict:S31,Rest,0.040153779089450836,0.011007470078766346
73,Stress-Predict,Stress-Predict:S31,Rest,0.07433132827281952,0.023506393656134605
74,Stress-Predict,Stress-Predict:S31,Rest,0.03237086907029152,0.021717961877584457
75,Stress-Predict,Stress-Predict:S31,Rest,0.052182089537382126,0.03140644356608391
76,Stress-Predict,Stress-Predict:S31,Rest,0.027881460264325142,0.027191750705242157
77,Stress-Predict,Stress-Predict:S31,Rest,0.015854382887482643,0.05535027012228966
78,Stress-Predict,Stress-Predict:S31,Rest,0.01848633587360382,0.0768405869603157
79,Stress-Predict,Stress-Predict:S31,Rest,0.02277895249426365,0.08071860671043396
80,Stress-Predict,Stress-Predict:S31,Rest,0.020059702917933464,0.05067339166998863
81,Stress-Predict,Stress-Predict:S31,Rest,0.021554602310061455,0.05316164344549179
0,Stress-Predict,Stress-Predict:S32,Baseline,0.08449496328830719,0.015873590484261513
1,Stress-Predict,Stress-Predict:S32,Baseline,0.030567146837711334,0.005231205839663744
2,Stress-Predict,Stress-Predict:S32,Baseline,0.038394324481487274,0.007299705874174833
3,Stress-Predict,Stress-Predict:S32,Baseline,0.04497998207807541,0.01149514876306057
4,Stress-Predict,Stress-Predict:S32,Baseline,0.044654957950115204,0.006818737834692001
5,Stress-Predict,Stress-Predict:S32,Baseline,0.050109367817640305,0.004417791031301022
6,Stress-Predict,Stress-Predict:S32,Baseline,0.05398361384868622,0.002872846322134137
7,Stress-Predict,Stress-Predict:S32,Baseline,0.049335330724716187,0.00493817962706089
8,Stress-Predict,Stress-Predict:S32,Baseline,0.017278341576457024,0.004458171781152487
9,Stress-Predict,Stress-Predict:S32,Baseline,0.01973998360335827,0.0064911628141999245
10,Stress-Predict,Stress-Predict:S32,Baseline,0.022645672783255577,0.008006053976714611
11,Stress-Predict,Stress-Predict:S32,Baseline,0.022256338968873024,0.009542250074446201
12,Stress-Predict,Stress-Predict:S32,Baseline,0.059459276497364044,0.016054565086960793
13,Stress-Predict,Stress-Predict:S32,Baseline,0.8021430969238281,0.14908908307552338
14,Stress-Predict,Stress-Predict:S32,Baseline,0.6861681938171387,0.4005623757839203
15,Stress-Predict,Stress-Predict:S32,Baseline,0.665715754032135,0.34964844584465027
16,Stress-Predict,Stress-Predict:S32,Stress,0.024618452414870262,0.42074134945869446
17,Stress-Predict,Stress-Predict:S32,Stress,0.06603127717971802,0.24763722717761993
18,Stress-Predict,Stress-Predict:S32,Stress,0.0204810481518507,0.1710694134235382
19,Stress-Predict,Stress-Predict:S32,Stress,0.024737823754549026,0.15383224189281464
20,Stress-Predict,Stress-Predict:S32,Stress,0.014605269767343998,0.20494802296161652
21,Stress-Predict,Stress-Predict:S32,Stress,0.029893115162849426,0.2716299891471863
22,Stress-Predict,Stress-Predict:S32,Stress,0.07004018872976303,0.25247514247894287
23,Stress-Predict,Stress-Predict:S32,Stress,0.05752085521817207,0.3333991765975952
24,Stress-Predict,Stress-Predict:S32,Stress,0.03619922325015068,0.19987577199935913
25,Stress-Predict,Stress-Predict:S32,Stress,0.055915672332048416,0.20425434410572052
26,Stress-Predict,Stress-Predict:S32,Rest,0.12630736827850342,0.45482584834098816
27,Stress-Predict,Stress-Predict:S32,Rest,0.2666504383087158,0.32701006531715393
28,Stress-Predict,Stress-Predict:S32,Rest,0.11088266223669052,0.35577625036239624
29,Stress-Predict,Stress-Predict:S32,Rest,0.04422479122877121,0.37446916103363037
30,Stress-Predict,Stress-Predict:S32,Rest,0.11324803531169891,0.3077366352081299
31,Stress-Predict,Stress-Predict:S32,Rest,0.1324136108160019,0.5433684587478638
32,Stress-Predict,Stress-Predict:S32,Rest,0.1518634557723999,0.7616774439811707
33,Stress-Predict,Stress-Predict:S32,Rest,0.32005780935287476,0.7423799633979797
34,Stress-Predict,Stress-Predict:S32,Stress,0.7292839884757996,0.7397876381874084
35,Stress-Predict,Stress-Predict:S32,Stress,0.24466712772846222,0.6774808168411255
36,Stress-Predict,Stress-Predict:S32,Stress,0.1373419463634491,0.7639082074165344
37,Stress-Predict,Stress-Predict:S32,Stress,0.0874430313706398,0.6314597129821777
38,Stress-Predict,Stress-Predict:S32,Stress,0.06666889041662216,0.7057982683181763
39,Stress-Predict,Stress-Predict:S32,Stress,0.920738697052002,0.7117281556129456
40,Stress-Predict,Stress-Predict:S32,Stress,0.9595723152160645,0.7028129696846008
41,Stress-Predict,Stress-Predict:S32,Stress,0.6907879710197449,0.2873505651950836
42,Stress-Predict,Stress-Predict:S32,Stress,0.6738241314888,0.5516687631607056
43,Stress-Predict,Stress-Predict:S32,Stress,0.7182273864746094,0.6196933388710022
44,Stress-Predict,Stress-Predict:S32,Stress,0.8594189882278442,0.6494407653808594
45,Stress-Predict,Stress-Predict:S32,Stress,0.8313193917274475,0.6680594682693481
46,Stress-Predict,Stress-Predict:S32,Stress,0.7832486629486084,0.6068899631500244
47,Stress-Predict,Stress-Predict:S32,Stress,0.5709435343742371,0.758277416229248
48,Stress-Predict,Stress-Predict:S32,Stress,0.9422661066055298,0.8192657828330994
49,Stress-Predict,Stress-Predict:S32,Stress,0.7599847316741943,0.2611336410045624
50,Stress-Predict,Stress-Predict:S32,Stress,0.6580759286880493,0.4006677567958832
51,Stress-Predict,Stress-Predict:S32,Rest,0.1872984766960144,0.5655497312545776
52,Stress-Predict,Stress-Predict:S32,Rest,0.19891132414340973,0.30994462966918945
53,Stress-Predict,Stress-Predict:S32,Rest,0.13508284091949463,0.41477882862091064
54,Stress-Predict,Stress-Predict:S32,Rest,0.11392844468355179,0.5562406778335571
55,Stress-Predict,Stress-Predict:S32,Rest,0.24828936159610748,0.6866331100463867
56,Stress-Predict,Stress-Predict:S32,Rest,0.16417935490608215,0.6475704908370972
57,Stress-Predict,Stress-Predict:S32,Rest,0.3122994601726532,0.6298892498016357
58,Stress-Predict,Stress-Predict:S32,Rest,0.0865027979016304,0.4654368758201599
59,Stress-Predict,Stress-Predict:S32,Hyperventilation,0.8791272044181824,0.7979276180267334
60,Stress-Predict,Stress-Predict:S32,Rest,0.7343513369560242,0.4486563205718994
61,Stress-Predict,Stress-Predict:S32,Rest,0.1432155817747116,0.4341091811656952
62,Stress-Predict,Stress-Predict:S32,Rest,0.146026611328125,0.6651497483253479
63,Stress-Predict,Stress-Predict:S32,Rest,0.22579613327980042,0.581914484500885
64,Stress-Predict,Stress-Predict:S32,Rest,0.06425756216049194,0.4315997064113617
65,Stress-Predict,Stress-Predict:S32,Rest,0.6921935677528381,0.8236101865768433
66,Stress-Predict,Stress-Predict:S32,Rest,0.706712007522583,0.7773739695549011
67,Stress-Predict,Stress-Predict:S32,Rest,0.22948217391967773,0.53960782289505
68,Stress-Predict,Stress-Predict:S32,Rest,0.19890588521957397,0.7035602331161499
69,Stress-Predict,Stress-Predict:S32,Rest,0.6202799677848816,0.7661489844322205
70,Stress-Predict,Stress-Predict:S32,Rest,0.07536439597606659,0.5130963325500488
71,Stress-Predict,Stress-Predict:S32,Rest,0.22560501098632812,0.4660710096359253
72,Stress-Predict,Stress-Predict:S32,Rest,0.14168088138103485,0.16535980999469757
73,Stress-Predict,Stress-Predict:S32,Rest,0.20074863731861115,0.15915746986865997
74,Stress-Predict,Stress-Predict:S32,Rest,0.1883801966905594,0.26806485652923584
75,Stress-Predict,Stress-Predict:S32,Rest,0.2818174362182617,0.2072955220937729
76,Stress-Predict,Stress-Predict:S32,Rest,0.22195345163345337,0.142720565199852
77,Stress-Predict,Stress-Predict:S32,Rest,0.24938733875751495,0.2026064693927765
0,Stress-Predict,Stress-Predict:S33,Baseline,0.244578555226326,0.041817132383584976
1,Stress-Predict,Stress-Predict:S33,Baseline,0.28464704751968384,0.05418005585670471
2,Stress-Predict,Stress-Predict:S33,Baseline,0.0983596071600914,0.0698917806148529
3,Stress-Predict,Stress-Predict:S33,Baseline,0.010182395577430725,0.044059060513973236
4,Stress-Predict,Stress-Predict:S33,Baseline,0.016613880172371864,0.08481442928314209
5,Stress-Predict,Stress-Predict:S33,Baseline,0.057437632232904434,0.048860326409339905
6,Stress-Predict,Stress-Predict:S33,Baseline,0.03913591057062149,0.057665202766656876
7,Stress-Predict,Stress-Predict:S33,Baseline,0.10244797170162201,0.039187993854284286
8,Stress-Predict,Stress-Predict:S33,Baseline,0.13078604638576508,0.10510560870170593
9,Stress-Predict,Stress-Predict:S33,Baseline,0.031509026885032654,0.09571477770805359
10,Stress-Predict,Stress-Predict:S33,Baseline,0.13728299736976624,0.10250663012266159
11,Stress-Predict,Stress-Predict:S33,Baseline,0.07531478255987167,0.062205515801906586
12,Stress-Predict,Stress-Predict:S33,Baseline,0.026486171409487724,0.04854322224855423
13,Stress-Predict,Stress-Predict:S33,Baseline,0.1346866488456726,0.06430249661207199
14,Stress-Predict,Stress-Predict:S33,Baseline,0.12715774774551392,0.12116774916648865
15,Stress-Predict,Stress-Predict:S33,Baseline,0.05493731424212456,0.11552328616380692
16,Stress-Predict,Stress-Predict:S33,Baseline,0.0949334129691124,0.050852227956056595
17,Stress-Predict,Stress-Predict:S33,Baseline,0.3089514672756195,0.0259537473320961
18,Stress-Predict,Stress-Predict:S33,Stress,0.9328229427337646,0.16008605062961578
19,Stress-Predict,Stress-Predict:S33,Stress,0.8922934532165527,0.5186684727668762
20,Stress-Predict,Stress-Predict:S33,Stress,0.8035420775413513,0.6697783470153809
21,Stress-Predict,Stress-Predict:S33,Stress,0.5648030638694763,0.9131243824958801
22,Stress-Predict,Stress-Predict:S33,Stress,0.4856664538383484,0.8059727549552917
23,Stress-Predict,Stress-Predict:S33,Stress,0.8244370222091675,0.7442613244056702
24,Stress-Predict,Stress-Predict:S33,Stress,0.8993241786956787,0.8907073736190796
25,Stress-Predict,Stress-Predict:S33,Stress,0.7964227795600891,0.7254736423492432
26,Stress-Predict,Stress-Predict:S33,Rest,0.5826232433319092,0.7768927812576294
27,Stress-Predict,Stress-Predict:S33,Rest,0.814259946346283,0.7981769442558289
28,Stress-Predict,Stress-Predict:S33,Rest,0.8067315816879272,0.8376220464706421
29,Stress-Predict,Stress-Predict:S33,Rest,0.18362455070018768,0.2682502865791321
30,Stress-Predict,Stress-Predict:S33,Rest,0.24678511917591095,0.19337283074855804
31,Stress-Predict,Stress-Predict:S33,Rest,0.11015406996011734,0.035391874611377716
32,Stress-Predict,Stress-Predict:S33,Stress,0.3191734254360199,0.2664860188961029
33,Stress-Predict,Stress-Predict:S33,Stress,0.6385906934738159,0.1648133397102356
34,Stress-Predict,Stress-Predict:S33,Stress,0.7697516679763794,0.5099106431007385
35,Stress-Predict,Stress-Predict:S33,Stress,0.6950922012329102,0.6225560903549194
36,Stress-Predict,Stress-Predict:S33,Stress,0.5973571538925171,0.8483077883720398
37,Stress-Predict,Stress-Predict:S33,Stress,0.878857433795929,0.9245595932006836
38,Stress-Predict,Stress-Predict:S33,Stress,0.7385737299919128,0.6752224564552307
39,Stress-Predict,Stress-Predict:S33,Stress,0.521099328994751,0.36138641834259033
40,Stress-Predict,Stress-Predict:S33,Stress,0.6725850701332092,0.2570296823978424
41,Stress-Predict,Stress-Predict:S33,Stress,0.8940023183822632,0.7002588510513306
42,Stress-Predict,Stress-Predict:S33,Stress,0.6976768970489502,0.8570698499679565
43,Stress-Predict,Stress-Predict:S33,Stress,0.7051620483398438,0.8819341063499451
44,Stress-Predict,Stress-Predict:S33,Stress,0.6463781595230103,0.8201000094413757
45,Stress-Predict,Stress-Predict:S33,Stress,0.7146391868591309,0.6539008617401123
46,Stress-Predict,Stress-Predict:S33,Stress,0.2898053526878357,0.530198872089386
47,Stress-Predict,Stress-Predict:S33,Stress,0.7989321947097778,0.8467339873313904
48,Stress-Predict,Stress-Predict:S33,Stress,0.770298957824707,0.5916358232498169
49,Stress-Predict,Stress-Predict:S33,Stress,0.24470457434654236,0.660305917263031
50,Stress-Predict,Stress-Predict:S33,Stress,0.9396294951438904,0.705376148223877
51,Stress-Predict,Stress-Predict:S33,Rest,0.16894713044166565,0.1925116777420044
52,Stress-Predict,Stress-Predict:S33,Rest,0.31818702816963196,0.10585275292396545
53,Stress-Predict,Stress-Predict:S33,Rest,0.28564220666885376,0.49493488669395447
54,Stress-Predict,Stress-Predict:S33,Rest,0.13541238009929657,0.5459561347961426
55,Stress-Predict,Stress-Predict:S33,Rest,0.1875533014535904,0.5009066462516785
56,Stress-Predict,Stress-Predict:S33,Rest,0.08554553240537643,0.3467487394809723
57,Stress-Predict,Stress-Predict:S33,Rest,0.5024438500404358,0.7370874285697937
58,Stress-Predict,Stress-Predict:S33,Hyperventilation,0.4837380647659302,0.7545177340507507
59,Stress-Predict,Stress-Predict:S33,Hyperventilation,0.5332843661308289,0.794861376285553
60,Stress-Predict,Stress-Predict:S33,Hyperventilation,0.5591334700584412,0.7989867925643921
61,Stress-Predict,Stress-Predict:S33,Rest,0.2841397225856781,0.18046921491622925
62,Stress-Predict,Stress-Predict:S33,Rest,0.30488577485084534,0.1672937422990799
63,Stress-Predict,Stress-Predict:S33,Rest,0.14025674760341644,0.21595735847949982
64,Stress-Predict,Stress-Predict:S33,Rest,0.10489487648010254,0.20455563068389893
65,Stress-Predict,Stress-Predict:S33,Rest,0.03531651571393013,0.2823490500450134
66,Stress-Predict,Stress-Predict:S33,Rest,0.05885588750243187,0.2714749872684479
67,Stress-Predict,Stress-Predict:S33,Rest,0.09459088742733002,0.2109934687614441
68,Stress-Predict,Stress-Predict:S33,Rest,0.06324256956577301,0.11093836277723312
69,Stress-Predict,Stress-Predict:S33,Rest,0.08513790369033813,0.14808693528175354
70,Stress-Predict,Stress-Predict:S33,Rest,0.02712227962911129,0.1686498075723648
71,Stress-Predict,Stress-Predict:S33,Rest,0.009115924127399921,0.07381878793239594
0,Stress-Predict,Stress-Predict:S34,Baseline,0.12810742855072021,0.07577834278345108
1,Stress-Predict,Stress-Predict:S34,Baseline,0.1232457235455513,0.2338726818561554
2,Stress-Predict,Stress-Predict:S34,Baseline,0.34641212224960327,0.2662331461906433
3,Stress-Predict,Stress-Predict:S34,Baseline,0.33138373494148254,0.41341084241867065
4,Stress-Predict,Stress-Predict:S34,Baseline,0.13136135041713715,0.38980671763420105
5,Stress-Predict,Stress-Predict:S34,Baseline,0.16405750811100006,0.39930933713912964
6,Stress-Predict,Stress-Predict:S34,Baseline,0.2157338261604309,0.4527648389339447
7,Stress-Predict,Stress-Predict:S34,Baseline,0.41847193241119385,0.3628391623497009
8,Stress-Predict,Stress-Predict:S34,Baseline,0.7425717711448669,0.39831507205963135
9,Stress-Predict,Stress-Predict:S34,Baseline,0.3248575031757355,0.36501264572143555
10,Stress-Predict,Stress-Predict:S34,Baseline,0.12296650558710098,0.5045848488807678
11,Stress-Predict,Stress-Predict:S34,Baseline,0.11848416924476624,0.6116600632667542
12,Stress-Predict,Stress-Predict:S34,Baseline,0.21165113151073456,0.5767019391059875
13,Stress-Predict,Stress-Predict:S34,Baseline,0.12648311257362366,0.5067417025566101
14,Stress-Predict,Stress-Predict:S34,Baseline,0.1605840027332306,0.13329415023326874
15,Stress-Predict,Stress-Predict:S34,Baseline,0.12253076583147049,0.17029878497123718
16,Stress-Predict,Stress-Predict:S34,Baseline,0.03536873310804367,0.453856498003006
17,Stress-Predict,Stress-Predict:S34,Baseline,0.03749295696616173,0.4831649959087372
18,Stress-Predict,Stress-Predict:S34,Baseline,0.058896467089653015,0.6251654028892517
19,Stress-Predict,Stress-Predict:S34,Baseline,0.06451873481273651,0.5892204642295837
20,Stress-Predict,Stress-Predict:S34,Baseline,0.35104188323020935,0.44977790117263794
21,Stress-Predict,Stress-Predict:S34,Baseline,0.46674275398254395,0.5197282433509827
22,Stress-Predict,Stress-Predict:S34,Baseline,0.4593799114227295,0.7042996287345886
23,Stress-Predict,Stress-Predict:S34,Baseline,0.9327739477157593,0.7275117039680481
24,Stress-Predict,Stress-Predict:S34,Stress,0.05903944745659828,0.5782432556152344
25,Stress-Predict,Stress-Predict:S34,Stress,0.161448672413826,0.6776549816131592
26,Stress-Predict,Stress-Predict:S34,Stress,0.06926406174898148,0.7470932602882385
27,Stress-Predict,Stress-Predict:S34,Stress,0.16523031890392303,0.7663964629173279
28,Stress-Predict,Stress-Predict:S34,Stress,0.12511901557445526,0.7575381398200989
29,Stress-Predict,Stress-Predict:S34,Stress,0.0861770436167717,0.7693398594856262
30,Stress-Predict,Stress-Predict:S34,Stress,0.26955273747444153,0.7007351517677307
31,Stress-Predict,Stress-Predict:S34,Stress,0.20498144626617432,0.7706950306892395
32,Stress-Predict,Stress-Predict:S34,Stress,0.11730515211820602,0.7908949255943298
33,Stress-Predict,Stress-Predict:S34,Rest,0.5196075439453125,0.6494048833847046
34,Stress-Predict,Stress-Predict:S34,Rest,0.48096489906311035,0.5164459943771362
35,Stress-Predict,Stress-Predict:S34,Rest,0.22693400084972382,0.35958701372146606
36,Stress-Predict,Stress-Predict:S34,Rest,0.22155515849590302,0.4355424642562866
37,Stress-Predict,Stress-Predict:S34,Rest,0.1410825401544571,0.28502604365348816
38,Stress-Predict,Stress-Predict:S34,Rest,0.17046968638896942,0.3560631275177002
39,Stress-Predict,Stress-Predict:S34,Rest,0.18504586815834045,0.42937129735946655
40,Stress-Predict,Stress-Predict:S34,Rest,0.2077847123146057,0.5766334533691406
41,Stress-Predict,Stress-Predict:S34,Rest,0.2679060995578766,0.7183429598808289
42,Stress-Predict,Stress-Predict:S34,Stress,0.46597254276275635,0.35431694984436035
43,Stress-Predict,Stress-Predict:S34,Stress,0.10204926878213882,0.6341611742973328
44,Stress-Predict,Stress-Predict:S34,Stress,0.3141563832759857,0.7342860102653503
45,Stress-Predict,Stress-Predict:S34,Stress,0.1920134574174881,0.7334064841270447
46,Stress-Predict,Stress-Predict:S34,Stress,0.188006192445755,0.7139854431152344
47,Stress-Predict,Stress-Predict:S34,Stress,0.4608020484447479,0.8444969654083252
48,Stress-Predict,Stress-Predict:S34,Stress,0.3645882308483124,0.8451172709465027
49,Stress-Predict,Stress-Predict:S34,Stress,0.1791023164987564,0.8681418299674988
50,Stress-Predict,Stress-Predict:S34,Stress,0.1855429708957672,0.7686702609062195
51,Stress-Predict,Stress-Predict:S34,Stress,0.22995397448539734,0.577833890914917
52,Stress-Predict,Stress-Predict:S34,Stress,0.22399821877479553,0.6353551149368286
53,Stress-Predict,Stress-Predict:S34,Stress,0.13324202597141266,0.6228574514389038
54,Stress-Predict,Stress-Predict:S34,Stress,0.3740995526313782,0.6290273070335388
55,Stress-Predict,Stress-Predict:S34,Stress,0.5355548858642578,0.6855314373970032
56,Stress-Predict,Stress-Predict:S34,Stress,0.8419724702835083,0.7698135375976562
57,Stress-Predict,Stress-Predict:S34,Stress,0.49935460090637207,0.5826351642608643
58,Stress-Predict,Stress-Predict:S34,Stress,0.16934098303318024,0.3192494213581085
59,Stress-Predict,Stress-Predict:S34,Rest,0.1525517702102661,0.29745087027549744
60,Stress-Predict,Stress-Predict:S34,Rest,0.30621176958084106,0.15122155845165253
61,Stress-Predict,Stress-Predict:S34,Rest,0.20885460078716278,0.10797644406557083
62,Stress-Predict,Stress-Predict:S34,Rest,0.058288831263780594,0.10405116528272629
63,Stress-Predict,Stress-Predict:S34,Rest,0.03814014047384262,0.1223316341638565
64,Stress-Predict,Stress-Predict:S34,Rest,0.032591503113508224,0.18880338966846466
65,Stress-Predict,Stress-Predict:S34,Rest,0.06508737802505493,0.1202707290649414
66,Stress-Predict,Stress-Predict:S34,Rest,0.023556651547551155,0.11807025223970413
67,Stress-Predict,Stress-Predict:S34,Hyperventilation,0.07756682485342026,0.18544882535934448
68,Stress-Predict,Stress-Predict:S34,Hyperventilation,0.06330832093954086,0.09552719444036484
69,Stress-Predict,Stress-Predict:S34,Rest,0.015377696603536606,0.12554852664470673
70,Stress-Predict,Stress-Predict:S34,Rest,0.054434992372989655,0.22886411845684052
71,Stress-Predict,Stress-Predict:S34,Rest,0.037528421729803085,0.3212805688381195
72,Stress-Predict,Stress-Predict:S34,Rest,0.023499131202697754,0.1804293394088745
73,Stress-Predict,Stress-Predict:S34,Rest,0.025564832612872124,0.2358686923980713
74,Stress-Predict,Stress-Predict:S34,Rest,0.06519278138875961,0.6010866165161133
75,Stress-Predict,Stress-Predict:S34,Rest,0.030786987394094467,0.04691462963819504
76,Stress-Predict,Stress-Predict:S34,Rest,0.028720172122120857,0.049122244119644165
77,Stress-Predict,Stress-Predict:S34,Rest,0.03095245361328125,0.033330440521240234
78,Stress-Predict,Stress-Predict:S34,Rest,0.013392716646194458,0.03882097825407982
79,Stress-Predict,Stress-Predict:S34,Rest,0.032028988003730774,0.02080361917614937
80,Stress-Predict,Stress-Predict:S34,Rest,0.04239806905388832,0.020592397078871727
81,Stress-Predict,Stress-Predict:S34,Rest,0.03494321554899216,0.03438617289066315
82,Stress-Predict,Stress-Predict:S34,Rest,0.029454153031110764,0.009011860936880112
0,Stress-Predict,Stress-Predict:S35,Baseline,0.39233294129371643,0.541289746761322
1,Stress-Predict,Stress-Predict:S35,Baseline,0.2242966890335083,0.38280799984931946
2,Stress-Predict,Stress-Predict:S35,Baseline,0.08291223645210266,0.6579659581184387
3,Stress-Predict,Stress-Predict:S35,Baseline,0.4337555170059204,0.8521663546562195
4,Stress-Predict,Stress-Predict:S35,Baseline,0.3321264982223511,0.5592384338378906
5,Stress-Predict,Stress-Predict:S35,Baseline,0.056790102273225784,0.27376827597618103
6,Stress-Predict,Stress-Predict:S35,Baseline,0.04094527289271355,0.28862813115119934
7,Stress-Predict,Stress-Predict:S35,Baseline,0.049042362719774246,0.27194106578826904
8,Stress-Predict,Stress-Predict:S35,Baseline,0.020279478281736374,0.26200202107429504
9,Stress-Predict,Stress-Predict:S35,Baseline,0.02078765258193016,0.6438657641410828
10,Stress-Predict,Stress-Predict:S35,Baseline,0.06595908105373383,0.5721819996833801
11,Stress-Predict,Stress-Predict:S35,Baseline,0.05739884451031685,0.37103408575057983
12,Stress-Predict,Stress-Predict:S35,Baseline,0.06706851720809937,0.23224058747291565
13,Stress-Predict,Stress-Predict:S35,Baseline,0.05376282334327698,0.24842678010463715
14,Stress-Predict,Stress-Predict:S35,Baseline,0.0567607507109642,0.2484022080898285
15,Stress-Predict,Stress-Predict:S35,Baseline,0.02647244557738304,0.07135983556509018
16,Stress-Predict,Stress-Predict:S35,Baseline,0.02925768494606018,0.050196774303913116
17,Stress-Predict,Stress-Predict:S35,Stress,0.9134478569030762,0.8758869767189026
18,Stress-Predict,Stress-Predict:S35,Stress,0.8391734957695007,0.7607636451721191
19,Stress-Predict,Stress-Predict:S35,Stress,0.12396949529647827,0.7709522247314453
20,Stress-Predict,Stress-Predict:S35,Stress,0.23453815281391144,0.6897509694099426
21,Stress-Predict,Stress-Predict:S35,Stress,0.473300039768219,0.5547823905944824
22,Stress-Predict,Stress-Predict:S35,Stress,0.37220025062561035,0.7153201699256897
23,Stress-Predict,Stress-Predict:S35,Stress,0.8630063533782959,0.7410682439804077
24,Stress-Predict,Stress-Predict:S35,Stress,0.8663912415504456,0.6663439273834229
25,Stress-Predict,Stress-Predict:S35,Stress,0.574272871017456,0.45862844586372375
26,Stress-Predict,Stress-Predict:S35,Stress,0.48812729120254517,0.5948446393013
27,Stress-Predict,Stress-Predict:S35,Stress,0.6098816990852356,0.7617222666740417
28,Stress-Predict,Stress-Predict:S35,Stress,0.8767317533493042,0.8937309384346008
29,Stress-Predict,Stress-Predict:S35,Rest,0.0470270998775959,0.05783913657069206
30,Stress-Predict,Stress-Predict:S35,Rest,0.35726112127304077,0.08976469933986664
31,Stress-Predict,Stress-Predict:S35,Rest,0.126459538936615,0.054988227784633636
32,Stress-Predict,Stress-Predict:S35,Rest,0.08532875776290894,0.0804501473903656
33,Stress-Predict,Stress-Predict:S35,Rest,0.03641152381896973,0.2606967091560364
34,Stress-Predict,Stress-Predict:S35,Rest,0.01850885897874832,0.1562322974205017
35,Stress-Predict,Stress-Predict:S35,Rest,0.021933216601610184,0.17694374918937683
36,Stress-Predict,Stress-Predict:S35,Stress,0.7124492526054382,0.17140451073646545
37,Stress-Predict,Stress-Predict:S35,Stress,0.15612627565860748,0.5996352434158325
38,Stress-Predict,Stress-Predict:S35,Stress,0.020765360444784164,0.18060503900051117
39,Stress-Predict,Stress-Predict:S35,Stress,0.0238618366420269,0.06839568167924881
40,Stress-Predict,Stress-Predict:S35,Stress,0.3019040822982788,0.24615046381950378
41,Stress-Predict,Stress-Predict:S35,Stress,0.9676353335380554,0.8338990807533264
42,Stress-Predict,Stress-Predict:S35,Stress,0.9529663324356079,0.8976126909255981
43,Stress-Predict,Stress-Predict:S35,Stress,0.9213253855705261,0.7927777171134949
44,Stress-Predict,Stress-Predict:S35,Stress,0.9838786125183105,0.785335123538971
45,Stress-Predict,Stress-Predict:S35,Stress,0.9869102835655212,0.9283152222633362
46,Stress-Predict,Stress-Predict:S35,Stress,0.962334156036377,0.7218264937400818
47,Stress-Predict,Stress-Predict:S35,Stress,0.9553767442703247,0.5564025640487671
48,Stress-Predict,Stress-Predict:S35,Stress,0.9791620969772339,0.8587061166763306
49,Stress-Predict,Stress-Predict:S35,Stress,0.9869884252548218,0.9324090480804443
50,Stress-Predict,Stress-Predict:S35,Stress,0.9921733140945435,0.9393762946128845
51,Stress-Predict,Stress-Predict:S35,Stress,0.986270546913147,0.9217960834503174
52,Stress-Predict,Stress-Predict:S35,Stress,0.9559306502342224,0.8785549402236938
53,Stress-Predict,Stress-Predict:S35,Rest,0.9799293875694275,0.7803191542625427
54,Stress-Predict,Stress-Predict:S35,Rest,0.9788244962692261,0.7490016222000122
55,Stress-Predict,Stress-Predict:S35,Rest,0.6755593419075012,0.1873885840177536
56,Stress-Predict,Stress-Predict:S35,Rest,0.13174530863761902,0.07600115984678268
57,Stress-Predict,Stress-Predict:S35,Rest,0.08177321404218674,0.39846622943878174
58,Stress-Predict,Stress-Predict:S35,Rest,0.8312212228775024,0.8595679402351379
59,Stress-Predict,Stress-Predict:S35,Rest,0.8541327714920044,0.7026907801628113
60,Stress-Predict,Stress-Predict:S35,Rest,0.9188976883888245,0.8482317924499512
61,Stress-Predict,Stress-Predict:S35,Hyperventilation,0.6500828266143799,0.7285739183425903
62,Stress-Predict,Stress-Predict:S35,Rest,0.6882410049438477,0.15357793867588043
63,Stress-Predict,Stress-Predict:S35,Rest,0.032352346926927567,0.05907587707042694
64,Stress-Predict,Stress-Predict:S35,Rest,0.024716302752494812,0.10803214460611343
65,Stress-Predict,Stress-Predict:S35,Rest,0.04472270607948303,0.47183600068092346
66,Stress-Predict,Stress-Predict:S35,Rest,0.2751263678073883,0.3952586054801941
67,Stress-Predict,Stress-Predict:S35,Rest,0.6105400919914246,0.2780892550945282
68,Stress-Predict,Stress-Predict:S35,Rest,0.021600443869829178,0.19959577918052673
69,Stress-Predict,Stress-Predict:S35,Rest,0.010069346986711025,0.0825766995549202
70,Stress-Predict,Stress-Predict:S35,Rest,0.08585100620985031,0.0640936866402626
71,Stress-Predict,Stress-Predict:S35,Rest,0.7818430662155151,0.527744710445404
72,Stress-Predict,Stress-Predict:S35,Rest,0.12327225506305695,0.09601236134767532
73,Stress-Predict,Stress-Predict:S35,Rest,0.10520882904529572,0.11265429109334946
74,Stress-Predict,Stress-Predict:S35,Rest,0.1967656910419464,0.08919268846511841
75,Stress-Predict,Stress-Predict:S35,Rest,0.7530500888824463,0.011119527742266655
76,Stress-Predict,Stress-Predict:S35,Rest,0.6862210631370544,0.039764031767845154
77,Stress-Predict,Stress-Predict:S35,Rest,0.0848044902086258,0.2849009037017822
78,Stress-Predict,Stress-Predict:S35,Rest,0.20364439487457275,0.06283263117074966
79,Stress-Predict,Stress-Predict:S35,Rest,0.1275874525308609,0.05452967435121536
80,Stress-Predict,Stress-Predict:S35,Rest,0.45659250020980835,0.04976087436079979
81,Stress-Predict,Stress-Predict:S35,Rest,0.09014615416526794,0.09146448969841003
0,Campanella2024,Campanella2024:subject_01,Baseline,0.022970808669924736,0.008624504320323467
1,Campanella2024,Campanella2024:subject_01,Baseline,0.023677850142121315,0.012436744756996632
2,Campanella2024,Campanella2024:subject_01,Baseline,0.17783713340759277,0.00267264642752707
3,Campanella2024,Campanella2024:subject_01,Baseline,0.08127967268228531,0.002373800612986088
4,Campanella2024,Campanella2024:subject_01,Manual task,0.013339743949472904,0.054498471319675446
5,Campanella2024,Campanella2024:subject_01,Manual task,0.028154637664556503,0.02422272600233555
6,Campanella2024,Campanella2024:subject_01,Manual task,0.14280402660369873,0.1303827166557312
7,Campanella2024,Campanella2024:subject_01,Manual task,0.52735435962677,0.0733272060751915
8,Campanella2024,Campanella2024:subject_01,Manual task,0.36295032501220703,0.051615651696920395
9,Campanella2024,Campanella2024:subject_01,Manual task,0.35969313979148865,0.33706802129745483
10,Campanella2024,Campanella2024:subject_01,Manual task,0.2990224063396454,0.7075668573379517
11,Campanella2024,Campanella2024:subject_01,Manual task,0.7060884833335876,0.6878978610038757
12,Campanella2024,Campanella2024:subject_01,Manual task,0.6605797410011292,0.4955708384513855
13,Campanella2024,Campanella2024:subject_01,Manual task,0.33537164330482483,0.49633562564849854
14,Campanella2024,Campanella2024:subject_01,Manual task,0.3948988914489746,0.24342238903045654
15,Campanella2024,Campanella2024:subject_01,Manual task,0.4713563323020935,0.613596498966217
16,Campanella2024,Campanella2024:subject_01,Manual task,0.8151584267616272,0.8810132145881653
17,Campanella2024,Campanella2024:subject_01,Manual task,0.9241002798080444,0.263090580701828
18,Campanella2024,Campanella2024:subject_01,Manual task,0.8566390872001648,0.6763911247253418
19,Campanella2024,Campanella2024:subject_01,Manual task,0.563417911529541,0.427092581987381
20,Campanella2024,Campanella2024:subject_01,Manual task,0.5115755200386047,0.13071082532405853
21,Campanella2024,Campanella2024:subject_01,Manual task,0.5815411806106567,0.08357755839824677
22,Campanella2024,Campanella2024:subject_01,Manual task,0.5820472836494446,0.48587000370025635
23,Campanella2024,Campanella2024:subject_01,Manual task,0.20532536506652832,0.5542169809341431
24,Campanella2024,Campanella2024:subject_01,Manual task,0.20077814161777496,0.6006027460098267
25,Campanella2024,Campanella2024:subject_01,Manual task,0.9073686599731445,0.6944882869720459
26,Campanella2024,Campanella2024:subject_01,Manual task,0.8458157181739807,0.8222078084945679
27,Campanella2024,Campanella2024:subject_01,Stress,0.6099406480789185,0.9512025713920593
28,Campanella2024,Campanella2024:subject_01,Stress,0.735977828502655,0.9975146055221558
29,Campanella2024,Campanella2024:subject_01,Stress,0.9459741115570068,0.9967393279075623
30,Campanella2024,Campanella2024:subject_01,Stress,0.4208724796772003,0.9956479668617249
0,Campanella2024,Campanella2024:subject_02,Baseline,0.1387958824634552,0.005646996200084686
1,Campanella2024,Campanella2024:subject_02,Baseline,0.11698000133037567,0.00997263751924038
2,Campanella2024,Campanella2024:subject_02,Baseline,0.10504269599914551,0.009035534225404263
3,Campanella2024,Campanella2024:subject_02,Baseline,0.09518434852361679,0.010811771266162395
4,Campanella2024,Campanella2024:subject_02,Manual task,0.17029915750026703,0.03323304280638695
5,Campanella2024,Campanella2024:subject_02,Manual task,0.23004688322544098,0.025642961263656616
6,Campanella2024,Campanella2024:subject_02,Manual task,0.3705027997493744,0.15406811237335205
7,Campanella2024,Campanella2024:subject_02,Manual task,0.24408555030822754,0.1385209709405899
8,Campanella2024,Campanella2024:subject_02,Manual task,0.20948313176631927,0.0035491331946104765
9,Campanella2024,Campanella2024:subject_02,Manual task,0.22174687683582306,0.015298436395823956
10,Campanella2024,Campanella2024:subject_02,Manual task,0.7153412699699402,0.3216746151447296
11,Campanella2024,Campanella2024:subject_02,Manual task,0.7110550403594971,0.29658910632133484
12,Campanella2024,Campanella2024:subject_02,Manual task,0.3721267282962799,0.06710793077945709
13,Campanella2024,Campanella2024:subject_02,Manual task,0.7890543937683105,0.5178993940353394
14,Campanella2024,Campanella2024:subject_02,Manual task,0.7976198792457581,0.5093331336975098
15,Campanella2024,Campanella2024:subject_02,Manual task,0.8423976898193359,0.07167545706033707
16,Campanella2024,Campanella2024:subject_02,Manual task,0.5589718818664551,0.0976114347577095
17,Campanella2024,Campanella2024:subject_02,Manual task,0.7460476160049438,0.8102830052375793
18,Campanella2024,Campanella2024:subject_02,Manual task,0.7607195377349854,0.27982768416404724
19,Campanella2024,Campanella2024:subject_02,Manual task,0.8869556188583374,0.5256978869438171
20,Campanella2024,Campanella2024:subject_02,Manual task,0.7424260377883911,0.4667322039604187
21,Campanella2024,Campanella2024:subject_02,Manual task,0.6564592123031616,0.40035897493362427
22,Campanella2024,Campanella2024:subject_02,Manual task,0.4792976379394531,0.6258068084716797
23,Campanella2024,Campanella2024:subject_02,Manual task,0.5303723812103271,0.5799681544303894
24,Campanella2024,Campanella2024:subject_02,Manual task,0.4802720248699188,0.3566170632839203
25,Campanella2024,Campanella2024:subject_02,Manual task,0.870617687702179,0.9804034233093262
26,Campanella2024,Campanella2024:subject_02,Manual task,0.7669501304626465,0.9821699261665344
27,Campanella2024,Campanella2024:subject_02,Stress,0.6978312134742737,0.8316165208816528
28,Campanella2024,Campanella2024:subject_02,Stress,0.734022319316864,0.773124098777771
29,Campanella2024,Campanella2024:subject_02,Stress,0.21432748436927795,0.8857237100601196
30,Campanella2024,Campanella2024:subject_02,Stress,0.41216418147087097,0.8299612998962402
0,Campanella2024,Campanella2024:subject_03,Baseline,0.015310538001358509,0.0020047437865287066
1,Campanella2024,Campanella2024:subject_03,Baseline,0.03536757081747055,0.00326261087320745
2,Campanella2024,Campanella2024:subject_03,Baseline,0.03265593573451042,0.00326261087320745
3,Campanella2024,Campanella2024:subject_03,Baseline,0.04764444753527641,0.00326261087320745
4,Campanella2024,Campanella2024:subject_03,Manual task,0.19793701171875,0.011856761761009693
5,Campanella2024,Campanella2024:subject_03,Manual task,0.1730121672153473,0.008826013654470444
6,Campanella2024,Campanella2024:subject_03,Manual task,0.14739593863487244,0.008350205607712269
7,Campanella2024,Campanella2024:subject_03,Manual task,0.3641374409198761,0.034964244812726974
8,Campanella2024,Campanella2024:subject_03,Manual task,0.4958956241607666,0.024618566036224365
9,Campanella2024,Campanella2024:subject_03,Manual task,0.28052279353141785,0.006433906964957714
10,Campanella2024,Campanella2024:subject_03,Manual task,0.24578717350959778,0.2010771781206131
11,Campanella2024,Campanella2024:subject_03,Manual task,0.3106048107147217,0.11778515577316284
12,Campanella2024,Campanella2024:subject_03,Manual task,0.26918813586235046,0.572056770324707
13,Campanella2024,Campanella2024:subject_03,Manual task,0.3634839951992035,0.03171328082680702
14,Campanella2024,Campanella2024:subject_03,Manual task,0.182601660490036,0.5087981224060059
15,Campanella2024,Campanella2024:subject_03,Manual task,0.1674506813287735,0.7175780534744263
16,Campanella2024,Campanella2024:subject_03,Manual task,0.24643395841121674,0.7228178381919861
17,Campanella2024,Campanella2024:subject_03,Manual task,0.6326841711997986,0.020174702629446983
18,Campanella2024,Campanella2024:subject_03,Manual task,0.8644905090332031,0.05032813921570778
19,Campanella2024,Campanella2024:subject_03,Manual task,0.7507215738296509,0.27988922595977783
20,Campanella2024,Campanella2024:subject_03,Manual task,0.7311312556266785,0.3848944306373596
21,Campanella2024,Campanella2024:subject_03,Manual task,0.24097783863544464,0.793646514415741
22,Campanella2024,Campanella2024:subject_03,Manual task,0.8699105978012085,0.6038987040519714
23,Campanella2024,Campanella2024:subject_03,Manual task,0.9491080641746521,0.8408554792404175
24,Campanella2024,Campanella2024:subject_03,Manual task,0.7459535002708435,0.9978156089782715
25,Campanella2024,Campanella2024:subject_03,Manual task,0.9490806460380554,0.9957138299942017
26,Campanella2024,Campanella2024:subject_03,Manual task,0.9782690405845642,0.995911717414856
27,Campanella2024,Campanella2024:subject_03,Stress,0.8145672082901001,0.9950826168060303
28,Campanella2024,Campanella2024:subject_03,Stress,0.8649515509605408,0.9959293007850647
0,Campanella2024,Campanella2024:subject_04,Baseline,0.021607227623462677,0.06488391011953354
1,Campanella2024,Campanella2024:subject_04,Baseline,0.03647550195455551,0.06118948757648468
2,Campanella2024,Campanella2024:subject_04,Baseline,0.027445027604699135,0.01247742585837841
3,Campanella2024,Campanella2024:subject_04,Baseline,0.034605126827955246,0.01247742585837841
4,Campanella2024,Campanella2024:subject_04,Manual task,0.22154845297336578,0.007270552217960358
5,Campanella2024,Campanella2024:subject_04,Manual task,0.2031204253435135,0.016016021370887756
6,Campanella2024,Campanella2024:subject_04,Manual task,0.24991413950920105,0.016016021370887756
7,Campanella2024,Campanella2024:subject_04,Manual task,0.22183828055858612,0.3492000102996826
8,Campanella2024,Campanella2024:subject_04,Manual task,0.12597161531448364,0.7069583535194397
9,Campanella2024,Campanella2024:subject_04,Manual task,0.0903066098690033,0.7259138822555542
10,Campanella2024,Campanella2024:subject_04,Manual task,0.13523218035697937,0.6685965657234192
11,Campanella2024,Campanella2024:subject_04,Manual task,0.18506315350532532,0.5126205086708069
12,Campanella2024,Campanella2024:subject_04,Manual task,0.2719477117061615,0.1695091277360916
13,Campanella2024,Campanella2024:subject_04,Manual task,0.310303270816803,0.17011190950870514
14,Campanella2024,Campanella2024:subject_04,Manual task,0.28142496943473816,0.14279484748840332
15,Campanella2024,Campanella2024:subject_04,Manual task,0.21187488734722137,0.4479561150074005
16,Campanella2024,Campanella2024:subject_04,Manual task,0.16364242136478424,0.6696272492408752
17,Campanella2024,Campanella2024:subject_04,Manual task,0.31277692317962646,0.3564363718032837
18,Campanella2024,Campanella2024:subject_04,Manual task,0.24631598591804504,0.45738252997398376
19,Campanella2024,Campanella2024:subject_04,Manual task,0.43578776717185974,0.04875298589468002
20,Campanella2024,Campanella2024:subject_04,Manual task,0.45258140563964844,0.027355439960956573
21,Campanella2024,Campanella2024:subject_04,Manual task,0.6221262812614441,0.05548741668462753
22,Campanella2024,Campanella2024:subject_04,Manual task,0.7481837868690491,0.1816960871219635
23,Campanella2024,Campanella2024:subject_04,Manual task,0.8746190667152405,0.27365830540657043
24,Campanella2024,Campanella2024:subject_04,Manual task,0.8388736248016357,0.5470794439315796
25,Campanella2024,Campanella2024:subject_04,Manual task,0.8932121992111206,0.9716273546218872
26,Campanella2024,Campanella2024:subject_04,Manual task,0.9668097496032715,0.9964163303375244
27,Campanella2024,Campanella2024:subject_04,Stress,0.9545869827270508,0.996302604675293
28,Campanella2024,Campanella2024:subject_04,Stress,0.9248335361480713,0.9949382543563843
29,Campanella2024,Campanella2024:subject_04,Stress,0.7310492992401123,0.99583899974823
0,Campanella2024,Campanella2024:subject_05,Baseline,0.018716875463724136,0.003486084984615445
1,Campanella2024,Campanella2024:subject_05,Baseline,0.023826248943805695,0.0037208530120551586
2,Campanella2024,Campanella2024:subject_05,Baseline,0.03642606362700462,0.004327493719756603
3,Campanella2024,Campanella2024:subject_05,Baseline,0.056212786585092545,0.004327493719756603
4,Campanella2024,Campanella2024:subject_05,Manual task,0.49501749873161316,0.5697546005249023
5,Campanella2024,Campanella2024:subject_05,Manual task,0.2932506799697876,0.8925012946128845
6,Campanella2024,Campanella2024:subject_05,Manual task,0.3165086507797241,0.25341126322746277
7,Campanella2024,Campanella2024:subject_05,Manual task,0.6584917902946472,0.3083324730396271
8,Campanella2024,Campanella2024:subject_05,Manual task,0.5553730726242065,0.04875717684626579
9,Campanella2024,Campanella2024:subject_05,Manual task,0.41109901666641235,0.10157077759504318
10,Campanella2024,Campanella2024:subject_05,Manual task,0.37461477518081665,0.6460893154144287
11,Campanella2024,Campanella2024:subject_05,Manual task,0.2548925280570984,0.2572653889656067
12,Campanella2024,Campanella2024:subject_05,Manual task,0.24775606393814087,0.4117818772792816
13,Campanella2024,Campanella2024:subject_05,Manual task,0.27207839488983154,0.675998330116272
14,Campanella2024,Campanella2024:subject_05,Manual task,0.260478675365448,0.02201041206717491
15,Campanella2024,Campanella2024:subject_05,Manual task,0.36322319507598877,0.01604336127638817
16,Campanella2024,Campanella2024:subject_05,Manual task,0.2310468852519989,0.024840468540787697
17,Campanella2024,Campanella2024:subject_05,Manual task,0.8190150856971741,0.27696844935417175
18,Campanella2024,Campanella2024:subject_05,Manual task,0.5614993572235107,0.2646077871322632
19,Campanella2024,Campanella2024:subject_05,Manual task,0.7239201664924622,0.0702003538608551
20,Campanella2024,Campanella2024:subject_05,Manual task,0.5111174583435059,0.44180405139923096
21,Campanella2024,Campanella2024:subject_05,Manual task,0.9559149742126465,0.8110352158546448
22,Campanella2024,Campanella2024:subject_05,Manual task,0.8853944540023804,0.9235466122627258
23,Campanella2024,Campanella2024:subject_05,Manual task,0.825404942035675,0.997122585773468
24,Campanella2024,Campanella2024:subject_05,Manual task,0.6411728262901306,0.9947733283042908
25,Campanella2024,Campanella2024:subject_05,Manual task,0.8831599354743958,0.9957683086395264
26,Campanella2024,Campanella2024:subject_05,Manual task,0.768164336681366,0.9956240057945251
27,Campanella2024,Campanella2024:subject_05,Stress,0.7798765301704407,0.9960880279541016
28,Campanella2024,Campanella2024:subject_05,Stress,0.5878985524177551,0.9920889139175415
0,Campanella2024,Campanella2024:subject_06,Baseline,0.20568455755710602,0.009381580166518688
1,Campanella2024,Campanella2024:subject_06,Baseline,0.15940941870212555,0.004763281438499689
2,Campanella2024,Campanella2024:subject_06,Baseline,0.20013156533241272,0.006618680898100138
3,Campanella2024,Campanella2024:subject_06,Baseline,0.12518048286437988,0.006618680898100138
4,Campanella2024,Campanella2024:subject_06,Manual task,0.22877517342567444,0.009613079018890858
5,Campanella2024,Campanella2024:subject_06,Manual task,0.22877517342567444,0.011657449416816235
6,Campanella2024,Campanella2024:subject_06,Manual task,0.03147956728935242,0.028986260294914246
7,Campanella2024,Campanella2024:subject_06,Manual task,0.23046563565731049,0.016764342784881592
8,Campanella2024,Campanella2024:subject_06,Manual task,0.056264594197273254,0.009502964094281197
9,Campanella2024,Campanella2024:subject_06,Manual task,0.24707816541194916,0.19215552508831024
10,Campanella2024,Campanella2024:subject_06,Manual task,0.22404995560646057,0.28561821579933167
11,Campanella2024,Campanella2024:subject_06,Manual task,0.2403474599123001,0.15977588295936584
12,Campanella2024,Campanella2024:subject_06,Manual task,0.19779179990291595,0.1591985672712326
13,Campanella2024,Campanella2024:subject_06,Manual task,0.21147970855236053,0.007804920896887779
14,Campanella2024,Campanella2024:subject_06,Manual task,0.1943555474281311,0.008935320191085339
15,Campanella2024,Campanella2024:subject_06,Manual task,0.18501006066799164,0.012841750867664814
16,Campanella2024,Campanella2024:subject_06,Manual task,0.17878156900405884,0.012669876217842102
17,Campanella2024,Campanella2024:subject_06,Manual task,0.13904088735580444,0.009500410407781601
18,Campanella2024,Campanella2024:subject_06,Manual task,0.20214426517486572,0.00705687515437603
19,Campanella2024,Campanella2024:subject_06,Manual task,0.7925043106079102,0.9444916248321533
20,Campanella2024,Campanella2024:subject_06,Manual task,0.40215814113616943,0.9542872905731201
21,Campanella2024,Campanella2024:subject_06,Manual task,0.9045844674110413,0.9143272638320923
22,Campanella2024,Campanella2024:subject_06,Manual task,0.9290170669555664,0.9942625164985657
23,Campanella2024,Campanella2024:subject_06,Manual task,0.49170204997062683,0.9955934882164001
24,Campanella2024,Campanella2024:subject_06,Manual task,0.9410438537597656,0.9943661689758301
25,Campanella2024,Campanella2024:subject_06,Manual task,0.9549328088760376,0.9953441023826599
26,Campanella2024,Campanella2024:subject_06,Manual task,0.9827892184257507,0.9957054257392883
27,Campanella2024,Campanella2024:subject_06,Stress,0.8897519707679749,0.9956955909729004
28,Campanella2024,Campanella2024:subject_06,Stress,0.7977695465087891,0.991995096206665
29,Campanella2024,Campanella2024:subject_06,Stress,0.8030210137367249,0.9062094688415527
30,Campanella2024,Campanella2024:subject_06,Stress,0.6815357804298401,0.7275009751319885
0,Campanella2024,Campanella2024:subject_07,Baseline,0.15737877786159515,0.005897340830415487
1,Campanella2024,Campanella2024:subject_07,Baseline,0.17040757834911346,0.008291186764836311
2,Campanella2024,Campanella2024:subject_07,Baseline,0.2000649869441986,0.008471890352666378
3,Campanella2024,Campanella2024:subject_07,Baseline,0.19302622973918915,0.11073843389749527
4,Campanella2024,Campanella2024:subject_07,Manual task,0.6015746593475342,0.04139799252152443
5,Campanella2024,Campanella2024:subject_07,Manual task,0.24429956078529358,0.006894007325172424
6,Campanella2024,Campanella2024:subject_07,Manual task,0.287770539522171,0.043929602950811386
7,Campanella2024,Campanella2024:subject_07,Manual task,0.5177013874053955,0.14192333817481995
8,Campanella2024,Campanella2024:subject_07,Manual task,0.6959879994392395,0.49192869663238525
9,Campanella2024,Campanella2024:subject_07,Manual task,0.6404449939727783,0.5973343849182129
10,Campanella2024,Campanella2024:subject_07,Manual task,0.7560470104217529,0.8465878367424011
11,Campanella2024,Campanella2024:subject_07,Manual task,0.36080676317214966,0.7233938574790955
12,Campanella2024,Campanella2024:subject_07,Manual task,0.6931190490722656,0.571473240852356
13,Campanella2024,Campanella2024:subject_07,Manual task,0.5558377504348755,0.30826252698898315
14,Campanella2024,Campanella2024:subject_07,Manual task,0.3809645473957062,0.7006900310516357
15,Campanella2024,Campanella2024:subject_07,Manual task,0.9074103832244873,0.8172924518585205
16,Campanella2024,Campanella2024:subject_07,Manual task,0.8975059986114502,0.5990955829620361
17,Campanella2024,Campanella2024:subject_07,Manual task,0.4208512008190155,0.3407100439071655
18,Campanella2024,Campanella2024:subject_07,Manual task,0.45037609338760376,0.38028576970100403
19,Campanella2024,Campanella2024:subject_07,Manual task,0.1423879861831665,0.6318197846412659
20,Campanella2024,Campanella2024:subject_07,Manual task,0.3553159236907959,0.8016807436943054
21,Campanella2024,Campanella2024:subject_07,Manual task,0.7508949041366577,0.8266426920890808
22,Campanella2024,Campanella2024:subject_07,Manual task,0.5474485754966736,0.23201969265937805
23,Campanella2024,Campanella2024:subject_07,Manual task,0.5304826498031616,0.8638249039649963
24,Campanella2024,Campanella2024:subject_07,Manual task,0.5765643119812012,0.5523570775985718
25,Campanella2024,Campanella2024:subject_07,Manual task,0.7662389278411865,0.9014145731925964
26,Campanella2024,Campanella2024:subject_07,Manual task,0.881013035774231,0.9481115937232971
27,Campanella2024,Campanella2024:subject_07,Stress,0.7812979221343994,0.29270973801612854
28,Campanella2024,Campanella2024:subject_07,Stress,0.6170873045921326,0.2933189570903778
29,Campanella2024,Campanella2024:subject_07,Stress,0.6864321231842041,0.28919824957847595
30,Campanella2024,Campanella2024:subject_07,Stress,0.6748913526535034,0.4050511121749878
0,Campanella2024,Campanella2024:subject_08,Baseline,0.795810878276825,0.9731606841087341
1,Campanella2024,Campanella2024:subject_08,Baseline,0.8473075032234192,0.9899028539657593
2,Campanella2024,Campanella2024:subject_08,Baseline,0.8102655410766602,0.9907912015914917
3,Campanella2024,Campanella2024:subject_08,Baseline,0.7788220047950745,0.9941694736480713
4,Campanella2024,Campanella2024:subject_08,Manual task,0.7867440581321716,0.9943282008171082
5,Campanella2024,Campanella2024:subject_08,Manual task,0.6523443460464478,0.30892226099967957
6,Campanella2024,Campanella2024:subject_08,Manual task,0.5307410359382629,0.01198284700512886
7,Campanella2024,Campanella2024:subject_08,Manual task,0.5545324087142944,0.12996970117092133
8,Campanella2024,Campanella2024:subject_08,Manual task,0.46356451511383057,0.1436372995376587
9,Campanella2024,Campanella2024:subject_08,Manual task,0.4513886272907257,0.7938944101333618
10,Campanella2024,Campanella2024:subject_08,Manual task,0.7650496363639832,0.9100210666656494
11,Campanella2024,Campanella2024:subject_08,Manual task,0.33858340978622437,0.636141300201416
12,Campanella2024,Campanella2024:subject_08,Manual task,0.23223765194416046,0.8412263989448547
13,Campanella2024,Campanella2024:subject_08,Manual task,0.3058350086212158,0.9004274606704712
14,Campanella2024,Campanella2024:subject_08,Manual task,0.1531173139810562,0.0606687031686306
15,Campanella2024,Campanella2024:subject_08,Manual task,0.16922737658023834,0.01516310777515173
16,Campanella2024,Campanella2024:subject_08,Manual task,0.13018512725830078,0.03250166028738022
17,Campanella2024,Campanella2024:subject_08,Manual task,0.14955708384513855,0.03767700493335724
18,Campanella2024,Campanella2024:subject_08,Manual task,0.15263085067272186,0.04258681833744049
19,Campanella2024,Campanella2024:subject_08,Manual task,0.18408465385437012,0.4647224247455597
20,Campanella2024,Campanella2024:subject_08,Manual task,0.1984550952911377,0.9707109928131104
21,Campanella2024,Campanella2024:subject_08,Manual task,0.47630199790000916,0.7917676568031311
22,Campanella2024,Campanella2024:subject_08,Manual task,0.28989845514297485,0.1956254094839096
23,Campanella2024,Campanella2024:subject_08,Manual task,0.39130911231040955,0.1281944364309311
24,Campanella2024,Campanella2024:subject_08,Manual task,0.3812315762042999,0.3796756863594055
25,Campanella2024,Campanella2024:subject_08,Manual task,0.7325984835624695,0.572746217250824
26,Campanella2024,Campanella2024:subject_08,Manual task,0.8359766006469727,0.7103075981140137
27,Campanella2024,Campanella2024:subject_08,Stress,0.9401862621307373,0.998389720916748
28,Campanella2024,Campanella2024:subject_08,Stress,0.6901401281356812,0.9081106781959534
29,Campanella2024,Campanella2024:subject_08,Stress,0.8654486536979675,0.9366020560264587
30,Campanella2024,Campanella2024:subject_08,Stress,0.9365718364715576,0.971450686454773
0,Campanella2024,Campanella2024:subject_09,Baseline,0.01576884090900421,0.007251712027937174
1,Campanella2024,Campanella2024:subject_09,Baseline,0.013620259240269661,0.011924254707992077
2,Campanella2024,Campanella2024:subject_09,Baseline,0.06635500490665436,0.009575159288942814
3,Campanella2024,Campanella2024:subject_09,Baseline,0.05344949662685394,0.008033297955989838
4,Campanella2024,Campanella2024:subject_09,Manual task,0.21403935551643372,0.020516879856586456
5,Campanella2024,Campanella2024:subject_09,Manual task,0.04530932754278183,0.04511072114109993
6,Campanella2024,Campanella2024:subject_09,Manual task,0.18322178721427917,0.02422669157385826
7,Campanella2024,Campanella2024:subject_09,Manual task,0.1242281049489975,0.007589119486510754
8,Campanella2024,Campanella2024:subject_09,Manual task,0.23525352776050568,0.026403699070215225
9,Campanella2024,Campanella2024:subject_09,Manual task,0.2850571870803833,0.004167621489614248
10,Campanella2024,Campanella2024:subject_09,Manual task,0.0895395427942276,0.7194247841835022
11,Campanella2024,Campanella2024:subject_09,Manual task,0.1262562870979309,0.4284721612930298
12,Campanella2024,Campanella2024:subject_09,Manual task,0.7141708135604858,0.04498846083879471
13,Campanella2024,Campanella2024:subject_09,Manual task,0.8450314998626709,0.10307293385267258
14,Campanella2024,Campanella2024:subject_09,Manual task,0.36340534687042236,0.21744029223918915
15,Campanella2024,Campanella2024:subject_09,Manual task,0.3047744929790497,0.07160656154155731
16,Campanella2024,Campanella2024:subject_09,Manual task,0.7545920610427856,0.540516197681427
17,Campanella2024,Campanella2024:subject_09,Manual task,0.3834073543548584,0.6336979269981384
18,Campanella2024,Campanella2024:subject_09,Manual task,0.6600182056427002,0.24974770843982697
19,Campanella2024,Campanella2024:subject_09,Manual task,0.9020057320594788,0.5626822113990784
20,Campanella2024,Campanella2024:subject_09,Manual task,0.9197994470596313,0.4875166416168213
21,Campanella2024,Campanella2024:subject_09,Manual task,0.8807730078697205,0.6231014728546143
22,Campanella2024,Campanella2024:subject_09,Manual task,0.8209695816040039,0.7390190958976746
23,Campanella2024,Campanella2024:subject_09,Manual task,0.8029744029045105,0.8339113593101501
24,Campanella2024,Campanella2024:subject_09,Manual task,0.31848692893981934,0.9662826657295227
25,Campanella2024,Campanella2024:subject_09,Manual task,0.7274574041366577,0.9925704598426819
26,Campanella2024,Campanella2024:subject_09,Manual task,0.34806063771247864,0.99481600522995
27,Campanella2024,Campanella2024:subject_09,Stress,0.5365009307861328,0.9854674339294434
28,Campanella2024,Campanella2024:subject_09,Stress,0.7561079859733582,0.9925314784049988
29,Campanella2024,Campanella2024:subject_09,Stress,0.7258557677268982,0.9953275918960571
30,Campanella2024,Campanella2024:subject_09,Stress,0.8347724080085754,0.9969161748886108
0,Campanella2024,Campanella2024:subject_10,Baseline,0.1300818771123886,0.0073936753906309605
1,Campanella2024,Campanella2024:subject_10,Baseline,0.21598079800605774,0.003330368548631668
2,Campanella2024,Campanella2024:subject_10,Baseline,0.14900459349155426,0.0034550975542515516
3,Campanella2024,Campanella2024:subject_10,Baseline,0.11771470308303833,0.002450270112603903
4,Campanella2024,Campanella2024:subject_10,Manual task,0.2577877938747406,0.012848934158682823
5,Campanella2024,Campanella2024:subject_10,Manual task,0.2943245768547058,0.014564006589353085
6,Campanella2024,Campanella2024:subject_10,Manual task,0.35276246070861816,0.02225661836564541
7,Campanella2024,Campanella2024:subject_10,Manual task,0.34131425619125366,0.026146382093429565
8,Campanella2024,Campanella2024:subject_10,Manual task,0.3984634578227997,0.025194436311721802
9,Campanella2024,Campanella2024:subject_10,Manual task,0.630461573600769,0.02193373441696167
10,Campanella2024,Campanella2024:subject_10,Manual task,0.8026365041732788,0.030296411365270615
11,Campanella2024,Campanella2024:subject_10,Manual task,0.7971044778823853,0.6461467742919922
12,Campanella2024,Campanella2024:subject_10,Manual task,0.7129858136177063,0.37545910477638245
13,Campanella2024,Campanella2024:subject_10,Manual task,0.8524847626686096,0.5305638909339905
14,Campanella2024,Campanella2024:subject_10,Manual task,0.9601815938949585,0.9963994026184082
15,Campanella2024,Campanella2024:subject_10,Manual task,0.9104709625244141,0.9964025020599365
16,Campanella2024,Campanella2024:subject_10,Manual task,0.8235946297645569,0.9964025020599365
17,Campanella2024,Campanella2024:subject_10,Manual task,0.8480650782585144,0.9962359070777893
18,Campanella2024,Campanella2024:subject_10,Manual task,0.8177661299705505,0.9962359070777893
19,Campanella2024,Campanella2024:subject_10,Manual task,0.2517869174480438,0.01143412571400404
20,Campanella2024,Campanella2024:subject_10,Manual task,0.2031204253435135,0.012848934158682823
21,Campanella2024,Campanella2024:subject_10,Manual task,0.24423526227474213,0.0036733378656208515
22,Campanella2024,Campanella2024:subject_10,Manual task,0.1630263775587082,0.003928429912775755
23,Campanella2024,Campanella2024:subject_10,Manual task,0.38673993945121765,0.003948631230741739
24,Campanella2024,Campanella2024:subject_10,Manual task,0.2869221866130829,0.0037165230605751276
25,Campanella2024,Campanella2024:subject_10,Manual task,0.5230096578598022,0.6918022036552429
26,Campanella2024,Campanella2024:subject_10,Manual task,0.5742581486701965,0.6214013695716858
27,Campanella2024,Campanella2024:subject_10,Stress,0.042967766523361206,0.0026668491773307323
28,Campanella2024,Campanella2024:subject_10,Stress,0.19778761267662048,0.002680171048268676
29,Campanella2024,Campanella2024:subject_10,Stress,0.22543175518512726,0.010486275888979435
30,Campanella2024,Campanella2024:subject_10,Stress,0.6082958579063416,0.03820379450917244
0,Campanella2024,Campanella2024:subject_11,Baseline,0.11255141347646713,0.003051195526495576
1,Campanella2024,Campanella2024:subject_11,Baseline,0.09397836029529572,0.0031675370410084724
2,Campanella2024,Campanella2024:subject_11,Baseline,0.16254837810993195,0.003694625571370125
3,Campanella2024,Campanella2024:subject_11,Baseline,0.17708039283752441,0.003051195526495576
4,Campanella2024,Campanella2024:subject_11,Manual task,0.21362993121147156,0.0036951906513422728
5,Campanella2024,Campanella2024:subject_11,Manual task,0.23205168545246124,0.58779376745224
6,Campanella2024,Campanella2024:subject_11,Manual task,0.5245054364204407,0.6513969898223877
7,Campanella2024,Campanella2024:subject_11,Manual task,0.8766942620277405,0.06300339847803116
8,Campanella2024,Campanella2024:subject_11,Manual task,0.2732734680175781,0.2723662555217743
9,Campanella2024,Campanella2024:subject_11,Manual task,0.3997464179992676,0.07008348405361176
10,Campanella2024,Campanella2024:subject_11,Manual task,0.307106077671051,0.0196356400847435
11,Campanella2024,Campanella2024:subject_11,Manual task,0.14582209289073944,0.16788439452648163
12,Campanella2024,Campanella2024:subject_11,Manual task,0.6158192157745361,0.05831833928823471
13,Campanella2024,Campanella2024:subject_11,Manual task,0.4946262538433075,0.09615970402956009
14,Campanella2024,Campanella2024:subject_11,Manual task,0.38269785046577454,0.08712128549814224
15,Campanella2024,Campanella2024:subject_11,Manual task,0.4577126204967499,0.03346220403909683
16,Campanella2024,Campanella2024:subject_11,Manual task,0.27246373891830444,0.09974995255470276
17,Campanella2024,Campanella2024:subject_11,Manual task,0.3130975663661957,0.3489503860473633
18,Campanella2024,Campanella2024:subject_11,Manual task,0.2547653615474701,0.05652651563286781
19,Campanella2024,Campanella2024:subject_11,Manual task,0.44838279485702515,0.2032422125339508
20,Campanella2024,Campanella2024:subject_11,Manual task,0.29760977625846863,0.07783828675746918
21,Campanella2024,Campanella2024:subject_11,Manual task,0.3786364793777466,0.23747135698795319
22,Campanella2024,Campanella2024:subject_11,Manual task,0.28509819507598877,0.24204327166080475
23,Campanella2024,Campanella2024:subject_11,Manual task,0.2706329822540283,0.5185116529464722
24,Campanella2024,Campanella2024:subject_11,Manual task,0.3811073303222656,0.17383038997650146
25,Campanella2024,Campanella2024:subject_11,Manual task,0.8379223942756653,0.996704638004303
26,Campanella2024,Campanella2024:subject_11,Manual task,0.8693936467170715,0.9971299767494202
27,Campanella2024,Campanella2024:subject_11,Stress,0.838427722454071,0.9118388891220093
28,Campanella2024,Campanella2024:subject_11,Stress,0.9409857988357544,0.9950149655342102
29,Campanella2024,Campanella2024:subject_11,Stress,0.9666547775268555,0.995173990726471
30,Campanella2024,Campanella2024:subject_11,Stress,0.888617992401123,0.9964274764060974
0,Campanella2024,Campanella2024:subject_12,Baseline,0.2507786452770233,0.0023417104966938496
1,Campanella2024,Campanella2024:subject_12,Baseline,0.29850947856903076,0.0023417104966938496
2,Campanella2024,Campanella2024:subject_12,Baseline,0.28165343403816223,0.0038767328951507807
3,Campanella2024,Campanella2024:subject_12,Baseline,0.27050966024398804,0.012691391631960869
4,Campanella2024,Campanella2024:subject_12,Manual task,0.19845466315746307,0.005252474453300238
5,Campanella2024,Campanella2024:subject_12,Manual task,0.1623721867799759,0.012116893194615841
6,Campanella2024,Campanella2024:subject_12,Manual task,0.17836472392082214,0.009410656057298183
7,Campanella2024,Campanella2024:subject_12,Manual task,0.16850458085536957,0.010296524502336979
8,Campanella2024,Campanella2024:subject_12,Manual task,0.16118046641349792,0.005252474453300238
9,Campanella2024,Campanella2024:subject_12,Manual task,0.18491685390472412,0.007637488655745983
10,Campanella2024,Campanella2024:subject_12,Manual task,0.19162262976169586,0.01274788286536932
11,Campanella2024,Campanella2024:subject_12,Manual task,0.8501061797142029,0.14503468573093414
12,Campanella2024,Campanella2024:subject_12,Manual task,0.9276794195175171,0.4230624735355377
13,Campanella2024,Campanella2024:subject_12,Manual task,0.7074311971664429,0.7625955939292908
14,Campanella2024,Campanella2024:subject_12,Manual task,0.9275063872337341,0.9250362515449524
15,Campanella2024,Campanella2024:subject_12,Manual task,0.928636372089386,0.9810839295387268
16,Campanella2024,Campanella2024:subject_12,Manual task,0.7984658479690552,0.8689104914665222
17,Campanella2024,Campanella2024:subject_12,Manual task,0.3874160349369049,0.04577261954545975
18,Campanella2024,Campanella2024:subject_12,Manual task,0.22050797939300537,0.028434641659259796
19,Campanella2024,Campanella2024:subject_12,Manual task,0.6228024363517761,0.06604689359664917
20,Campanella2024,Campanella2024:subject_12,Manual task,0.25355303287506104,0.30502864718437195
21,Campanella2024,Campanella2024:subject_12,Manual task,0.32437872886657715,0.38450074195861816
22,Campanella2024,Campanella2024:subject_12,Manual task,0.3111150562763214,0.25558459758758545
23,Campanella2024,Campanella2024:subject_12,Manual task,0.2464882731437683,0.2151048630475998
24,Campanella2024,Campanella2024:subject_12,Manual task,0.3569587469100952,0.6542361378669739
25,Campanella2024,Campanella2024:subject_12,Manual task,0.92268306016922,0.9957054257392883
26,Campanella2024,Campanella2024:subject_12,Manual task,0.92268306016922,0.9953410625457764
27,Campanella2024,Campanella2024:subject_12,Stress,0.8432747721672058,0.9550622701644897
28,Campanella2024,Campanella2024:subject_12,Stress,0.8603144884109497,0.9938097596168518
29,Campanella2024,Campanella2024:subject_12,Stress,0.9229844808578491,0.990755021572113
30,Campanella2024,Campanella2024:subject_12,Stress,0.5372876524925232,0.9915769100189209
0,Campanella2024,Campanella2024:subject_13,Baseline,0.2631783187389374,0.0037888253573328257
1,Campanella2024,Campanella2024:subject_13,Baseline,0.26213809847831726,0.004047917667776346
2,Campanella2024,Campanella2024:subject_13,Baseline,0.26213809847831726,0.004047917667776346
3,Campanella2024,Campanella2024:subject_13,Baseline,0.26213809847831726,0.004047917667776346
4,Campanella2024,Campanella2024:subject_13,Manual task,0.19699962437152863,0.002829070435836911
5,Campanella2024,Campanella2024:subject_13,Manual task,0.3625214099884033,0.002867387607693672
6,Campanella2024,Campanella2024:subject_13,Manual task,0.26949065923690796,0.002951219445094466
7,Campanella2024,Campanella2024:subject_13,Manual task,0.19590315222740173,0.01051221415400505
8,Campanella2024,Campanella2024:subject_13,Manual task,0.2744532525539398,0.3969671428203583
9,Campanella2024,Campanella2024:subject_13,Manual task,0.8928190469741821,0.3435988426208496
10,Campanella2024,Campanella2024:subject_13,Manual task,0.879429042339325,0.8885442614555359
11,Campanella2024,Campanella2024:subject_13,Manual task,0.44833165407180786,0.8818195462226868
12,Campanella2024,Campanella2024:subject_13,Manual task,0.7059623003005981,0.11135135591030121
13,Campanella2024,Campanella2024:subject_13,Manual task,0.8799911737442017,0.22412924468517303
14,Campanella2024,Campanella2024:subject_13,Manual task,0.7304346561431885,0.2655603587627411
15,Campanella2024,Campanella2024:subject_13,Manual task,0.6408451199531555,0.8552994728088379
16,Campanella2024,Campanella2024:subject_13,Manual task,0.7761192917823792,0.5804948210716248
17,Campanella2024,Campanella2024:subject_13,Manual task,0.746566653251648,0.3420562446117401
18,Campanella2024,Campanella2024:subject_13,Manual task,0.5000467300415039,0.6269662380218506
19,Campanella2024,Campanella2024:subject_13,Manual task,0.40588048100471497,0.2986370623111725
20,Campanella2024,Campanella2024:subject_13,Manual task,0.48045721650123596,0.38797393441200256
21,Campanella2024,Campanella2024:subject_13,Manual task,0.5393586754798889,0.7203344106674194
22,Campanella2024,Campanella2024:subject_13,Manual task,0.8443066477775574,0.2981172502040863
23,Campanella2024,Campanella2024:subject_13,Manual task,0.6640722155570984,0.3586364686489105
24,Campanella2024,Campanella2024:subject_13,Manual task,0.799428403377533,0.4561772048473358
25,Campanella2024,Campanella2024:subject_13,Manual task,0.7697272896766663,0.9048633575439453
26,Campanella2024,Campanella2024:subject_13,Manual task,0.8214625716209412,0.3063751459121704
27,Campanella2024,Campanella2024:subject_13,Stress,0.22544586658477783,0.7724610567092896
28,Campanella2024,Campanella2024:subject_13,Stress,0.47701790928840637,0.9795523285865784
29,Campanella2024,Campanella2024:subject_13,Stress,0.5663325786590576,0.9952942728996277
30,Campanella2024,Campanella2024:subject_13,Stress,0.4259037971496582,0.9900968074798584
0,Campanella2024,Campanella2024:subject_14,Baseline,0.05269557237625122,0.5215579867362976
1,Campanella2024,Campanella2024:subject_14,Baseline,0.04890085384249687,0.00920814834535122
2,Campanella2024,Campanella2024:subject_14,Baseline,0.10843510925769806,0.007169821765273809
3,Campanella2024,Campanella2024:subject_14,Baseline,0.04305735602974892,0.006961154751479626
4,Campanella2024,Campanella2024:subject_14,Manual task,0.9104622006416321,0.8822897672653198
5,Campanella2024,Campanella2024:subject_14,Manual task,0.5479322671890259,0.09728528559207916
6,Campanella2024,Campanella2024:subject_14,Manual task,0.8288331031799316,0.6661057472229004
7,Campanella2024,Campanella2024:subject_14,Manual task,0.5806179046630859,0.9283051490783691
8,Campanella2024,Campanella2024:subject_14,Manual task,0.2554970383644104,0.9216936826705933
9,Campanella2024,Campanella2024:subject_14,Manual task,0.5772068500518799,0.9551307559013367
10,Campanella2024,Campanella2024:subject_14,Manual task,0.16681253910064697,0.8727558255195618
11,Campanella2024,Campanella2024:subject_14,Manual task,0.2251913845539093,0.2596330940723419
12,Campanella2024,Campanella2024:subject_14,Manual task,0.31283918023109436,0.09837780147790909
13,Campanella2024,Campanella2024:subject_14,Manual task,0.5317337512969971,0.8135737180709839
14,Campanella2024,Campanella2024:subject_14,Manual task,0.2748780846595764,0.010409193113446236
15,Campanella2024,Campanella2024:subject_14,Manual task,0.4423087239265442,0.03901965543627739
16,Campanella2024,Campanella2024:subject_14,Manual task,0.7559289932250977,0.052168600261211395
17,Campanella2024,Campanella2024:subject_14,Manual task,0.4225258529186249,0.10695096105337143
18,Campanella2024,Campanella2024:subject_14,Manual task,0.24395360052585602,0.08914146572351456
19,Campanella2024,Campanella2024:subject_14,Manual task,0.112925224006176,0.009656289592385292
20,Campanella2024,Campanella2024:subject_14,Manual task,0.14182335138320923,0.012907671742141247
21,Campanella2024,Campanella2024:subject_14,Manual task,0.133883535861969,0.010448462329804897
22,Campanella2024,Campanella2024:subject_14,Manual task,0.1715630739927292,0.0061257099732756615
23,Campanella2024,Campanella2024:subject_14,Manual task,0.16739530861377716,0.012323923408985138
24,Campanella2024,Campanella2024:subject_14,Manual task,0.3687190115451813,0.005323491990566254
25,Campanella2024,Campanella2024:subject_14,Manual task,0.9660871624946594,0.8143171072006226
26,Campanella2024,Campanella2024:subject_14,Manual task,0.9469560980796814,0.99400794506073
27,Campanella2024,Campanella2024:subject_14,Stress,0.5072442293167114,0.9955883026123047
28,Campanella2024,Campanella2024:subject_14,Stress,0.26870933175086975,0.9936652183532715
29,Campanella2024,Campanella2024:subject_14,Stress,0.7678991556167603,0.9953451752662659
30,Campanella2024,Campanella2024:subject_14,Stress,0.20050281286239624,0.9942823648452759
0,Campanella2024,Campanella2024:subject_15,Baseline,0.18053382635116577,0.010816188529133797
1,Campanella2024,Campanella2024:subject_15,Baseline,0.1451566070318222,0.011145190335810184
2,Campanella2024,Campanella2024:subject_15,Baseline,0.16846345365047455,0.011145190335810184
3,Campanella2024,Campanella2024:subject_15,Baseline,0.12264454364776611,0.01263853907585144
4,Campanella2024,Campanella2024:subject_15,Manual task,0.1930137276649475,0.031026115640997887
5,Campanella2024,Campanella2024:subject_15,Manual task,0.08140940964221954,0.05235201120376587
6,Campanella2024,Campanella2024:subject_15,Manual task,0.07589303702116013,0.020714065060019493
7,Campanella2024,Campanella2024:subject_15,Manual task,0.2228749841451645,0.005524507723748684
8,Campanella2024,Campanella2024:subject_15,Manual task,0.21784567832946777,0.1330680251121521
9,Campanella2024,Campanella2024:subject_15,Manual task,0.24226349592208862,0.1330680251121521
10,Campanella2024,Campanella2024:subject_15,Manual task,0.23341909050941467,0.01098919752985239
11,Campanella2024,Campanella2024:subject_15,Manual task,0.08080712705850601,0.024632222950458527
12,Campanella2024,Campanella2024:subject_15,Manual task,0.09988375753164291,0.026517825201153755
13,Campanella2024,Campanella2024:subject_15,Manual task,0.23046614229679108,0.01098919752985239
14,Campanella2024,Campanella2024:subject_15,Manual task,0.23046614229679108,0.01098919752985239
15,Campanella2024,Campanella2024:subject_15,Manual task,0.34732767939567566,0.7676568031311035
16,Campanella2024,Campanella2024:subject_15,Manual task,0.4796142280101776,0.7097483277320862
17,Campanella2024,Campanella2024:subject_15,Manual task,0.3099053204059601,0.41093531250953674
18,Campanella2024,Campanella2024:subject_15,Manual task,0.337975412607193,0.5808327794075012
19,Campanella2024,Campanella2024:subject_15,Manual task,0.8255442976951599,0.46415817737579346
20,Campanella2024,Campanella2024:subject_15,Manual task,0.5546602010726929,0.950922966003418
21,Campanella2024,Campanella2024:subject_15,Manual task,0.8835364580154419,0.6963039636611938
22,Campanella2024,Campanella2024:subject_15,Manual task,0.7072917819023132,0.8806163668632507
23,Campanella2024,Campanella2024:subject_15,Manual task,0.6237090826034546,0.8481942415237427
24,Campanella2024,Campanella2024:subject_15,Manual task,0.5041120648384094,0.7726240754127502
25,Campanella2024,Campanella2024:subject_15,Manual task,0.8574742674827576,0.9968054294586182
26,Campanella2024,Campanella2024:subject_15,Manual task,0.940506637096405,0.9941653609275818
27,Campanella2024,Campanella2024:subject_15,Stress,0.6757023334503174,0.9679866433143616
28,Campanella2024,Campanella2024:subject_15,Stress,0.8583229184150696,0.9978929162025452
29,Campanella2024,Campanella2024:subject_15,Stress,0.9343471527099609,0.9949445128440857
30,Campanella2024,Campanella2024:subject_15,Stress,0.9806085228919983,0.9949445128440857
0,Campanella2024,Campanella2024:subject_16,Baseline,0.2619549036026001,0.20840486884117126
1,Campanella2024,Campanella2024:subject_16,Baseline,0.3462260365486145,0.02519124560058117
2,Campanella2024,Campanella2024:subject_16,Baseline,0.28081709146499634,0.017659867182374
3,Campanella2024,Campanella2024:subject_16,Baseline,0.5789242386817932,0.030149560421705246
4,Campanella2024,Campanella2024:subject_16,Manual task,0.33227384090423584,0.007840476930141449
5,Campanella2024,Campanella2024:subject_16,Manual task,0.40582406520843506,0.5271714329719543
6,Campanella2024,Campanella2024:subject_16,Manual task,0.7216071486473083,0.6484484672546387
7,Campanella2024,Campanella2024:subject_16,Manual task,0.719651460647583,0.2797103822231293
8,Campanella2024,Campanella2024:subject_16,Manual task,0.8089355230331421,0.059583596885204315
9,Campanella2024,Campanella2024:subject_16,Manual task,0.7021613121032715,0.3161761164665222
10,Campanella2024,Campanella2024:subject_16,Manual task,0.5930851697921753,0.14171765744686127
11,Campanella2024,Campanella2024:subject_16,Manual task,0.46601253747940063,0.010436544194817543
12,Campanella2024,Campanella2024:subject_16,Manual task,0.4611791968345642,0.058261122554540634
13,Campanella2024,Campanella2024:subject_16,Manual task,0.6049553155899048,0.8308640122413635
14,Campanella2024,Campanella2024:subject_16,Manual task,0.6765973567962646,0.47876936197280884
15,Campanella2024,Campanella2024:subject_16,Manual task,0.3669726848602295,0.25892373919487
16,Campanella2024,Campanella2024:subject_16,Manual task,0.40284526348114014,0.003916592337191105
17,Campanella2024,Campanella2024:subject_16,Manual task,0.20754553377628326,0.003623832017183304
18,Campanella2024,Campanella2024:subject_16,Manual task,0.13446447253227234,0.00925380364060402
19,Campanella2024,Campanella2024:subject_16,Manual task,0.417412132024765,0.04629527032375336
20,Campanella2024,Campanella2024:subject_16,Manual task,0.42411595582962036,0.061572130769491196
21,Campanella2024,Campanella2024:subject_16,Manual task,0.5013001561164856,0.3540398180484772
22,Campanella2024,Campanella2024:subject_16,Manual task,0.7159419059753418,0.11971539258956909
23,Campanella2024,Campanella2024:subject_16,Manual task,0.6912780404090881,0.19852980971336365
24,Campanella2024,Campanella2024:subject_16,Manual task,0.6975436210632324,0.23444630205631256
25,Campanella2024,Campanella2024:subject_16,Manual task,0.49377545714378357,0.6838907599449158
26,Campanella2024,Campanella2024:subject_16,Manual task,0.6768120527267456,0.37845924496650696
27,Campanella2024,Campanella2024:subject_16,Stress,0.6113777756690979,0.9831129908561707
28,Campanella2024,Campanella2024:subject_16,Stress,0.6113777756690979,0.9831129908561707
29,Campanella2024,Campanella2024:subject_16,Stress,0.6170703768730164,0.9593572020530701
0,Campanella2024,Campanella2024:subject_17,Baseline,0.4585135579109192,0.0068057263270020485
1,Campanella2024,Campanella2024:subject_17,Baseline,0.4028364419937134,0.03466031327843666
2,Campanella2024,Campanella2024:subject_17,Baseline,0.15941834449768066,0.008461246266961098
3,Campanella2024,Campanella2024:subject_17,Baseline,0.3421432375907898,0.0814782977104187
4,Campanella2024,Campanella2024:subject_17,Manual task,0.8811289072036743,0.30750417709350586
5,Campanella2024,Campanella2024:subject_17,Manual task,0.8165130019187927,0.6377975940704346
6,Campanella2024,Campanella2024:subject_17,Manual task,0.5259099006652832,0.26549121737480164
7,Campanella2024,Campanella2024:subject_17,Manual task,0.7061424255371094,0.16085603833198547
8,Campanella2024,Campanella2024:subject_17,Manual task,0.532216489315033,0.41270211338996887
9,Campanella2024,Campanella2024:subject_17,Manual task,0.307804137468338,0.34517520666122437
10,Campanella2024,Campanella2024:subject_17,Manual task,0.24546995759010315,0.19003327190876007
11,Campanella2024,Campanella2024:subject_17,Manual task,0.37623074650764465,0.7022008895874023
12,Campanella2024,Campanella2024:subject_17,Manual task,0.654725968837738,0.5962550044059753
13,Campanella2024,Campanella2024:subject_17,Manual task,0.3844955861568451,0.1559819132089615
14,Campanella2024,Campanella2024:subject_17,Manual task,0.1631506383419037,0.6001299619674683
15,Campanella2024,Campanella2024:subject_17,Manual task,0.18601402640342712,0.030557045713067055
16,Campanella2024,Campanella2024:subject_17,Manual task,0.1514781266450882,0.00748680392280221
17,Campanella2024,Campanella2024:subject_17,Manual task,0.13408923149108887,0.003958601970225573
18,Campanella2024,Campanella2024:subject_17,Manual task,0.1588287353515625,0.00400773249566555
19,Campanella2024,Campanella2024:subject_17,Manual task,0.3099098205566406,0.5002442002296448
20,Campanella2024,Campanella2024:subject_17,Manual task,0.41681480407714844,0.31319549679756165
21,Campanella2024,Campanella2024:subject_17,Manual task,0.7242358326911926,0.4104864299297333
22,Campanella2024,Campanella2024:subject_17,Manual task,0.3041480779647827,0.1061529815196991
23,Campanella2024,Campanella2024:subject_17,Manual task,0.30404186248779297,0.010546901263296604
24,Campanella2024,Campanella2024:subject_17,Manual task,0.43566566705703735,0.015658900141716003
25,Campanella2024,Campanella2024:subject_17,Manual task,0.9460296034812927,0.9114364981651306
26,Campanella2024,Campanella2024:subject_17,Manual task,0.9518636465072632,0.9101361036300659
27,Campanella2024,Campanella2024:subject_17,Stress,0.9120996594429016,0.9946537017822266
28,Campanella2024,Campanella2024:subject_17,Stress,0.9656815528869629,0.9946216344833374
29,Campanella2024,Campanella2024:subject_17,Stress,0.6404014229774475,0.9954448938369751
30,Campanella2024,Campanella2024:subject_17,Stress,0.8441390991210938,0.9949400424957275
0,Campanella2024,Campanella2024:subject_18,Baseline,0.12926872074604034,0.0050064800307154655
1,Campanella2024,Campanella2024:subject_18,Baseline,0.14866317808628082,0.006145890336483717
2,Campanella2024,Campanella2024:subject_18,Baseline,0.28435075283050537,0.005049319937825203
3,Campanella2024,Campanella2024:subject_18,Baseline,0.2956693470478058,0.10012809187173843
4,Campanella2024,Campanella2024:subject_18,Manual task,0.21014976501464844,0.14619611203670502
5,Campanella2024,Campanella2024:subject_18,Manual task,0.49502813816070557,0.031464479863643646
6,Campanella2024,Campanella2024:subject_18,Manual task,0.72591632604599,0.04625868424773216
7,Campanella2024,Campanella2024:subject_18,Manual task,0.6496713161468506,0.035142507404088974
8,Campanella2024,Campanella2024:subject_18,Manual task,0.4240056276321411,0.013338475488126278
9,Campanella2024,Campanella2024:subject_18,Manual task,0.25589627027511597,0.03508707135915756
10,Campanella2024,Campanella2024:subject_18,Manual task,0.32291069626808167,0.0062192026525735855
11,Campanella2024,Campanella2024:subject_18,Manual task,0.21323758363723755,0.004299241118133068
12,Campanella2024,Campanella2024:subject_18,Manual task,0.19122283160686493,0.004299241118133068
13,Campanella2024,Campanella2024:subject_18,Manual task,0.4514124393463135,0.41007691621780396
14,Campanella2024,Campanella2024:subject_18,Manual task,0.8951238989830017,0.16000571846961975
15,Campanella2024,Campanella2024:subject_18,Manual task,0.9012932181358337,0.994852602481842
16,Campanella2024,Campanella2024:subject_18,Manual task,0.9334039688110352,0.9949127435684204
17,Campanella2024,Campanella2024:subject_18,Manual task,0.9073882102966309,0.9965015649795532
18,Campanella2024,Campanella2024:subject_18,Manual task,0.6660172939300537,0.9910569190979004
19,Campanella2024,Campanella2024:subject_18,Manual task,0.5438389182090759,0.01405654102563858
20,Campanella2024,Campanella2024:subject_18,Manual task,0.08503015339374542,0.23182205855846405
21,Campanella2024,Campanella2024:subject_18,Manual task,0.351339727640152,0.03131449222564697
22,Campanella2024,Campanella2024:subject_18,Manual task,0.3642517924308777,0.14614707231521606
23,Campanella2024,Campanella2024:subject_18,Manual task,0.09863629192113876,0.037517622113227844
24,Campanella2024,Campanella2024:subject_18,Manual task,0.1189705953001976,0.05777474865317345
25,Campanella2024,Campanella2024:subject_18,Manual task,0.9759398698806763,0.9947603344917297
26,Campanella2024,Campanella2024:subject_18,Manual task,0.7769346237182617,0.994541347026825
27,Campanella2024,Campanella2024:subject_18,Stress,0.5108910799026489,0.031733132898807526
28,Campanella2024,Campanella2024:subject_18,Stress,0.604848325252533,0.03273339569568634
29,Campanella2024,Campanella2024:subject_18,Stress,0.7251946330070496,0.29674020409584045
0,Campanella2024,Campanella2024:subject_19,Baseline,0.15108716487884521,0.016070585697889328
1,Campanella2024,Campanella2024:subject_19,Baseline,0.07605631649494171,0.015368976630270481
2,Campanella2024,Campanella2024:subject_19,Baseline,0.11174138635396957,0.014419235289096832
3,Campanella2024,Campanella2024:subject_19,Baseline,0.25981631875038147,0.012740605510771275
4,Campanella2024,Campanella2024:subject_19,Manual task,0.16791631281375885,0.017911270260810852
5,Campanella2024,Campanella2024:subject_19,Manual task,0.2003341168165207,0.013536274433135986
6,Campanella2024,Campanella2024:subject_19,Manual task,0.18862445652484894,0.011441037990152836
7,Campanella2024,Campanella2024:subject_19,Manual task,0.19908110797405243,0.005121889524161816
8,Campanella2024,Campanella2024:subject_19,Manual task,0.19532492756843567,0.015048028901219368
9,Campanella2024,Campanella2024:subject_19,Manual task,0.20004352927207947,0.009895078837871552
10,Campanella2024,Campanella2024:subject_19,Manual task,0.20004352927207947,0.013536274433135986
11,Campanella2024,Campanella2024:subject_19,Manual task,0.1749204695224762,0.017759699374437332
12,Campanella2024,Campanella2024:subject_19,Manual task,0.17241144180297852,0.01341856736689806
13,Campanella2024,Campanella2024:subject_19,Manual task,0.0911315530538559,0.035714924335479736
14,Campanella2024,Campanella2024:subject_19,Manual task,0.29685887694358826,0.7641232013702393
15,Campanella2024,Campanella2024:subject_19,Manual task,0.6657421588897705,0.10002218931913376
16,Campanella2024,Campanella2024:subject_19,Manual task,0.154251366853714,0.5489120483398438
17,Campanella2024,Campanella2024:subject_19,Manual task,0.2838781476020813,0.35755762457847595
18,Campanella2024,Campanella2024:subject_19,Manual task,0.5206432938575745,0.04156631603837013
19,Campanella2024,Campanella2024:subject_19,Manual task,0.4828632175922394,0.02740878239274025
20,Campanella2024,Campanella2024:subject_19,Manual task,0.701309323310852,0.05736665800213814
21,Campanella2024,Campanella2024:subject_19,Manual task,0.5739352107048035,0.1364545375108719
22,Campanella2024,Campanella2024:subject_19,Manual task,0.5176833271980286,0.07970737665891647
23,Campanella2024,Campanella2024:subject_19,Manual task,0.8527880311012268,0.5189990997314453
24,Campanella2024,Campanella2024:subject_19,Manual task,0.9386914968490601,0.8574979305267334
25,Campanella2024,Campanella2024:subject_19,Manual task,0.9241698980331421,0.9936310648918152
26,Campanella2024,Campanella2024:subject_19,Manual task,0.9553650617599487,0.9943521022796631
27,Campanella2024,Campanella2024:subject_19,Stress,0.6840357780456543,0.051566362380981445
28,Campanella2024,Campanella2024:subject_19,Stress,0.8551579117774963,0.7927097678184509
29,Campanella2024,Campanella2024:subject_19,Stress,0.9074382781982422,0.9943907856941223
30,Campanella2024,Campanella2024:subject_19,Stress,0.9057545065879822,0.9926927089691162
0,Campanella2024,Campanella2024:subject_20,Baseline,0.06060337647795677,0.003330723149701953
1,Campanella2024,Campanella2024:subject_20,Baseline,0.04533661529421806,0.0033477796241641045
2,Campanella2024,Campanella2024:subject_20,Baseline,0.051994454115629196,0.009378124959766865
3,Campanella2024,Campanella2024:subject_20,Baseline,0.0645178034901619,0.010802182368934155
4,Campanella2024,Campanella2024:subject_20,Manual task,0.1382921040058136,0.006322672590613365
5,Campanella2024,Campanella2024:subject_20,Manual task,0.1360694169998169,0.020377257838845253
6,Campanella2024,Campanella2024:subject_20,Manual task,0.14033398032188416,0.017904503270983696
7,Campanella2024,Campanella2024:subject_20,Manual task,0.32828494906425476,0.4168960750102997
8,Campanella2024,Campanella2024:subject_20,Manual task,0.5964073538780212,0.4691854417324066
9,Campanella2024,Campanella2024:subject_20,Manual task,0.3813999891281128,0.8316530585289001
10,Campanella2024,Campanella2024:subject_20,Manual task,0.19594267010688782,0.3370800018310547
11,Campanella2024,Campanella2024:subject_20,Manual task,0.5435477495193481,0.23660166561603546
12,Campanella2024,Campanella2024:subject_20,Manual task,0.6733033061027527,0.033875856548547745
13,Campanella2024,Campanella2024:subject_20,Manual task,0.6098316311836243,0.05216451734304428
14,Campanella2024,Campanella2024:subject_20,Manual task,0.5291270017623901,0.021152058616280556
15,Campanella2024,Campanella2024:subject_20,Manual task,0.518673300743103,0.02761990763247013
16,Campanella2024,Campanella2024:subject_20,Manual task,0.7911224365234375,0.48308372497558594
17,Campanella2024,Campanella2024:subject_20,Manual task,0.7000464797019958,0.7499209046363831
18,Campanella2024,Campanella2024:subject_20,Manual task,0.28277653455734253,0.5762667059898376
19,Campanella2024,Campanella2024:subject_20,Manual task,0.7860761284828186,0.09972385317087173
20,Campanella2024,Campanella2024:subject_20,Manual task,0.6906855702400208,0.10072661191225052
21,Campanella2024,Campanella2024:subject_20,Manual task,0.612878680229187,0.23128074407577515
22,Campanella2024,Campanella2024:subject_20,Manual task,0.7130531668663025,0.31633883714675903
23,Campanella2024,Campanella2024:subject_20,Manual task,0.6112769246101379,0.5483196973800659
24,Campanella2024,Campanella2024:subject_20,Manual task,0.32377660274505615,0.8007619380950928
25,Campanella2024,Campanella2024:subject_20,Manual task,0.6843471527099609,0.974628746509552
26,Campanella2024,Campanella2024:subject_20,Manual task,0.4455394446849823,0.9914610385894775
27,Campanella2024,Campanella2024:subject_20,Stress,0.7471861839294434,0.9930059909820557
28,Campanella2024,Campanella2024:subject_20,Stress,0.8371291160583496,0.990974485874176
29,Campanella2024,Campanella2024:subject_20,Stress,0.8115769624710083,0.9908891320228577
30,Campanella2024,Campanella2024:subject_20,Stress,0.7947791814804077,0.9953479170799255
0,Campanella2024,Campanella2024:subject_21,Baseline,0.20971854031085968,0.004607813432812691
1,Campanella2024,Campanella2024:subject_21,Baseline,0.1891402006149292,0.004719813819974661
2,Campanella2024,Campanella2024:subject_21,Baseline,0.12386945635080338,0.004008016083389521
3,Campanella2024,Campanella2024:subject_21,Baseline,0.08661175519227982,0.003366033546626568
4,Campanella2024,Campanella2024:subject_21,Manual task,0.43953338265419006,0.6315618753433228
5,Campanella2024,Campanella2024:subject_21,Manual task,0.5908070206642151,0.202989861369133
6,Campanella2024,Campanella2024:subject_21,Manual task,0.40908360481262207,0.14755113422870636
7,Campanella2024,Campanella2024:subject_21,Manual task,0.3759845793247223,0.09203489124774933
8,Campanella2024,Campanella2024:subject_21,Manual task,0.2693682312965393,0.5559312105178833
9,Campanella2024,Campanella2024:subject_21,Manual task,0.13155193626880646,0.2405950427055359
10,Campanella2024,Campanella2024:subject_21,Manual task,0.1804240196943283,0.05674271658062935
11,Campanella2024,Campanella2024:subject_21,Manual task,0.21468564867973328,0.319502055644989
12,Campanella2024,Campanella2024:subject_21,Manual task,0.252811998128891,0.2078951746225357
13,Campanella2024,Campanella2024:subject_21,Manual task,0.4025714695453644,0.40960144996643066
14,Campanella2024,Campanella2024:subject_21,Manual task,0.4308876693248749,0.021943842992186546
15,Campanella2024,Campanella2024:subject_21,Manual task,0.5495328903198242,0.243424192070961
16,Campanella2024,Campanella2024:subject_21,Manual task,0.6926044225692749,0.0448249876499176
17,Campanella2024,Campanella2024:subject_21,Manual task,0.2892134487628937,0.032137431204319
18,Campanella2024,Campanella2024:subject_21,Manual task,0.3080374300479889,0.01577058807015419
19,Campanella2024,Campanella2024:subject_21,Manual task,0.6012445092201233,0.1001100018620491
20,Campanella2024,Campanella2024:subject_21,Manual task,0.6309325098991394,0.08718451857566833
21,Campanella2024,Campanella2024:subject_21,Manual task,0.5981365442276001,0.09678412973880768
22,Campanella2024,Campanella2024:subject_21,Manual task,0.5429081320762634,0.16350604593753815
23,Campanella2024,Campanella2024:subject_21,Manual task,0.37740451097488403,0.5379419326782227
24,Campanella2024,Campanella2024:subject_21,Manual task,0.604173481464386,0.14640815556049347
25,Campanella2024,Campanella2024:subject_21,Manual task,0.9562658667564392,0.9952066540718079
26,Campanella2024,Campanella2024:subject_21,Manual task,0.9490921497344971,0.9952066540718079
27,Campanella2024,Campanella2024:subject_21,Stress,0.670195996761322,0.9615509510040283
28,Campanella2024,Campanella2024:subject_21,Stress,0.5463312864303589,0.9965586066246033
29,Campanella2024,Campanella2024:subject_21,Stress,0.9612859487533569,0.9967241883277893
30,Campanella2024,Campanella2024:subject_21,Stress,0.9864561557769775,0.9961712956428528
0,Campanella2024,Campanella2024:subject_22,Baseline,0.09359000623226166,0.003032917622476816
1,Campanella2024,Campanella2024:subject_22,Baseline,0.042508166283369064,0.003032917622476816
2,Campanella2024,Campanella2024:subject_22,Baseline,0.06645144522190094,0.0019881129264831543
3,Campanella2024,Campanella2024:subject_22,Baseline,0.09840245544910431,0.001436122227460146
4,Campanella2024,Campanella2024:subject_22,Manual task,0.3687230944633484,0.8557877540588379
5,Campanella2024,Campanella2024:subject_22,Manual task,0.2130061239004135,0.39472150802612305
6,Campanella2024,Campanella2024:subject_22,Manual task,0.33476898074150085,0.0971144512295723
7,Campanella2024,Campanella2024:subject_22,Manual task,0.5647546052932739,0.12140028178691864
8,Campanella2024,Campanella2024:subject_22,Manual task,0.7795347571372986,0.18974405527114868
9,Campanella2024,Campanella2024:subject_22,Manual task,0.9370020031929016,0.2728164494037628
10,Campanella2024,Campanella2024:subject_22,Manual task,0.8887841701507568,0.14568689465522766
11,Campanella2024,Campanella2024:subject_22,Manual task,0.7682934403419495,0.09041794389486313
12,Campanella2024,Campanella2024:subject_22,Manual task,0.6051369309425354,0.18259958922863007
13,Campanella2024,Campanella2024:subject_22,Manual task,0.7600734233856201,0.661858856678009
14,Campanella2024,Campanella2024:subject_22,Manual task,0.7242108583450317,0.6569135189056396
15,Campanella2024,Campanella2024:subject_22,Manual task,0.687163770198822,0.6005226373672485
16,Campanella2024,Campanella2024:subject_22,Manual task,0.8771474361419678,0.40658074617385864
17,Campanella2024,Campanella2024:subject_22,Manual task,0.8523891568183899,0.24597160518169403
18,Campanella2024,Campanella2024:subject_22,Manual task,0.8440486788749695,0.9680964350700378
19,Campanella2024,Campanella2024:subject_22,Manual task,0.3630317449569702,0.5451239347457886
20,Campanella2024,Campanella2024:subject_22,Manual task,0.42624759674072266,0.47833937406539917
21,Campanella2024,Campanella2024:subject_22,Manual task,0.33430442214012146,0.22618168592453003
22,Campanella2024,Campanella2024:subject_22,Manual task,0.4107005000114441,0.34272661805152893
23,Campanella2024,Campanella2024:subject_22,Manual task,0.840584397315979,0.1092992052435875
24,Campanella2024,Campanella2024:subject_22,Manual task,0.9024239182472229,0.27884024381637573
25,Campanella2024,Campanella2024:subject_22,Manual task,0.953482985496521,0.9955049157142639
26,Campanella2024,Campanella2024:subject_22,Manual task,0.6289300322532654,0.9942968487739563
27,Campanella2024,Campanella2024:subject_22,Stress,0.591913640499115,0.42883750796318054
28,Campanella2024,Campanella2024:subject_22,Stress,0.7854925394058228,0.7495251893997192
29,Campanella2024,Campanella2024:subject_22,Stress,0.7623929381370544,0.8911842703819275
0,Campanella2024,Campanella2024:subject_23,Baseline,0.8172908425331116,0.8866311311721802
1,Campanella2024,Campanella2024:subject_23,Baseline,0.8060942888259888,0.9233960509300232
2,Campanella2024,Campanella2024:subject_23,Baseline,0.6778584122657776,0.4027000963687897
3,Campanella2024,Campanella2024:subject_23,Baseline,0.6198759078979492,0.9504247903823853
4,Campanella2024,Campanella2024:subject_23,Manual task,0.8226969242095947,0.9828118681907654
5,Campanella2024,Campanella2024:subject_23,Manual task,0.7798429131507874,0.7741327881813049
6,Campanella2024,Campanella2024:subject_23,Manual task,0.6329574584960938,0.0443890281021595
7,Campanella2024,Campanella2024:subject_23,Manual task,0.5450160503387451,0.19740310311317444
8,Campanella2024,Campanella2024:subject_23,Manual task,0.6470575332641602,0.4864181578159332
9,Campanella2024,Campanella2024:subject_23,Manual task,0.5425388216972351,0.24088837206363678
10,Campanella2024,Campanella2024:subject_23,Manual task,0.32791829109191895,0.33983924984931946
11,Campanella2024,Campanella2024:subject_23,Manual task,0.31211841106414795,0.02222890406847
12,Campanella2024,Campanella2024:subject_23,Manual task,0.19957628846168518,0.005056451540440321
13,Campanella2024,Campanella2024:subject_23,Manual task,0.18027740716934204,0.007576452102512121
14,Campanella2024,Campanella2024:subject_23,Manual task,0.28248560428619385,0.00514840567484498
15,Campanella2024,Campanella2024:subject_23,Manual task,0.29175707697868347,0.00514840567484498
16,Campanella2024,Campanella2024:subject_23,Manual task,0.218905970454216,0.011220162734389305
17,Campanella2024,Campanella2024:subject_23,Manual task,0.1813613623380661,0.013245861977338791
18,Campanella2024,Campanella2024:subject_23,Manual task,0.29374977946281433,0.008151683025062084
19,Campanella2024,Campanella2024:subject_23,Manual task,0.1773611456155777,0.8958296775817871
20,Campanella2024,Campanella2024:subject_23,Manual task,0.26052168011665344,0.2011612206697464
21,Campanella2024,Campanella2024:subject_23,Manual task,0.22653667628765106,0.20795445144176483
22,Campanella2024,Campanella2024:subject_23,Manual task,0.5497125387191772,0.04658307507634163
23,Campanella2024,Campanella2024:subject_23,Manual task,0.074181467294693,0.03552641347050667
24,Campanella2024,Campanella2024:subject_23,Manual task,0.03460395708680153,0.008685464970767498
25,Campanella2024,Campanella2024:subject_23,Manual task,0.8806136846542358,0.9001427888870239
26,Campanella2024,Campanella2024:subject_23,Manual task,0.724382758140564,0.9966451525688171
27,Campanella2024,Campanella2024:subject_23,Stress,0.934436023235321,0.9953191876411438
0,Campanella2024,Campanella2024:subject_24,Baseline,0.08056208491325378,0.005816343706101179
1,Campanella2024,Campanella2024:subject_24,Baseline,0.0922982394695282,0.024375637993216515
2,Campanella2024,Campanella2024:subject_24,Baseline,0.11867136508226395,0.025953710079193115
3,Campanella2024,Campanella2024:subject_24,Baseline,0.16010816395282745,0.028117848560214043
4,Campanella2024,Campanella2024:subject_24,Manual task,0.1743234395980835,0.15268859267234802
5,Campanella2024,Campanella2024:subject_24,Manual task,0.18967193365097046,0.0031418411526829004
6,Campanella2024,Campanella2024:subject_24,Manual task,0.2781917452812195,0.010712560266256332
7,Campanella2024,Campanella2024:subject_24,Manual task,0.5930021405220032,0.2113490104675293
8,Campanella2024,Campanella2024:subject_24,Manual task,0.7271296381950378,0.3531326353549957
9,Campanella2024,Campanella2024:subject_24,Manual task,0.6431040167808533,0.05182083696126938
10,Campanella2024,Campanella2024:subject_24,Manual task,0.2742917537689209,0.04922977834939957
11,Campanella2024,Campanella2024:subject_24,Manual task,0.257815957069397,0.05066177248954773
12,Campanella2024,Campanella2024:subject_24,Manual task,0.20280274748802185,0.4899226129055023
13,Campanella2024,Campanella2024:subject_24,Manual task,0.22171293199062347,0.8932167887687683
14,Campanella2024,Campanella2024:subject_24,Manual task,0.20177626609802246,0.8450554013252258
15,Campanella2024,Campanella2024:subject_24,Manual task,0.1215355172753334,0.46656274795532227
16,Campanella2024,Campanella2024:subject_24,Manual task,0.10121973603963852,0.626404881477356
17,Campanella2024,Campanella2024:subject_24,Manual task,0.34841060638427734,0.0854707583785057
18,Campanella2024,Campanella2024:subject_24,Manual task,0.13943690061569214,0.10783814638853073
19,Campanella2024,Campanella2024:subject_24,Manual task,0.4463370144367218,0.47875022888183594
20,Campanella2024,Campanella2024:subject_24,Manual task,0.40095460414886475,0.7129289507865906
21,Campanella2024,Campanella2024:subject_24,Manual task,0.49626222252845764,0.8180124163627625
22,Campanella2024,Campanella2024:subject_24,Manual task,0.5843916535377502,0.20066657662391663
23,Campanella2024,Campanella2024:subject_24,Manual task,0.7880187034606934,0.40040186047554016
24,Campanella2024,Campanella2024:subject_24,Manual task,0.5732229948043823,0.3523397743701935
25,Campanella2024,Campanella2024:subject_24,Manual task,0.8781731724739075,0.9971801042556763
26,Campanella2024,Campanella2024:subject_24,Manual task,0.8385162353515625,0.995934009552002
27,Campanella2024,Campanella2024:subject_24,Stress,0.8809350728988647,0.9949048757553101
28,Campanella2024,Campanella2024:subject_24,Stress,0.9236871600151062,0.9961761236190796
0,Campanella2024,Campanella2024:subject_25,Baseline,0.019685590639710426,0.007268800400197506
1,Campanella2024,Campanella2024:subject_25,Baseline,0.019671300426125526,0.007048036903142929
2,Campanella2024,Campanella2024:subject_25,Baseline,0.01936153881251812,0.004447345156222582
3,Campanella2024,Campanella2024:subject_25,Baseline,0.015026839450001717,0.015419824980199337
4,Campanella2024,Campanella2024:subject_25,Manual task,0.7998039126396179,0.09479149430990219
5,Campanella2024,Campanella2024:subject_25,Manual task,0.7382252216339111,0.143416628241539
6,Campanella2024,Campanella2024:subject_25,Manual task,0.307216614484787,0.35528624057769775
7,Campanella2024,Campanella2024:subject_25,Manual task,0.39287620782852173,0.0510065034031868
8,Campanella2024,Campanella2024:subject_25,Manual task,0.27121058106422424,0.3138360381126404
9,Campanella2024,Campanella2024:subject_25,Manual task,0.6830288767814636,0.27506744861602783
10,Campanella2024,Campanella2024:subject_25,Manual task,0.6518445014953613,0.2245878130197525
11,Campanella2024,Campanella2024:subject_25,Manual task,0.8477286100387573,0.28026866912841797
12,Campanella2024,Campanella2024:subject_25,Manual task,0.5576497316360474,0.5507447719573975
13,Campanella2024,Campanella2024:subject_25,Manual task,0.41729971766471863,0.5367798805236816
14,Campanella2024,Campanella2024:subject_25,Manual task,0.46345317363739014,0.033938657492399216
15,Campanella2024,Campanella2024:subject_25,Manual task,0.4224146008491516,0.059437524527311325
16,Campanella2024,Campanella2024:subject_25,Manual task,0.6800094246864319,0.0687989741563797
17,Campanella2024,Campanella2024:subject_25,Manual task,0.43701472878456116,0.04444285109639168
18,Campanella2024,Campanella2024:subject_25,Manual task,0.3347926735877991,0.49325835704803467
19,Campanella2024,Campanella2024:subject_25,Manual task,0.7049040794372559,0.2439306229352951
20,Campanella2024,Campanella2024:subject_25,Manual task,0.8882757425308228,0.6834127306938171
21,Campanella2024,Campanella2024:subject_25,Manual task,0.8575890064239502,0.819187581539154
22,Campanella2024,Campanella2024:subject_25,Manual task,0.20519186556339264,0.4178399443626404
23,Campanella2024,Campanella2024:subject_25,Manual task,0.6888940334320068,0.17216262221336365
24,Campanella2024,Campanella2024:subject_25,Manual task,0.7543194890022278,0.24616846442222595
25,Campanella2024,Campanella2024:subject_25,Manual task,0.8082283735275269,0.9911497831344604
26,Campanella2024,Campanella2024:subject_25,Manual task,0.9097157120704651,0.9930104613304138
27,Campanella2024,Campanella2024:subject_25,Stress,0.815572202205658,0.9940273761749268
28,Campanella2024,Campanella2024:subject_25,Stress,0.5312684178352356,0.9929096102714539
29,Campanella2024,Campanella2024:subject_25,Stress,0.333638995885849,0.9874163269996643
30,Campanella2024,Campanella2024:subject_25,Stress,0.4116164445877075,0.9936709403991699
0,Campanella2024,Campanella2024:subject_26,Baseline,0.8415504097938538,0.9050522446632385
1,Campanella2024,Campanella2024:subject_26,Baseline,0.9375178813934326,0.9670520424842834
2,Campanella2024,Campanella2024:subject_26,Baseline,0.5159167647361755,0.9820627570152283
3,Campanella2024,Campanella2024:subject_26,Baseline,0.4665932357311249,0.9826498031616211
4,Campanella2024,Campanella2024:subject_26,Manual task,0.6737704277038574,0.9824573397636414
5,Campanella2024,Campanella2024:subject_26,Manual task,0.34383392333984375,0.9862414598464966
6,Campanella2024,Campanella2024:subject_26,Manual task,0.34797975420951843,0.35280653834342957
7,Campanella2024,Campanella2024:subject_26,Manual task,0.3815734386444092,0.156400665640831
8,Campanella2024,Campanella2024:subject_26,Manual task,0.614084005355835,0.2413390576839447
9,Campanella2024,Campanella2024:subject_26,Manual task,0.0957009345293045,0.15437133610248566
10,Campanella2024,Campanella2024:subject_26,Manual task,0.27141010761260986,0.3495665192604065
11,Campanella2024,Campanella2024:subject_26,Manual task,0.28296801447868347,0.015183286741375923
12,Campanella2024,Campanella2024:subject_26,Manual task,0.3389071226119995,0.016365285962820053
13,Campanella2024,Campanella2024:subject_26,Manual task,0.23976510763168335,0.009802432730793953
14,Campanella2024,Campanella2024:subject_26,Manual task,0.1927490383386612,0.011938133276998997
15,Campanella2024,Campanella2024:subject_26,Manual task,0.0830913707613945,0.015502178110182285
16,Campanella2024,Campanella2024:subject_26,Manual task,0.10532280802726746,0.02299831062555313
17,Campanella2024,Campanella2024:subject_26,Manual task,0.283540815114975,0.00783875584602356
18,Campanella2024,Campanella2024:subject_26,Manual task,0.14064998924732208,0.015400919131934643
19,Campanella2024,Campanella2024:subject_26,Manual task,0.2237936109304428,0.012956158258020878
20,Campanella2024,Campanella2024:subject_26,Manual task,0.19139760732650757,0.014093125239014626
21,Campanella2024,Campanella2024:subject_26,Manual task,0.047841716557741165,0.008926697075366974
22,Campanella2024,Campanella2024:subject_26,Manual task,0.3672392964363098,0.6332799792289734
23,Campanella2024,Campanella2024:subject_26,Manual task,0.15819640457630157,0.6802237033843994
24,Campanella2024,Campanella2024:subject_26,Manual task,0.1026633232831955,0.3395352363586426
25,Campanella2024,Campanella2024:subject_26,Manual task,0.9694669246673584,0.985980749130249
26,Campanella2024,Campanella2024:subject_26,Manual task,0.7188012003898621,0.9822930693626404
27,Campanella2024,Campanella2024:subject_26,Stress,0.959937334060669,0.9948174357414246
28,Campanella2024,Campanella2024:subject_26,Stress,0.9309196472167969,0.9956576824188232
29,Campanella2024,Campanella2024:subject_26,Stress,0.7634114027023315,0.995928943157196
30,Campanella2024,Campanella2024:subject_26,Stress,0.6481053233146667,0.9957821369171143
0,Campanella2024,Campanella2024:subject_27,Baseline,0.1495545208454132,0.6715781688690186
1,Campanella2024,Campanella2024:subject_27,Baseline,0.2400720715522766,0.7198984622955322
2,Campanella2024,Campanella2024:subject_27,Baseline,0.23649545013904572,0.715322732925415
3,Campanella2024,Campanella2024:subject_27,Baseline,0.2588348984718323,0.7871493101119995
4,Campanella2024,Campanella2024:subject_27,Manual task,0.5493394136428833,0.19940824806690216
5,Campanella2024,Campanella2024:subject_27,Manual task,0.5856131315231323,0.19940824806690216
6,Campanella2024,Campanella2024:subject_27,Manual task,0.2615772783756256,0.6873234510421753
7,Campanella2024,Campanella2024:subject_27,Manual task,0.3823015093803406,0.12628315389156342
8,Campanella2024,Campanella2024:subject_27,Manual task,0.28142496943473816,0.34841597080230713
9,Campanella2024,Campanella2024:subject_27,Manual task,0.3623916804790497,0.19069667160511017
10,Campanella2024,Campanella2024:subject_27,Manual task,0.2809077799320221,0.08724026381969452
11,Campanella2024,Campanella2024:subject_27,Manual task,0.3271018862724304,0.8445619940757751
12,Campanella2024,Campanella2024:subject_27,Manual task,0.25897470116615295,0.7424861192703247
13,Campanella2024,Campanella2024:subject_27,Manual task,0.225420743227005,0.669040858745575
14,Campanella2024,Campanella2024:subject_27,Manual task,0.19607479870319366,0.7319860458374023
15,Campanella2024,Campanella2024:subject_27,Manual task,0.0898522138595581,0.9037098288536072
16,Campanella2024,Campanella2024:subject_27,Manual task,0.2200566828250885,0.669040858745575
17,Campanella2024,Campanella2024:subject_27,Manual task,0.2437448799610138,0.3041779100894928
18,Campanella2024,Campanella2024:subject_27,Manual task,0.3302084803581238,0.1779148280620575
19,Campanella2024,Campanella2024:subject_27,Manual task,0.3520422577857971,0.2560679614543915
20,Campanella2024,Campanella2024:subject_27,Manual task,0.30924171209335327,0.2560679614543915
21,Campanella2024,Campanella2024:subject_27,Manual task,0.25308865308761597,0.8418807983398438
22,Campanella2024,Campanella2024:subject_27,Manual task,0.2909773588180542,0.2545943260192871
23,Campanella2024,Campanella2024:subject_27,Manual task,0.24874573945999146,0.44278332591056824
24,Campanella2024,Campanella2024:subject_27,Manual task,0.20120678842067719,0.7965726852416992
25,Campanella2024,Campanella2024:subject_27,Manual task,0.9454118609428406,0.8632611632347107
26,Campanella2024,Campanella2024:subject_27,Manual task,0.8801977634429932,0.9960651993751526
27,Campanella2024,Campanella2024:subject_27,Stress,0.9449318647384644,0.9946956038475037
28,Campanella2024,Campanella2024:subject_27,Stress,0.9497398138046265,0.9953734278678894
29,Campanella2024,Campanella2024:subject_27,Stress,0.5629456639289856,0.9937731623649597
0,Campanella2024,Campanella2024:subject_28,Baseline,0.5652251839637756,0.8184661269187927
1,Campanella2024,Campanella2024:subject_28,Baseline,0.693871021270752,0.5936869382858276
2,Campanella2024,Campanella2024:subject_28,Baseline,0.6568500399589539,0.417324423789978
3,Campanella2024,Campanella2024:subject_28,Baseline,0.3855922222137451,0.3037727177143097
4,Campanella2024,Campanella2024:subject_28,Manual task,0.5173403024673462,0.919277012348175
5,Campanella2024,Campanella2024:subject_28,Manual task,0.19990666210651398,0.8223942518234253
6,Campanella2024,Campanella2024:subject_28,Manual task,0.27977004647254944,0.4036412537097931
7,Campanella2024,Campanella2024:subject_28,Manual task,0.1999080926179886,0.4269017279148102
8,Campanella2024,Campanella2024:subject_28,Manual task,0.4351532757282257,0.2553245425224304
9,Campanella2024,Campanella2024:subject_28,Manual task,0.3857041299343109,0.5391831994056702
10,Campanella2024,Campanella2024:subject_28,Manual task,0.43092769384384155,0.08179636299610138
11,Campanella2024,Campanella2024:subject_28,Manual task,0.10336560755968094,0.019839849323034286
12,Campanella2024,Campanella2024:subject_28,Manual task,0.32644712924957275,0.024240966886281967
13,Campanella2024,Campanella2024:subject_28,Manual task,0.6834742426872253,0.1636165976524353
14,Campanella2024,Campanella2024:subject_28,Manual task,0.3352298140525818,0.20123246312141418
15,Campanella2024,Campanella2024:subject_28,Manual task,0.5295846462249756,0.008581927046179771
16,Campanella2024,Campanella2024:subject_28,Manual task,0.4745619595050812,0.7613011598587036
17,Campanella2024,Campanella2024:subject_28,Manual task,0.5780110359191895,0.05471879988908768
18,Campanella2024,Campanella2024:subject_28,Manual task,0.5164273381233215,0.1131177619099617
19,Campanella2024,Campanella2024:subject_28,Manual task,0.37988361716270447,0.02195402793586254
20,Campanella2024,Campanella2024:subject_28,Manual task,0.33771926164627075,0.02553367055952549
21,Campanella2024,Campanella2024:subject_28,Manual task,0.11094927787780762,0.023053351789712906
22,Campanella2024,Campanella2024:subject_28,Manual task,0.3648741543292999,0.00620874622836709
23,Campanella2024,Campanella2024:subject_28,Manual task,0.7319958209991455,0.04939035326242447
24,Campanella2024,Campanella2024:subject_28,Manual task,0.7410163879394531,0.05191633850336075
25,Campanella2024,Campanella2024:subject_28,Manual task,0.8032312393188477,0.21879424154758453
26,Campanella2024,Campanella2024:subject_28,Manual task,0.7089309096336365,0.1421334147453308
27,Campanella2024,Campanella2024:subject_28,Stress,0.8625088930130005,0.9933242201805115
28,Campanella2024,Campanella2024:subject_28,Stress,0.6529364585876465,0.9894009232521057
29,Campanella2024,Campanella2024:subject_28,Stress,0.46239590644836426,0.988944411277771
30,Campanella2024,Campanella2024:subject_28,Stress,0.6243518590927124,0.9912542700767517
0,Campanella2024,Campanella2024:subject_29,Baseline,0.24196122586727142,0.014516595751047134
1,Campanella2024,Campanella2024:subject_29,Baseline,0.15606597065925598,0.03125555440783501
2,Campanella2024,Campanella2024:subject_29,Baseline,0.25942283868789673,0.015896080061793327
3,Campanella2024,Campanella2024:subject_29,Baseline,0.10436087101697922,0.004027651157230139
4,Campanella2024,Campanella2024:subject_29,Manual task,0.214830219745636,0.22194024920463562
5,Campanella2024,Campanella2024:subject_29,Manual task,0.3735501766204834,0.33788520097732544
6,Campanella2024,Campanella2024:subject_29,Manual task,0.8024842739105225,0.11652729660272598
7,Campanella2024,Campanella2024:subject_29,Manual task,0.539799153804779,0.08925522118806839
8,Campanella2024,Campanella2024:subject_29,Manual task,0.6475340723991394,0.21520490944385529
9,Campanella2024,Campanella2024:subject_29,Manual task,0.7455012798309326,0.05867419391870499
10,Campanella2024,Campanella2024:subject_29,Manual task,0.7320950627326965,0.05896829068660736
11,Campanella2024,Campanella2024:subject_29,Manual task,0.542188286781311,0.6253138780593872
12,Campanella2024,Campanella2024:subject_29,Manual task,0.43767523765563965,0.334778755903244
13,Campanella2024,Campanella2024:subject_29,Manual task,0.3197597563266754,0.4846079349517822
14,Campanella2024,Campanella2024:subject_29,Manual task,0.18749642372131348,0.03628792241215706
15,Campanella2024,Campanella2024:subject_29,Manual task,0.16927164793014526,0.08740633726119995
16,Campanella2024,Campanella2024:subject_29,Manual task,0.19195887446403503,0.004330846015363932
17,Campanella2024,Campanella2024:subject_29,Manual task,0.14174975454807281,0.008463283069431782
18,Campanella2024,Campanella2024:subject_29,Manual task,0.19660605490207672,0.010803746990859509
19,Campanella2024,Campanella2024:subject_29,Manual task,0.4730125963687897,0.03919544816017151
20,Campanella2024,Campanella2024:subject_29,Manual task,0.4658324718475342,0.06721428036689758
21,Campanella2024,Campanella2024:subject_29,Manual task,0.4029572606086731,0.134274423122406
22,Campanella2024,Campanella2024:subject_29,Manual task,0.21780896186828613,0.31163090467453003
23,Campanella2024,Campanella2024:subject_29,Manual task,0.20710597932338715,0.014279658906161785
24,Campanella2024,Campanella2024:subject_29,Manual task,0.22396664321422577,0.01578398421406746
25,Campanella2024,Campanella2024:subject_29,Manual task,0.9711734652519226,0.995512068271637
26,Campanella2024,Campanella2024:subject_29,Manual task,0.9108848571777344,0.9942662119865417
27,Campanella2024,Campanella2024:subject_29,Stress,0.580115556716919,0.9914829134941101
28,Campanella2024,Campanella2024:subject_29,Stress,0.7599696516990662,0.9961349964141846
29,Campanella2024,Campanella2024:subject_29,Stress,0.8810917139053345,0.9954002499580383
30,Campanella2024,Campanella2024:subject_29,Stress,0.9136596322059631,0.9952900409698486
0,PhysioNet,PhysioNet:S01,Baseline,0.07615699619054794,0.16349804401397705
1,PhysioNet,PhysioNet:S01,Baseline,0.09614542871713638,0.28652137517929077
2,PhysioNet,PhysioNet:S01,Baseline,0.05104801803827286,0.5742505192756653
3,PhysioNet,PhysioNet:S01,Baseline,0.1144426017999649,0.9050480723381042
4,PhysioNet,PhysioNet:S01,Baseline,0.060183048248291016,0.6540937423706055
5,PhysioNet,PhysioNet:S01,Baseline,0.11622337251901627,0.7366800308227539
6,PhysioNet,PhysioNet:S01,Baseline,0.10095628350973129,0.29518648982048035
7,PhysioNet,PhysioNet:S01,Stress,0.725809633731842,0.14719274640083313
8,PhysioNet,PhysioNet:S01,Stress,0.36902952194213867,0.04268112778663635
9,PhysioNet,PhysioNet:S01,Rest,0.31975769996643066,0.1889231652021408
10,PhysioNet,PhysioNet:S01,Rest,0.3570079803466797,0.025849727913737297
11,PhysioNet,PhysioNet:S01,Rest,0.1449139416217804,0.019285913556814194
12,PhysioNet,PhysioNet:S01,Rest,0.14107011258602142,0.016884516924619675
13,PhysioNet,PhysioNet:S01,Rest,0.1492084115743637,0.01766963116824627
14,PhysioNet,PhysioNet:S01,Rest,0.14311528205871582,0.01113789901137352
15,PhysioNet,PhysioNet:S01,Rest,0.09360119700431824,0.011653993278741837
16,PhysioNet,PhysioNet:S01,Rest,0.1678982675075531,0.028778789564967155
17,PhysioNet,PhysioNet:S01,Rest,0.18365375697612762,0.12818323075771332
18,PhysioNet,PhysioNet:S01,Rest,0.12316545844078064,0.04513181373476982
19,PhysioNet,PhysioNet:S01,Rest,0.1369238942861557,0.05262400209903717
20,PhysioNet,PhysioNet:S01,Rest,0.33984342217445374,0.006829790771007538
21,PhysioNet,PhysioNet:S01,Rest,0.7277527451515198,0.32592302560806274
22,PhysioNet,PhysioNet:S01,Stress,0.16862636804580688,0.02975575067102909
23,PhysioNet,PhysioNet:S01,Stress,0.5862937569618225,0.4745519757270813
24,PhysioNet,PhysioNet:S01,Stress,0.6163524985313416,0.5345633029937744
25,PhysioNet,PhysioNet:S01,Rest,0.1125326082110405,0.03520047664642334
26,PhysioNet,PhysioNet:S01,Rest,0.440007746219635,0.13035312294960022
27,PhysioNet,PhysioNet:S01,Rest,0.3254268169403076,0.07253633439540863
28,PhysioNet,PhysioNet:S01,Rest,0.23878008127212524,0.05288385972380638
29,PhysioNet,PhysioNet:S01,Rest,0.3170429468154907,0.10665518045425415
30,PhysioNet,PhysioNet:S01,Rest,0.2606756389141083,0.17510661482810974
31,PhysioNet,PhysioNet:S01,Rest,0.6592507362365723,0.0689462274312973
32,PhysioNet,PhysioNet:S01,Rest,0.7250105142593384,0.48641690611839294
33,PhysioNet,PhysioNet:S01,Rest,0.9129887223243713,0.9709341526031494
0,PhysioNet,PhysioNet:S02,Baseline,0.9272815585136414,0.23016363382339478
1,PhysioNet,PhysioNet:S02,Baseline,0.5127859115600586,0.3263181149959564
2,PhysioNet,PhysioNet:S02,Baseline,0.8057119846343994,0.6240307092666626
3,PhysioNet,PhysioNet:S02,Baseline,0.89791339635849,0.8710966110229492
4,PhysioNet,PhysioNet:S02,Baseline,0.47767874598503113,0.07650557905435562
5,PhysioNet,PhysioNet:S02,Stress,0.9557504057884216,0.9882546663284302
6,PhysioNet,PhysioNet:S02,Stress,0.7666655778884888,0.37848156690597534
7,PhysioNet,PhysioNet:S02,Rest,0.7204102277755737,0.21838049590587616
8,PhysioNet,PhysioNet:S02,Rest,0.12908971309661865,0.022137245163321495
9,PhysioNet,PhysioNet:S02,Rest,0.1223234310746193,0.0070069534704089165
10,PhysioNet,PhysioNet:S02,Rest,0.23223482072353363,0.010203992016613483
11,PhysioNet,PhysioNet:S02,Rest,0.514354944229126,0.027007246389985085
12,PhysioNet,PhysioNet:S02,Rest,0.24243786931037903,0.011203283444046974
13,PhysioNet,PhysioNet:S02,Rest,0.41328394412994385,0.18122722208499908
14,PhysioNet,PhysioNet:S02,Stress,0.6717785000801086,0.8447877168655396
15,PhysioNet,PhysioNet:S02,Stress,0.5887932181358337,0.08882419019937515
16,PhysioNet,PhysioNet:S02,Stress,0.2847605347633362,0.15499036014080048
17,PhysioNet,PhysioNet:S02,Rest,0.2103499472141266,0.19970399141311646
18,PhysioNet,PhysioNet:S02,Rest,0.12941960990428925,0.27997222542762756
19,PhysioNet,PhysioNet:S02,Rest,0.06112485006451607,0.020333165302872658
20,PhysioNet,PhysioNet:S02,Rest,0.04610910639166832,0.005710889585316181
21,PhysioNet,PhysioNet:S02,Rest,0.04603942111134529,0.008507560938596725
22,PhysioNet,PhysioNet:S02,Rest,0.16554099321365356,0.1774103194475174
23,PhysioNet,PhysioNet:S02,Rest,0.16074098646640778,0.3389112055301666
24,PhysioNet,PhysioNet:S02,Rest,0.030416613444685936,0.0070065781474113464
25,PhysioNet,PhysioNet:S02,Rest,0.029287783429026604,0.005755862221121788
26,PhysioNet,PhysioNet:S02,Rest,0.03520917519927025,0.004268451128154993
0,PhysioNet,PhysioNet:S03,Baseline,0.15720462799072266,0.09597913920879364
1,PhysioNet,PhysioNet:S03,Baseline,0.031094089150428772,0.042847659438848495
2,PhysioNet,PhysioNet:S03,Baseline,0.09410654008388519,0.05338207632303238
3,PhysioNet,PhysioNet:S03,Baseline,0.17363794147968292,0.05124952644109726
4,PhysioNet,PhysioNet:S03,Baseline,0.11239496618509293,0.06209377571940422
5,PhysioNet,PhysioNet:S03,Stress,0.9019714593887329,0.8978466987609863
6,PhysioNet,PhysioNet:S03,Stress,0.880325198173523,0.8853299021720886
7,PhysioNet,PhysioNet:S03,Rest,0.7166940569877625,0.14467789232730865
8,PhysioNet,PhysioNet:S03,Rest,0.08068659156560898,0.013910762034356594
9,PhysioNet,PhysioNet:S03,Rest,0.08180522173643112,0.011993974447250366
10,PhysioNet,PhysioNet:S03,Rest,0.09979768097400665,0.012118788436055183
11,PhysioNet,PhysioNet:S03,Rest,0.19665741920471191,0.16887742280960083
12,PhysioNet,PhysioNet:S03,Rest,0.05906064808368683,0.7415834665298462
13,PhysioNet,PhysioNet:S03,Rest,0.027095060795545578,0.382852166891098
14,PhysioNet,PhysioNet:S03,Stress,0.8882050514221191,0.8097966313362122
15,PhysioNet,PhysioNet:S03,Stress,0.9016435742378235,0.9021105766296387
16,PhysioNet,PhysioNet:S03,Stress,0.9073693752288818,0.8253898024559021
17,PhysioNet,PhysioNet:S03,Rest,0.9503505229949951,0.674660861492157
18,PhysioNet,PhysioNet:S03,Rest,0.928484320640564,0.2155824452638626
19,PhysioNet,PhysioNet:S03,Rest,0.8461591601371765,0.34064820408821106
20,PhysioNet,PhysioNet:S03,Rest,0.6659754514694214,0.18084701895713806
21,PhysioNet,PhysioNet:S03,Rest,0.5568468570709229,0.33534160256385803
22,PhysioNet,PhysioNet:S03,Rest,0.405521422624588,0.027739083394408226
23,PhysioNet,PhysioNet:S03,Rest,0.16535590589046478,0.019382638856768608
24,PhysioNet,PhysioNet:S03,Rest,0.16015763580799103,0.027773769572377205
0,PhysioNet,PhysioNet:S04,Baseline,0.017973320558667183,0.1047665998339653
1,PhysioNet,PhysioNet:S04,Baseline,0.0400911383330822,0.059145737439394
2,PhysioNet,PhysioNet:S04,Baseline,0.04953731596469879,0.04484933242201805
3,PhysioNet,PhysioNet:S04,Baseline,0.05261733755469322,0.05827512964606285
4,PhysioNet,PhysioNet:S04,Baseline,0.06451375037431717,0.09509418159723282
5,PhysioNet,PhysioNet:S04,Stress,0.8122438788414001,0.7290587425231934
6,PhysioNet,PhysioNet:S04,Stress,0.9263095855712891,0.9881438612937927
7,PhysioNet,PhysioNet:S04,Rest,0.5480186939239502,0.15268617868423462
8,PhysioNet,PhysioNet:S04,Rest,0.16315455734729767,0.07157772779464722
9,PhysioNet,PhysioNet:S04,Rest,0.10028024017810822,0.01641731709241867
10,PhysioNet,PhysioNet:S04,Rest,0.04559490829706192,0.004898004699498415
11,PhysioNet,PhysioNet:S04,Rest,0.1348191350698471,0.013199013657867908
12,PhysioNet,PhysioNet:S04,Rest,0.13248416781425476,0.015440505929291248
13,PhysioNet,PhysioNet:S04,Rest,0.05835586413741112,0.0053505925461649895
14,PhysioNet,PhysioNet:S04,Rest,0.16563034057617188,0.006987633183598518
15,PhysioNet,PhysioNet:S04,Rest,0.04464655742049217,0.0077838352881371975
16,PhysioNet,PhysioNet:S04,Rest,0.06061587855219841,0.010320780798792839
17,PhysioNet,PhysioNet:S04,Rest,0.08401449769735336,0.01140692736953497
18,PhysioNet,PhysioNet:S04,Stress,0.9462423920631409,0.9376431107521057
19,PhysioNet,PhysioNet:S04,Stress,0.9609213471412659,0.9237112402915955
20,PhysioNet,PhysioNet:S04,Stress,0.9267874360084534,0.7639487385749817
21,PhysioNet,PhysioNet:S04,Rest,0.9275780916213989,0.18825484812259674
22,PhysioNet,PhysioNet:S04,Rest,0.9008990526199341,0.1625797003507614
23,PhysioNet,PhysioNet:S04,Rest,0.2096029818058014,0.024043699726462364
24,PhysioNet,PhysioNet:S04,Rest,0.3503904342651367,0.018024878576397896
25,PhysioNet,PhysioNet:S04,Rest,0.20114970207214355,0.029793569818139076
26,PhysioNet,PhysioNet:S04,Rest,0.18328917026519775,0.0718793198466301
27,PhysioNet,PhysioNet:S04,Rest,0.3359327018260956,0.14693348109722137
28,PhysioNet,PhysioNet:S04,Rest,0.08423132449388504,0.02823394350707531
29,PhysioNet,PhysioNet:S04,Rest,0.34502625465393066,0.08625514805316925
30,PhysioNet,PhysioNet:S04,Rest,0.696017861366272,0.10706358402967453
0,PhysioNet,PhysioNet:S05,Baseline,0.03648666664958,0.8554739356040955
1,PhysioNet,PhysioNet:S05,Baseline,0.030162110924720764,0.4243870675563812
2,PhysioNet,PhysioNet:S05,Baseline,0.10564800351858139,0.5405547618865967
3,PhysioNet,PhysioNet:S05,Baseline,0.049090564250946045,0.012873366475105286
4,PhysioNet,PhysioNet:S05,Baseline,0.08031563460826874,0.030757753178477287
5,PhysioNet,PhysioNet:S05,Stress,0.8650311827659607,0.8486340045928955
6,PhysioNet,PhysioNet:S05,Stress,0.7885524034500122,0.6298662424087524
7,PhysioNet,PhysioNet:S05,Rest,0.929100751876831,0.8453794121742249
8,PhysioNet,PhysioNet:S05,Rest,0.7915219068527222,0.4557545781135559
9,PhysioNet,PhysioNet:S05,Rest,0.3576153516769409,0.2123277634382248
10,PhysioNet,PhysioNet:S05,Rest,0.2956477999687195,0.11347337067127228
11,PhysioNet,PhysioNet:S05,Rest,0.4052487909793854,0.0428612120449543
12,PhysioNet,PhysioNet:S05,Rest,0.10883212834596634,0.023012733086943626
13,PhysioNet,PhysioNet:S05,Rest,0.20955392718315125,0.026132041588425636
14,PhysioNet,PhysioNet:S05,Rest,0.10768824070692062,0.03434377908706665
15,PhysioNet,PhysioNet:S05,Rest,0.02552846260368824,0.010659080930054188
16,PhysioNet,PhysioNet:S05,Rest,0.24268828332424164,0.021119359880685806
17,PhysioNet,PhysioNet:S05,Stress,0.248176708817482,0.41178739070892334
18,PhysioNet,PhysioNet:S05,Stress,0.46945053339004517,0.9507339596748352
19,PhysioNet,PhysioNet:S05,Stress,0.7890045642852783,0.9625733494758606
20,PhysioNet,PhysioNet:S05,Stress,0.7496052384376526,0.6283968687057495
21,PhysioNet,PhysioNet:S05,Rest,0.4052968919277191,0.17469963431358337
22,PhysioNet,PhysioNet:S05,Rest,0.1397044062614441,0.07830262929201126
23,PhysioNet,PhysioNet:S05,Rest,0.12310992926359177,0.10373561829328537
24,PhysioNet,PhysioNet:S05,Rest,0.17197558283805847,0.03921614959836006
25,PhysioNet,PhysioNet:S05,Rest,0.21845640242099762,0.028713688254356384
26,PhysioNet,PhysioNet:S05,Rest,0.5049174427986145,0.10163440555334091
0,PhysioNet,PhysioNet:S06,Baseline,0.014278181828558445,0.11460170149803162
1,PhysioNet,PhysioNet:S06,Baseline,0.011973920278251171,0.03693879768252373
2,PhysioNet,PhysioNet:S06,Baseline,0.009374873712658882,0.03418048098683357
3,PhysioNet,PhysioNet:S06,Baseline,0.017748473212122917,0.06924986094236374
4,PhysioNet,PhysioNet:S06,Baseline,0.016140276566147804,0.029465381056070328
5,PhysioNet,PhysioNet:S06,Stress,0.09409154206514359,0.06357461214065552
6,PhysioNet,PhysioNet:S06,Stress,0.26307228207588196,0.9407027959823608
7,PhysioNet,PhysioNet:S06,Stress,0.6891249418258667,0.9025710225105286
8,PhysioNet,PhysioNet:S06,Rest,0.850922167301178,0.7597154378890991
9,PhysioNet,PhysioNet:S06,Rest,0.49092763662338257,0.088237464427948
10,PhysioNet,PhysioNet:S06,Rest,0.17131352424621582,0.05218356475234032
11,PhysioNet,PhysioNet:S06,Rest,0.6503748893737793,0.25710752606391907
12,PhysioNet,PhysioNet:S06,Rest,0.15093860030174255,0.013967171311378479
13,PhysioNet,PhysioNet:S06,Rest,0.2598012387752533,0.03696831688284874
14,PhysioNet,PhysioNet:S06,Rest,0.8211864829063416,0.655833899974823
15,PhysioNet,PhysioNet:S06,Rest,0.30432072281837463,0.06370794028043747
16,PhysioNet,PhysioNet:S06,Rest,0.8727585673332214,0.4087866246700287
17,PhysioNet,PhysioNet:S06,Rest,0.9022000432014465,0.4405454695224762
18,PhysioNet,PhysioNet:S06,Stress,0.911280632019043,0.79209965467453
19,PhysioNet,PhysioNet:S06,Stress,0.966424822807312,0.9831573367118835
20,PhysioNet,PhysioNet:S06,Stress,0.9814847707748413,0.9566298723220825
21,PhysioNet,PhysioNet:S06,Rest,0.8928996920585632,0.5159834027290344
22,PhysioNet,PhysioNet:S06,Rest,0.6371044516563416,0.14209285378456116
23,PhysioNet,PhysioNet:S06,Rest,0.5555499196052551,0.1743832677602768
24,PhysioNet,PhysioNet:S06,Rest,0.5524416565895081,0.12724685668945312
25,PhysioNet,PhysioNet:S06,Rest,0.13900598883628845,0.13504190742969513
26,PhysioNet,PhysioNet:S06,Rest,0.05964992567896843,0.03931884840130806
27,PhysioNet,PhysioNet:S06,Rest,0.37595558166503906,0.08059805631637573
28,PhysioNet,PhysioNet:S06,Rest,0.29720839858055115,0.21159270405769348
29,PhysioNet,PhysioNet:S06,Rest,0.5960171222686768,0.28485459089279175
0,PhysioNet,PhysioNet:S07,Baseline,0.1092572957277298,0.07721753418445587
1,PhysioNet,PhysioNet:S07,Baseline,0.09101022034883499,0.008793103508651257
2,PhysioNet,PhysioNet:S07,Baseline,0.08643420040607452,0.010812480002641678
3,PhysioNet,PhysioNet:S07,Baseline,0.12351082265377045,0.06311531364917755
4,PhysioNet,PhysioNet:S07,Stress,0.34147149324417114,0.6636504530906677
5,PhysioNet,PhysioNet:S07,Stress,0.7641203999519348,0.7105118036270142
6,PhysioNet,PhysioNet:S07,Rest,0.7398484945297241,0.7587395310401917
7,PhysioNet,PhysioNet:S07,Rest,0.24699650704860687,0.0258603785187006
8,PhysioNet,PhysioNet:S07,Rest,0.44663578271865845,0.19561199843883514
9,PhysioNet,PhysioNet:S07,Rest,0.2475031614303589,0.0820375606417656
10,PhysioNet,PhysioNet:S07,Rest,0.25520434975624084,0.07698473334312439
11,PhysioNet,PhysioNet:S07,Rest,0.24803733825683594,0.10806657373905182
12,PhysioNet,PhysioNet:S07,Rest,0.17843584716320038,0.014303208328783512
13,PhysioNet,PhysioNet:S07,Rest,0.7850179672241211,0.1331663280725479
14,PhysioNet,PhysioNet:S07,Stress,0.8208150863647461,0.928320050239563
15,PhysioNet,PhysioNet:S07,Stress,0.7674059271812439,0.7159642577171326
16,PhysioNet,PhysioNet:S07,Stress,0.8089542984962463,0.3953835964202881
17,PhysioNet,PhysioNet:S07,Rest,0.5046311616897583,0.5611158013343811
18,PhysioNet,PhysioNet:S07,Rest,0.3324345648288727,0.6466202735900879
19,PhysioNet,PhysioNet:S07,Rest,0.24261079728603363,0.1492040753364563
20,PhysioNet,PhysioNet:S07,Rest,0.305259108543396,0.4818028509616852
21,PhysioNet,PhysioNet:S07,Rest,0.29248151183128357,0.06332797557115555
22,PhysioNet,PhysioNet:S07,Rest,0.8681570887565613,0.45951971411705017
23,PhysioNet,PhysioNet:S07,Rest,0.9337040185928345,0.706311821937561
24,PhysioNet,PhysioNet:S07,Rest,0.8041315674781799,0.5900208353996277
0,PhysioNet,PhysioNet:S08,Baseline,0.026552977040410042,0.24762798845767975
1,PhysioNet,PhysioNet:S08,Baseline,0.09018479287624359,0.6118946671485901
2,PhysioNet,PhysioNet:S08,Baseline,0.09202546626329422,0.1687665581703186
3,PhysioNet,PhysioNet:S08,Baseline,0.08864223957061768,0.3176696002483368
4,PhysioNet,PhysioNet:S08,Stress,0.8734256625175476,0.835701584815979
5,PhysioNet,PhysioNet:S08,Stress,0.7648171782493591,0.5257798433303833
6,PhysioNet,PhysioNet:S08,Rest,0.9479309916496277,0.5690536499023438
7,PhysioNet,PhysioNet:S08,Rest,0.11297722905874252,0.04875769466161728
8,PhysioNet,PhysioNet:S08,Rest,0.07119061797857285,0.022822529077529907
9,PhysioNet,PhysioNet:S08,Rest,0.10510677844285965,0.039804451167583466
10,PhysioNet,PhysioNet:S08,Rest,0.061885811388492584,0.02395995520055294
11,PhysioNet,PhysioNet:S08,Rest,0.06231609731912613,0.006658628582954407
12,PhysioNet,PhysioNet:S08,Rest,0.052550334483385086,0.004656570963561535
13,PhysioNet,PhysioNet:S08,Rest,0.07232878357172012,0.00975704938173294
14,PhysioNet,PhysioNet:S08,Stress,0.49212712049484253,0.42165547609329224
15,PhysioNet,PhysioNet:S08,Stress,0.7879963517189026,0.9175931215286255
16,PhysioNet,PhysioNet:S08,Stress,0.8513650298118591,0.6308045387268066
17,PhysioNet,PhysioNet:S08,Stress,0.850354015827179,0.8902094960212708
18,PhysioNet,PhysioNet:S08,Rest,0.9204561114311218,0.8547785878181458
19,PhysioNet,PhysioNet:S08,Rest,0.4724840819835663,0.013623026199638844
20,PhysioNet,PhysioNet:S08,Rest,0.1006755456328392,0.01659173145890236
21,PhysioNet,PhysioNet:S08,Rest,0.06955409795045853,0.017706723883748055
22,PhysioNet,PhysioNet:S08,Rest,0.19396349787712097,0.010772391222417355
23,PhysioNet,PhysioNet:S08,Rest,0.1329551637172699,0.016314174979925156
24,PhysioNet,PhysioNet:S08,Rest,0.035062991082668304,0.010225753299891949
0,PhysioNet,PhysioNet:S09,Baseline,0.719936728477478,0.06110658124089241
1,PhysioNet,PhysioNet:S09,Baseline,0.6571804881095886,0.15340879559516907
2,PhysioNet,PhysioNet:S09,Baseline,0.7106323838233948,0.06571045517921448
3,PhysioNet,PhysioNet:S09,Baseline,0.803648054599762,0.22260139882564545
4,PhysioNet,PhysioNet:S09,Baseline,0.7736461162567139,0.7174270749092102
5,PhysioNet,PhysioNet:S09,Stress,0.9710002541542053,0.9823776483535767
6,PhysioNet,PhysioNet:S09,Stress,0.9693688750267029,0.9934050440788269
7,PhysioNet,PhysioNet:S09,Rest,0.2784009575843811,0.20222707092761993
8,PhysioNet,PhysioNet:S09,Rest,0.13649111986160278,0.047199636697769165
9,PhysioNet,PhysioNet:S09,Rest,0.1471848487854004,0.0324048213660717
10,PhysioNet,PhysioNet:S09,Rest,0.13902945816516876,0.035363830626010895
11,PhysioNet,PhysioNet:S09,Rest,0.14752452075481415,0.05699758976697922
12,PhysioNet,PhysioNet:S09,Rest,0.30453869700431824,0.03542771935462952
13,PhysioNet,PhysioNet:S09,Rest,0.30290618538856506,0.04652520641684532
14,PhysioNet,PhysioNet:S09,Stress,0.3222074508666992,0.26268890500068665
15,PhysioNet,PhysioNet:S09,Stress,0.4694400429725647,0.039701320230960846
16,PhysioNet,PhysioNet:S09,Stress,0.605968177318573,0.11936105787754059
17,PhysioNet,PhysioNet:S09,Rest,0.370169997215271,0.17857597768306732
18,PhysioNet,PhysioNet:S09,Rest,0.4209539294242859,0.016352655366063118
19,PhysioNet,PhysioNet:S09,Rest,0.382396936416626,0.026405945420265198
20,PhysioNet,PhysioNet:S09,Rest,0.35856762528419495,0.042958635836839676
21,PhysioNet,PhysioNet:S09,Rest,0.3572193682193756,0.10422618687152863
22,PhysioNet,PhysioNet:S09,Rest,0.39023780822753906,0.01917988248169422
23,PhysioNet,PhysioNet:S09,Rest,0.29853683710098267,0.01666743867099285
24,PhysioNet,PhysioNet:S09,Rest,0.3702423870563507,0.0507906973361969
0,PhysioNet,PhysioNet:S10,Baseline,0.01427266001701355,0.09036638587713242
1,PhysioNet,PhysioNet:S10,Baseline,0.01651742123067379,0.21639950573444366
2,PhysioNet,PhysioNet:S10,Baseline,0.017311830073595047,0.23052643239498138
3,PhysioNet,PhysioNet:S10,Baseline,0.03847860172390938,0.5530054569244385
4,PhysioNet,PhysioNet:S10,Baseline,0.02170890010893345,0.3538871705532074
5,PhysioNet,PhysioNet:S10,Stress,0.7487673759460449,0.9235458970069885
6,PhysioNet,PhysioNet:S10,Stress,0.892512857913971,0.9067012667655945
7,PhysioNet,PhysioNet:S10,Rest,0.8538619875907898,0.6592364311218262
8,PhysioNet,PhysioNet:S10,Rest,0.8818148970603943,0.3942530155181885
9,PhysioNet,PhysioNet:S10,Rest,0.7163640856742859,0.3145934045314789
10,PhysioNet,PhysioNet:S10,Rest,0.747922956943512,0.1011698767542839
11,PhysioNet,PhysioNet:S10,Rest,0.5794975757598877,0.4576907455921173
12,PhysioNet,PhysioNet:S10,Rest,0.2486674040555954,0.28381749987602234
13,PhysioNet,PhysioNet:S10,Rest,0.1834782063961029,0.05410871282219887
14,PhysioNet,PhysioNet:S10,Rest,0.20401602983474731,0.016325028613209724
15,PhysioNet,PhysioNet:S10,Rest,0.15717759728431702,0.11662771552801132
16,PhysioNet,PhysioNet:S10,Rest,0.137802392244339,0.027511276304721832
17,PhysioNet,PhysioNet:S10,Rest,0.5289838314056396,0.012988951057195663
18,PhysioNet,PhysioNet:S10,Stress,0.7582704424858093,0.846560537815094
19,PhysioNet,PhysioNet:S10,Stress,0.8091705441474915,0.9868572354316711
20,PhysioNet,PhysioNet:S10,Stress,0.9182354807853699,0.9863612651824951
21,PhysioNet,PhysioNet:S10,Rest,0.5473858714103699,0.16493529081344604
22,PhysioNet,PhysioNet:S10,Rest,0.2162715196609497,0.031809791922569275
23,PhysioNet,PhysioNet:S10,Rest,0.2876739799976349,0.15021055936813354
24,PhysioNet,PhysioNet:S10,Rest,0.12351404875516891,0.0065423352643847466
25,PhysioNet,PhysioNet:S10,Rest,0.28906744718551636,0.018599139526486397
26,PhysioNet,PhysioNet:S10,Rest,0.3040584623813629,0.023084424436092377
27,PhysioNet,PhysioNet:S10,Rest,0.12013110518455505,0.009882771410048008
28,PhysioNet,PhysioNet:S10,Rest,0.11854732781648636,0.013150638900697231
29,PhysioNet,PhysioNet:S10,Rest,0.22440007328987122,0.030143599957227707
30,PhysioNet,PhysioNet:S10,Rest,0.1804305762052536,0.022779272869229317
31,PhysioNet,PhysioNet:S10,Rest,0.12471358478069305,0.0874866470694542
0,PhysioNet,PhysioNet:S11,Baseline,0.06996466964483261,0.06518091261386871
1,PhysioNet,PhysioNet:S11,Baseline,0.03045983798801899,0.06657376885414124
2,PhysioNet,PhysioNet:S11,Baseline,0.03609552979469299,0.17500212788581848
3,PhysioNet,PhysioNet:S11,Baseline,0.007320002652704716,0.02161586657166481
4,PhysioNet,PhysioNet:S11,Stress,0.9575642943382263,0.9498581886291504
5,PhysioNet,PhysioNet:S11,Stress,0.9501408338546753,0.8976899981498718
6,PhysioNet,PhysioNet:S11,Stress,0.8502090573310852,0.625808835029602
7,PhysioNet,PhysioNet:S11,Stress,0.783944845199585,0.22626443207263947
8,PhysioNet,PhysioNet:S11,Rest,0.4285798966884613,0.07491371035575867
9,PhysioNet,PhysioNet:S11,Rest,0.08118682354688644,0.0228791031986475
10,PhysioNet,PhysioNet:S11,Rest,0.133090078830719,0.024133550003170967
11,PhysioNet,PhysioNet:S11,Rest,0.12579038739204407,0.019265389069914818
12,PhysioNet,PhysioNet:S11,Rest,0.12955887615680695,0.011841950006783009
13,PhysioNet,PhysioNet:S11,Rest,0.2698853313922882,0.009631245397031307
14,PhysioNet,PhysioNet:S11,Rest,0.06456730514764786,0.006797399837523699
15,PhysioNet,PhysioNet:S11,Rest,0.0764094665646553,0.0106536615639925
16,PhysioNet,PhysioNet:S11,Stress,0.5600183010101318,0.7714101076126099
17,PhysioNet,PhysioNet:S11,Stress,0.9013165235519409,0.4693387448787689
18,PhysioNet,PhysioNet:S11,Stress,0.5164986252784729,0.13207481801509857
19,PhysioNet,PhysioNet:S11,Stress,0.31636184453964233,0.06149071082472801
20,PhysioNet,PhysioNet:S11,Rest,0.299147367477417,0.10951133817434311
21,PhysioNet,PhysioNet:S11,Rest,0.5439881086349487,0.17974229156970978
22,PhysioNet,PhysioNet:S11,Rest,0.7510039806365967,0.41971325874328613
23,PhysioNet,PhysioNet:S11,Rest,0.4361758530139923,0.15624406933784485
24,PhysioNet,PhysioNet:S11,Rest,0.37454646825790405,0.4212293326854706
25,PhysioNet,PhysioNet:S11,Rest,0.17833539843559265,0.024008339270949364
26,PhysioNet,PhysioNet:S11,Rest,0.33504724502563477,0.07247410714626312
0,PhysioNet,PhysioNet:S12,Baseline,0.0071127088740468025,0.09909994900226593
1,PhysioNet,PhysioNet:S12,Baseline,0.008024221286177635,0.1656998097896576
2,PhysioNet,PhysioNet:S12,Baseline,0.025005385279655457,0.04676169529557228
3,PhysioNet,PhysioNet:S12,Baseline,0.03529714047908783,0.01224727276712656
4,PhysioNet,PhysioNet:S12,Baseline,0.44888296723365784,0.21520547568798065
5,PhysioNet,PhysioNet:S12,Stress,0.9295145869255066,0.6431096792221069
6,PhysioNet,PhysioNet:S12,Stress,0.9197288751602173,0.725253701210022
7,PhysioNet,PhysioNet:S12,Rest,0.8575053811073303,0.28095853328704834
8,PhysioNet,PhysioNet:S12,Rest,0.6201931238174438,0.10690948367118835
9,PhysioNet,PhysioNet:S12,Rest,0.7203518152236938,0.2759403884410858
10,PhysioNet,PhysioNet:S12,Rest,0.11253403127193451,0.04316801577806473
11,PhysioNet,PhysioNet:S12,Rest,0.02408737689256668,0.019935589283704758
12,PhysioNet,PhysioNet:S12,Rest,0.6532467603683472,0.0684690922498703
13,PhysioNet,PhysioNet:S12,Rest,0.5883774161338806,0.13262316584587097
14,PhysioNet,PhysioNet:S12,Rest,0.6937592625617981,0.35977110266685486
15,PhysioNet,PhysioNet:S12,Rest,0.799182653427124,0.5439115166664124
16,PhysioNet,PhysioNet:S12,Rest,0.4409894049167633,0.05106377229094505
17,PhysioNet,PhysioNet:S12,Stress,0.9554707407951355,0.7813712358474731
18,PhysioNet,PhysioNet:S12,Stress,0.9620723724365234,0.8865554332733154
19,PhysioNet,PhysioNet:S12,Stress,0.7745144963264465,0.2550395131111145
20,PhysioNet,PhysioNet:S12,Rest,0.5825868248939514,0.167811319231987
21,PhysioNet,PhysioNet:S12,Rest,0.25878340005874634,0.11487508565187454
22,PhysioNet,PhysioNet:S12,Rest,0.06785625219345093,0.029200302436947823
23,PhysioNet,PhysioNet:S12,Rest,0.036164410412311554,0.010310684330761433
24,PhysioNet,PhysioNet:S12,Rest,0.28702664375305176,0.0429174080491066
25,PhysioNet,PhysioNet:S12,Rest,0.7773968577384949,0.7663455009460449
26,PhysioNet,PhysioNet:S12,Rest,0.24933402240276337,0.03416506573557854
27,PhysioNet,PhysioNet:S12,Rest,0.03224412724375725,0.015990130603313446
28,PhysioNet,PhysioNet:S12,Rest,0.008435789495706558,0.018731996417045593
29,PhysioNet,PhysioNet:S12,Rest,0.017140161246061325,0.03159507364034653
0,PhysioNet,PhysioNet:S13,Baseline,0.2436418980360031,0.3684653043746948
1,PhysioNet,PhysioNet:S13,Baseline,0.09386774152517319,0.47594916820526123
2,PhysioNet,PhysioNet:S13,Baseline,0.14038707315921783,0.04916239529848099
3,PhysioNet,PhysioNet:S13,Baseline,0.28363990783691406,0.05065096169710159
4,PhysioNet,PhysioNet:S13,Baseline,0.20837008953094482,0.4397377073764801
5,PhysioNet,PhysioNet:S13,Stress,0.8950846195220947,0.9549263715744019
6,PhysioNet,PhysioNet:S13,Stress,0.901016891002655,0.9767023324966431
7,PhysioNet,PhysioNet:S13,Rest,0.9343715906143188,0.773745059967041
8,PhysioNet,PhysioNet:S13,Rest,0.773571789264679,0.191811665892601
9,PhysioNet,PhysioNet:S13,Rest,0.3427371084690094,0.31744319200515747
10,PhysioNet,PhysioNet:S13,Rest,0.5311244130134583,0.38244664669036865
11,PhysioNet,PhysioNet:S13,Rest,0.19298797845840454,0.10924594104290009
12,PhysioNet,PhysioNet:S13,Rest,0.23945170640945435,0.08010828495025635
13,PhysioNet,PhysioNet:S13,Rest,0.1048726812005043,0.019414490088820457
14,PhysioNet,PhysioNet:S13,Rest,0.2884436845779419,0.1758534461259842
15,PhysioNet,PhysioNet:S13,Rest,0.2261533886194229,0.3575513958930969
16,PhysioNet,PhysioNet:S13,Rest,0.1964748352766037,0.043918170034885406
17,PhysioNet,PhysioNet:S13,Rest,0.06613292545080185,0.0064939833246171474
18,PhysioNet,PhysioNet:S13,Stress,0.8371862769126892,0.936366617679596
19,PhysioNet,PhysioNet:S13,Stress,0.7878237366676331,0.9285094141960144
20,PhysioNet,PhysioNet:S13,Stress,0.8938154578208923,0.9271895885467529
21,PhysioNet,PhysioNet:S13,Rest,0.8398468494415283,0.5129771828651428
22,PhysioNet,PhysioNet:S13,Rest,0.934683620929718,0.4273567497730255
23,PhysioNet,PhysioNet:S13,Rest,0.42960289120674133,0.032826077193021774
24,PhysioNet,PhysioNet:S13,Rest,0.05889735370874405,0.010713879019021988
25,PhysioNet,PhysioNet:S13,Rest,0.018601329997181892,0.019374357536435127
26,PhysioNet,PhysioNet:S13,Rest,0.018839161843061447,0.01939203590154648
27,PhysioNet,PhysioNet:S13,Rest,0.00428417045623064,0.03372136875987053
28,PhysioNet,PhysioNet:S13,Rest,0.005427179858088493,0.06890563666820526
0,PhysioNet,PhysioNet:S14,Baseline,0.8170526027679443,0.07563161849975586
1,PhysioNet,PhysioNet:S14,Baseline,0.7934262156486511,0.6287921667098999
2,PhysioNet,PhysioNet:S14,Baseline,0.843795120716095,0.4878014326095581
3,PhysioNet,PhysioNet:S14,Baseline,0.6374953389167786,0.19252657890319824
4,PhysioNet,PhysioNet:S14,Baseline,0.36123356223106384,0.22253580391407013
5,PhysioNet,PhysioNet:S14,Baseline,0.8172924518585205,0.8442357778549194
6,PhysioNet,PhysioNet:S14,Stress,0.8977193236351013,0.9823914170265198
7,PhysioNet,PhysioNet:S14,Stress,0.7927878499031067,0.9890159964561462
8,PhysioNet,PhysioNet:S14,Rest,0.8657966256141663,0.7538126707077026
9,PhysioNet,PhysioNet:S14,Rest,0.8263753652572632,0.17036856710910797
10,PhysioNet,PhysioNet:S14,Rest,0.7112076878547668,0.4019838869571686
11,PhysioNet,PhysioNet:S14,Rest,0.20329979062080383,0.05560852214694023
12,PhysioNet,PhysioNet:S14,Rest,0.2099013775587082,0.030588364228606224
13,PhysioNet,PhysioNet:S14,Rest,0.14568737149238586,0.020985612645745277
14,PhysioNet,PhysioNet:S14,Rest,0.0893978700041771,0.013414093293249607
15,PhysioNet,PhysioNet:S14,Rest,0.19238333404064178,0.019813435152173042
16,PhysioNet,PhysioNet:S14,Rest,0.30527693033218384,0.047666408121585846
17,PhysioNet,PhysioNet:S14,Rest,0.4307761490345001,0.044745415449142456
18,PhysioNet,PhysioNet:S14,Stress,0.8999992609024048,0.9419587254524231
19,PhysioNet,PhysioNet:S14,Stress,0.9353772401809692,0.987846314907074
20,PhysioNet,PhysioNet:S14,Stress,0.8208486437797546,0.4809318780899048
21,PhysioNet,PhysioNet:S14,Rest,0.6975682973861694,0.3746468722820282
22,PhysioNet,PhysioNet:S14,Rest,0.3114970624446869,0.11813412606716156
23,PhysioNet,PhysioNet:S14,Rest,0.06417001038789749,0.023087987676262856
24,PhysioNet,PhysioNet:S14,Rest,0.05203722417354584,0.05045141652226448
25,PhysioNet,PhysioNet:S14,Rest,0.03208521381020546,0.10471396148204803
26,PhysioNet,PhysioNet:S14,Rest,0.0198687557131052,0.016172200441360474
27,PhysioNet,PhysioNet:S14,Rest,0.009354034438729286,0.033924683928489685
28,PhysioNet,PhysioNet:S14,Rest,0.02065940387547016,0.07359589636325836
29,PhysioNet,PhysioNet:S14,Rest,0.02472146600484848,0.023048942908644676
30,PhysioNet,PhysioNet:S14,Rest,0.05418740212917328,0.09697199612855911
0,PhysioNet,PhysioNet:S15,Baseline,0.19198670983314514,0.06498770415782928
1,PhysioNet,PhysioNet:S15,Baseline,0.11182774603366852,0.4163309931755066
2,PhysioNet,PhysioNet:S15,Baseline,0.12272302806377411,0.10621193051338196
3,PhysioNet,PhysioNet:S15,Baseline,0.23792602121829987,0.5957069396972656
4,PhysioNet,PhysioNet:S15,Baseline,0.15351027250289917,0.2258015275001526
5,PhysioNet,PhysioNet:S15,Stress,0.09085310250520706,0.07346560060977936
6,PhysioNet,PhysioNet:S15,Stress,0.10703589022159576,0.022123487666249275
7,PhysioNet,PhysioNet:S15,Rest,0.1218755766749382,0.08123768866062164
8,PhysioNet,PhysioNet:S15,Rest,0.02344084344804287,0.015764543786644936
9,PhysioNet,PhysioNet:S15,Rest,0.5121485590934753,0.13073289394378662
10,PhysioNet,PhysioNet:S15,Rest,0.45678478479385376,0.2399941086769104
11,PhysioNet,PhysioNet:S15,Rest,0.5193385481834412,0.10303357243537903
12,PhysioNet,PhysioNet:S15,Rest,0.6853746771812439,0.42489713430404663
13,PhysioNet,PhysioNet:S15,Rest,0.25814592838287354,0.06671711802482605
14,PhysioNet,PhysioNet:S15,Rest,0.15335053205490112,0.01669689640402794
15,PhysioNet,PhysioNet:S15,Rest,0.5340485572814941,0.06893520802259445
16,PhysioNet,PhysioNet:S15,Rest,0.859290361404419,0.46122920513153076
17,PhysioNet,PhysioNet:S15,Stress,0.817316472530365,0.589583694934845
18,PhysioNet,PhysioNet:S15,Stress,0.1778230220079422,0.09211953729391098
19,PhysioNet,PhysioNet:S15,Stress,0.2467917650938034,0.037764620035886765
20,PhysioNet,PhysioNet:S15,Stress,0.6216186285018921,0.09375053644180298
21,PhysioNet,PhysioNet:S15,Rest,0.937456488609314,0.383249431848526
22,PhysioNet,PhysioNet:S15,Rest,0.9354681968688965,0.6332006454467773
23,PhysioNet,PhysioNet:S15,Rest,0.9680412411689758,0.34732964634895325
24,PhysioNet,PhysioNet:S15,Rest,0.8165448904037476,0.2991776168346405
25,PhysioNet,PhysioNet:S15,Rest,0.7362805604934692,0.047644924372434616
26,PhysioNet,PhysioNet:S15,Rest,0.6456928849220276,0.06289010494947433
27,PhysioNet,PhysioNet:S15,Rest,0.36318185925483704,0.03441542759537697
28,PhysioNet,PhysioNet:S15,Rest,0.2155182957649231,0.03920072689652443
29,PhysioNet,PhysioNet:S15,Rest,0.2050858736038208,0.025615086778998375
0,PhysioNet,PhysioNet:S16,Baseline,0.3006747364997864,0.5719615817070007
1,PhysioNet,PhysioNet:S16,Baseline,0.6524603366851807,0.11181777715682983
2,PhysioNet,PhysioNet:S16,Baseline,0.42229950428009033,0.06488120555877686
3,PhysioNet,PhysioNet:S16,Baseline,0.6780604720115662,0.019997727125883102
4,PhysioNet,PhysioNet:S16,Baseline,0.5954515337944031,0.04893568158149719
5,PhysioNet,PhysioNet:S16,Stress,0.52870774269104,0.7350207567214966
6,PhysioNet,PhysioNet:S16,Stress,0.6873632669448853,0.7468169331550598
7,PhysioNet,PhysioNet:S16,Rest,0.7993854880332947,0.11923104524612427
8,PhysioNet,PhysioNet:S16,Rest,0.2446926385164261,0.020208315923810005
9,PhysioNet,PhysioNet:S16,Rest,0.09103963524103165,0.019300896674394608
10,PhysioNet,PhysioNet:S16,Rest,0.5342016220092773,0.4429846405982971
11,PhysioNet,PhysioNet:S16,Rest,0.39323756098747253,0.34215039014816284
12,PhysioNet,PhysioNet:S16,Rest,0.12106514722108841,0.02669820934534073
13,PhysioNet,PhysioNet:S16,Stress,0.5473241806030273,0.974579930305481
14,PhysioNet,PhysioNet:S16,Stress,0.9000476598739624,0.9792071580886841
15,PhysioNet,PhysioNet:S16,Stress,0.7918810248374939,0.9742770195007324
16,PhysioNet,PhysioNet:S16,Stress,0.7345618605613708,0.669007420539856
17,PhysioNet,PhysioNet:S16,Rest,0.8549609184265137,0.17371566593647003
18,PhysioNet,PhysioNet:S16,Rest,0.7160754203796387,0.21006406843662262
19,PhysioNet,PhysioNet:S16,Rest,0.1652422547340393,0.06378823518753052
20,PhysioNet,PhysioNet:S16,Rest,0.0740802213549614,0.03941475227475166
21,PhysioNet,PhysioNet:S16,Rest,0.1016937643289566,0.05425894260406494
22,PhysioNet,PhysioNet:S16,Rest,0.08647682517766953,0.04640570282936096
23,PhysioNet,PhysioNet:S16,Rest,0.044796496629714966,0.059342242777347565
24,PhysioNet,PhysioNet:S16,Rest,0.024645861238241196,0.026508839800953865
25,PhysioNet,PhysioNet:S16,Rest,0.04545177146792412,0.03963277488946915
26,PhysioNet,PhysioNet:S16,Rest,0.0806831568479538,0.0552317313849926
0,PhysioNet,PhysioNet:S17,Baseline,0.5211131572723389,0.06680285930633545
1,PhysioNet,PhysioNet:S17,Baseline,0.640657901763916,0.0710333064198494
2,PhysioNet,PhysioNet:S17,Baseline,0.9294288158416748,0.16943876445293427
3,PhysioNet,PhysioNet:S17,Baseline,0.22248701751232147,0.028145043179392815
4,PhysioNet,PhysioNet:S17,Stress,0.30835166573524475,0.11340238153934479
5,PhysioNet,PhysioNet:S17,Stress,0.14568890631198883,0.021201761439442635
6,PhysioNet,PhysioNet:S17,Rest,0.06736280024051666,0.008497845381498337
7,PhysioNet,PhysioNet:S17,Rest,0.05864904820919037,0.1492040455341339
8,PhysioNet,PhysioNet:S17,Rest,0.030129801481962204,0.15758779644966125
9,PhysioNet,PhysioNet:S17,Rest,0.13263504207134247,0.11588303744792938
10,PhysioNet,PhysioNet:S17,Rest,0.11782608181238174,0.8900793194770813
11,PhysioNet,PhysioNet:S17,Rest,0.07515346258878708,0.8616587519645691
12,PhysioNet,PhysioNet:S17,Rest,0.1981954127550125,0.7759734392166138
13,PhysioNet,PhysioNet:S17,Rest,0.2545812726020813,0.7318607568740845
14,PhysioNet,PhysioNet:S17,Stress,0.2569212317466736,0.04542819410562515
15,PhysioNet,PhysioNet:S17,Stress,0.6507472395896912,0.12168088555335999
16,PhysioNet,PhysioNet:S17,Stress,0.5588315725326538,0.04358610883355141
17,PhysioNet,PhysioNet:S17,Stress,0.5609667897224426,0.12715484201908112
18,PhysioNet,PhysioNet:S17,Rest,0.7299248576164246,0.1490226686000824
19,PhysioNet,PhysioNet:S17,Rest,0.06432942301034927,0.02400168403983116
20,PhysioNet,PhysioNet:S17,Rest,0.48257970809936523,0.09876630455255508
21,PhysioNet,PhysioNet:S17,Rest,0.6240531802177429,0.7588601112365723
22,PhysioNet,PhysioNet:S17,Rest,0.4505385458469391,0.7223709225654602
23,PhysioNet,PhysioNet:S17,Rest,0.2861959934234619,0.05437130108475685
24,PhysioNet,PhysioNet:S17,Rest,0.8099921941757202,0.20192711055278778
25,PhysioNet,PhysioNet:S17,Rest,0.8518812656402588,0.16149912774562836
26,PhysioNet,PhysioNet:S17,Rest,0.7356600761413574,0.08628696203231812
0,PhysioNet,PhysioNet:S18,Baseline,0.873713493347168,0.6457493901252747
1,PhysioNet,PhysioNet:S18,Baseline,0.8713560104370117,0.6625876426696777
2,PhysioNet,PhysioNet:S18,Baseline,0.5643671154975891,0.16030177474021912
3,PhysioNet,PhysioNet:S18,Baseline,0.9412235617637634,0.47249114513397217
4,PhysioNet,PhysioNet:S18,Baseline,0.9504944682121277,0.5702638626098633
5,PhysioNet,PhysioNet:S18,Stress,0.5924890637397766,0.5746914744377136
6,PhysioNet,PhysioNet:S18,Stress,0.8144302368164062,0.8592272996902466
7,PhysioNet,PhysioNet:S18,Rest,0.4864189028739929,0.22029058635234833
8,PhysioNet,PhysioNet:S18,Rest,0.6508030891418457,0.03795605152845383
9,PhysioNet,PhysioNet:S18,Rest,0.7381188273429871,0.8964055776596069
10,PhysioNet,PhysioNet:S18,Rest,0.6857746839523315,0.7439161539077759
11,PhysioNet,PhysioNet:S18,Rest,0.342975914478302,0.03485216200351715
12,PhysioNet,PhysioNet:S18,Rest,0.16856013238430023,0.07966252416372299
13,PhysioNet,PhysioNet:S18,Rest,0.3076230585575104,0.41175758838653564
14,PhysioNet,PhysioNet:S18,Rest,0.24909669160842896,0.02536093071103096
15,PhysioNet,PhysioNet:S18,Rest,0.5653554201126099,0.09437365084886551
16,PhysioNet,PhysioNet:S18,Stress,0.022073140367865562,0.21133388578891754
17,PhysioNet,PhysioNet:S18,Stress,0.05099634826183319,0.10606057941913605
18,PhysioNet,PhysioNet:S18,Stress,0.3780856132507324,0.14030587673187256
19,PhysioNet,PhysioNet:S18,Stress,0.46400824189186096,0.0710773691534996
20,PhysioNet,PhysioNet:S18,Rest,0.29477444291114807,0.25489068031311035
21,PhysioNet,PhysioNet:S18,Rest,0.253858745098114,0.04599678888916969
22,PhysioNet,PhysioNet:S18,Rest,0.2569032311439514,0.15915846824645996
23,PhysioNet,PhysioNet:S18,Rest,0.40660250186920166,0.08330944180488586
24,PhysioNet,PhysioNet:S18,Rest,0.11260415613651276,0.011930233798921108
25,PhysioNet,PhysioNet:S18,Rest,0.03639421984553337,0.010221160016953945
26,PhysioNet,PhysioNet:S18,Rest,0.03326190263032913,0.009784749709069729
27,PhysioNet,PhysioNet:S18,Rest,0.016667470335960388,0.008261390961706638
28,PhysioNet,PhysioNet:S18,Rest,0.025393085554242134,0.04163176193833351
0,PhysioNet,PhysioNet:f01,Stress,0.10021155327558517,0.09208729863166809
1,PhysioNet,PhysioNet:f01,Stress,0.16899473965168,0.8041197657585144
2,PhysioNet,PhysioNet:f01,Stress,0.26075875759124756,0.85634446144104
3,PhysioNet,PhysioNet:f01,Stress,0.6289172768592834,0.9477843642234802
4,PhysioNet,PhysioNet:f01,Stress,0.8137255311012268,0.9460172057151794
5,PhysioNet,PhysioNet:f01,Stress,0.935474157333374,0.9382950067520142
6,PhysioNet,PhysioNet:f01,Stress,0.953315794467926,0.847335696220398
7,PhysioNet,PhysioNet:f01,Stress,0.9437231421470642,0.12460479140281677
8,PhysioNet,PhysioNet:f01,Stress,0.8398222327232361,0.13557270169258118
9,PhysioNet,PhysioNet:f01,Stress,0.6414154171943665,0.07907840609550476
10,PhysioNet,PhysioNet:f01,Stress,0.9602866172790527,0.46195340156555176
11,PhysioNet,PhysioNet:f01,Stress,0.9518367648124695,0.8389312028884888
12,PhysioNet,PhysioNet:f01,Stress,0.9043470025062561,0.7456451654434204
13,PhysioNet,PhysioNet:f01,Stress,0.8546320796012878,0.14487938582897186
14,PhysioNet,PhysioNet:f01,Rest,0.6623014211654663,0.03416035324335098
15,PhysioNet,PhysioNet:f01,Rest,0.5634039044380188,0.06520560383796692
16,PhysioNet,PhysioNet:f01,Rest,0.6220862865447998,0.05345051363110542
17,PhysioNet,PhysioNet:f01,Rest,0.06891404837369919,0.007722639944404364
18,PhysioNet,PhysioNet:f01,Rest,0.059613775461912155,0.00746356463059783
19,PhysioNet,PhysioNet:f01,Rest,0.07544649392366409,0.012160996906459332
20,PhysioNet,PhysioNet:f01,Rest,0.05007088556885719,0.007180807646363974
21,PhysioNet,PhysioNet:f01,Rest,0.0845789909362793,0.0228023212403059
22,PhysioNet,PhysioNet:f01,Rest,0.13967519998550415,0.06351294368505478
23,PhysioNet,PhysioNet:f01,Rest,0.33671003580093384,0.025892026722431183
24,PhysioNet,PhysioNet:f01,Rest,0.48420512676239014,0.13296838104724884
25,PhysioNet,PhysioNet:f01,Rest,0.16461388766765594,0.039828214794397354
26,PhysioNet,PhysioNet:f01,Rest,0.20111815631389618,0.060883793979883194
27,PhysioNet,PhysioNet:f01,Rest,0.3522699773311615,0.028499823063611984
28,PhysioNet,PhysioNet:f01,Rest,0.2687118351459503,0.017495928332209587
29,PhysioNet,PhysioNet:f01,Rest,0.10290174931287766,0.050659388303756714
30,PhysioNet,PhysioNet:f01,Rest,0.3247677683830261,0.09648790955543518
31,PhysioNet,PhysioNet:f01,Rest,0.5074974298477173,0.03893675282597542
32,PhysioNet,PhysioNet:f01,Rest,0.5249228477478027,0.05357440933585167
33,PhysioNet,PhysioNet:f01,Rest,0.5304698348045349,0.02140864171087742
34,PhysioNet,PhysioNet:f01,Rest,0.3207797408103943,0.02602623775601387
35,PhysioNet,PhysioNet:f01,Rest,0.36151424050331116,0.03525370731949806
36,PhysioNet,PhysioNet:f01,Rest,0.16885003447532654,0.01323598064482212
37,PhysioNet,PhysioNet:f01,Rest,0.12738730013370514,0.4345013499259949
38,PhysioNet,PhysioNet:f01,Rest,0.4700617790222168,0.714776873588562
39,PhysioNet,PhysioNet:f01,Rest,0.38150134682655334,0.4212934374809265
40,PhysioNet,PhysioNet:f01,Rest,0.4919501543045044,0.5038051605224609
41,PhysioNet,PhysioNet:f01,Rest,0.3179292678833008,0.11607455462217331
42,PhysioNet,PhysioNet:f01,Rest,0.24081559479236603,0.2706015408039093
43,PhysioNet,PhysioNet:f01,Rest,0.2386627495288849,0.06371598690748215
44,PhysioNet,PhysioNet:f01,Rest,0.26517775654792786,0.13937260210514069
45,PhysioNet,PhysioNet:f01,Rest,0.6080157160758972,0.06706787645816803
46,PhysioNet,PhysioNet:f01,Rest,0.1351623684167862,0.033212970942258835
47,PhysioNet,PhysioNet:f01,Rest,0.07471147924661636,0.06792456656694412
48,PhysioNet,PhysioNet:f01,Rest,0.08851860463619232,0.10306422412395477
49,PhysioNet,PhysioNet:f01,Rest,0.05055661126971245,0.007528220769017935
50,PhysioNet,PhysioNet:f01,Rest,0.05265047028660774,0.003251041751354933
51,PhysioNet,PhysioNet:f01,Rest,0.31240490078926086,0.05503305792808533
52,PhysioNet,PhysioNet:f01,Rest,0.6046485900878906,0.15965211391448975
53,PhysioNet,PhysioNet:f01,Rest,0.827619194984436,0.5441125631332397
54,PhysioNet,PhysioNet:f01,Rest,0.7894852161407471,0.4432705044746399
55,PhysioNet,PhysioNet:f01,Rest,0.17511658370494843,0.10561059415340424
56,PhysioNet,PhysioNet:f01,Rest,0.3509156405925751,0.05215362831950188
57,PhysioNet,PhysioNet:f01,Rest,0.2788637578487396,0.06743335723876953
58,PhysioNet,PhysioNet:f01,Rest,0.5803283452987671,0.7005859017372131
59,PhysioNet,PhysioNet:f01,Rest,0.9115070700645447,0.7507407069206238
60,PhysioNet,PhysioNet:f01,Rest,0.5591439008712769,0.6848003268241882
61,PhysioNet,PhysioNet:f01,Rest,0.14443933963775635,0.05740126967430115
62,PhysioNet,PhysioNet:f01,Rest,0.24677062034606934,0.028334343805909157
63,PhysioNet,PhysioNet:f01,Rest,0.3908121585845947,0.11411616206169128
64,PhysioNet,PhysioNet:f01,Rest,0.10624580830335617,0.07873319089412689
65,PhysioNet,PhysioNet:f01,Rest,0.2765597701072693,0.06763430684804916
66,PhysioNet,PhysioNet:f01,Rest,0.31065431237220764,0.10792072117328644
67,PhysioNet,PhysioNet:f01,Rest,0.18408578634262085,0.033572930842638016
68,PhysioNet,PhysioNet:f01,Rest,0.2322911024093628,0.08073562383651733
69,PhysioNet,PhysioNet:f01,Rest,0.2518477439880371,0.1246689110994339
70,PhysioNet,PhysioNet:f01,Rest,0.14177067577838898,0.22262310981750488
71,PhysioNet,PhysioNet:f01,Rest,0.3242782652378082,0.26457202434539795
72,PhysioNet,PhysioNet:f01,Rest,0.2460193932056427,0.11866793781518936
73,PhysioNet,PhysioNet:f01,Rest,0.3256480395793915,0.07133092731237411
74,PhysioNet,PhysioNet:f01,Rest,0.43370094895362854,0.3842703104019165
75,PhysioNet,PhysioNet:f01,Rest,0.4199175536632538,0.29872989654541016
76,PhysioNet,PhysioNet:f01,Rest,0.6783416867256165,0.8832926154136658
77,PhysioNet,PhysioNet:f01,Rest,0.69694983959198,0.8038218021392822
78,PhysioNet,PhysioNet:f01,Baseline,0.11832451820373535,0.18544644117355347
79,PhysioNet,PhysioNet:f01,Baseline,0.04870476573705673,0.48399102687835693
80,PhysioNet,PhysioNet:f01,Baseline,0.07023429125547409,0.26689863204956055
81,PhysioNet,PhysioNet:f01,Baseline,0.11418920010328293,0.2383238822221756
82,PhysioNet,PhysioNet:f01,Baseline,0.11401839554309845,0.5794371366500854
0,PhysioNet,PhysioNet:f02,Stress,0.8566694855690002,0.15672649443149567
1,PhysioNet,PhysioNet:f02,Stress,0.66887366771698,0.07703349739313126
2,PhysioNet,PhysioNet:f02,Stress,0.8223476409912109,0.8585911393165588
3,PhysioNet,PhysioNet:f02,Stress,0.9656257033348083,0.982815682888031
4,PhysioNet,PhysioNet:f02,Stress,0.9655706882476807,0.9869656562805176
5,PhysioNet,PhysioNet:f02,Stress,0.9872845411300659,0.9875550866127014
6,PhysioNet,PhysioNet:f02,Stress,0.9918701648712158,0.908738911151886
7,PhysioNet,PhysioNet:f02,Stress,0.9857856631278992,0.7872419953346252
8,PhysioNet,PhysioNet:f02,Stress,0.9538043141365051,0.4759961664676666
9,PhysioNet,PhysioNet:f02,Stress,0.8627221584320068,0.209989532828331
10,PhysioNet,PhysioNet:f02,Stress,0.9104589223861694,0.09180569648742676
11,PhysioNet,PhysioNet:f02,Rest,0.7966699004173279,0.03595385700464249
12,PhysioNet,PhysioNet:f02,Rest,0.33892565965652466,0.04675835743546486
13,PhysioNet,PhysioNet:f02,Rest,0.07561460137367249,0.00935529824346304
14,PhysioNet,PhysioNet:f02,Rest,0.12263508886098862,0.041219312697649
15,PhysioNet,PhysioNet:f02,Rest,0.1062387228012085,0.027710286900401115
16,PhysioNet,PhysioNet:f02,Rest,0.053978610783815384,0.042022883892059326
17,PhysioNet,PhysioNet:f02,Rest,0.08975036442279816,0.011690850369632244
18,PhysioNet,PhysioNet:f02,Rest,0.06127924472093582,0.041365496814250946
19,PhysioNet,PhysioNet:f02,Rest,0.06234255060553551,0.017435450106859207
20,PhysioNet,PhysioNet:f02,Rest,0.19767670333385468,0.009793411009013653
21,PhysioNet,PhysioNet:f02,Rest,0.10303017497062683,0.01973371021449566
22,PhysioNet,PhysioNet:f02,Rest,0.14759677648544312,0.09406977146863937
23,PhysioNet,PhysioNet:f02,Rest,0.11151936650276184,0.02380814403295517
24,PhysioNet,PhysioNet:f02,Rest,0.060642343014478683,0.015914522111415863
25,PhysioNet,PhysioNet:f02,Rest,0.07887206971645355,0.013530271127820015
26,PhysioNet,PhysioNet:f02,Rest,0.08188038319349289,0.05343543365597725
27,PhysioNet,PhysioNet:f02,Rest,0.05363616719841957,0.04236677661538124
28,PhysioNet,PhysioNet:f02,Rest,0.04765322804450989,0.012801090255379677
29,PhysioNet,PhysioNet:f02,Rest,0.03975886479020119,0.010373980738222599
30,PhysioNet,PhysioNet:f02,Rest,0.027661649510264397,0.014271063730120659
31,PhysioNet,PhysioNet:f02,Rest,0.026657864451408386,0.01523634698241949
32,PhysioNet,PhysioNet:f02,Rest,0.027602696791291237,0.01272342074662447
33,PhysioNet,PhysioNet:f02,Rest,0.033617231994867325,0.04997508227825165
34,PhysioNet,PhysioNet:f02,Rest,0.08433102071285248,0.10629137605428696
35,PhysioNet,PhysioNet:f02,Rest,0.1376689076423645,0.2696090042591095
36,PhysioNet,PhysioNet:f02,Rest,0.9429603219032288,0.7479901909828186
37,PhysioNet,PhysioNet:f02,Rest,0.1622469574213028,0.046409279108047485
38,PhysioNet,PhysioNet:f02,Rest,0.05230890214443207,0.01025481428951025
39,PhysioNet,PhysioNet:f02,Rest,0.1007455587387085,0.013556862249970436
40,PhysioNet,PhysioNet:f02,Rest,0.08490624278783798,0.01927255280315876
41,PhysioNet,PhysioNet:f02,Rest,0.051639195531606674,0.02062513493001461
42,PhysioNet,PhysioNet:f02,Rest,0.09018096327781677,0.026717359200119972
43,PhysioNet,PhysioNet:f02,Rest,0.1129661500453949,0.038270190358161926
44,PhysioNet,PhysioNet:f02,Rest,0.10785060375928879,0.02827988564968109
45,PhysioNet,PhysioNet:f02,Rest,0.04488736391067505,0.015413772314786911
46,PhysioNet,PhysioNet:f02,Rest,0.05629843473434448,0.014297139830887318
47,PhysioNet,PhysioNet:f02,Rest,0.3166867792606354,0.20564253628253937
48,PhysioNet,PhysioNet:f02,Rest,0.44480887055397034,0.14651910960674286
49,PhysioNet,PhysioNet:f02,Baseline,0.48546427488327026,0.03913691267371178
50,PhysioNet,PhysioNet:f02,Baseline,0.23842424154281616,0.015927186235785484
51,PhysioNet,PhysioNet:f02,Baseline,0.21428030729293823,0.009616728872060776
52,PhysioNet,PhysioNet:f02,Baseline,0.09755857288837433,0.012440112419426441
53,PhysioNet,PhysioNet:f02,Baseline,0.09818629920482635,0.021379489451646805
0,PhysioNet,PhysioNet:f03,Stress,0.02798817865550518,0.02442544884979725
1,PhysioNet,PhysioNet:f03,Stress,0.016128232702612877,0.06316538155078888
2,PhysioNet,PhysioNet:f03,Stress,0.04518678039312363,0.03706188499927521
3,PhysioNet,PhysioNet:f03,Stress,0.03562379628419876,0.10834619402885437
4,PhysioNet,PhysioNet:f03,Stress,0.027617987245321274,0.03548288717865944
5,PhysioNet,PhysioNet:f03,Stress,0.02763977274298668,0.28245362639427185
6,PhysioNet,PhysioNet:f03,Stress,0.005969514604657888,0.25964871048927307
7,PhysioNet,PhysioNet:f03,Rest,0.8672999143600464,0.9222140312194824
8,PhysioNet,PhysioNet:f03,Rest,0.9443161487579346,0.9118582606315613
9,PhysioNet,PhysioNet:f03,Rest,0.9275960326194763,0.6123972535133362
10,PhysioNet,PhysioNet:f03,Rest,0.7839596271514893,0.34354454278945923
11,PhysioNet,PhysioNet:f03,Rest,0.8875786662101746,0.4421110451221466
12,PhysioNet,PhysioNet:f03,Rest,0.9223806858062744,0.8840304017066956
13,PhysioNet,PhysioNet:f03,Rest,0.9369004964828491,0.6438750624656677
14,PhysioNet,PhysioNet:f03,Rest,0.8971253037452698,0.43690603971481323
15,PhysioNet,PhysioNet:f03,Rest,0.8933197855949402,0.27969110012054443
16,PhysioNet,PhysioNet:f03,Rest,0.9404540061950684,0.42908963561058044
17,PhysioNet,PhysioNet:f03,Rest,0.8903951048851013,0.17468029260635376
18,PhysioNet,PhysioNet:f03,Rest,0.39400842785835266,0.06579532474279404
19,PhysioNet,PhysioNet:f03,Rest,0.5652698874473572,0.0680997371673584
20,PhysioNet,PhysioNet:f03,Rest,0.8956567049026489,0.5122004747390747
21,PhysioNet,PhysioNet:f03,Rest,0.8668554425239563,0.4245389997959137
22,PhysioNet,PhysioNet:f03,Rest,0.5026305913925171,0.16763713955879211
23,PhysioNet,PhysioNet:f03,Rest,0.597035825252533,0.12372089177370071
24,PhysioNet,PhysioNet:f03,Rest,0.7663338780403137,0.4765523374080658
25,PhysioNet,PhysioNet:f03,Rest,0.9061792492866516,0.6115706562995911
26,PhysioNet,PhysioNet:f03,Rest,0.8748778700828552,0.6005625128746033
27,PhysioNet,PhysioNet:f03,Rest,0.42977631092071533,0.05570818483829498
28,PhysioNet,PhysioNet:f03,Rest,0.14080290496349335,0.024334514513611794
29,PhysioNet,PhysioNet:f03,Rest,0.37526336312294006,0.07432018965482712
30,PhysioNet,PhysioNet:f03,Rest,0.5707958340644836,0.3073882758617401
31,PhysioNet,PhysioNet:f03,Rest,0.08307171612977982,0.042602211236953735
32,PhysioNet,PhysioNet:f03,Rest,0.06920010596513748,0.10031059384346008
33,PhysioNet,PhysioNet:f03,Rest,0.6363325715065002,0.4039195775985718
34,PhysioNet,PhysioNet:f03,Rest,0.502947986125946,0.25092050433158875
35,PhysioNet,PhysioNet:f03,Rest,0.0648818165063858,0.030270904302597046
36,PhysioNet,PhysioNet:f03,Rest,0.08898837864398956,0.013158086687326431
37,PhysioNet,PhysioNet:f03,Rest,0.06644269078969955,0.017096707597374916
38,PhysioNet,PhysioNet:f03,Rest,0.15344487130641937,0.07141606509685516
39,PhysioNet,PhysioNet:f03,Rest,0.6012116074562073,0.5030252933502197
40,PhysioNet,PhysioNet:f03,Rest,0.8654899597167969,0.35954999923706055
41,PhysioNet,PhysioNet:f03,Rest,0.42654889822006226,0.31124526262283325
42,PhysioNet,PhysioNet:f03,Rest,0.7890042662620544,0.44688472151756287
43,PhysioNet,PhysioNet:f03,Rest,0.6837658286094666,0.1704767793416977
44,PhysioNet,PhysioNet:f03,Rest,0.17507240176200867,0.05811287835240364
45,PhysioNet,PhysioNet:f03,Rest,0.09441596269607544,0.03845883160829544
46,PhysioNet,PhysioNet:f03,Rest,0.07974550873041153,0.010282675735652447
47,PhysioNet,PhysioNet:f03,Rest,0.2559555470943451,0.011364848352968693
48,PhysioNet,PhysioNet:f03,Rest,0.16796332597732544,0.02030724473297596
49,PhysioNet,PhysioNet:f03,Rest,0.3448895514011383,0.011379488743841648
50,PhysioNet,PhysioNet:f03,Rest,0.18759091198444366,0.23289288580417633
51,PhysioNet,PhysioNet:f03,Rest,0.7998749017715454,0.9076690077781677
52,PhysioNet,PhysioNet:f03,Rest,0.8980603814125061,0.5384994149208069
53,PhysioNet,PhysioNet:f03,Rest,0.042262159287929535,0.009681557305157185
54,PhysioNet,PhysioNet:f03,Rest,0.04469253495335579,0.045348234474658966
55,PhysioNet,PhysioNet:f03,Rest,0.07147889584302902,0.04174763336777687
56,PhysioNet,PhysioNet:f03,Rest,0.07200653851032257,0.006056804675608873
57,PhysioNet,PhysioNet:f03,Rest,0.053839441388845444,0.015459081158041954
58,PhysioNet,PhysioNet:f03,Rest,0.030012715607881546,0.017579015344381332
59,PhysioNet,PhysioNet:f03,Rest,0.08341150730848312,0.021929295733571053
60,PhysioNet,PhysioNet:f03,Rest,0.09548009932041168,0.1981818825006485
61,PhysioNet,PhysioNet:f03,Rest,0.13604018092155457,0.11356954276561737
62,PhysioNet,PhysioNet:f03,Rest,0.07249598950147629,0.014243279583752155
63,PhysioNet,PhysioNet:f03,Rest,0.01976046897470951,0.006594889797270298
64,PhysioNet,PhysioNet:f03,Rest,0.03845705837011337,0.031480249017477036
65,PhysioNet,PhysioNet:f03,Rest,0.033119089901447296,0.020052608102560043
66,PhysioNet,PhysioNet:f03,Rest,0.0261232927441597,0.016095442697405815
67,PhysioNet,PhysioNet:f03,Rest,0.02786507084965706,0.016111981123685837
68,PhysioNet,PhysioNet:f03,Rest,0.028223315253853798,0.021338922902941704
69,PhysioNet,PhysioNet:f03,Rest,0.033726613968610764,0.04866909608244896
70,PhysioNet,PhysioNet:f03,Rest,0.019314903765916824,0.03665626421570778
71,PhysioNet,PhysioNet:f03,Baseline,0.1923254430294037,0.023846447467803955
72,PhysioNet,PhysioNet:f03,Baseline,0.5002067685127258,0.2499416619539261
73,PhysioNet,PhysioNet:f03,Baseline,0.2975139319896698,0.2119726836681366
74,PhysioNet,PhysioNet:f03,Baseline,0.4505932629108429,0.5833697319030762
75,PhysioNet,PhysioNet:f03,Baseline,0.7041002511978149,0.8326727747917175
0,PhysioNet,PhysioNet:f04,Stress,0.06914257258176804,0.31928399205207825
1,PhysioNet,PhysioNet:f04,Stress,0.12287679314613342,0.7799610495567322
2,PhysioNet,PhysioNet:f04,Stress,0.15921714901924133,0.8945062160491943
3,PhysioNet,PhysioNet:f04,Stress,0.17556190490722656,0.8481369614601135
4,PhysioNet,PhysioNet:f04,Stress,0.18636839091777802,0.8655834197998047
5,PhysioNet,PhysioNet:f04,Stress,0.298146516084671,0.8981902003288269
6,PhysioNet,PhysioNet:f04,Stress,0.24290524423122406,0.8981902003288269
7,PhysioNet,PhysioNet:f04,Rest,0.15527500212192535,0.34179478883743286
8,PhysioNet,PhysioNet:f04,Rest,0.16961568593978882,0.12746769189834595
9,PhysioNet,PhysioNet:f04,Rest,0.08580096811056137,0.02209821343421936
10,PhysioNet,PhysioNet:f04,Rest,0.10794184356927872,0.025127917528152466
11,PhysioNet,PhysioNet:f04,Rest,0.04638263210654259,0.00956929661333561
12,PhysioNet,PhysioNet:f04,Rest,0.23534569144248962,0.08206300437450409
13,PhysioNet,PhysioNet:f04,Rest,0.20363114774227142,0.11085554957389832
14,PhysioNet,PhysioNet:f04,Rest,0.5091291666030884,0.27698102593421936
15,PhysioNet,PhysioNet:f04,Rest,0.454288512468338,0.25706619024276733
16,PhysioNet,PhysioNet:f04,Rest,0.19649864733219147,0.025113359093666077
17,PhysioNet,PhysioNet:f04,Rest,0.5126215815544128,0.17110201716423035
18,PhysioNet,PhysioNet:f04,Rest,0.5924563407897949,0.18346408009529114
19,PhysioNet,PhysioNet:f04,Rest,0.4011968970298767,0.06990353018045425
20,PhysioNet,PhysioNet:f04,Rest,0.19553571939468384,0.035657983273267746
21,PhysioNet,PhysioNet:f04,Rest,0.17983335256576538,0.10975433140993118
22,PhysioNet,PhysioNet:f04,Rest,0.4655199348926544,0.12523970007896423
23,PhysioNet,PhysioNet:f04,Rest,0.3163202106952667,0.04976256564259529
24,PhysioNet,PhysioNet:f04,Rest,0.3537112772464752,0.19223040342330933
25,PhysioNet,PhysioNet:f04,Rest,0.3743698298931122,0.23604848980903625
26,PhysioNet,PhysioNet:f04,Rest,0.33533647656440735,0.19309867918491364
27,PhysioNet,PhysioNet:f04,Rest,0.35125139355659485,0.03764251247048378
28,PhysioNet,PhysioNet:f04,Rest,0.21945177018642426,0.16671819984912872
29,PhysioNet,PhysioNet:f04,Rest,0.3423287570476532,0.15470154583454132
30,PhysioNet,PhysioNet:f04,Rest,0.28116554021835327,0.12012434750795364
31,PhysioNet,PhysioNet:f04,Rest,0.3238762617111206,0.13679787516593933
32,PhysioNet,PhysioNet:f04,Rest,0.3881816864013672,0.12145872414112091
33,PhysioNet,PhysioNet:f04,Rest,0.6940882802009583,0.5100818872451782
34,PhysioNet,PhysioNet:f04,Rest,0.839816689491272,0.14674846827983856
35,PhysioNet,PhysioNet:f04,Rest,0.7318418622016907,0.1381949633359909
36,PhysioNet,PhysioNet:f04,Rest,0.34183835983276367,0.08902571350336075
37,PhysioNet,PhysioNet:f04,Rest,0.32446005940437317,0.06037406995892525
38,PhysioNet,PhysioNet:f04,Rest,0.33886224031448364,0.009241225197911263
39,PhysioNet,PhysioNet:f04,Rest,0.2001170963048935,0.03536089137196541
40,PhysioNet,PhysioNet:f04,Rest,0.22565773129463196,0.02853207476437092
41,PhysioNet,PhysioNet:f04,Rest,0.2882823050022125,0.020867081359028816
42,PhysioNet,PhysioNet:f04,Rest,0.14448218047618866,0.009625243954360485
43,PhysioNet,PhysioNet:f04,Rest,0.2378116399049759,0.007940446957945824
44,PhysioNet,PhysioNet:f04,Rest,0.3568420112133026,0.015558789484202862
45,PhysioNet,PhysioNet:f04,Rest,0.23164117336273193,0.01677912473678589
46,PhysioNet,PhysioNet:f04,Rest,0.20929330587387085,0.04515306279063225
47,PhysioNet,PhysioNet:f04,Rest,0.1873401254415512,0.03436576947569847
48,PhysioNet,PhysioNet:f04,Rest,0.2988811433315277,0.032626114785671234
49,PhysioNet,PhysioNet:f04,Rest,0.34370332956314087,0.23473943769931793
50,PhysioNet,PhysioNet:f04,Rest,0.3268725872039795,0.24090848863124847
51,PhysioNet,PhysioNet:f04,Rest,0.18886800110340118,0.07610305398702621
52,PhysioNet,PhysioNet:f04,Rest,0.3254894018173218,0.04984031245112419
53,PhysioNet,PhysioNet:f04,Rest,0.33764201402664185,0.1300378292798996
54,PhysioNet,PhysioNet:f04,Rest,0.12581326067447662,0.01902027800679207
55,PhysioNet,PhysioNet:f04,Rest,0.11038714647293091,0.01670667715370655
56,PhysioNet,PhysioNet:f04,Rest,0.14252062141895294,0.03712228685617447
57,PhysioNet,PhysioNet:f04,Rest,0.12165223807096481,0.05830749496817589
58,PhysioNet,PhysioNet:f04,Rest,0.4295750856399536,0.1003355160355568
59,PhysioNet,PhysioNet:f04,Rest,0.5145031213760376,0.0684795081615448
60,PhysioNet,PhysioNet:f04,Baseline,0.0671723335981369,0.061298053711652756
61,PhysioNet,PhysioNet:f04,Baseline,0.05185185372829437,0.04509967193007469
62,PhysioNet,PhysioNet:f04,Baseline,0.049926768988370895,0.019223107025027275
63,PhysioNet,PhysioNet:f04,Baseline,0.04317065700888634,0.031471703201532364
64,PhysioNet,PhysioNet:f04,Baseline,0.19577986001968384,0.18672150373458862
0,PhysioNet,PhysioNet:f05,Stress,0.5674800276756287,0.04126853495836258
1,PhysioNet,PhysioNet:f05,Stress,0.7302545309066772,0.6447203159332275
2,PhysioNet,PhysioNet:f05,Stress,0.9279780387878418,0.8148947358131409
3,PhysioNet,PhysioNet:f05,Stress,0.9015268087387085,0.8142155408859253
4,PhysioNet,PhysioNet:f05,Stress,0.936102032661438,0.7755612134933472
5,PhysioNet,PhysioNet:f05,Stress,0.9557052254676819,0.8647096753120422
6,PhysioNet,PhysioNet:f05,Stress,0.9857299327850342,0.9767767786979675
7,PhysioNet,PhysioNet:f05,Rest,0.6735584735870361,0.5078616738319397
8,PhysioNet,PhysioNet:f05,Rest,0.5277802348136902,0.5131824016571045
9,PhysioNet,PhysioNet:f05,Rest,0.2774791121482849,0.11382122337818146
10,PhysioNet,PhysioNet:f05,Rest,0.25747013092041016,0.10650385916233063
11,PhysioNet,PhysioNet:f05,Rest,0.2727818787097931,0.09602732956409454
12,PhysioNet,PhysioNet:f05,Rest,0.3566190004348755,0.03984115272760391
13,PhysioNet,PhysioNet:f05,Rest,0.5983948707580566,0.07731091976165771
14,PhysioNet,PhysioNet:f05,Rest,0.2639801502227783,0.1397644728422165
15,PhysioNet,PhysioNet:f05,Rest,0.47474128007888794,0.06995539367198944
16,PhysioNet,PhysioNet:f05,Rest,0.5373625755310059,0.02905604988336563
17,PhysioNet,PhysioNet:f05,Rest,0.2934091091156006,0.02124135009944439
18,PhysioNet,PhysioNet:f05,Rest,0.20163244009017944,0.06546111404895782
19,PhysioNet,PhysioNet:f05,Rest,0.3040960431098938,0.050110604614019394
20,PhysioNet,PhysioNet:f05,Rest,0.3866003155708313,0.057260993868112564
21,PhysioNet,PhysioNet:f05,Rest,0.11470939218997955,0.007404040545225143
22,PhysioNet,PhysioNet:f05,Rest,0.06055773049592972,0.00656460365280509
23,PhysioNet,PhysioNet:f05,Rest,0.06234944611787796,0.008691016584634781
24,PhysioNet,PhysioNet:f05,Rest,0.033091623336076736,0.011141492053866386
25,PhysioNet,PhysioNet:f05,Rest,0.1148066371679306,0.01835935190320015
26,PhysioNet,PhysioNet:f05,Rest,0.06085077300667763,0.014208567328751087
27,PhysioNet,PhysioNet:f05,Rest,0.04065725579857826,0.009473982267081738
28,PhysioNet,PhysioNet:f05,Rest,0.04361574351787567,0.0231797993183136
29,PhysioNet,PhysioNet:f05,Rest,0.04998590424656868,0.011062526144087315
30,PhysioNet,PhysioNet:f05,Rest,0.025400912389159203,0.008491198532283306
31,PhysioNet,PhysioNet:f05,Rest,0.03729482367634773,0.01874081790447235
32,PhysioNet,PhysioNet:f05,Rest,0.04179931432008743,0.033031564205884933
33,PhysioNet,PhysioNet:f05,Rest,0.049390994012355804,0.01705876737833023
34,PhysioNet,PhysioNet:f05,Rest,0.04487581551074982,0.035427793860435486
35,PhysioNet,PhysioNet:f05,Rest,0.6620718240737915,0.33275365829467773
36,PhysioNet,PhysioNet:f05,Rest,0.7518531680107117,0.5574212670326233
37,PhysioNet,PhysioNet:f05,Rest,0.626115620136261,0.06607429683208466
38,PhysioNet,PhysioNet:f05,Rest,0.18684138357639313,0.04693678766489029
39,PhysioNet,PhysioNet:f05,Rest,0.17631369829177856,0.05848916620016098
40,PhysioNet,PhysioNet:f05,Rest,0.2689715325832367,0.06511632353067398
41,PhysioNet,PhysioNet:f05,Rest,0.24291181564331055,0.07248786091804504
42,PhysioNet,PhysioNet:f05,Rest,0.1938185691833496,0.08374567329883575
43,PhysioNet,PhysioNet:f05,Rest,0.16340646147727966,0.04665502533316612
44,PhysioNet,PhysioNet:f05,Rest,0.28616204857826233,0.08165635168552399
45,PhysioNet,PhysioNet:f05,Rest,0.43047717213630676,0.06780433654785156
46,PhysioNet,PhysioNet:f05,Rest,0.3606870770454407,0.3792003393173218
47,PhysioNet,PhysioNet:f05,Rest,0.19248415529727936,0.02079145237803459
48,PhysioNet,PhysioNet:f05,Rest,0.1637277752161026,0.04420582950115204
49,PhysioNet,PhysioNet:f05,Rest,0.11870849877595901,0.03504156321287155
50,PhysioNet,PhysioNet:f05,Rest,0.03135237470269203,0.0353202186524868
51,PhysioNet,PhysioNet:f05,Rest,0.025338228791952133,0.008395496755838394
52,PhysioNet,PhysioNet:f05,Rest,0.05702604725956917,0.01988290622830391
53,PhysioNet,PhysioNet:f05,Rest,0.03634316846728325,0.011236600577831268
54,PhysioNet,PhysioNet:f05,Rest,0.018185235559940338,0.005755870137363672
55,PhysioNet,PhysioNet:f05,Rest,0.08381737768650055,0.027054758742451668
56,PhysioNet,PhysioNet:f05,Rest,0.07010969519615173,0.022189846262335777
57,PhysioNet,PhysioNet:f05,Rest,0.04929844290018082,0.01999032124876976
58,PhysioNet,PhysioNet:f05,Rest,0.0602809339761734,0.026618201285600662
59,PhysioNet,PhysioNet:f05,Rest,0.04584106430411339,0.024035325273871422
60,PhysioNet,PhysioNet:f05,Baseline,0.41624438762664795,0.023069068789482117
61,PhysioNet,PhysioNet:f05,Baseline,0.3551611304283142,0.01080734096467495
62,PhysioNet,PhysioNet:f05,Baseline,0.3017899990081787,0.013803916983306408
63,PhysioNet,PhysioNet:f05,Baseline,0.3029172122478485,0.06629981845617294
64,PhysioNet,PhysioNet:f05,Baseline,0.4112531244754791,0.2379487156867981
0,PhysioNet,PhysioNet:f06,Stress,0.4662519693374634,0.5261263251304626
1,PhysioNet,PhysioNet:f06,Stress,0.8068292737007141,0.9330963492393494
2,PhysioNet,PhysioNet:f06,Stress,0.865509033203125,0.9412863254547119
3,PhysioNet,PhysioNet:f06,Stress,0.909408450126648,0.9742010831832886
4,PhysioNet,PhysioNet:f06,Stress,0.9134352803230286,0.7020739912986755
5,PhysioNet,PhysioNet:f06,Stress,0.9726177453994751,0.9234746098518372
6,PhysioNet,PhysioNet:f06,Stress,0.9500107169151306,0.5225157141685486
7,PhysioNet,PhysioNet:f06,Rest,0.5070391297340393,0.10784487426280975
8,PhysioNet,PhysioNet:f06,Rest,0.5424996018409729,0.11191514879465103
9,PhysioNet,PhysioNet:f06,Rest,0.4832492768764496,0.10428521782159805
10,PhysioNet,PhysioNet:f06,Rest,0.5429688692092896,0.6717007160186768
11,PhysioNet,PhysioNet:f06,Rest,0.6799396276473999,0.13714610040187836
12,PhysioNet,PhysioNet:f06,Rest,0.21998250484466553,0.059021446853876114
13,PhysioNet,PhysioNet:f06,Rest,0.6633973121643066,0.14163623750209808
14,PhysioNet,PhysioNet:f06,Rest,0.6756110191345215,0.25489503145217896
15,PhysioNet,PhysioNet:f06,Rest,0.6030735373497009,0.11221875995397568
16,PhysioNet,PhysioNet:f06,Rest,0.5919476747512817,0.5994284749031067
17,PhysioNet,PhysioNet:f06,Rest,0.36149895191192627,0.056729234755039215
18,PhysioNet,PhysioNet:f06,Rest,0.0845579132437706,0.060850389301776886
19,PhysioNet,PhysioNet:f06,Rest,0.0634886845946312,0.008133758790791035
20,PhysioNet,PhysioNet:f06,Rest,0.06895700097084045,0.012619000859558582
21,PhysioNet,PhysioNet:f06,Rest,0.12348365038633347,0.01087044645100832
22,PhysioNet,PhysioNet:f06,Rest,0.21718375384807587,0.013801509514451027
23,PhysioNet,PhysioNet:f06,Rest,0.39076095819473267,0.07819037139415741
24,PhysioNet,PhysioNet:f06,Rest,0.42750084400177,0.12633652985095978
25,PhysioNet,PhysioNet:f06,Rest,0.13434629142284393,0.023998692631721497
26,PhysioNet,PhysioNet:f06,Rest,0.0809420496225357,0.010498498566448689
27,PhysioNet,PhysioNet:f06,Rest,0.12429049611091614,0.010564127005636692
28,PhysioNet,PhysioNet:f06,Rest,0.1424776166677475,0.013082673773169518
29,PhysioNet,PhysioNet:f06,Rest,0.40509748458862305,0.03192435950040817
30,PhysioNet,PhysioNet:f06,Rest,0.37035149335861206,0.10734331607818604
31,PhysioNet,PhysioNet:f06,Rest,0.46154454350471497,0.5107956528663635
32,PhysioNet,PhysioNet:f06,Rest,0.4097128212451935,0.07125992327928543
33,PhysioNet,PhysioNet:f06,Rest,0.3659346401691437,0.21749147772789001
34,PhysioNet,PhysioNet:f06,Rest,0.31558477878570557,0.4725046753883362
35,PhysioNet,PhysioNet:f06,Rest,0.08078107982873917,0.2640582323074341
36,PhysioNet,PhysioNet:f06,Rest,0.07950511574745178,0.32138773798942566
37,PhysioNet,PhysioNet:f06,Rest,0.08885308355093002,0.15402407944202423
38,PhysioNet,PhysioNet:f06,Rest,0.09060174226760864,0.057953014969825745
39,PhysioNet,PhysioNet:f06,Rest,0.08456066250801086,0.016992563381791115
40,PhysioNet,PhysioNet:f06,Rest,0.2383783608675003,0.1426706314086914
41,PhysioNet,PhysioNet:f06,Rest,0.08351027220487595,0.01692500151693821
42,PhysioNet,PhysioNet:f06,Rest,0.1251872181892395,0.06410155445337296
43,PhysioNet,PhysioNet:f06,Rest,0.11215725541114807,0.11092662811279297
44,PhysioNet,PhysioNet:f06,Rest,0.22339744865894318,0.06047441437840462
45,PhysioNet,PhysioNet:f06,Rest,0.3756910562515259,0.4227105379104614
46,PhysioNet,PhysioNet:f06,Rest,0.55269455909729,0.3082468509674072
47,PhysioNet,PhysioNet:f06,Rest,0.34802424907684326,0.12006553262472153
48,PhysioNet,PhysioNet:f06,Rest,0.08986050635576248,0.08066051453351974
49,PhysioNet,PhysioNet:f06,Rest,0.2505859136581421,0.0410657674074173
50,PhysioNet,PhysioNet:f06,Rest,0.28838956356048584,0.1808769553899765
51,PhysioNet,PhysioNet:f06,Rest,0.4531604051589966,0.2215302437543869
52,PhysioNet,PhysioNet:f06,Rest,0.47424620389938354,0.2424655556678772
53,PhysioNet,PhysioNet:f06,Rest,0.40745195746421814,0.07700184732675552
54,PhysioNet,PhysioNet:f06,Rest,0.3997698128223419,0.09410984814167023
55,PhysioNet,PhysioNet:f06,Rest,0.5064160227775574,0.6575580835342407
56,PhysioNet,PhysioNet:f06,Rest,0.4752841889858246,0.20607751607894897
57,PhysioNet,PhysioNet:f06,Rest,0.41606980562210083,0.05332539230585098
58,PhysioNet,PhysioNet:f06,Rest,0.49833425879478455,0.3690974712371826
59,PhysioNet,PhysioNet:f06,Rest,0.8019574284553528,0.9657246470451355
60,PhysioNet,PhysioNet:f06,Rest,0.7166483402252197,0.607623815536499
61,PhysioNet,PhysioNet:f06,Rest,0.12888412177562714,0.12030993402004242
62,PhysioNet,PhysioNet:f06,Baseline,0.03012961335480213,0.013496981002390385
63,PhysioNet,PhysioNet:f06,Baseline,0.020380612462759018,0.007855487987399101
64,PhysioNet,PhysioNet:f06,Baseline,0.033307164907455444,0.3686155378818512
65,PhysioNet,PhysioNet:f06,Baseline,0.03581857681274414,0.03268691152334213
66,PhysioNet,PhysioNet:f06,Baseline,0.15372873842716217,0.055460233241319656
0,PhysioNet,PhysioNet:f07,Stress,0.9346250295639038,0.8899811506271362
1,PhysioNet,PhysioNet:f07,Stress,0.9365582466125488,0.7606110572814941
2,PhysioNet,PhysioNet:f07,Stress,0.9036123752593994,0.6662314534187317
3,PhysioNet,PhysioNet:f07,Stress,0.910205066204071,0.695732831954956
4,PhysioNet,PhysioNet:f07,Stress,0.8419371247291565,0.31052595376968384
5,PhysioNet,PhysioNet:f07,Stress,0.7330835461616516,0.24728970229625702
6,PhysioNet,PhysioNet:f07,Stress,0.6991684436798096,0.3288514018058777
7,PhysioNet,PhysioNet:f07,Rest,0.7716793417930603,0.5946763753890991
8,PhysioNet,PhysioNet:f07,Rest,0.6912809014320374,0.23891310393810272
9,PhysioNet,PhysioNet:f07,Rest,0.6635432243347168,0.17183947563171387
10,PhysioNet,PhysioNet:f07,Rest,0.5710797309875488,0.11676647514104843
11,PhysioNet,PhysioNet:f07,Rest,0.524797260761261,0.18526238203048706
12,PhysioNet,PhysioNet:f07,Rest,0.47554272413253784,0.17804911732673645
13,PhysioNet,PhysioNet:f07,Rest,0.5742937326431274,0.13740715384483337
14,PhysioNet,PhysioNet:f07,Rest,0.6230949759483337,0.21304619312286377
15,PhysioNet,PhysioNet:f07,Rest,0.5965588092803955,0.22491471469402313
16,PhysioNet,PhysioNet:f07,Rest,0.3746664524078369,0.3540077209472656
17,PhysioNet,PhysioNet:f07,Rest,0.46702906489372253,0.2519053518772125
18,PhysioNet,PhysioNet:f07,Rest,0.4666621685028076,0.3735986053943634
19,PhysioNet,PhysioNet:f07,Rest,0.508355975151062,0.45277345180511475
20,PhysioNet,PhysioNet:f07,Rest,0.42780545353889465,0.40727677941322327
21,PhysioNet,PhysioNet:f07,Rest,0.43091222643852234,0.3271147906780243
22,PhysioNet,PhysioNet:f07,Rest,0.3079308867454529,0.2092832326889038
23,PhysioNet,PhysioNet:f07,Rest,0.3297751545906067,0.19325368106365204
24,PhysioNet,PhysioNet:f07,Rest,0.3143809735774994,0.26568129658699036
25,PhysioNet,PhysioNet:f07,Rest,0.2408542037010193,0.21384641528129578
26,PhysioNet,PhysioNet:f07,Rest,0.26182669401168823,0.27971351146698
27,PhysioNet,PhysioNet:f07,Rest,0.18684905767440796,0.316304087638855
28,PhysioNet,PhysioNet:f07,Rest,0.18684905767440796,0.27747708559036255
29,PhysioNet,PhysioNet:f07,Rest,0.18684905767440796,0.3359558582305908
30,PhysioNet,PhysioNet:f07,Rest,0.139074444770813,0.3577977418899536
31,PhysioNet,PhysioNet:f07,Rest,0.11933759599924088,0.3246602416038513
32,PhysioNet,PhysioNet:f07,Rest,0.10995042324066162,0.25955456495285034
33,PhysioNet,PhysioNet:f07,Rest,0.8795003294944763,0.6172125935554504
34,PhysioNet,PhysioNet:f07,Rest,0.6635432243347168,0.15314003825187683
35,PhysioNet,PhysioNet:f07,Rest,0.5461742877960205,0.16037634015083313
36,PhysioNet,PhysioNet:f07,Rest,0.6116899251937866,0.17904898524284363
37,PhysioNet,PhysioNet:f07,Rest,0.6299780011177063,0.2529517412185669
38,PhysioNet,PhysioNet:f07,Rest,0.6488716006278992,0.22681966423988342
39,PhysioNet,PhysioNet:f07,Rest,0.6256437301635742,0.18897196650505066
40,PhysioNet,PhysioNet:f07,Rest,0.5450810194015503,0.12919633090496063
41,PhysioNet,PhysioNet:f07,Rest,0.6590567827224731,0.3648195266723633
42,PhysioNet,PhysioNet:f07,Rest,0.5902824401855469,0.23314161598682404
43,PhysioNet,PhysioNet:f07,Rest,0.3183213174343109,0.31185129284858704
44,PhysioNet,PhysioNet:f07,Rest,0.23558534681797028,0.16252920031547546
45,PhysioNet,PhysioNet:f07,Rest,0.3804587125778198,0.379387229681015
46,PhysioNet,PhysioNet:f07,Rest,0.3805161416530609,0.35664963722229004
47,PhysioNet,PhysioNet:f07,Rest,0.37484195828437805,0.3471778333187103
48,PhysioNet,PhysioNet:f07,Rest,0.6179032921791077,0.5274039506912231
49,PhysioNet,PhysioNet:f07,Rest,0.5705384612083435,0.633442223072052
50,PhysioNet,PhysioNet:f07,Rest,0.7613994479179382,0.6631062030792236
51,PhysioNet,PhysioNet:f07,Rest,0.7687414288520813,0.6631062030792236
52,PhysioNet,PhysioNet:f07,Rest,0.62701416015625,0.26993125677108765
53,PhysioNet,PhysioNet:f07,Rest,0.6193900108337402,0.2720099091529846
54,PhysioNet,PhysioNet:f07,Rest,0.5352455377578735,0.22557593882083893
55,PhysioNet,PhysioNet:f07,Rest,0.3130122125148773,0.2348271906375885
56,PhysioNet,PhysioNet:f07,Rest,0.43091222643852234,0.383174866437912
57,PhysioNet,PhysioNet:f07,Rest,0.5518513321876526,0.36469578742980957
58,PhysioNet,PhysioNet:f07,Rest,0.6113939881324768,0.5009286999702454
59,PhysioNet,PhysioNet:f07,Rest,0.5709203481674194,0.48706331849098206
60,PhysioNet,PhysioNet:f07,Rest,0.2413703352212906,0.8649019002914429
61,PhysioNet,PhysioNet:f07,Rest,0.24837587773799896,0.8781577348709106
62,PhysioNet,PhysioNet:f07,Baseline,0.02462320402264595,0.34328633546829224
63,PhysioNet,PhysioNet:f07,Baseline,0.029846178367733955,0.21964269876480103
64,PhysioNet,PhysioNet:f07,Baseline,0.024233665317296982,0.3227175176143646
65,PhysioNet,PhysioNet:f07,Baseline,0.02789473719894886,0.46725139021873474
66,PhysioNet,PhysioNet:f07,Baseline,0.029461167752742767,0.49272260069847107
0,PhysioNet,PhysioNet:f08,Stress,0.6495053172111511,0.673795759677887
1,PhysioNet,PhysioNet:f08,Stress,0.9395115375518799,0.9781786799430847
2,PhysioNet,PhysioNet:f08,Stress,0.9469462037086487,0.9730808734893799
3,PhysioNet,PhysioNet:f08,Stress,0.9620280861854553,0.920849084854126
4,PhysioNet,PhysioNet:f08,Stress,0.9604690670967102,0.9559353590011597
5,PhysioNet,PhysioNet:f08,Stress,0.9352363348007202,0.6649490594863892
6,PhysioNet,PhysioNet:f08,Stress,0.9254101514816284,0.8612461090087891
7,PhysioNet,PhysioNet:f08,Stress,0.9379938840866089,0.6371437907218933
8,PhysioNet,PhysioNet:f08,Rest,0.9404000043869019,0.6813555359840393
9,PhysioNet,PhysioNet:f08,Rest,0.8681474924087524,0.5542318820953369
10,PhysioNet,PhysioNet:f08,Rest,0.708565890789032,0.28306543827056885
11,PhysioNet,PhysioNet:f08,Rest,0.2326672226190567,0.022811099886894226
12,PhysioNet,PhysioNet:f08,Rest,0.08316367119550705,0.013772055506706238
13,PhysioNet,PhysioNet:f08,Rest,0.2322491705417633,0.061095159500837326
14,PhysioNet,PhysioNet:f08,Rest,0.49630555510520935,0.2842969298362732
15,PhysioNet,PhysioNet:f08,Rest,0.07739197462797165,0.01926618255674839
16,PhysioNet,PhysioNet:f08,Rest,0.4657129645347595,0.0893578752875328
17,PhysioNet,PhysioNet:f08,Rest,0.3970939517021179,0.08057727664709091
18,PhysioNet,PhysioNet:f08,Rest,0.0771242305636406,0.013928040862083435
19,PhysioNet,PhysioNet:f08,Rest,0.17223797738552094,0.021765846759080887
20,PhysioNet,PhysioNet:f08,Rest,0.1813022345304489,0.13472260534763336
21,PhysioNet,PhysioNet:f08,Rest,0.7565763592720032,0.2665630280971527
22,PhysioNet,PhysioNet:f08,Rest,0.7142831087112427,0.6356798410415649
23,PhysioNet,PhysioNet:f08,Rest,0.3767772614955902,0.026273030787706375
24,PhysioNet,PhysioNet:f08,Rest,0.3384789526462555,0.014093789272010326
25,PhysioNet,PhysioNet:f08,Rest,0.4096526503562927,0.015572268515825272
26,PhysioNet,PhysioNet:f08,Rest,0.42909175157546997,0.20077864825725555
27,PhysioNet,PhysioNet:f08,Rest,0.45787864923477173,0.11050552874803543
28,PhysioNet,PhysioNet:f08,Rest,0.3810550272464752,0.04767022654414177
29,PhysioNet,PhysioNet:f08,Rest,0.34305569529533386,0.04469992220401764
30,PhysioNet,PhysioNet:f08,Rest,0.27475690841674805,0.06731864809989929
31,PhysioNet,PhysioNet:f08,Rest,0.2337222397327423,0.06464244425296783
32,PhysioNet,PhysioNet:f08,Rest,0.13625574111938477,0.06464244425296783
33,PhysioNet,PhysioNet:f08,Rest,0.24163179099559784,0.043553676456213
34,PhysioNet,PhysioNet:f08,Rest,0.16989731788635254,0.04556762054562569
35,PhysioNet,PhysioNet:f08,Rest,0.2719625234603882,0.22675111889839172
36,PhysioNet,PhysioNet:f08,Rest,0.8960819244384766,0.848288357257843
37,PhysioNet,PhysioNet:f08,Rest,0.5739952921867371,0.5534087419509888
38,PhysioNet,PhysioNet:f08,Rest,0.274563193321228,0.43575355410575867
39,PhysioNet,PhysioNet:f08,Rest,0.5622262358665466,0.4722265601158142
40,PhysioNet,PhysioNet:f08,Rest,0.27960920333862305,0.09340137243270874
41,PhysioNet,PhysioNet:f08,Rest,0.40927690267562866,0.16593767702579498
42,PhysioNet,PhysioNet:f08,Rest,0.39700162410736084,0.1372918337583542
43,PhysioNet,PhysioNet:f08,Rest,0.1984759122133255,0.07852405309677124
44,PhysioNet,PhysioNet:f08,Rest,0.20401394367218018,0.21488426625728607
45,PhysioNet,PhysioNet:f08,Rest,0.16323235630989075,0.11032619327306747
46,PhysioNet,PhysioNet:f08,Rest,0.12557996809482574,0.024431977421045303
47,PhysioNet,PhysioNet:f08,Rest,0.16284632682800293,0.09112484008073807
48,PhysioNet,PhysioNet:f08,Rest,0.1932511329650879,0.09753164649009705
49,PhysioNet,PhysioNet:f08,Rest,0.08932320028543472,0.3844786286354065
50,PhysioNet,PhysioNet:f08,Rest,0.1257096827030182,0.07213393598794937
51,PhysioNet,PhysioNet:f08,Rest,0.05071483179926872,0.021040484309196472
52,PhysioNet,PhysioNet:f08,Rest,0.024820275604724884,0.01229211688041687
53,PhysioNet,PhysioNet:f08,Rest,0.03720194473862648,0.0176402498036623
54,PhysioNet,PhysioNet:f08,Rest,0.16189798712730408,0.12776073813438416
55,PhysioNet,PhysioNet:f08,Rest,0.5108143091201782,0.5239067077636719
56,PhysioNet,PhysioNet:f08,Rest,0.45277389883995056,0.5207918286323547
57,PhysioNet,PhysioNet:f08,Baseline,0.18367359042167664,0.012058801017701626
58,PhysioNet,PhysioNet:f08,Baseline,0.1829087883234024,0.01117794681340456
59,PhysioNet,PhysioNet:f08,Baseline,0.13192380964756012,0.013840485364198685
60,PhysioNet,PhysioNet:f08,Baseline,0.16249144077301025,0.01886037550866604
61,PhysioNet,PhysioNet:f08,Baseline,0.19784724712371826,0.01986786350607872
0,PhysioNet,PhysioNet:f09,Stress,0.6219174861907959,0.10192447900772095
1,PhysioNet,PhysioNet:f09,Stress,0.6292058229446411,0.6321355104446411
2,PhysioNet,PhysioNet:f09,Stress,0.797767162322998,0.929570734500885
3,PhysioNet,PhysioNet:f09,Stress,0.7601858973503113,0.5277138948440552
4,PhysioNet,PhysioNet:f09,Stress,0.9062203168869019,0.9800978899002075
5,PhysioNet,PhysioNet:f09,Stress,0.9231465458869934,0.971445620059967
6,PhysioNet,PhysioNet:f09,Stress,0.9245356917381287,0.9560528993606567
7,PhysioNet,PhysioNet:f09,Rest,0.4735783040523529,0.6544936895370483
8,PhysioNet,PhysioNet:f09,Rest,0.8836478590965271,0.4622851014137268
9,PhysioNet,PhysioNet:f09,Rest,0.3903357982635498,0.12097843736410141
10,PhysioNet,PhysioNet:f09,Rest,0.22854390740394592,0.12095359712839127
11,PhysioNet,PhysioNet:f09,Rest,0.22262953221797943,0.09090597927570343
12,PhysioNet,PhysioNet:f09,Rest,0.18784932792186737,0.43564167618751526
13,PhysioNet,PhysioNet:f09,Rest,0.1574084460735321,0.013712726533412933
14,PhysioNet,PhysioNet:f09,Rest,0.21385113894939423,0.016299603506922722
15,PhysioNet,PhysioNet:f09,Rest,0.4579962491989136,0.19490206241607666
16,PhysioNet,PhysioNet:f09,Rest,0.19907130300998688,0.15602059662342072
17,PhysioNet,PhysioNet:f09,Rest,0.35143157839775085,0.13747310638427734
18,PhysioNet,PhysioNet:f09,Rest,0.20799514651298523,0.08862623572349548
19,PhysioNet,PhysioNet:f09,Rest,0.48219966888427734,0.42858392000198364
20,PhysioNet,PhysioNet:f09,Rest,0.26161906123161316,0.010582933202385902
21,PhysioNet,PhysioNet:f09,Rest,0.1571064591407776,0.008291617967188358
22,PhysioNet,PhysioNet:f09,Rest,0.2877909541130066,0.09917626529932022
23,PhysioNet,PhysioNet:f09,Rest,0.564919650554657,0.16564436256885529
24,PhysioNet,PhysioNet:f09,Rest,0.2962146997451782,0.5099320411682129
25,PhysioNet,PhysioNet:f09,Rest,0.38820141553878784,0.13375334441661835
26,PhysioNet,PhysioNet:f09,Rest,0.389076292514801,0.027736475691199303
27,PhysioNet,PhysioNet:f09,Rest,0.48817092180252075,0.16333967447280884
28,PhysioNet,PhysioNet:f09,Rest,0.6033111810684204,0.6526607275009155
29,PhysioNet,PhysioNet:f09,Rest,0.2592911124229431,0.1386195421218872
30,PhysioNet,PhysioNet:f09,Rest,0.1831788420677185,0.013291955925524235
31,PhysioNet,PhysioNet:f09,Rest,0.2125566601753235,0.008888221345841885
32,PhysioNet,PhysioNet:f09,Rest,0.4806525707244873,0.053663257509469986
33,PhysioNet,PhysioNet:f09,Rest,0.8759726285934448,0.17213581502437592
34,PhysioNet,PhysioNet:f09,Rest,0.24721235036849976,0.04001355171203613
35,PhysioNet,PhysioNet:f09,Rest,0.5771124958992004,0.21436530351638794
36,PhysioNet,PhysioNet:f09,Rest,0.3854936957359314,0.05548155680298805
37,PhysioNet,PhysioNet:f09,Rest,0.1666584312915802,0.0831931084394455
38,PhysioNet,PhysioNet:f09,Rest,0.43795183300971985,0.03119276463985443
39,PhysioNet,PhysioNet:f09,Rest,0.19809235632419586,0.015324735082685947
40,PhysioNet,PhysioNet:f09,Rest,0.6669691801071167,0.06305263191461563
41,PhysioNet,PhysioNet:f09,Rest,0.7853495478630066,0.4841631054878235
42,PhysioNet,PhysioNet:f09,Rest,0.6611555218696594,0.2892264723777771
43,PhysioNet,PhysioNet:f09,Rest,0.6734335422515869,0.15002161264419556
44,PhysioNet,PhysioNet:f09,Rest,0.5213576555252075,0.0403936430811882
45,PhysioNet,PhysioNet:f09,Rest,0.6072942614555359,0.2616732120513916
46,PhysioNet,PhysioNet:f09,Rest,0.7102314233779907,0.27966877818107605
47,PhysioNet,PhysioNet:f09,Rest,0.7469303607940674,0.41960209608078003
48,PhysioNet,PhysioNet:f09,Rest,0.6373236775398254,0.26199910044670105
49,PhysioNet,PhysioNet:f09,Rest,0.5872781872749329,0.05046377703547478
50,PhysioNet,PhysioNet:f09,Rest,0.5667427182197571,0.061493199318647385
51,PhysioNet,PhysioNet:f09,Rest,0.3654426634311676,0.07092227041721344
52,PhysioNet,PhysioNet:f09,Rest,0.29784148931503296,0.10144613683223724
53,PhysioNet,PhysioNet:f09,Rest,0.6280391216278076,0.053426895290613174
54,PhysioNet,PhysioNet:f09,Rest,0.718932569026947,0.28647056221961975
55,PhysioNet,PhysioNet:f09,Rest,0.7309287786483765,0.104225292801857
56,PhysioNet,PhysioNet:f09,Rest,0.4845030903816223,0.02377108670771122
57,PhysioNet,PhysioNet:f09,Rest,0.7953407168388367,0.24686194956302643
58,PhysioNet,PhysioNet:f09,Baseline,0.020861895754933357,0.04710661619901657
59,PhysioNet,PhysioNet:f09,Baseline,0.03413678705692291,0.03941882401704788
60,PhysioNet,PhysioNet:f09,Baseline,0.03617003560066223,0.025246718898415565
61,PhysioNet,PhysioNet:f09,Baseline,0.050566017627716064,0.02803773060441017
62,PhysioNet,PhysioNet:f09,Baseline,0.1805882304906845,0.129180446267128
0,PhysioNet,PhysioNet:f10,Stress,0.625152587890625,0.1295488327741623
1,PhysioNet,PhysioNet:f10,Stress,0.710913896560669,0.5923283696174622
2,PhysioNet,PhysioNet:f10,Stress,0.8961300253868103,0.8292198777198792
3,PhysioNet,PhysioNet:f10,Stress,0.9299563765525818,0.8427214622497559
4,PhysioNet,PhysioNet:f10,Stress,0.9403185248374939,0.8839954733848572
5,PhysioNet,PhysioNet:f10,Stress,0.6882610321044922,0.1736259162425995
6,PhysioNet,PhysioNet:f10,Stress,0.7108221054077148,0.013978359289467335
7,PhysioNet,PhysioNet:f10,Rest,0.9535447955131531,0.31467655301094055
8,PhysioNet,PhysioNet:f10,Rest,0.8842378258705139,0.7885393500328064
9,PhysioNet,PhysioNet:f10,Rest,0.3561117351055145,0.28341028094291687
10,PhysioNet,PhysioNet:f10,Rest,0.5505794882774353,0.09524043649435043
11,PhysioNet,PhysioNet:f10,Rest,0.4056311547756195,0.04406805709004402
12,PhysioNet,PhysioNet:f10,Rest,0.7358017563819885,0.5760468244552612
13,PhysioNet,PhysioNet:f10,Rest,0.6561101078987122,0.3496580421924591
14,PhysioNet,PhysioNet:f10,Rest,0.22999873757362366,0.03120725043118
15,PhysioNet,PhysioNet:f10,Rest,0.5958472490310669,0.055249445140361786
16,PhysioNet,PhysioNet:f10,Rest,0.5395554900169373,0.09104638546705246
17,PhysioNet,PhysioNet:f10,Rest,0.659667432308197,0.10677801072597504
18,PhysioNet,PhysioNet:f10,Rest,0.8605783581733704,0.659570038318634
19,PhysioNet,PhysioNet:f10,Rest,0.7204731106758118,0.39451512694358826
20,PhysioNet,PhysioNet:f10,Rest,0.5449159741401672,0.08589868992567062
21,PhysioNet,PhysioNet:f10,Rest,0.13261520862579346,0.04783640429377556
22,PhysioNet,PhysioNet:f10,Rest,0.04668585956096649,0.018807299435138702
23,PhysioNet,PhysioNet:f10,Rest,0.13825148344039917,0.02802979201078415
24,PhysioNet,PhysioNet:f10,Rest,0.22174106538295746,0.021852072328329086
25,PhysioNet,PhysioNet:f10,Rest,0.027705082669854164,0.009409829042851925
26,PhysioNet,PhysioNet:f10,Rest,0.023728957399725914,0.024396346881985664
27,PhysioNet,PhysioNet:f10,Rest,0.07198278605937958,0.034738630056381226
28,PhysioNet,PhysioNet:f10,Rest,0.043407488614320755,0.055866774171590805
29,PhysioNet,PhysioNet:f10,Rest,0.05730055645108223,0.1853501796722412
30,PhysioNet,PhysioNet:f10,Rest,0.055862635374069214,0.030677203088998795
31,PhysioNet,PhysioNet:f10,Rest,0.012495658360421658,0.00954984687268734
32,PhysioNet,PhysioNet:f10,Rest,0.028594989329576492,0.03838185593485832
33,PhysioNet,PhysioNet:f10,Rest,0.1077260747551918,0.1513829529285431
34,PhysioNet,PhysioNet:f10,Rest,0.36007869243621826,0.2198551446199417
35,PhysioNet,PhysioNet:f10,Rest,0.2067403644323349,0.28361913561820984
36,PhysioNet,PhysioNet:f10,Rest,0.06682038307189941,0.02845497615635395
37,PhysioNet,PhysioNet:f10,Rest,0.04627303406596184,0.008155700750648975
38,PhysioNet,PhysioNet:f10,Rest,0.06447001546621323,0.009562280029058456
39,PhysioNet,PhysioNet:f10,Rest,0.14000320434570312,0.010066124610602856
40,PhysioNet,PhysioNet:f10,Rest,0.04777410253882408,0.01084288302809
41,PhysioNet,PhysioNet:f10,Rest,0.1378113031387329,0.03132728114724159
42,PhysioNet,PhysioNet:f10,Rest,0.051425594836473465,0.023381298407912254
43,PhysioNet,PhysioNet:f10,Rest,0.049299295991659164,0.006559216883033514
44,PhysioNet,PhysioNet:f10,Rest,0.038755498826503754,0.007351295091211796
45,PhysioNet,PhysioNet:f10,Rest,0.034291185438632965,0.01426562387496233
46,PhysioNet,PhysioNet:f10,Rest,0.03402528911828995,0.02384466677904129
47,PhysioNet,PhysioNet:f10,Rest,0.013226255774497986,0.008582641370594501
48,PhysioNet,PhysioNet:f10,Rest,0.017809977754950523,0.0053095826879143715
49,PhysioNet,PhysioNet:f10,Rest,0.037865933030843735,0.027372177690267563
50,PhysioNet,PhysioNet:f10,Rest,0.0857839286327362,0.08169115334749222
51,PhysioNet,PhysioNet:f10,Rest,0.0851673036813736,0.06257414817810059
52,PhysioNet,PhysioNet:f10,Rest,0.03823965787887573,0.02312386967241764
53,PhysioNet,PhysioNet:f10,Rest,0.025799091905355453,0.017205558717250824
54,PhysioNet,PhysioNet:f10,Rest,0.03307246416807175,0.039778873324394226
55,PhysioNet,PhysioNet:f10,Rest,0.06549735367298126,0.04289001598954201
56,PhysioNet,PhysioNet:f10,Rest,0.05494207143783569,0.04410948604345322
57,PhysioNet,PhysioNet:f10,Rest,0.061421725898981094,0.08458532392978668
58,PhysioNet,PhysioNet:f10,Rest,0.14703668653964996,0.06405016779899597
59,PhysioNet,PhysioNet:f10,Baseline,0.9516236186027527,0.9205212593078613
60,PhysioNet,PhysioNet:f10,Baseline,0.9591620564460754,0.9827645421028137
61,PhysioNet,PhysioNet:f10,Baseline,0.9652934074401855,0.9843907952308655
62,PhysioNet,PhysioNet:f10,Baseline,0.9397101998329163,0.9317436218261719
63,PhysioNet,PhysioNet:f10,Baseline,0.885074257850647,0.7025287747383118
0,PhysioNet,PhysioNet:f11,Stress,0.8827435970306396,0.3375370502471924
1,PhysioNet,PhysioNet:f11,Stress,0.9508026838302612,0.528351366519928
2,PhysioNet,PhysioNet:f11,Stress,0.9662178754806519,0.9186159372329712
3,PhysioNet,PhysioNet:f11,Stress,0.9731936454772949,0.8979747295379639
4,PhysioNet,PhysioNet:f11,Stress,0.9911509156227112,0.9756438136100769
5,PhysioNet,PhysioNet:f11,Stress,0.9707820415496826,0.9520710706710815
6,PhysioNet,PhysioNet:f11,Stress,0.9294783473014832,0.9421254992485046
7,PhysioNet,PhysioNet:f11,Stress,0.9683244228363037,0.9307378530502319
8,PhysioNet,PhysioNet:f11,Rest,0.9472470879554749,0.587853729724884
9,PhysioNet,PhysioNet:f11,Rest,0.5319324135780334,0.19338829815387726
10,PhysioNet,PhysioNet:f11,Rest,0.09967412054538727,0.04118429496884346
11,PhysioNet,PhysioNet:f11,Rest,0.2946906089782715,0.0248207189142704
12,PhysioNet,PhysioNet:f11,Rest,0.3997020721435547,0.019402416422963142
13,PhysioNet,PhysioNet:f11,Rest,0.6189984083175659,0.10492251813411713
14,PhysioNet,PhysioNet:f11,Rest,0.3851587474346161,0.06682099401950836
15,PhysioNet,PhysioNet:f11,Rest,0.5074690580368042,0.061055269092321396
16,PhysioNet,PhysioNet:f11,Rest,0.20512299239635468,0.01877289079129696
17,PhysioNet,PhysioNet:f11,Rest,0.32414016127586365,0.010443523526191711
18,PhysioNet,PhysioNet:f11,Rest,0.08085422962903976,0.027428504079580307
19,PhysioNet,PhysioNet:f11,Rest,0.529559314250946,0.16314351558685303
20,PhysioNet,PhysioNet:f11,Rest,0.895225465297699,0.6077077984809875
21,PhysioNet,PhysioNet:f11,Rest,0.8489538431167603,0.32473838329315186
22,PhysioNet,PhysioNet:f11,Rest,0.3056653141975403,0.09096592664718628
23,PhysioNet,PhysioNet:f11,Rest,0.06991428881883621,0.022122034803032875
24,PhysioNet,PhysioNet:f11,Rest,0.09595485776662827,0.06651777029037476
25,PhysioNet,PhysioNet:f11,Rest,0.19553887844085693,0.2642788589000702
26,PhysioNet,PhysioNet:f11,Rest,0.21780522167682648,0.1342468559741974
27,PhysioNet,PhysioNet:f11,Rest,0.6255617141723633,0.42266231775283813
28,PhysioNet,PhysioNet:f11,Rest,0.7046917080879211,0.4358059763908386
29,PhysioNet,PhysioNet:f11,Rest,0.6856915354728699,0.33684319257736206
30,PhysioNet,PhysioNet:f11,Rest,0.61542147397995,0.11027949303388596
31,PhysioNet,PhysioNet:f11,Rest,0.48434704542160034,0.2344905585050583
32,PhysioNet,PhysioNet:f11,Rest,0.5173620581626892,0.5059937834739685
33,PhysioNet,PhysioNet:f11,Rest,0.07491141557693481,0.13361679017543793
34,PhysioNet,PhysioNet:f11,Rest,0.8722087144851685,0.4757296144962311
35,PhysioNet,PhysioNet:f11,Rest,0.05309589207172394,0.01313761342316866
36,PhysioNet,PhysioNet:f11,Rest,0.025738626718521118,0.015389514155685902
37,PhysioNet,PhysioNet:f11,Rest,0.1563362330198288,0.16893413662910461
38,PhysioNet,PhysioNet:f11,Rest,0.15499630570411682,0.036846522241830826
39,PhysioNet,PhysioNet:f11,Rest,0.0915546789765358,0.06065470725297928
40,PhysioNet,PhysioNet:f11,Rest,0.030336927622556686,0.008232270367443562
41,PhysioNet,PhysioNet:f11,Rest,0.01885070651769638,0.009282157756388187
42,PhysioNet,PhysioNet:f11,Rest,0.06584203243255615,0.021053630858659744
43,PhysioNet,PhysioNet:f11,Rest,0.045124977827072144,0.036337606608867645
44,PhysioNet,PhysioNet:f11,Rest,0.03131117299199104,0.031068792566657066
45,PhysioNet,PhysioNet:f11,Rest,0.09113651514053345,0.1636606752872467
46,PhysioNet,PhysioNet:f11,Rest,0.06981401890516281,0.1721647083759308
47,PhysioNet,PhysioNet:f11,Rest,0.06870980560779572,0.0267824474722147
48,PhysioNet,PhysioNet:f11,Rest,0.01973917707800865,0.013976506888866425
49,PhysioNet,PhysioNet:f11,Rest,0.012221877463161945,0.010838326998054981
50,PhysioNet,PhysioNet:f11,Rest,0.011957813985645771,0.011051831766963005
51,PhysioNet,PhysioNet:f11,Rest,0.009469539858400822,0.015295527875423431
52,PhysioNet,PhysioNet:f11,Rest,0.021437296643853188,0.04164448752999306
53,PhysioNet,PhysioNet:f11,Rest,0.03391711041331291,0.05508778244256973
54,PhysioNet,PhysioNet:f11,Rest,0.03021329641342163,0.025683371350169182
55,PhysioNet,PhysioNet:f11,Rest,0.06167621165513992,0.038621969521045685
56,PhysioNet,PhysioNet:f11,Rest,0.025035429745912552,0.012714103795588017
57,PhysioNet,PhysioNet:f11,Rest,0.00670601986348629,0.007859684526920319
58,PhysioNet,PhysioNet:f11,Rest,0.020331308245658875,0.03251511603593826
59,PhysioNet,PhysioNet:f11,Baseline,0.8392505645751953,0.42836594581604004
60,PhysioNet,PhysioNet:f11,Baseline,0.6948468685150146,0.46502065658569336
61,PhysioNet,PhysioNet:f11,Baseline,0.642792820930481,0.2705305814743042
62,PhysioNet,PhysioNet:f11,Baseline,0.6933425068855286,0.08090727776288986
63,PhysioNet,PhysioNet:f11,Baseline,0.8977091312408447,0.17656657099723816
0,PhysioNet,PhysioNet:f12,Stress,0.3295811414718628,0.11921152472496033
1,PhysioNet,PhysioNet:f12,Stress,0.19527585804462433,0.031184300780296326
2,PhysioNet,PhysioNet:f12,Stress,0.6021387577056885,0.6766542196273804
3,PhysioNet,PhysioNet:f12,Stress,0.9729233980178833,0.7412726283073425
4,PhysioNet,PhysioNet:f12,Stress,0.8856582045555115,0.6245229244232178
5,PhysioNet,PhysioNet:f12,Stress,0.9330868124961853,0.5263209342956543
6,PhysioNet,PhysioNet:f12,Stress,0.9544897675514221,0.9064607620239258
7,PhysioNet,PhysioNet:f12,Rest,0.9272979497909546,0.6003443598747253
8,PhysioNet,PhysioNet:f12,Rest,0.48302942514419556,0.06458116322755814
9,PhysioNet,PhysioNet:f12,Rest,0.2987154424190521,0.1905847042798996
10,PhysioNet,PhysioNet:f12,Rest,0.19819629192352295,0.02357484959065914
11,PhysioNet,PhysioNet:f12,Rest,0.12781856954097748,0.032495684921741486
12,PhysioNet,PhysioNet:f12,Rest,0.167705237865448,0.04005460813641548
13,PhysioNet,PhysioNet:f12,Rest,0.1726064682006836,0.0327707901597023
14,PhysioNet,PhysioNet:f12,Rest,0.1420305222272873,0.024479340761899948
15,PhysioNet,PhysioNet:f12,Rest,0.1617867648601532,0.08112770318984985
16,PhysioNet,PhysioNet:f12,Rest,0.17081484198570251,0.040495846420526505
17,PhysioNet,PhysioNet:f12,Rest,0.4962490499019623,0.33121559023857117
18,PhysioNet,PhysioNet:f12,Rest,0.6382747888565063,0.1402643620967865
19,PhysioNet,PhysioNet:f12,Rest,0.14372633397579193,0.05369492620229721
20,PhysioNet,PhysioNet:f12,Rest,0.18694134056568146,0.0276726633310318
21,PhysioNet,PhysioNet:f12,Rest,0.43269839882850647,0.03311770781874657
22,PhysioNet,PhysioNet:f12,Rest,0.13959984481334686,0.014636589214205742
23,PhysioNet,PhysioNet:f12,Rest,0.2305600643157959,0.10278312116861343
24,PhysioNet,PhysioNet:f12,Rest,0.565609872341156,0.02999444119632244
25,PhysioNet,PhysioNet:f12,Rest,0.47144776582717896,0.05285225808620453
26,PhysioNet,PhysioNet:f12,Rest,0.46262791752815247,0.037921685725450516
27,PhysioNet,PhysioNet:f12,Rest,0.313634991645813,0.015220021829009056
28,PhysioNet,PhysioNet:f12,Rest,0.4282323718070984,0.01116829551756382
29,PhysioNet,PhysioNet:f12,Rest,0.3760673403739929,0.028548773378133774
30,PhysioNet,PhysioNet:f12,Rest,0.4572286605834961,0.028300408273935318
31,PhysioNet,PhysioNet:f12,Rest,0.35347679257392883,0.03355751931667328
32,PhysioNet,PhysioNet:f12,Rest,0.21769195795059204,0.029607368633151054
33,PhysioNet,PhysioNet:f12,Rest,0.24875253438949585,0.02534673362970352
34,PhysioNet,PhysioNet:f12,Rest,0.09515215456485748,0.07223168760538101
35,PhysioNet,PhysioNet:f12,Rest,0.2607956528663635,0.22466254234313965
36,PhysioNet,PhysioNet:f12,Rest,0.16951318085193634,0.05343557894229889
37,PhysioNet,PhysioNet:f12,Rest,0.42411351203918457,0.09921729564666748
38,PhysioNet,PhysioNet:f12,Rest,0.35519927740097046,0.06213773414492607
39,PhysioNet,PhysioNet:f12,Rest,0.5756227374076843,0.25417086482048035
40,PhysioNet,PhysioNet:f12,Rest,0.7325523495674133,0.6733330488204956
41,PhysioNet,PhysioNet:f12,Rest,0.8775283694267273,0.8801242113113403
42,PhysioNet,PhysioNet:f12,Rest,0.4499124586582184,0.04505687206983566
43,PhysioNet,PhysioNet:f12,Rest,0.10687877237796783,0.004811334423720837
44,PhysioNet,PhysioNet:f12,Rest,0.27712810039520264,0.010143124498426914
45,PhysioNet,PhysioNet:f12,Rest,0.4640079140663147,0.017111491411924362
46,PhysioNet,PhysioNet:f12,Rest,0.4501554071903229,0.05681817978620529
47,PhysioNet,PhysioNet:f12,Rest,0.6243629455566406,0.1845843344926834
48,PhysioNet,PhysioNet:f12,Rest,0.7760553359985352,0.7540627717971802
49,PhysioNet,PhysioNet:f12,Rest,0.7370033860206604,0.742913007736206
50,PhysioNet,PhysioNet:f12,Rest,0.4867631196975708,0.08635317534208298
51,PhysioNet,PhysioNet:f12,Rest,0.6063199639320374,0.11233757436275482
52,PhysioNet,PhysioNet:f12,Rest,0.5874539017677307,0.3845064342021942
53,PhysioNet,PhysioNet:f12,Rest,0.4922901391983032,0.021814480423927307
54,PhysioNet,PhysioNet:f12,Rest,0.6146226525306702,0.12303841859102249
55,PhysioNet,PhysioNet:f12,Rest,0.47607657313346863,0.038542523980140686
56,PhysioNet,PhysioNet:f12,Rest,0.45305290818214417,0.030505310744047165
57,PhysioNet,PhysioNet:f12,Rest,0.6089695692062378,0.6444358229637146
58,PhysioNet,PhysioNet:f12,Rest,0.8439167141914368,0.8598301410675049
59,PhysioNet,PhysioNet:f12,Baseline,0.24868126213550568,0.021385127678513527
60,PhysioNet,PhysioNet:f12,Baseline,0.6265870928764343,0.08485081791877747
61,PhysioNet,PhysioNet:f12,Baseline,0.4740467071533203,0.033293917775154114
62,PhysioNet,PhysioNet:f12,Baseline,0.33373305201530457,0.24610450863838196
63,PhysioNet,PhysioNet:f12,Baseline,0.4816819727420807,0.24193929135799408
0,PhysioNet,PhysioNet:f14,Baseline,0.012000514194369316,0.03261012211441994
1,PhysioNet,PhysioNet:f14,Baseline,0.014411266893148422,0.08676030486822128
2,PhysioNet,PhysioNet:f14,Baseline,0.018034731969237328,0.10730907320976257
3,PhysioNet,PhysioNet:f14,Baseline,0.018837641924619675,0.6448057889938354
4,PhysioNet,PhysioNet:f14,Baseline,0.024045046418905258,0.8940922021865845
0,PhysioNet,PhysioNet:f14,Stress,0.018424196168780327,0.18857857584953308
1,PhysioNet,PhysioNet:f14,Stress,0.024732045829296112,0.10768288373947144
2,PhysioNet,PhysioNet:f14,Stress,0.1210118755698204,0.12585239112377167
3,PhysioNet,PhysioNet:f14,Stress,0.24532678723335266,0.7210315465927124
4,PhysioNet,PhysioNet:f14,Stress,0.7467881441116333,0.9270541667938232
5,PhysioNet,PhysioNet:f14,Stress,0.8399711847305298,0.7885633707046509
6,PhysioNet,PhysioNet:f14,Stress,0.8698172569274902,0.7591677904129028
7,PhysioNet,PhysioNet:f14,Rest,0.8680896162986755,0.6923912763595581
8,PhysioNet,PhysioNet:f14,Rest,0.5723790526390076,0.1029609963297844
9,PhysioNet,PhysioNet:f14,Rest,0.3092726767063141,0.04549407586455345
10,PhysioNet,PhysioNet:f14,Rest,0.33302468061447144,0.20330828428268433
11,PhysioNet,PhysioNet:f14,Rest,0.4109853208065033,0.08999795466661453
12,PhysioNet,PhysioNet:f14,Rest,0.44225436449050903,0.022279277443885803
13,PhysioNet,PhysioNet:f14,Rest,0.39903491735458374,0.04675095155835152
14,PhysioNet,PhysioNet:f14,Rest,0.26185691356658936,0.10761689394712448
15,PhysioNet,PhysioNet:f14,Rest,0.19328999519348145,0.11717936396598816
16,PhysioNet,PhysioNet:f14,Rest,0.10369294881820679,0.06910336017608643
17,PhysioNet,PhysioNet:f14,Rest,0.11165359616279602,0.020998448133468628
18,PhysioNet,PhysioNet:f14,Rest,0.19963714480400085,0.052882298827171326
19,PhysioNet,PhysioNet:f14,Rest,0.24838866293430328,0.045423250645399094
20,PhysioNet,PhysioNet:f14,Rest,0.15571758151054382,0.04089951515197754
21,PhysioNet,PhysioNet:f14,Rest,0.08685670047998428,0.014893575571477413
22,PhysioNet,PhysioNet:f14,Rest,0.0222036000341177,0.004746076185256243
23,PhysioNet,PhysioNet:f14,Rest,0.035910241305828094,0.008426226675510406
24,PhysioNet,PhysioNet:f14,Rest,0.035014890134334564,0.009963766671717167
25,PhysioNet,PhysioNet:f14,Rest,0.029517749324440956,0.15752987563610077
26,PhysioNet,PhysioNet:f14,Rest,0.02837238647043705,0.15792864561080933
27,PhysioNet,PhysioNet:f14,Rest,0.023213597014546394,0.014588247053325176
28,PhysioNet,PhysioNet:f14,Rest,0.02693936601281166,0.01834886334836483
29,PhysioNet,PhysioNet:f14,Rest,0.9433587193489075,0.24501197040081024
30,PhysioNet,PhysioNet:f14,Rest,0.9401794075965881,0.35755494236946106
31,PhysioNet,PhysioNet:f14,Rest,0.95783931016922,0.566637396812439
32,PhysioNet,PhysioNet:f14,Rest,0.8879477977752686,0.4761345088481903
33,PhysioNet,PhysioNet:f14,Rest,0.21394973993301392,0.029468722641468048
34,PhysioNet,PhysioNet:f14,Rest,0.13200324773788452,0.040686532855033875
35,PhysioNet,PhysioNet:f14,Rest,0.32981380820274353,0.5499841570854187
36,PhysioNet,PhysioNet:f14,Rest,0.37469905614852905,0.6477335095405579
37,PhysioNet,PhysioNet:f14,Rest,0.07745066285133362,0.06928155571222305
38,PhysioNet,PhysioNet:f14,Rest,0.08979980647563934,0.05217970535159111
39,PhysioNet,PhysioNet:f14,Rest,0.5321076512336731,0.15780502557754517
40,PhysioNet,PhysioNet:f14,Rest,0.52610182762146,0.17706678807735443
41,PhysioNet,PhysioNet:f14,Rest,0.5075355172157288,0.1545243114233017
42,PhysioNet,PhysioNet:f14,Rest,0.38695797324180603,0.07400505989789963
43,PhysioNet,PhysioNet:f14,Rest,0.10217771679162979,0.36638033390045166
44,PhysioNet,PhysioNet:f14,Rest,0.1339201033115387,0.06343694776296616
45,PhysioNet,PhysioNet:f14,Rest,0.24339035153388977,0.08448806405067444
46,PhysioNet,PhysioNet:f14,Rest,0.42965710163116455,0.03958889842033386
47,PhysioNet,PhysioNet:f14,Rest,0.27588555216789246,0.022331083193421364
48,PhysioNet,PhysioNet:f14,Rest,0.36680281162261963,0.06713246554136276
0,PhysioNet,PhysioNet:f15,Stress,0.9352303147315979,0.6845552325248718
1,PhysioNet,PhysioNet:f15,Stress,0.962754487991333,0.8452906012535095
2,PhysioNet,PhysioNet:f15,Stress,0.9648383855819702,0.9715895652770996
3,PhysioNet,PhysioNet:f15,Stress,0.9861423373222351,0.984298586845398
4,PhysioNet,PhysioNet:f15,Stress,0.9829719662666321,0.7191979289054871
5,PhysioNet,PhysioNet:f15,Stress,0.9752641916275024,0.6938096284866333
6,PhysioNet,PhysioNet:f15,Stress,0.9827641844749451,0.8049882650375366
7,PhysioNet,PhysioNet:f15,Rest,0.8337944746017456,0.13011948764324188
8,PhysioNet,PhysioNet:f15,Rest,0.5572248697280884,0.13070927560329437
9,PhysioNet,PhysioNet:f15,Rest,0.5614845156669617,0.058031607419252396
10,PhysioNet,PhysioNet:f15,Rest,0.1192583441734314,0.03774074837565422
11,PhysioNet,PhysioNet:f15,Rest,0.3599105477333069,0.2062566876411438
12,PhysioNet,PhysioNet:f15,Rest,0.14455004036426544,0.14746969938278198
13,PhysioNet,PhysioNet:f15,Rest,0.3484702408313751,0.028966020792722702
14,PhysioNet,PhysioNet:f15,Rest,0.4082106053829193,0.06255029141902924
15,PhysioNet,PhysioNet:f15,Rest,0.6298806667327881,0.1246221512556076
16,PhysioNet,PhysioNet:f15,Rest,0.8926397562026978,0.8758842349052429
17,PhysioNet,PhysioNet:f15,Rest,0.6389296054840088,0.33216387033462524
18,PhysioNet,PhysioNet:f15,Rest,0.06037379801273346,0.012758239172399044
19,PhysioNet,PhysioNet:f15,Rest,0.02877149172127247,0.01471182331442833
20,PhysioNet,PhysioNet:f15,Rest,0.22502849996089935,0.6321786046028137
21,PhysioNet,PhysioNet:f15,Rest,0.5282682180404663,0.4962092638015747
22,PhysioNet,PhysioNet:f15,Rest,0.09529346227645874,0.03742756322026253
23,PhysioNet,PhysioNet:f15,Rest,0.12790866196155548,0.019329415634274483
24,PhysioNet,PhysioNet:f15,Rest,0.33396047353744507,0.03769645094871521
25,PhysioNet,PhysioNet:f15,Rest,0.11148133128881454,0.007514698430895805
26,PhysioNet,PhysioNet:f15,Rest,0.05455506220459938,0.03271026536822319
27,PhysioNet,PhysioNet:f15,Rest,0.06865804642438889,0.029972104355692863
28,PhysioNet,PhysioNet:f15,Rest,0.026758024469017982,0.012871482409536839
29,PhysioNet,PhysioNet:f15,Rest,0.025959352031350136,0.011769553646445274
30,PhysioNet,PhysioNet:f15,Rest,0.039561305195093155,0.04276600852608681
31,PhysioNet,PhysioNet:f15,Rest,0.03532864525914192,0.015087728388607502
32,PhysioNet,PhysioNet:f15,Rest,0.5963279008865356,0.3371906578540802
33,PhysioNet,PhysioNet:f15,Rest,0.056194059550762177,0.07126650214195251
34,PhysioNet,PhysioNet:f15,Rest,0.11284012347459793,0.12148456275463104
35,PhysioNet,PhysioNet:f15,Rest,0.032797135412693024,0.012255155481398106
36,PhysioNet,PhysioNet:f15,Rest,0.01675781048834324,0.013260073028504848
37,PhysioNet,PhysioNet:f15,Rest,0.03866073489189148,0.04041518270969391
38,PhysioNet,PhysioNet:f15,Rest,0.10261019319295883,0.023397432640194893
39,PhysioNet,PhysioNet:f15,Rest,0.1145591288805008,0.11490032821893692
40,PhysioNet,PhysioNet:f15,Rest,0.08942718803882599,0.04526717588305473
41,PhysioNet,PhysioNet:f15,Rest,0.04394492879509926,0.11236888915300369
42,PhysioNet,PhysioNet:f15,Rest,0.07812697440385818,0.17628951370716095
43,PhysioNet,PhysioNet:f15,Rest,0.21872930228710175,0.13120438158512115
44,PhysioNet,PhysioNet:f15,Rest,0.04730352386832237,0.06405428797006607
45,PhysioNet,PhysioNet:f15,Rest,0.06554508954286575,0.35377755761146545
46,PhysioNet,PhysioNet:f15,Rest,0.05079595372080803,0.16558708250522614
47,PhysioNet,PhysioNet:f15,Rest,0.10089972615242004,0.1066095232963562
48,PhysioNet,PhysioNet:f15,Rest,0.13501065969467163,0.1701970249414444
49,PhysioNet,PhysioNet:f15,Rest,0.026308603584766388,0.019127128645777702
50,PhysioNet,PhysioNet:f15,Rest,0.022097446024417877,0.00985679216682911
51,PhysioNet,PhysioNet:f15,Rest,0.058887314051389694,0.05262592062354088
52,PhysioNet,PhysioNet:f15,Rest,0.36368051171302795,0.39583492279052734
53,PhysioNet,PhysioNet:f15,Stress,0.8643640279769897,0.5902406573295593
54,PhysioNet,PhysioNet:f15,Baseline,0.8108760714530945,0.4719480276107788
55,PhysioNet,PhysioNet:f15,Baseline,0.9703248739242554,0.957883894443512
56,PhysioNet,PhysioNet:f15,Baseline,0.9785173535346985,0.9934050440788269
57,PhysioNet,PhysioNet:f15,Baseline,0.898971438407898,0.6129119396209717
58,PhysioNet,PhysioNet:f15,Baseline,0.9233139157295227,0.5660138726234436
0,PhysioNet,PhysioNet:f16,Stress,0.20476359128952026,0.302494615316391
1,PhysioNet,PhysioNet:f16,Stress,0.2563462555408478,0.9506565928459167
2,PhysioNet,PhysioNet:f16,Stress,0.5090043544769287,0.9314457774162292
3,PhysioNet,PhysioNet:f16,Stress,0.5220818519592285,0.9364100098609924
4,PhysioNet,PhysioNet:f16,Stress,0.8988103866577148,0.9507433176040649
5,PhysioNet,PhysioNet:f16,Stress,0.9085793495178223,0.8708666563034058
6,PhysioNet,PhysioNet:f16,Stress,0.918652355670929,0.9558029174804688
7,PhysioNet,PhysioNet:f16,Rest,0.8592153787612915,0.11379270255565643
8,PhysioNet,PhysioNet:f16,Rest,0.9002023935317993,0.09317095577716827
9,PhysioNet,PhysioNet:f16,Rest,0.8254772424697876,0.32689139246940613
10,PhysioNet,PhysioNet:f16,Rest,0.4189290404319763,0.15112216770648956
11,PhysioNet,PhysioNet:f16,Rest,0.6519170999526978,0.13220496475696564
12,PhysioNet,PhysioNet:f16,Rest,0.599573016166687,0.21457691490650177
13,PhysioNet,PhysioNet:f16,Rest,0.5701806545257568,0.18413810431957245
14,PhysioNet,PhysioNet:f16,Rest,0.2522212564945221,0.06576550751924515
15,PhysioNet,PhysioNet:f16,Rest,0.09570782631635666,0.029126670211553574
16,PhysioNet,PhysioNet:f16,Rest,0.23411467671394348,0.02329549379646778
17,PhysioNet,PhysioNet:f16,Rest,0.1694706231355667,0.07277120649814606
18,PhysioNet,PhysioNet:f16,Rest,0.2983125150203705,0.2610628008842468
19,PhysioNet,PhysioNet:f16,Rest,0.4698050618171692,0.29759708046913147
20,PhysioNet,PhysioNet:f16,Rest,0.3705548644065857,0.029222676530480385
21,PhysioNet,PhysioNet:f16,Rest,0.17420561611652374,0.01736268401145935
22,PhysioNet,PhysioNet:f16,Rest,0.1416739970445633,0.06997174769639969
23,PhysioNet,PhysioNet:f16,Rest,0.08009090274572372,0.07860688865184784
24,PhysioNet,PhysioNet:f16,Rest,0.2872146964073181,0.017223387956619263
25,PhysioNet,PhysioNet:f16,Rest,0.5303189754486084,0.1219121590256691
26,PhysioNet,PhysioNet:f16,Rest,0.490857869386673,0.017214689403772354
27,PhysioNet,PhysioNet:f16,Rest,0.42697036266326904,0.0703941285610199
28,PhysioNet,PhysioNet:f16,Rest,0.34821945428848267,0.011455764062702656
29,PhysioNet,PhysioNet:f16,Rest,0.2768970727920532,0.014297147281467915
30,PhysioNet,PhysioNet:f16,Rest,0.38493022322654724,0.019273914396762848
31,PhysioNet,PhysioNet:f16,Rest,0.382074236869812,0.021530622616410255
32,PhysioNet,PhysioNet:f16,Rest,0.3619340658187866,0.0343947634100914
33,PhysioNet,PhysioNet:f16,Rest,0.3705391585826874,0.02696296200156212
34,PhysioNet,PhysioNet:f16,Rest,0.34845417737960815,0.028615612536668777
35,PhysioNet,PhysioNet:f16,Rest,0.5257700085639954,0.08581029623746872
36,PhysioNet,PhysioNet:f16,Rest,0.5257700085639954,0.09146469086408615
37,PhysioNet,PhysioNet:f16,Rest,0.558815062046051,0.2821693420410156
38,PhysioNet,PhysioNet:f16,Rest,0.04760672152042389,0.05976944416761398
39,PhysioNet,PhysioNet:f16,Rest,0.16704730689525604,0.07105396687984467
40,PhysioNet,PhysioNet:f16,Rest,0.14011484384536743,0.12296061217784882
41,PhysioNet,PhysioNet:f16,Rest,0.12984831631183624,0.03377296030521393
42,PhysioNet,PhysioNet:f16,Rest,0.12248750776052475,0.014056514948606491
43,PhysioNet,PhysioNet:f16,Rest,0.41187772154808044,0.053690094500780106
44,PhysioNet,PhysioNet:f16,Rest,0.6238207817077637,0.38837334513664246
45,PhysioNet,PhysioNet:f16,Rest,0.4809928834438324,0.33766308426856995
46,PhysioNet,PhysioNet:f16,Rest,0.6315934658050537,0.23292356729507446
47,PhysioNet,PhysioNet:f16,Rest,0.5057070255279541,0.1468570977449417
48,PhysioNet,PhysioNet:f16,Rest,0.23393145203590393,0.07567931711673737
49,PhysioNet,PhysioNet:f16,Rest,0.202360138297081,0.032281097024679184
50,PhysioNet,PhysioNet:f16,Rest,0.3459884226322174,0.01111579965800047
51,PhysioNet,PhysioNet:f16,Rest,0.13077564537525177,0.019094889983534813
52,PhysioNet,PhysioNet:f16,Rest,0.04458724707365036,0.00889420136809349
53,PhysioNet,PhysioNet:f16,Rest,0.068260557949543,0.01005693431943655
54,PhysioNet,PhysioNet:f16,Rest,0.3895491659641266,0.7217190265655518
55,PhysioNet,PhysioNet:f16,Rest,0.39805135130882263,0.8511150479316711
56,PhysioNet,PhysioNet:f16,Rest,0.3929195702075958,0.8378772139549255
57,PhysioNet,PhysioNet:f16,Baseline,0.07044553756713867,0.014414430595934391
58,PhysioNet,PhysioNet:f16,Baseline,0.05774393305182457,0.011197660118341446
59,PhysioNet,PhysioNet:f16,Baseline,0.11086761951446533,0.008209588937461376
60,PhysioNet,PhysioNet:f16,Baseline,0.2731817066669464,0.10166123509407043
61,PhysioNet,PhysioNet:f16,Baseline,0.12568484246730804,0.12063316255807877
0,PhysioNet,PhysioNet:f17,Stress,0.4288040101528168,0.019885625690221786
1,PhysioNet,PhysioNet:f17,Stress,0.32209861278533936,0.02328278124332428
2,PhysioNet,PhysioNet:f17,Stress,0.6666953563690186,0.5153639912605286
3,PhysioNet,PhysioNet:f17,Stress,0.4337006211280823,0.3790567219257355
4,PhysioNet,PhysioNet:f17,Stress,0.7530657052993774,0.1460471898317337
5,PhysioNet,PhysioNet:f17,Stress,0.35033929347991943,0.098856620490551
6,PhysioNet,PhysioNet:f17,Stress,0.5326385498046875,0.3262840807437897
7,PhysioNet,PhysioNet:f17,Rest,0.7787474393844604,0.5715286135673523
8,PhysioNet,PhysioNet:f17,Rest,0.791181206703186,0.43514126539230347
9,PhysioNet,PhysioNet:f17,Rest,0.6359937191009521,0.4666569232940674
10,PhysioNet,PhysioNet:f17,Rest,0.3932194411754608,0.8116334080696106
11,PhysioNet,PhysioNet:f17,Rest,0.32162004709243774,0.6809369325637817
12,PhysioNet,PhysioNet:f17,Rest,0.36967965960502625,0.13554401695728302
13,PhysioNet,PhysioNet:f17,Rest,0.5845373868942261,0.19138260185718536
14,PhysioNet,PhysioNet:f17,Rest,0.8660428524017334,0.6492961049079895
15,PhysioNet,PhysioNet:f17,Rest,0.911809504032135,0.880997896194458
16,PhysioNet,PhysioNet:f17,Rest,0.8188443183898926,0.8997786045074463
17,PhysioNet,PhysioNet:f17,Rest,0.7162395119667053,0.12203508615493774
18,PhysioNet,PhysioNet:f17,Rest,0.25827348232269287,0.05647137016057968
19,PhysioNet,PhysioNet:f17,Rest,0.7770711183547974,0.2690809965133667
20,PhysioNet,PhysioNet:f17,Rest,0.5867385864257812,0.1734580397605896
21,PhysioNet,PhysioNet:f17,Rest,0.517569899559021,0.022991076111793518
22,PhysioNet,PhysioNet:f17,Rest,0.8721081018447876,0.8701186776161194
23,PhysioNet,PhysioNet:f17,Rest,0.8828306198120117,0.8996910452842712
24,PhysioNet,PhysioNet:f17,Rest,0.8195387125015259,0.6812198758125305
25,PhysioNet,PhysioNet:f17,Rest,0.718238115310669,0.29525038599967957
26,PhysioNet,PhysioNet:f17,Rest,0.27222034335136414,0.02698644809424877
27,PhysioNet,PhysioNet:f17,Rest,0.10491368919610977,0.1310461461544037
28,PhysioNet,PhysioNet:f17,Rest,0.12687237560749054,0.3669947385787964
29,PhysioNet,PhysioNet:f17,Rest,0.03703111410140991,0.02208082750439644
30,PhysioNet,PhysioNet:f17,Rest,0.05796750262379646,0.025193575769662857
31,PhysioNet,PhysioNet:f17,Rest,0.2418474704027176,0.5497414469718933
32,PhysioNet,PhysioNet:f17,Rest,0.4715036451816559,0.8881212472915649
33,PhysioNet,PhysioNet:f17,Rest,0.0350647047162056,0.3399217426776886
34,PhysioNet,PhysioNet:f17,Rest,0.17248371243476868,0.04765322804450989
35,PhysioNet,PhysioNet:f17,Rest,0.3441164493560791,0.07799642533063889
36,PhysioNet,PhysioNet:f17,Rest,0.1288454234600067,0.025224637240171432
37,PhysioNet,PhysioNet:f17,Rest,0.17277388274669647,0.024440530687570572
38,PhysioNet,PhysioNet:f17,Rest,0.45225077867507935,0.031892433762550354
39,PhysioNet,PhysioNet:f17,Rest,0.3033280372619629,0.026156729087233543
40,PhysioNet,PhysioNet:f17,Rest,0.22449712455272675,0.01847665384411812
41,PhysioNet,PhysioNet:f17,Rest,0.5819962620735168,0.08072119206190109
42,PhysioNet,PhysioNet:f17,Rest,0.5601693391799927,0.0478387326002121
43,PhysioNet,PhysioNet:f17,Rest,0.5834032297134399,0.06377072632312775
44,PhysioNet,PhysioNet:f17,Rest,0.7675560116767883,0.8467996120452881
45,PhysioNet,PhysioNet:f17,Rest,0.7089107036590576,0.16915662586688995
46,PhysioNet,PhysioNet:f17,Rest,0.661156177520752,0.23292286694049835
47,PhysioNet,PhysioNet:f17,Rest,0.6074962019920349,0.23095735907554626
48,PhysioNet,PhysioNet:f17,Rest,0.296103298664093,0.26313939690589905
49,PhysioNet,PhysioNet:f17,Rest,0.1509922742843628,0.132908433675766
50,PhysioNet,PhysioNet:f17,Rest,0.2599309980869293,0.07892340421676636
51,PhysioNet,PhysioNet:f17,Rest,0.34635084867477417,0.08416266739368439
52,PhysioNet,PhysioNet:f17,Rest,0.8104298710823059,0.25881195068359375
53,PhysioNet,PhysioNet:f17,Rest,0.6087803244590759,0.0997449979186058
54,PhysioNet,PhysioNet:f17,Rest,0.6261957287788391,0.14284582436084747
55,PhysioNet,PhysioNet:f17,Rest,0.3736816942691803,0.05480479449033737
56,PhysioNet,PhysioNet:f17,Rest,0.6916431188583374,0.17990684509277344
57,PhysioNet,PhysioNet:f17,Rest,0.8764652013778687,0.8401504158973694
58,PhysioNet,PhysioNet:f17,Rest,0.8097778558731079,0.5529029965400696
59,PhysioNet,PhysioNet:f17,Baseline,0.20933692157268524,0.06491244584321976
60,PhysioNet,PhysioNet:f17,Baseline,0.22823689877986908,0.05291707068681717
61,PhysioNet,PhysioNet:f17,Baseline,0.46321946382522583,0.13070900738239288
62,PhysioNet,PhysioNet:f17,Baseline,0.6091281175613403,0.6504713296890259
63,PhysioNet,PhysioNet:f17,Baseline,0.46703749895095825,0.13264739513397217
0,PhysioNet,PhysioNet:f18,Stress,0.33342379331588745,0.019568029791116714
1,PhysioNet,PhysioNet:f18,Stress,0.7713280320167542,0.07814204692840576
2,PhysioNet,PhysioNet:f18,Stress,0.884080171585083,0.7699071168899536
3,PhysioNet,PhysioNet:f18,Stress,0.816690981388092,0.5826178789138794
4,PhysioNet,PhysioNet:f18,Stress,0.759101152420044,0.5720372200012207
5,PhysioNet,PhysioNet:f18,Stress,0.6090899109840393,0.19305309653282166
6,PhysioNet,PhysioNet:f18,Rest,0.8735474348068237,0.6858865022659302
7,PhysioNet,PhysioNet:f18,Rest,0.7356948852539062,0.47062867879867554
8,PhysioNet,PhysioNet:f18,Rest,0.5361424088478088,0.49305975437164307
9,PhysioNet,PhysioNet:f18,Rest,0.01882820390164852,0.02222893014550209
10,PhysioNet,PhysioNet:f18,Rest,0.14536719024181366,0.06392857432365417
11,PhysioNet,PhysioNet:f18,Rest,0.1548333615064621,0.5276480913162231
12,PhysioNet,PhysioNet:f18,Rest,0.13310106098651886,0.36138513684272766
13,PhysioNet,PhysioNet:f18,Rest,0.10914886742830276,0.062241051346063614
14,PhysioNet,PhysioNet:f18,Rest,0.10479414463043213,0.010398132726550102
15,PhysioNet,PhysioNet:f18,Rest,0.11321645975112915,0.010709180496633053
16,PhysioNet,PhysioNet:f18,Rest,0.10982486605644226,0.05302389711141586
17,PhysioNet,PhysioNet:f18,Rest,0.10814350843429565,0.008344285190105438
18,PhysioNet,PhysioNet:f18,Rest,0.11132273823022842,0.017272982746362686
19,PhysioNet,PhysioNet:f18,Rest,0.13959266245365143,0.03125452250242233
20,PhysioNet,PhysioNet:f18,Rest,0.22509638965129852,0.044014204293489456
21,PhysioNet,PhysioNet:f18,Rest,0.252459317445755,0.15834569931030273
22,PhysioNet,PhysioNet:f18,Rest,0.1309162974357605,0.02887035720050335
23,PhysioNet,PhysioNet:f18,Rest,0.5601542592048645,0.6232965588569641
24,PhysioNet,PhysioNet:f18,Rest,0.5146445631980896,0.6208238005638123
25,PhysioNet,PhysioNet:f18,Rest,0.19031992554664612,0.02214791439473629
26,PhysioNet,PhysioNet:f18,Rest,0.2115555703639984,0.07527114450931549
27,PhysioNet,PhysioNet:f18,Rest,0.2356351613998413,0.04374225437641144
28,PhysioNet,PhysioNet:f18,Rest,0.34857991337776184,0.03112224116921425
29,PhysioNet,PhysioNet:f18,Rest,0.26036784052848816,0.02342202141880989
30,PhysioNet,PhysioNet:f18,Rest,0.16372478008270264,0.4001031517982483
31,PhysioNet,PhysioNet:f18,Rest,0.24611999094486237,0.16906696557998657
32,PhysioNet,PhysioNet:f18,Rest,0.5329107046127319,0.5690219402313232
33,PhysioNet,PhysioNet:f18,Rest,0.5414155721664429,0.49106475710868835
34,PhysioNet,PhysioNet:f18,Rest,0.28292587399482727,0.04987512528896332
35,PhysioNet,PhysioNet:f18,Rest,0.33126047253608704,0.11921155452728271
36,PhysioNet,PhysioNet:f18,Rest,0.30063575506210327,0.11163418740034103
37,PhysioNet,PhysioNet:f18,Rest,0.5896748304367065,0.1909620612859726
38,PhysioNet,PhysioNet:f18,Rest,0.43335580825805664,0.2014460265636444
39,PhysioNet,PhysioNet:f18,Rest,0.5352415442466736,0.2973032593727112
40,PhysioNet,PhysioNet:f18,Rest,0.5758823752403259,0.3290994167327881
41,PhysioNet,PhysioNet:f18,Rest,0.3193627595901489,0.0835791602730751
42,PhysioNet,PhysioNet:f18,Rest,0.6006755232810974,0.07825397700071335
43,PhysioNet,PhysioNet:f18,Rest,0.16629226505756378,0.013142936863005161
44,PhysioNet,PhysioNet:f18,Rest,0.4465180039405823,0.044564276933670044
45,PhysioNet,PhysioNet:f18,Rest,0.4653073251247406,0.13852697610855103
46,PhysioNet,PhysioNet:f18,Rest,0.2683722972869873,0.1881246417760849
47,PhysioNet,PhysioNet:f18,Rest,0.7480159997940063,0.19860480725765228
48,PhysioNet,PhysioNet:f18,Rest,0.5386691689491272,0.05901137739419937
49,PhysioNet,PhysioNet:f18,Rest,0.6984274983406067,0.07093769311904907
50,PhysioNet,PhysioNet:f18,Baseline,0.598612368106842,0.08828847110271454
51,PhysioNet,PhysioNet:f18,Baseline,0.5656372904777527,0.15532511472702026
52,PhysioNet,PhysioNet:f18,Baseline,0.5911493301391602,0.14537939429283142
53,PhysioNet,PhysioNet:f18,Baseline,0.5454201102256775,0.05622173100709915
54,PhysioNet,PhysioNet:f18,Baseline,0.7119319438934326,0.08180105686187744
34,PhysioNet,PhysioNet:S01,Aerobic,0.08110716938972473,0.9367973208427429
35,PhysioNet,PhysioNet:S01,Aerobic,0.025649914517998695,0.9611520171165466
36,PhysioNet,PhysioNet:S01,Aerobic,0.02050718478858471,0.9367033839225769
37,PhysioNet,PhysioNet:S01,Aerobic,0.021658917888998985,0.9105533957481384
38,PhysioNet,PhysioNet:S01,Aerobic,0.01952393911778927,0.8745856881141663
39,PhysioNet,PhysioNet:S01,Aerobic,0.02052650786936283,0.8983526825904846
40,PhysioNet,PhysioNet:S01,Aerobic,0.021730175241827965,0.8983526825904846
41,PhysioNet,PhysioNet:S01,Aerobic,0.01979684643447399,0.956773579120636
42,PhysioNet,PhysioNet:S01,Aerobic,0.03651219978928566,0.8523141741752625
43,PhysioNet,PhysioNet:S01,Aerobic,0.014900539070367813,0.9159302711486816
44,PhysioNet,PhysioNet:S01,Aerobic,0.02294899895787239,0.945627748966217
45,PhysioNet,PhysioNet:S01,Aerobic,0.0215354785323143,0.9247971177101135
46,PhysioNet,PhysioNet:S01,Aerobic,0.02210411988198757,0.8983526825904846
47,PhysioNet,PhysioNet:S01,Aerobic,0.023398086428642273,0.8955739140510559
48,PhysioNet,PhysioNet:S01,Aerobic,0.023110592737793922,0.8983526825904846
49,PhysioNet,PhysioNet:S01,Aerobic,0.022453557699918747,0.9247971177101135
50,PhysioNet,PhysioNet:S01,Aerobic,0.020933648571372032,0.9445849061012268
51,PhysioNet,PhysioNet:S01,Aerobic,0.018541309982538223,0.8983526825904846
52,PhysioNet,PhysioNet:S01,Aerobic,0.02072220668196678,0.9627369046211243
53,PhysioNet,PhysioNet:S01,Aerobic,0.023582691326737404,0.9554949402809143
54,PhysioNet,PhysioNet:S01,Aerobic,0.021658917888998985,0.945627748966217
55,PhysioNet,PhysioNet:S01,Aerobic,0.025845667347311974,0.9403356909751892
56,PhysioNet,PhysioNet:S01,Aerobic,0.03958915174007416,0.8554421663284302
57,PhysioNet,PhysioNet:S01,Aerobic,0.08850681781768799,0.9017500281333923
58,PhysioNet,PhysioNet:S01,Aerobic,0.020798249170184135,0.8983526825904846
59,PhysioNet,PhysioNet:S01,Aerobic,0.022453557699918747,0.9261687994003296
60,PhysioNet,PhysioNet:S01,Aerobic,0.020852159708738327,0.9279876351356506
61,PhysioNet,PhysioNet:S01,Aerobic,0.02162342146039009,0.9349972009658813
62,PhysioNet,PhysioNet:S01,Aerobic,0.021679313853383064,0.9105533957481384
63,PhysioNet,PhysioNet:S01,Aerobic,0.022017493844032288,0.895064115524292
64,PhysioNet,PhysioNet:S01,Aerobic,0.021730175241827965,0.9027084708213806
65,PhysioNet,PhysioNet:S01,Aerobic,0.023465720936655998,0.8800923228263855
66,PhysioNet,PhysioNet:S01,Aerobic,0.02256450615823269,0.8802252411842346
67,PhysioNet,PhysioNet:S01,Aerobic,0.022503536194562912,0.9352713823318481
68,PhysioNet,PhysioNet:S01,Aerobic,0.024526994675397873,0.8722185492515564
69,PhysioNet,PhysioNet:S01,Aerobic,0.02292434684932232,0.8891457915306091
70,PhysioNet,PhysioNet:S01,Aerobic,0.02383066900074482,0.9173000454902649
71,PhysioNet,PhysioNet:S01,Aerobic,0.032739441841840744,0.8634281754493713
72,PhysioNet,PhysioNet:S01,Aerobic,0.025248203426599503,0.06875157356262207
73,PhysioNet,PhysioNet:S01,Aerobic,0.030659671872854233,0.07920215278863907
74,PhysioNet,PhysioNet:S01,Aerobic,0.02294713817536831,0.10901908576488495
75,PhysioNet,PhysioNet:S01,Aerobic,0.0237627811729908,0.09147917479276657
76,PhysioNet,PhysioNet:S01,Aerobic,0.0856095403432846,0.38679516315460205
77,PhysioNet,PhysioNet:S01,Aerobic,0.20903337001800537,0.9346164464950562
78,PhysioNet,PhysioNet:S01,Aerobic,0.5939805507659912,0.43642473220825195
79,PhysioNet,PhysioNet:S01,Aerobic,0.6891752481460571,0.572219967842102
80,PhysioNet,PhysioNet:S01,Aerobic,0.7776487469673157,0.8212512731552124
81,PhysioNet,PhysioNet:S01,Aerobic,0.7994916439056396,0.7076083421707153
82,PhysioNet,PhysioNet:S01,Aerobic,0.8211251497268677,0.3418090045452118
83,PhysioNet,PhysioNet:S01,Aerobic,0.8341656923294067,0.32072070240974426
84,PhysioNet,PhysioNet:S01,Aerobic,0.8341656923294067,0.3418090045452118
85,PhysioNet,PhysioNet:S01,Aerobic,0.8211251497268677,0.5017449259757996
86,PhysioNet,PhysioNet:S01,Aerobic,0.8343461751937866,0.33910199999809265
87,PhysioNet,PhysioNet:S01,Aerobic,0.8343461751937866,0.4868338108062744
88,PhysioNet,PhysioNet:S01,Aerobic,0.7842429876327515,0.8742178678512573
89,PhysioNet,PhysioNet:S01,Aerobic,0.7983860373497009,0.9461358785629272
90,PhysioNet,PhysioNet:S01,Aerobic,0.8504312634468079,0.9475066661834717
91,PhysioNet,PhysioNet:S01,Aerobic,0.695330798625946,0.9387379288673401
92,PhysioNet,PhysioNet:S01,Aerobic,0.44457772374153137,0.23755638301372528
93,PhysioNet,PhysioNet:S01,Aerobic,0.8341656923294067,0.3421684205532074
94,PhysioNet,PhysioNet:S01,Aerobic,0.4413202404975891,0.23162415623664856
95,PhysioNet,PhysioNet:S01,Aerobic,0.4442554712295532,0.4672705829143524
96,PhysioNet,PhysioNet:S01,Aerobic,0.5569332242012024,0.9095792174339294
97,PhysioNet,PhysioNet:S01,Aerobic,0.5414501428604126,0.8407062888145447
98,PhysioNet,PhysioNet:S01,Aerobic,0.5907145738601685,0.4360678791999817
99,PhysioNet,PhysioNet:S01,Aerobic,0.5781235098838806,0.21986615657806396
100,PhysioNet,PhysioNet:S01,Aerobic,0.8343461751937866,0.33910199999809265
27,PhysioNet,PhysioNet:S02,Aerobic,0.8759084939956665,0.930239737033844
28,PhysioNet,PhysioNet:S02,Aerobic,0.9479037523269653,0.950313150882721
29,PhysioNet,PhysioNet:S02,Aerobic,0.9454836249351501,0.9331674575805664
30,PhysioNet,PhysioNet:S02,Aerobic,0.9497904181480408,0.9220476746559143
31,PhysioNet,PhysioNet:S02,Aerobic,0.8948482275009155,0.9369416236877441
32,PhysioNet,PhysioNet:S02,Aerobic,0.9048231244087219,0.9152276515960693
33,PhysioNet,PhysioNet:S02,Aerobic,0.743312418460846,0.8860980868339539
34,PhysioNet,PhysioNet:S02,Aerobic,0.7131550312042236,0.9705779552459717
35,PhysioNet,PhysioNet:S02,Aerobic,0.7937291264533997,0.8973644971847534
36,PhysioNet,PhysioNet:S02,Aerobic,0.9432470202445984,0.889882504940033
37,PhysioNet,PhysioNet:S02,Aerobic,0.9447429776191711,0.950207531452179
38,PhysioNet,PhysioNet:S02,Aerobic,0.9535205960273743,0.8873957395553589
39,PhysioNet,PhysioNet:S02,Aerobic,0.7044580578804016,0.8398042321205139
40,PhysioNet,PhysioNet:S02,Aerobic,0.7036826610565186,0.750499427318573
41,PhysioNet,PhysioNet:S02,Aerobic,0.8990532159805298,0.6958501935005188
42,PhysioNet,PhysioNet:S02,Aerobic,0.8664987087249756,0.5948105454444885
43,PhysioNet,PhysioNet:S02,Aerobic,0.8968876600265503,0.9249016046524048
44,PhysioNet,PhysioNet:S02,Aerobic,0.8151482343673706,0.8613124489784241
45,PhysioNet,PhysioNet:S02,Aerobic,0.9467917680740356,0.841675341129303
46,PhysioNet,PhysioNet:S02,Aerobic,0.9417007565498352,0.8500238060951233
47,PhysioNet,PhysioNet:S02,Aerobic,0.9455754160881042,0.8869503736495972
48,PhysioNet,PhysioNet:S02,Aerobic,0.9455754160881042,0.9319900870323181
49,PhysioNet,PhysioNet:S02,Aerobic,0.9409691095352173,0.9272885918617249
50,PhysioNet,PhysioNet:S02,Aerobic,0.8175085186958313,0.9251284599304199
51,PhysioNet,PhysioNet:S02,Aerobic,0.8138805031776428,0.9216058850288391
52,PhysioNet,PhysioNet:S02,Aerobic,0.9455754160881042,0.932135283946991
53,PhysioNet,PhysioNet:S02,Aerobic,0.9428516030311584,0.9156932234764099
54,PhysioNet,PhysioNet:S02,Aerobic,0.9434694647789001,0.9209038615226746
55,PhysioNet,PhysioNet:S02,Aerobic,0.9455754160881042,0.8148768544197083
56,PhysioNet,PhysioNet:S02,Aerobic,0.9327652454376221,0.8420090079307556
57,PhysioNet,PhysioNet:S02,Aerobic,0.9479769468307495,0.9179770350456238
58,PhysioNet,PhysioNet:S02,Aerobic,0.8970977663993835,0.936758816242218
59,PhysioNet,PhysioNet:S02,Aerobic,0.9063766002655029,0.9340544939041138
60,PhysioNet,PhysioNet:S02,Aerobic,0.944782018661499,0.9569226503372192
61,PhysioNet,PhysioNet:S02,Aerobic,0.9450495839118958,0.9317008852958679
62,PhysioNet,PhysioNet:S02,Aerobic,0.9432350397109985,0.8900729417800903
63,PhysioNet,PhysioNet:S02,Aerobic,0.8118472099304199,0.8253428339958191
64,PhysioNet,PhysioNet:S02,Aerobic,0.9215757250785828,0.9301910400390625
65,PhysioNet,PhysioNet:S02,Aerobic,0.9342080354690552,0.9292616844177246
66,PhysioNet,PhysioNet:S02,Aerobic,0.9433037638664246,0.9462549686431885
67,PhysioNet,PhysioNet:S02,Aerobic,0.9502159357070923,0.9406909942626953
68,PhysioNet,PhysioNet:S02,Aerobic,0.8976441025733948,0.9338397979736328
69,PhysioNet,PhysioNet:S02,Aerobic,0.939258337020874,0.9446993470191956
70,PhysioNet,PhysioNet:S02,Aerobic,0.9378525614738464,0.9199548363685608
71,PhysioNet,PhysioNet:S02,Aerobic,0.914267361164093,0.9443966746330261
72,PhysioNet,PhysioNet:S02,Aerobic,0.8893834948539734,0.9640317559242249
73,PhysioNet,PhysioNet:S02,Aerobic,0.8213489651679993,0.859805166721344
74,PhysioNet,PhysioNet:S02,Aerobic,0.9377546310424805,0.7887119054794312
75,PhysioNet,PhysioNet:S02,Aerobic,0.9444593787193298,0.804456889629364
76,PhysioNet,PhysioNet:S02,Aerobic,0.9041796326637268,0.8995609283447266
77,PhysioNet,PhysioNet:S02,Aerobic,0.9407614469528198,0.9637269377708435
78,PhysioNet,PhysioNet:S02,Aerobic,0.8461238145828247,0.9720422625541687
79,PhysioNet,PhysioNet:S02,Aerobic,0.8211119771003723,0.8671927452087402
80,PhysioNet,PhysioNet:S02,Aerobic,0.8403599858283997,0.6491382122039795
81,PhysioNet,PhysioNet:S02,Aerobic,0.8716546893119812,0.6331477165222168
82,PhysioNet,PhysioNet:S02,Aerobic,0.6086588501930237,0.8653095960617065
83,PhysioNet,PhysioNet:S02,Aerobic,0.803317666053772,0.9534438848495483
84,PhysioNet,PhysioNet:S02,Aerobic,0.9077913165092468,0.9363839626312256
85,PhysioNet,PhysioNet:S02,Aerobic,0.8368957042694092,0.9533796310424805
86,PhysioNet,PhysioNet:S02,Aerobic,0.78289395570755,0.9395869374275208
87,PhysioNet,PhysioNet:S02,Aerobic,0.8208802342414856,0.9353007078170776
88,PhysioNet,PhysioNet:S02,Aerobic,0.7980666160583496,0.9249641299247742
89,PhysioNet,PhysioNet:S02,Aerobic,0.8444936275482178,0.9308779835700989
90,PhysioNet,PhysioNet:S02,Aerobic,0.7758947610855103,0.9259153604507446
91,PhysioNet,PhysioNet:S02,Aerobic,0.5404216051101685,0.8599657416343689
92,PhysioNet,PhysioNet:S02,Aerobic,0.6274072527885437,0.9655353426933289
25,PhysioNet,PhysioNet:S03,Aerobic,0.1223205178976059,0.9384549856185913
26,PhysioNet,PhysioNet:S03,Aerobic,0.23662668466567993,0.9662159085273743
27,PhysioNet,PhysioNet:S03,Aerobic,0.08983345329761505,0.9501953721046448
28,PhysioNet,PhysioNet:S03,Aerobic,0.30613967776298523,0.9693167805671692
29,PhysioNet,PhysioNet:S03,Aerobic,0.8118402361869812,0.991569995880127
30,PhysioNet,PhysioNet:S03,Aerobic,0.8121616244316101,0.9750894904136658
31,PhysioNet,PhysioNet:S03,Aerobic,0.8275545835494995,0.9757066965103149
32,PhysioNet,PhysioNet:S03,Aerobic,0.9117645025253296,0.9872193336486816
33,PhysioNet,PhysioNet:S03,Aerobic,0.9261333346366882,0.9888362288475037
34,PhysioNet,PhysioNet:S03,Aerobic,0.9431981444358826,0.9875888228416443
35,PhysioNet,PhysioNet:S03,Aerobic,0.9432633519172668,0.9795272946357727
36,PhysioNet,PhysioNet:S03,Aerobic,0.9406851530075073,0.9802082180976868
37,PhysioNet,PhysioNet:S03,Aerobic,0.942140519618988,0.9910248517990112
38,PhysioNet,PhysioNet:S03,Aerobic,0.9452223181724548,0.9871678948402405
39,PhysioNet,PhysioNet:S03,Aerobic,0.9660359621047974,0.9864007234573364
40,PhysioNet,PhysioNet:S03,Aerobic,0.9807747006416321,0.9898361563682556
41,PhysioNet,PhysioNet:S03,Aerobic,0.9313692450523376,0.9817261099815369
42,PhysioNet,PhysioNet:S03,Aerobic,0.8954792618751526,0.9766046404838562
43,PhysioNet,PhysioNet:S03,Aerobic,0.8968451619148254,0.973075807094574
44,PhysioNet,PhysioNet:S03,Aerobic,0.8942227363586426,0.9861267805099487
45,PhysioNet,PhysioNet:S03,Aerobic,0.8834908604621887,0.981765627861023
46,PhysioNet,PhysioNet:S03,Aerobic,0.9038864970207214,0.9826494455337524
47,PhysioNet,PhysioNet:S03,Aerobic,0.9157372117042542,0.9847226738929749
48,PhysioNet,PhysioNet:S03,Aerobic,0.9526500701904297,0.9848387241363525
49,PhysioNet,PhysioNet:S03,Aerobic,0.9215625524520874,0.9806791543960571
50,PhysioNet,PhysioNet:S03,Aerobic,0.8972222208976746,0.9777898788452148
51,PhysioNet,PhysioNet:S03,Aerobic,0.8793201446533203,0.9810059070587158
52,PhysioNet,PhysioNet:S03,Aerobic,0.8936042189598083,0.9718228578567505
53,PhysioNet,PhysioNet:S03,Aerobic,0.9085444211959839,0.9703202843666077
54,PhysioNet,PhysioNet:S03,Aerobic,0.8599138259887695,0.975739598274231
55,PhysioNet,PhysioNet:S03,Aerobic,0.7589966058731079,0.9754250645637512
56,PhysioNet,PhysioNet:S03,Aerobic,0.839413046836853,0.8922005891799927
57,PhysioNet,PhysioNet:S03,Aerobic,0.7998611927032471,0.8080493211746216
58,PhysioNet,PhysioNet:S03,Aerobic,0.7978338003158569,0.898429274559021
59,PhysioNet,PhysioNet:S03,Aerobic,0.7765724062919617,0.8515923023223877
60,PhysioNet,PhysioNet:S03,Aerobic,0.8424317836761475,0.8360769152641296
61,PhysioNet,PhysioNet:S03,Aerobic,0.8705300688743591,0.9856582283973694
62,PhysioNet,PhysioNet:S03,Aerobic,0.9233796000480652,0.97548907995224
63,PhysioNet,PhysioNet:S03,Aerobic,0.9237171411514282,0.9698038101196289
64,PhysioNet,PhysioNet:S03,Aerobic,0.7799662947654724,0.9638954997062683
65,PhysioNet,PhysioNet:S03,Aerobic,0.7863512635231018,0.9634597301483154
66,PhysioNet,PhysioNet:S03,Aerobic,0.7804849743843079,0.9624242186546326
67,PhysioNet,PhysioNet:S03,Aerobic,0.9267675876617432,0.9707698822021484
68,PhysioNet,PhysioNet:S03,Aerobic,0.9079857468605042,0.9718115329742432
69,PhysioNet,PhysioNet:S03,Aerobic,0.9192143082618713,0.9828587174415588
70,PhysioNet,PhysioNet:S03,Aerobic,0.8690168261528015,0.9804983735084534
31,PhysioNet,PhysioNet:S04,Aerobic,0.01988476887345314,0.3657509982585907
32,PhysioNet,PhysioNet:S04,Aerobic,0.026641931384801865,0.7173988223075867
33,PhysioNet,PhysioNet:S04,Aerobic,0.01944451965391636,0.44726109504699707
34,PhysioNet,PhysioNet:S04,Aerobic,0.08717367053031921,0.21684205532073975
35,PhysioNet,PhysioNet:S04,Aerobic,0.08134658634662628,0.15187415480613708
36,PhysioNet,PhysioNet:S04,Aerobic,0.03757969290018082,0.5977534055709839
37,PhysioNet,PhysioNet:S04,Aerobic,0.07715829461812973,0.6174470782279968
38,PhysioNet,PhysioNet:S04,Aerobic,0.3121495544910431,0.36137157678604126
39,PhysioNet,PhysioNet:S04,Aerobic,0.21370981633663177,0.27405625581741333
40,PhysioNet,PhysioNet:S04,Aerobic,0.037586361169815063,0.1344481110572815
41,PhysioNet,PhysioNet:S04,Aerobic,0.02923869527876377,0.10114022344350815
42,PhysioNet,PhysioNet:S04,Aerobic,0.022038135677576065,0.127492293715477
43,PhysioNet,PhysioNet:S04,Aerobic,0.3593289256095886,0.3650902211666107
44,PhysioNet,PhysioNet:S04,Aerobic,0.8617618680000305,0.9264523386955261
45,PhysioNet,PhysioNet:S04,Aerobic,0.9346382021903992,0.9076688885688782
46,PhysioNet,PhysioNet:S04,Aerobic,0.9215274453163147,0.9124746918678284
47,PhysioNet,PhysioNet:S04,Aerobic,0.9215274453163147,0.9199825525283813
48,PhysioNet,PhysioNet:S04,Aerobic,0.9215274453163147,0.9286090135574341
49,PhysioNet,PhysioNet:S04,Aerobic,0.9215274453163147,0.9389299750328064
50,PhysioNet,PhysioNet:S04,Aerobic,0.904792070388794,0.9466959834098816
51,PhysioNet,PhysioNet:S04,Aerobic,0.9274417757987976,0.9318087100982666
52,PhysioNet,PhysioNet:S04,Aerobic,0.9274417757987976,0.9389299750328064
53,PhysioNet,PhysioNet:S04,Aerobic,0.9117030501365662,0.9565832018852234
54,PhysioNet,PhysioNet:S04,Aerobic,0.9191960692405701,0.9681687355041504
55,PhysioNet,PhysioNet:S04,Aerobic,0.914596438407898,0.9671716094017029
56,PhysioNet,PhysioNet:S04,Aerobic,0.914596438407898,0.9671716094017029
57,PhysioNet,PhysioNet:S04,Aerobic,0.9067622423171997,0.9740726947784424
58,PhysioNet,PhysioNet:S04,Aerobic,0.9046807289123535,0.9748656749725342
59,PhysioNet,PhysioNet:S04,Aerobic,0.7131550312042236,0.9545614719390869
60,PhysioNet,PhysioNet:S04,Aerobic,0.7131550312042236,0.9352977871894836
61,PhysioNet,PhysioNet:S04,Aerobic,0.7603256702423096,0.9614602327346802
62,PhysioNet,PhysioNet:S04,Aerobic,0.9164612293243408,0.9556057453155518
63,PhysioNet,PhysioNet:S04,Aerobic,0.9209883809089661,0.9655293822288513
64,PhysioNet,PhysioNet:S04,Aerobic,0.9209883809089661,0.9669153094291687
65,PhysioNet,PhysioNet:S04,Aerobic,0.914596438407898,0.9568344950675964
66,PhysioNet,PhysioNet:S04,Aerobic,0.914596438407898,0.9628856778144836
67,PhysioNet,PhysioNet:S04,Aerobic,0.9111834168434143,0.9681687355041504
68,PhysioNet,PhysioNet:S04,Aerobic,0.9111834168434143,0.9681687355041504
69,PhysioNet,PhysioNet:S04,Aerobic,0.914596438407898,0.9671716094017029
70,PhysioNet,PhysioNet:S04,Aerobic,0.9097388982772827,0.957770824432373
71,PhysioNet,PhysioNet:S04,Aerobic,0.914596438407898,0.957770824432373
72,PhysioNet,PhysioNet:S04,Aerobic,0.9046377539634705,0.9674551486968994
73,PhysioNet,PhysioNet:S04,Aerobic,0.9039543867111206,0.9617327451705933
74,PhysioNet,PhysioNet:S04,Aerobic,0.732130765914917,0.9463747143745422
75,PhysioNet,PhysioNet:S04,Aerobic,0.9085688591003418,0.9634397029876709
76,PhysioNet,PhysioNet:S04,Aerobic,0.905153214931488,0.9657630324363708
77,PhysioNet,PhysioNet:S04,Aerobic,0.7161296606063843,0.9448472261428833
78,PhysioNet,PhysioNet:S04,Aerobic,0.8952558040618896,0.9685953259468079
79,PhysioNet,PhysioNet:S04,Aerobic,0.8933199048042297,0.8194591403007507
80,PhysioNet,PhysioNet:S04,Aerobic,0.7223594784736633,0.9599928855895996
81,PhysioNet,PhysioNet:S04,Aerobic,0.9126728773117065,0.9621195793151855
82,PhysioNet,PhysioNet:S04,Aerobic,0.9102187752723694,0.829599916934967
83,PhysioNet,PhysioNet:S04,Aerobic,0.8725426197052002,0.7754212021827698
84,PhysioNet,PhysioNet:S04,Aerobic,0.9026763439178467,0.9717605113983154
85,PhysioNet,PhysioNet:S04,Aerobic,0.9034485220909119,0.9602956771850586
86,PhysioNet,PhysioNet:S04,Aerobic,0.8985539674758911,0.8001100420951843
87,PhysioNet,PhysioNet:S04,Aerobic,0.9050164222717285,0.8118047118186951
88,PhysioNet,PhysioNet:S04,Aerobic,0.9161226153373718,0.9683679938316345
89,PhysioNet,PhysioNet:S04,Aerobic,0.757853627204895,0.9633074998855591
90,PhysioNet,PhysioNet:S04,Aerobic,0.914596438407898,0.9683679938316345
91,PhysioNet,PhysioNet:S04,Aerobic,0.7405248284339905,0.9520493745803833
92,PhysioNet,PhysioNet:S04,Aerobic,0.7363300919532776,0.9522261023521423
93,PhysioNet,PhysioNet:S04,Aerobic,0.914596438407898,0.9628856778144836
94,PhysioNet,PhysioNet:S04,Aerobic,0.9046377539634705,0.9674551486968994
95,PhysioNet,PhysioNet:S04,Aerobic,0.9046377539634705,0.9544892311096191
96,PhysioNet,PhysioNet:S04,Aerobic,0.7405248284339905,0.9521251320838928
97,PhysioNet,PhysioNet:S04,Aerobic,0.7405248284339905,0.9521251320838928
27,PhysioNet,PhysioNet:S05,Aerobic,0.12646488845348358,0.9023253917694092
28,PhysioNet,PhysioNet:S05,Aerobic,0.1529732346534729,0.6039072275161743
29,PhysioNet,PhysioNet:S05,Aerobic,0.058868080377578735,0.7288451790809631
30,PhysioNet,PhysioNet:S05,Aerobic,0.055277884006500244,0.960273027420044
31,PhysioNet,PhysioNet:S05,Aerobic,0.05319303646683693,0.9658705592155457
32,PhysioNet,PhysioNet:S05,Aerobic,0.36779558658599854,0.9843653440475464
33,PhysioNet,PhysioNet:S05,Aerobic,0.47458839416503906,0.9756442904472351
34,PhysioNet,PhysioNet:S05,Aerobic,0.7969000935554504,0.9890861511230469
35,PhysioNet,PhysioNet:S05,Aerobic,0.9607757329940796,0.9848024249076843
36,PhysioNet,PhysioNet:S05,Aerobic,0.956670343875885,0.9604125022888184
37,PhysioNet,PhysioNet:S05,Aerobic,0.964808464050293,0.9558300375938416
38,PhysioNet,PhysioNet:S05,Aerobic,0.9791495203971863,0.9207359552383423
39,PhysioNet,PhysioNet:S05,Aerobic,0.9808852076530457,0.9734848141670227
40,PhysioNet,PhysioNet:S05,Aerobic,0.9789986610412598,0.9858248233795166
41,PhysioNet,PhysioNet:S05,Aerobic,0.9764965176582336,0.961449146270752
42,PhysioNet,PhysioNet:S05,Aerobic,0.9670482873916626,0.951359212398529
43,PhysioNet,PhysioNet:S05,Aerobic,0.9556060433387756,0.8960281014442444
44,PhysioNet,PhysioNet:S05,Aerobic,0.9282931089401245,0.925753116607666
45,PhysioNet,PhysioNet:S05,Aerobic,0.9334219694137573,0.8542030453681946
46,PhysioNet,PhysioNet:S05,Aerobic,0.9398329854011536,0.9146609306335449
47,PhysioNet,PhysioNet:S05,Aerobic,0.976324200630188,0.9744073748588562
48,PhysioNet,PhysioNet:S05,Aerobic,0.9684174060821533,0.9419846534729004
49,PhysioNet,PhysioNet:S05,Aerobic,0.9746345281600952,0.8835362792015076
50,PhysioNet,PhysioNet:S05,Aerobic,0.9422425031661987,0.8200056552886963
51,PhysioNet,PhysioNet:S05,Aerobic,0.963596761226654,0.9278496503829956
52,PhysioNet,PhysioNet:S05,Aerobic,0.9830778241157532,0.9758414030075073
53,PhysioNet,PhysioNet:S05,Aerobic,0.9623486995697021,0.8969209790229797
54,PhysioNet,PhysioNet:S05,Aerobic,0.964801013469696,0.8583955764770508
55,PhysioNet,PhysioNet:S05,Aerobic,0.9632308483123779,0.8892091512680054
56,PhysioNet,PhysioNet:S05,Aerobic,0.9793751835823059,0.9532573819160461
57,PhysioNet,PhysioNet:S05,Aerobic,0.9638866186141968,0.9194907546043396
58,PhysioNet,PhysioNet:S05,Aerobic,0.9540581703186035,0.804425835609436
59,PhysioNet,PhysioNet:S05,Aerobic,0.961759090423584,0.9058027863502502
60,PhysioNet,PhysioNet:S05,Aerobic,0.9774905443191528,0.9292572736740112
61,PhysioNet,PhysioNet:S05,Aerobic,0.9456614255905151,0.9303858280181885
62,PhysioNet,PhysioNet:S05,Aerobic,0.9422338604927063,0.8715527653694153
63,PhysioNet,PhysioNet:S05,Aerobic,0.9807929992675781,0.9287317395210266
64,PhysioNet,PhysioNet:S05,Aerobic,0.9702961444854736,0.8152077794075012
65,PhysioNet,PhysioNet:S05,Aerobic,0.9658926725387573,0.849454402923584
66,PhysioNet,PhysioNet:S05,Aerobic,0.9560962915420532,0.7989521622657776
67,PhysioNet,PhysioNet:S05,Aerobic,0.9808902740478516,0.9492900967597961
68,PhysioNet,PhysioNet:S05,Aerobic,0.9472218155860901,0.9418289661407471
69,PhysioNet,PhysioNet:S05,Aerobic,0.9119975566864014,0.7985376715660095
70,PhysioNet,PhysioNet:S05,Aerobic,0.9416403770446777,0.9598104357719421
71,PhysioNet,PhysioNet:S05,Aerobic,0.9694548845291138,0.9610020518302917
72,PhysioNet,PhysioNet:S05,Aerobic,0.9721972942352295,0.9596453905105591
73,PhysioNet,PhysioNet:S05,Aerobic,0.9552767276763916,0.945198118686676
74,PhysioNet,PhysioNet:S05,Aerobic,0.9540711641311646,0.8820774555206299
75,PhysioNet,PhysioNet:S05,Aerobic,0.9764328598976135,0.9724931120872498
76,PhysioNet,PhysioNet:S05,Aerobic,0.9785053730010986,0.9633193612098694
77,PhysioNet,PhysioNet:S05,Aerobic,0.9619303345680237,0.9186217784881592
78,PhysioNet,PhysioNet:S05,Aerobic,0.9467742443084717,0.9155727028846741
79,PhysioNet,PhysioNet:S05,Aerobic,0.9546017646789551,0.8334645628929138
80,PhysioNet,PhysioNet:S05,Aerobic,0.7873308062553406,0.5069595575332642
81,PhysioNet,PhysioNet:S05,Aerobic,0.8986613154411316,0.773400068283081
82,PhysioNet,PhysioNet:S05,Aerobic,0.9649287462234497,0.9068289995193481
83,PhysioNet,PhysioNet:S05,Aerobic,0.9144478440284729,0.8511731028556824
84,PhysioNet,PhysioNet:S05,Aerobic,0.9479786157608032,0.9364258050918579
85,PhysioNet,PhysioNet:S05,Aerobic,0.9559303522109985,0.9381082653999329
86,PhysioNet,PhysioNet:S05,Aerobic,0.8401014804840088,0.7189814448356628
87,PhysioNet,PhysioNet:S05,Aerobic,0.9440479278564453,0.8159029483795166
88,PhysioNet,PhysioNet:S05,Aerobic,0.9500043988227844,0.9599274396896362
89,PhysioNet,PhysioNet:S05,Aerobic,0.9574495553970337,0.9623236656188965
90,PhysioNet,PhysioNet:S05,Aerobic,0.9646137356758118,0.9645365476608276
30,PhysioNet,PhysioNet:S06,Aerobic,0.030474163591861725,0.14448629319667816
31,PhysioNet,PhysioNet:S06,Aerobic,0.022199034690856934,0.09583728015422821
32,PhysioNet,PhysioNet:S06,Aerobic,0.0284473467618227,0.16706430912017822
33,PhysioNet,PhysioNet:S06,Aerobic,0.04083830863237381,0.2499091625213623
34,PhysioNet,PhysioNet:S06,Aerobic,0.05683131888508797,0.3066011965274811
35,PhysioNet,PhysioNet:S06,Aerobic,0.05267517641186714,0.6193770170211792
36,PhysioNet,PhysioNet:S06,Aerobic,0.060580186545848846,0.6180839538574219
37,PhysioNet,PhysioNet:S06,Aerobic,0.060580186545848846,0.3572951555252075
38,PhysioNet,PhysioNet:S06,Aerobic,0.04367860034108162,0.17735818028450012
39,PhysioNet,PhysioNet:S06,Aerobic,0.02363039366900921,0.13278962671756744
40,PhysioNet,PhysioNet:S06,Aerobic,0.027121003717184067,0.13278962671756744
41,PhysioNet,PhysioNet:S06,Aerobic,0.019165096804499626,0.07081761211156845
42,PhysioNet,PhysioNet:S06,Aerobic,0.028982287272810936,0.2934635579586029
43,PhysioNet,PhysioNet:S06,Aerobic,0.054418232291936874,0.5851669907569885
44,PhysioNet,PhysioNet:S06,Aerobic,0.022358786314725876,0.1069493219256401
45,PhysioNet,PhysioNet:S06,Aerobic,0.02393406443297863,0.13015182316303253
46,PhysioNet,PhysioNet:S06,Aerobic,0.02623465098440647,0.18467740714550018
47,PhysioNet,PhysioNet:S06,Aerobic,0.028419381007552147,0.13602794706821442
48,PhysioNet,PhysioNet:S06,Aerobic,0.04575435444712639,0.1290522962808609
49,PhysioNet,PhysioNet:S06,Aerobic,0.08656485378742218,0.12700319290161133
50,PhysioNet,PhysioNet:S06,Aerobic,0.060714952647686005,0.13325223326683044
51,PhysioNet,PhysioNet:S06,Aerobic,0.07423444837331772,0.12613323330879211
52,PhysioNet,PhysioNet:S06,Aerobic,0.023667164146900177,0.16200138628482819
53,PhysioNet,PhysioNet:S06,Aerobic,0.035530563443899155,0.15980350971221924
54,PhysioNet,PhysioNet:S06,Aerobic,0.02860383316874504,0.18565204739570618
55,PhysioNet,PhysioNet:S06,Aerobic,0.06702696532011032,0.8105555772781372
56,PhysioNet,PhysioNet:S06,Aerobic,0.05767730996012688,0.7952565550804138
57,PhysioNet,PhysioNet:S06,Aerobic,0.5029500126838684,0.5134785175323486
58,PhysioNet,PhysioNet:S06,Aerobic,0.3844667375087738,0.17397211492061615
59,PhysioNet,PhysioNet:S06,Aerobic,0.32671836018562317,0.1493072211742401
60,PhysioNet,PhysioNet:S06,Aerobic,0.4834112226963043,0.4312826991081238
61,PhysioNet,PhysioNet:S06,Aerobic,0.8281113505363464,0.7975254654884338
62,PhysioNet,PhysioNet:S06,Aerobic,0.8426877856254578,0.5623731017112732
63,PhysioNet,PhysioNet:S06,Aerobic,0.5273677110671997,0.19971963763237
64,PhysioNet,PhysioNet:S06,Aerobic,0.7762898206710815,0.7610363364219666
65,PhysioNet,PhysioNet:S06,Aerobic,0.806134819984436,0.8393962383270264
66,PhysioNet,PhysioNet:S06,Aerobic,0.6822574734687805,0.32505184412002563
67,PhysioNet,PhysioNet:S06,Aerobic,0.671859860420227,0.24890907108783722
68,PhysioNet,PhysioNet:S06,Aerobic,0.7833153009414673,0.18580961227416992
69,PhysioNet,PhysioNet:S06,Aerobic,0.7770876288414001,0.43637600541114807
70,PhysioNet,PhysioNet:S06,Aerobic,0.8225980997085571,0.5014227628707886
71,PhysioNet,PhysioNet:S06,Aerobic,0.9413109421730042,0.6660195589065552
72,PhysioNet,PhysioNet:S06,Aerobic,0.8819352984428406,0.6559711694717407
73,PhysioNet,PhysioNet:S06,Aerobic,0.9321314692497253,0.6650943756103516
74,PhysioNet,PhysioNet:S06,Aerobic,0.9388667345046997,0.9232473373413086
75,PhysioNet,PhysioNet:S06,Aerobic,0.9139353036880493,0.8241958022117615
76,PhysioNet,PhysioNet:S06,Aerobic,0.908034086227417,0.556903600692749
77,PhysioNet,PhysioNet:S06,Aerobic,0.8870489597320557,0.6337143778800964
78,PhysioNet,PhysioNet:S06,Aerobic,0.9297948479652405,0.5964196920394897
79,PhysioNet,PhysioNet:S06,Aerobic,0.9494583606719971,0.8566901683807373
80,PhysioNet,PhysioNet:S06,Aerobic,0.9608551859855652,0.8629334568977356
81,PhysioNet,PhysioNet:S06,Aerobic,0.9740374088287354,0.7947409749031067
82,PhysioNet,PhysioNet:S06,Aerobic,0.8792423009872437,0.5199750065803528
83,PhysioNet,PhysioNet:S06,Aerobic,0.938435971736908,0.7086257338523865
84,PhysioNet,PhysioNet:S06,Aerobic,0.959210216999054,0.8866280913352966
85,PhysioNet,PhysioNet:S06,Aerobic,0.9815735220909119,0.9126664996147156
86,PhysioNet,PhysioNet:S06,Aerobic,0.9494721293449402,0.721329927444458
87,PhysioNet,PhysioNet:S06,Aerobic,0.8165132999420166,0.42365527153015137
88,PhysioNet,PhysioNet:S06,Aerobic,0.7788032293319702,0.45401233434677124
89,PhysioNet,PhysioNet:S06,Aerobic,0.9151706695556641,0.6810802221298218
90,PhysioNet,PhysioNet:S06,Aerobic,0.9393842220306396,0.6835290193557739
91,PhysioNet,PhysioNet:S06,Aerobic,0.9653043746948242,0.6946230530738831
92,PhysioNet,PhysioNet:S06,Aerobic,0.7940561175346375,0.39882692694664
93,PhysioNet,PhysioNet:S06,Aerobic,0.9095994234085083,0.42530250549316406
94,PhysioNet,PhysioNet:S06,Aerobic,0.9296135902404785,0.4604645073413849
95,PhysioNet,PhysioNet:S06,Aerobic,0.894646942615509,0.6992321014404297
96,PhysioNet,PhysioNet:S06,Aerobic,0.6515613794326782,0.6344247460365295
25,PhysioNet,PhysioNet:S07,Aerobic,0.7640836834907532,0.9300215840339661
26,PhysioNet,PhysioNet:S07,Aerobic,0.9274417757987976,0.9658791422843933
27,PhysioNet,PhysioNet:S07,Aerobic,0.9173345565795898,0.969944179058075
28,PhysioNet,PhysioNet:S07,Aerobic,0.9274417757987976,0.9446614384651184
29,PhysioNet,PhysioNet:S07,Aerobic,0.9274417757987976,0.9446614384651184
30,PhysioNet,PhysioNet:S07,Aerobic,0.9274417757987976,0.9467933773994446
31,PhysioNet,PhysioNet:S07,Aerobic,0.9274417757987976,0.9467933773994446
32,PhysioNet,PhysioNet:S07,Aerobic,0.9274417757987976,0.9446614384651184
33,PhysioNet,PhysioNet:S07,Aerobic,0.9274417757987976,0.9446614384651184
34,PhysioNet,PhysioNet:S07,Aerobic,0.9274417757987976,0.9446614384651184
35,PhysioNet,PhysioNet:S07,Aerobic,0.743312418460846,0.8419923186302185
36,PhysioNet,PhysioNet:S07,Aerobic,0.922940194606781,0.9403592348098755
37,PhysioNet,PhysioNet:S07,Aerobic,0.8692234754562378,0.8851210474967957
38,PhysioNet,PhysioNet:S07,Aerobic,0.898307740688324,0.3351916968822479
39,PhysioNet,PhysioNet:S07,Aerobic,0.7630296945571899,0.5888670682907104
40,PhysioNet,PhysioNet:S07,Aerobic,0.9215274453163147,0.9436519145965576
41,PhysioNet,PhysioNet:S07,Aerobic,0.8708196878433228,0.8853573799133301
42,PhysioNet,PhysioNet:S07,Aerobic,0.6749914288520813,0.793127715587616
43,PhysioNet,PhysioNet:S07,Aerobic,0.894623875617981,0.4093210995197296
44,PhysioNet,PhysioNet:S07,Aerobic,0.894623875617981,0.4093210995197296
45,PhysioNet,PhysioNet:S07,Aerobic,0.7933673858642578,0.6170715689659119
46,PhysioNet,PhysioNet:S07,Aerobic,0.827980637550354,0.6596689224243164
47,PhysioNet,PhysioNet:S07,Aerobic,0.9255698323249817,0.9522160291671753
48,PhysioNet,PhysioNet:S07,Aerobic,0.8968999981880188,0.4093210995197296
49,PhysioNet,PhysioNet:S07,Aerobic,0.7886504530906677,0.6334131956100464
50,PhysioNet,PhysioNet:S07,Aerobic,0.8020457029342651,0.7049077153205872
51,PhysioNet,PhysioNet:S07,Aerobic,0.7328725457191467,0.4550906717777252
52,PhysioNet,PhysioNet:S07,Aerobic,0.7659706473350525,0.736634373664856
53,PhysioNet,PhysioNet:S07,Aerobic,0.7951486706733704,0.7799068093299866
54,PhysioNet,PhysioNet:S07,Aerobic,0.6693363785743713,0.4502181112766266
55,PhysioNet,PhysioNet:S07,Aerobic,0.6541132926940918,0.5713154673576355
56,PhysioNet,PhysioNet:S07,Aerobic,0.758536696434021,0.3048609495162964
57,PhysioNet,PhysioNet:S07,Aerobic,0.6390461325645447,0.5291950702667236
58,PhysioNet,PhysioNet:S07,Aerobic,0.6422332525253296,0.5023899078369141
59,PhysioNet,PhysioNet:S07,Aerobic,0.7640770077705383,0.8067899346351624
60,PhysioNet,PhysioNet:S07,Aerobic,0.7885886430740356,0.8067899346351624
61,PhysioNet,PhysioNet:S07,Aerobic,0.7609547972679138,0.7217474579811096
62,PhysioNet,PhysioNet:S07,Aerobic,0.7379358410835266,0.7611126899719238
63,PhysioNet,PhysioNet:S07,Aerobic,0.7807028293609619,0.8132455945014954
64,PhysioNet,PhysioNet:S07,Aerobic,0.7775973081588745,0.7583735585212708
65,PhysioNet,PhysioNet:S07,Aerobic,0.8251600861549377,0.7133058309555054
66,PhysioNet,PhysioNet:S07,Aerobic,0.7689081430435181,0.6528444290161133
67,PhysioNet,PhysioNet:S07,Aerobic,0.6887361407279968,0.6860584616661072
68,PhysioNet,PhysioNet:S07,Aerobic,0.6292061805725098,0.058092616498470306
69,PhysioNet,PhysioNet:S07,Aerobic,0.6683921813964844,0.032554350793361664
70,PhysioNet,PhysioNet:S07,Aerobic,0.6604210734367371,0.04296595975756645
71,PhysioNet,PhysioNet:S07,Aerobic,0.5557630658149719,0.04640868678689003
72,PhysioNet,PhysioNet:S07,Aerobic,0.3901965022087097,0.015453740954399109
73,PhysioNet,PhysioNet:S07,Aerobic,0.3846753239631653,0.057370807975530624
74,PhysioNet,PhysioNet:S07,Aerobic,0.46278849244117737,0.15258602797985077
75,PhysioNet,PhysioNet:S07,Aerobic,0.5907145738601685,0.08955668658018112
76,PhysioNet,PhysioNet:S07,Aerobic,0.7913330793380737,0.14077617228031158
77,PhysioNet,PhysioNet:S07,Aerobic,0.8916867971420288,0.3351916968822479
78,PhysioNet,PhysioNet:S07,Aerobic,0.9215274453163147,0.9362015128135681
25,PhysioNet,PhysioNet:S08,Aerobic,0.8262092471122742,0.9512514472007751
26,PhysioNet,PhysioNet:S08,Aerobic,0.33084362745285034,0.8191847801208496
27,PhysioNet,PhysioNet:S08,Aerobic,0.5104932188987732,0.803541898727417
28,PhysioNet,PhysioNet:S08,Aerobic,0.9111606478691101,0.9704571962356567
29,PhysioNet,PhysioNet:S08,Aerobic,0.9200308918952942,0.9489582777023315
30,PhysioNet,PhysioNet:S08,Aerobic,0.8689369559288025,0.8731343150138855
31,PhysioNet,PhysioNet:S08,Aerobic,0.8869503736495972,0.7220125794410706
32,PhysioNet,PhysioNet:S08,Aerobic,0.829420268535614,0.8574825525283813
33,PhysioNet,PhysioNet:S08,Aerobic,0.7436646223068237,0.9543910622596741
34,PhysioNet,PhysioNet:S08,Aerobic,0.5454939603805542,0.7648322582244873
35,PhysioNet,PhysioNet:S08,Aerobic,0.4224076271057129,0.9230011105537415
36,PhysioNet,PhysioNet:S08,Aerobic,0.27599823474884033,0.9006142020225525
37,PhysioNet,PhysioNet:S08,Aerobic,0.15548616647720337,0.9676597118377686
38,PhysioNet,PhysioNet:S08,Aerobic,0.5866910815238953,0.9662473797798157
39,PhysioNet,PhysioNet:S08,Aerobic,0.17134743928909302,0.8976607322692871
40,PhysioNet,PhysioNet:S08,Aerobic,0.06587465107440948,0.9279963374137878
41,PhysioNet,PhysioNet:S08,Aerobic,0.12824633717536926,0.8110050559043884
42,PhysioNet,PhysioNet:S08,Aerobic,0.09209266304969788,0.79901123046875
43,PhysioNet,PhysioNet:S08,Aerobic,0.09127087146043777,0.8034847378730774
44,PhysioNet,PhysioNet:S08,Aerobic,0.08454311639070511,0.7617064714431763
45,PhysioNet,PhysioNet:S08,Aerobic,0.18925467133522034,0.8821216225624084
46,PhysioNet,PhysioNet:S08,Aerobic,0.08441055566072464,0.7596569657325745
47,PhysioNet,PhysioNet:S08,Aerobic,0.21476532518863678,0.779205858707428
48,PhysioNet,PhysioNet:S08,Aerobic,0.46418559551239014,0.8688753247261047
49,PhysioNet,PhysioNet:S08,Aerobic,0.7853412628173828,0.7304129004478455
50,PhysioNet,PhysioNet:S08,Aerobic,0.634476363658905,0.7329469323158264
51,PhysioNet,PhysioNet:S08,Aerobic,0.9472082853317261,0.9555118083953857
52,PhysioNet,PhysioNet:S08,Aerobic,0.9704560041427612,0.9815904498100281
53,PhysioNet,PhysioNet:S08,Aerobic,0.8219573497772217,0.8608077168464661
54,PhysioNet,PhysioNet:S08,Aerobic,0.9362078905105591,0.951357901096344
55,PhysioNet,PhysioNet:S08,Aerobic,0.9081591367721558,0.9617483019828796
56,PhysioNet,PhysioNet:S08,Aerobic,0.8784624338150024,0.9636973738670349
57,PhysioNet,PhysioNet:S08,Aerobic,0.8884558081626892,0.9566808342933655
58,PhysioNet,PhysioNet:S08,Aerobic,0.9236481785774231,0.9458322525024414
59,PhysioNet,PhysioNet:S08,Aerobic,0.9036365151405334,0.9559599757194519
60,PhysioNet,PhysioNet:S08,Aerobic,0.9295886754989624,0.9506244659423828
61,PhysioNet,PhysioNet:S08,Aerobic,0.6990434527397156,0.9285016059875488
62,PhysioNet,PhysioNet:S08,Aerobic,0.6731939911842346,0.932569682598114
63,PhysioNet,PhysioNet:S08,Aerobic,0.8054510951042175,0.9633663892745972
64,PhysioNet,PhysioNet:S08,Aerobic,0.8657659292221069,0.8741530776023865
65,PhysioNet,PhysioNet:S08,Aerobic,0.9207225441932678,0.8822112679481506
66,PhysioNet,PhysioNet:S08,Aerobic,0.92242431640625,0.8822112679481506
67,PhysioNet,PhysioNet:S08,Aerobic,0.6126178503036499,0.6982138752937317
68,PhysioNet,PhysioNet:S08,Aerobic,0.8332734704017639,0.7992008328437805
69,PhysioNet,PhysioNet:S08,Aerobic,0.9497498869895935,0.908646285533905
70,PhysioNet,PhysioNet:S08,Aerobic,0.9322574138641357,0.901775598526001
71,PhysioNet,PhysioNet:S08,Aerobic,0.915195643901825,0.9128946661949158
72,PhysioNet,PhysioNet:S08,Aerobic,0.8050005435943604,0.5246671438217163
73,PhysioNet,PhysioNet:S08,Aerobic,0.8137668967247009,0.5428940057754517
74,PhysioNet,PhysioNet:S08,Aerobic,0.9220409989356995,0.9172258973121643
75,PhysioNet,PhysioNet:S08,Aerobic,0.9368341565132141,0.9257097840309143
76,PhysioNet,PhysioNet:S08,Aerobic,0.8928095102310181,0.9636247754096985
77,PhysioNet,PhysioNet:S08,Aerobic,0.9429746270179749,0.9575731754302979
78,PhysioNet,PhysioNet:S08,Aerobic,0.894106388092041,0.9215580224990845
79,PhysioNet,PhysioNet:S08,Aerobic,0.9368341565132141,0.9145253300666809
80,PhysioNet,PhysioNet:S08,Aerobic,0.883105456829071,0.8607782125473022
81,PhysioNet,PhysioNet:S08,Aerobic,0.8551626801490784,0.8644564747810364
82,PhysioNet,PhysioNet:S08,Aerobic,0.733626127243042,0.8655872941017151
83,PhysioNet,PhysioNet:S08,Aerobic,0.7147378325462341,0.7303147912025452
84,PhysioNet,PhysioNet:S08,Aerobic,0.7125129699707031,0.7532777786254883
85,PhysioNet,PhysioNet:S08,Aerobic,0.9251486659049988,0.8790192604064941
86,PhysioNet,PhysioNet:S08,Aerobic,0.9350866675376892,0.8699346780776978
87,PhysioNet,PhysioNet:S08,Aerobic,0.5947777032852173,0.6246185898780823
88,PhysioNet,PhysioNet:S08,Aerobic,0.606160581111908,0.5702205300331116
89,PhysioNet,PhysioNet:S08,Aerobic,0.6877289414405823,0.5085577964782715
90,PhysioNet,PhysioNet:S08,Aerobic,0.5781235098838806,0.21637612581253052
25,PhysioNet,PhysioNet:S09,Aerobic,0.4286639094352722,0.9301825761795044
26,PhysioNet,PhysioNet:S09,Aerobic,0.4506433606147766,0.23448199033737183
27,PhysioNet,PhysioNet:S09,Aerobic,0.47176966071128845,0.21593059599399567
28,PhysioNet,PhysioNet:S09,Aerobic,0.4891742765903473,0.17635297775268555
29,PhysioNet,PhysioNet:S09,Aerobic,0.4620066285133362,0.11266649514436722
30,PhysioNet,PhysioNet:S09,Aerobic,0.3716190457344055,0.24100269377231598
31,PhysioNet,PhysioNet:S09,Aerobic,0.23321694135665894,0.1603153944015503
32,PhysioNet,PhysioNet:S09,Aerobic,0.5002466440200806,0.04777533933520317
33,PhysioNet,PhysioNet:S09,Aerobic,0.5687637329101562,0.06639355421066284
34,PhysioNet,PhysioNet:S09,Aerobic,0.2209872305393219,0.09947783499956131
35,PhysioNet,PhysioNet:S09,Aerobic,0.4344804584980011,0.19417797029018402
36,PhysioNet,PhysioNet:S09,Aerobic,0.37977495789527893,0.06693331152200699
37,PhysioNet,PhysioNet:S09,Aerobic,0.5391023755073547,0.053344495594501495
38,PhysioNet,PhysioNet:S09,Aerobic,0.6011395454406738,0.05025450885295868
39,PhysioNet,PhysioNet:S09,Aerobic,0.45574840903282166,0.2730821967124939
40,PhysioNet,PhysioNet:S09,Aerobic,0.4954177737236023,0.27300384640693665
41,PhysioNet,PhysioNet:S09,Aerobic,0.49198487401008606,0.07357806712388992
42,PhysioNet,PhysioNet:S09,Aerobic,0.3785356283187866,0.16815918684005737
43,PhysioNet,PhysioNet:S09,Aerobic,0.45281848311424255,0.23810897767543793
44,PhysioNet,PhysioNet:S09,Aerobic,0.45281848311424255,0.2681375741958618
45,PhysioNet,PhysioNet:S09,Aerobic,0.2963181436061859,0.03299548476934433
46,PhysioNet,PhysioNet:S09,Aerobic,0.5070056915283203,0.04038834571838379
47,PhysioNet,PhysioNet:S09,Aerobic,0.47404760122299194,0.04526286944746971
48,PhysioNet,PhysioNet:S09,Aerobic,0.5230962038040161,0.14038117229938507
49,PhysioNet,PhysioNet:S09,Aerobic,0.47944435477256775,0.4349572956562042
50,PhysioNet,PhysioNet:S09,Aerobic,0.601445734500885,0.1953916698694229
51,PhysioNet,PhysioNet:S09,Aerobic,0.6208374500274658,0.18307767808437347
52,PhysioNet,PhysioNet:S09,Aerobic,0.5281493663787842,0.4403788149356842
53,PhysioNet,PhysioNet:S09,Aerobic,0.657281219959259,0.09916683286428452
54,PhysioNet,PhysioNet:S09,Aerobic,0.6368494629859924,0.05014574155211449
55,PhysioNet,PhysioNet:S09,Aerobic,0.7441619634628296,0.4331847131252289
56,PhysioNet,PhysioNet:S09,Aerobic,0.7521123290061951,0.41492974758148193
57,PhysioNet,PhysioNet:S09,Aerobic,0.7763534188270569,0.3227679431438446
58,PhysioNet,PhysioNet:S09,Aerobic,0.7529109120368958,0.4311983287334442
59,PhysioNet,PhysioNet:S09,Aerobic,0.7900521755218506,0.35432907938957214
60,PhysioNet,PhysioNet:S09,Aerobic,0.8312326669692993,0.25971296429634094
61,PhysioNet,PhysioNet:S09,Aerobic,0.8494548797607422,0.8874325752258301
62,PhysioNet,PhysioNet:S09,Aerobic,0.9439156651496887,0.7409862279891968
63,PhysioNet,PhysioNet:S09,Aerobic,0.8448029160499573,0.7506490349769592
64,PhysioNet,PhysioNet:S09,Aerobic,0.9024515151977539,0.8391630053520203
65,PhysioNet,PhysioNet:S09,Aerobic,0.9064258933067322,0.901574969291687
66,PhysioNet,PhysioNet:S09,Aerobic,0.8822014331817627,0.671875536441803
67,PhysioNet,PhysioNet:S09,Aerobic,0.8119304180145264,0.46290168166160583
68,PhysioNet,PhysioNet:S09,Aerobic,0.840425431728363,0.36570408940315247
69,PhysioNet,PhysioNet:S09,Aerobic,0.843848705291748,0.3672293424606323
70,PhysioNet,PhysioNet:S09,Aerobic,0.8318566679954529,0.31076860427856445
71,PhysioNet,PhysioNet:S09,Aerobic,0.8160449266433716,0.30706587433815
72,PhysioNet,PhysioNet:S09,Aerobic,0.8494635224342346,0.5215490460395813
73,PhysioNet,PhysioNet:S09,Aerobic,0.8268770575523376,0.7481412887573242
74,PhysioNet,PhysioNet:S09,Aerobic,0.8468940258026123,0.49744972586631775
75,PhysioNet,PhysioNet:S09,Aerobic,0.8426014184951782,0.34405526518821716
76,PhysioNet,PhysioNet:S09,Aerobic,0.8461775183677673,0.4355987012386322
77,PhysioNet,PhysioNet:S09,Aerobic,0.8293552398681641,0.5547923445701599
78,PhysioNet,PhysioNet:S09,Aerobic,0.8000465631484985,0.42373648285865784
79,PhysioNet,PhysioNet:S09,Aerobic,0.5097184181213379,0.32672151923179626
80,PhysioNet,PhysioNet:S09,Aerobic,0.6413912773132324,0.3044366240501404
81,PhysioNet,PhysioNet:S09,Aerobic,0.7682701349258423,0.510539710521698
82,PhysioNet,PhysioNet:S09,Aerobic,0.904792070388794,0.9172540903091431
83,PhysioNet,PhysioNet:S09,Aerobic,0.922940194606781,0.9035847783088684
84,PhysioNet,PhysioNet:S09,Aerobic,0.899334192276001,0.9464433193206787
85,PhysioNet,PhysioNet:S09,Aerobic,0.8449316620826721,0.9196494221687317
86,PhysioNet,PhysioNet:S09,Aerobic,0.7212017774581909,0.8580660223960876
87,PhysioNet,PhysioNet:S09,Aerobic,0.6745352149009705,0.8377568125724792
88,PhysioNet,PhysioNet:S09,Aerobic,0.922940194606781,0.8995153903961182
89,PhysioNet,PhysioNet:S09,Aerobic,0.9215274453163147,0.8828942775726318
90,PhysioNet,PhysioNet:S09,Aerobic,0.869065523147583,0.8834351301193237
32,PhysioNet,PhysioNet:S10,Aerobic,0.03263199329376221,0.27604541182518005
33,PhysioNet,PhysioNet:S10,Aerobic,0.01648406870663166,0.15900056064128876
34,PhysioNet,PhysioNet:S10,Aerobic,0.027451347559690475,0.047895364463329315
35,PhysioNet,PhysioNet:S10,Aerobic,0.027024932205677032,0.11910469084978104
36,PhysioNet,PhysioNet:S10,Aerobic,0.02341943047940731,0.05913335084915161
37,PhysioNet,PhysioNet:S10,Aerobic,0.012659257277846336,0.04208482429385185
38,PhysioNet,PhysioNet:S10,Aerobic,0.024723345413804054,0.07601015269756317
39,PhysioNet,PhysioNet:S10,Aerobic,0.025634022429585457,0.06808064877986908
40,PhysioNet,PhysioNet:S10,Aerobic,0.02730727568268776,0.2612420916557312
41,PhysioNet,PhysioNet:S10,Aerobic,0.016103319823741913,0.21923236548900604
42,PhysioNet,PhysioNet:S10,Aerobic,0.023561717942357063,0.2407829463481903
43,PhysioNet,PhysioNet:S10,Aerobic,0.03169252350926399,0.6330738067626953
44,PhysioNet,PhysioNet:S10,Aerobic,0.082023024559021,0.3329462707042694
45,PhysioNet,PhysioNet:S10,Aerobic,0.0873471349477768,0.3751594126224518
46,PhysioNet,PhysioNet:S10,Aerobic,0.08916164189577103,0.20300805568695068
47,PhysioNet,PhysioNet:S10,Aerobic,0.12343637645244598,0.21619553864002228
48,PhysioNet,PhysioNet:S10,Aerobic,0.0931711494922638,0.21092833578586578
49,PhysioNet,PhysioNet:S10,Aerobic,0.05816974118351936,0.2129795402288437
50,PhysioNet,PhysioNet:S10,Aerobic,0.12522976100444794,0.24528300762176514
51,PhysioNet,PhysioNet:S10,Aerobic,0.11725238710641861,0.2979501783847809
52,PhysioNet,PhysioNet:S10,Aerobic,0.02451878786087036,0.5665926933288574
53,PhysioNet,PhysioNet:S10,Aerobic,0.03067019023001194,0.7550550103187561
54,PhysioNet,PhysioNet:S10,Aerobic,0.13178357481956482,0.8420699834823608
55,PhysioNet,PhysioNet:S10,Aerobic,0.05867747589945793,0.693642258644104
56,PhysioNet,PhysioNet:S10,Aerobic,0.02087722159922123,0.7248862981796265
57,PhysioNet,PhysioNet:S10,Aerobic,0.0833480954170227,0.6893126368522644
58,PhysioNet,PhysioNet:S10,Aerobic,0.6097351312637329,0.6054519414901733
59,PhysioNet,PhysioNet:S10,Aerobic,0.9515469670295715,0.8328142166137695
60,PhysioNet,PhysioNet:S10,Aerobic,0.9863274097442627,0.9783268570899963
61,PhysioNet,PhysioNet:S10,Aerobic,0.9078137874603271,0.6277157664299011
62,PhysioNet,PhysioNet:S10,Aerobic,0.9553492069244385,0.813831627368927
63,PhysioNet,PhysioNet:S10,Aerobic,0.8620374798774719,0.8343851566314697
64,PhysioNet,PhysioNet:S10,Aerobic,0.8552913665771484,0.9704310894012451
65,PhysioNet,PhysioNet:S10,Aerobic,0.8991804122924805,0.9591012001037598
66,PhysioNet,PhysioNet:S10,Aerobic,0.960098147392273,0.9834543466567993
67,PhysioNet,PhysioNet:S10,Aerobic,0.9844900369644165,0.9497467875480652
68,PhysioNet,PhysioNet:S10,Aerobic,0.9838910698890686,0.9364966750144958
69,PhysioNet,PhysioNet:S10,Aerobic,0.9813085198402405,0.9801107048988342
70,PhysioNet,PhysioNet:S10,Aerobic,0.9565168619155884,0.8685255646705627
71,PhysioNet,PhysioNet:S10,Aerobic,0.9366815686225891,0.890246570110321
72,PhysioNet,PhysioNet:S10,Aerobic,0.9553326368331909,0.8513578772544861
73,PhysioNet,PhysioNet:S10,Aerobic,0.9087544679641724,0.8196068406105042
74,PhysioNet,PhysioNet:S10,Aerobic,0.9566389322280884,0.8785368204116821
75,PhysioNet,PhysioNet:S10,Aerobic,0.9637246131896973,0.8715265989303589
76,PhysioNet,PhysioNet:S10,Aerobic,0.9539000988006592,0.9035311341285706
77,PhysioNet,PhysioNet:S10,Aerobic,0.956243097782135,0.7483514547348022
78,PhysioNet,PhysioNet:S10,Aerobic,0.8437680006027222,0.5328598618507385
79,PhysioNet,PhysioNet:S10,Aerobic,0.9325887560844421,0.5144668221473694
80,PhysioNet,PhysioNet:S10,Aerobic,0.7944300174713135,0.44026196002960205
81,PhysioNet,PhysioNet:S10,Aerobic,0.9819705486297607,0.9027353525161743
82,PhysioNet,PhysioNet:S10,Aerobic,0.9827266931533813,0.9456697702407837
83,PhysioNet,PhysioNet:S10,Aerobic,0.9063684940338135,0.9032732248306274
84,PhysioNet,PhysioNet:S10,Aerobic,0.9320448637008667,0.8727850914001465
85,PhysioNet,PhysioNet:S10,Aerobic,0.9525401592254639,0.8447586297988892
86,PhysioNet,PhysioNet:S10,Aerobic,0.9079809188842773,0.695972204208374
87,PhysioNet,PhysioNet:S10,Aerobic,0.46464696526527405,0.14407038688659668
88,PhysioNet,PhysioNet:S10,Aerobic,0.813809335231781,0.7012438774108887
89,PhysioNet,PhysioNet:S10,Aerobic,0.8085285425186157,0.8179978728294373
90,PhysioNet,PhysioNet:S10,Aerobic,0.7954007387161255,0.8246012926101685
91,PhysioNet,PhysioNet:S10,Aerobic,0.4377850592136383,0.8181218504905701
92,PhysioNet,PhysioNet:S10,Aerobic,0.4127385914325714,0.7616012096405029
93,PhysioNet,PhysioNet:S10,Aerobic,0.39043128490448,0.8493886590003967
94,PhysioNet,PhysioNet:S10,Aerobic,0.27708303928375244,0.9368858337402344
95,PhysioNet,PhysioNet:S10,Aerobic,0.0772230327129364,0.9798500537872314
96,PhysioNet,PhysioNet:S10,Aerobic,0.12060477584600449,0.9716140627861023
97,PhysioNet,PhysioNet:S10,Aerobic,0.13624298572540283,0.9783163666725159
0,PhysioNet,PhysioNet:S11,Aerobic,0.795653760433197,0.3059464693069458
1,PhysioNet,PhysioNet:S11,Aerobic,0.7846856117248535,0.7428341507911682
2,PhysioNet,PhysioNet:S11,Aerobic,0.8839183449745178,0.9291737079620361
3,PhysioNet,PhysioNet:S11,Aerobic,0.8744234442710876,0.900679349899292
4,PhysioNet,PhysioNet:S11,Aerobic,0.7699422836303711,0.8555570244789124
5,PhysioNet,PhysioNet:S11,Aerobic,0.8783058524131775,0.8913679718971252
6,PhysioNet,PhysioNet:S11,Aerobic,0.9432470202445984,0.7771786451339722
7,PhysioNet,PhysioNet:S11,Aerobic,0.7977251410484314,0.654121994972229
8,PhysioNet,PhysioNet:S11,Aerobic,0.7977251410484314,0.6764741539955139
9,PhysioNet,PhysioNet:S11,Aerobic,0.8970958590507507,0.9255905747413635
10,PhysioNet,PhysioNet:S11,Aerobic,0.9048776626586914,0.9681944251060486
11,PhysioNet,PhysioNet:S11,Aerobic,0.780022144317627,0.5976946353912354
12,PhysioNet,PhysioNet:S11,Aerobic,0.6280531287193298,0.4767232835292816
13,PhysioNet,PhysioNet:S11,Aerobic,0.8728265166282654,0.9002254009246826
14,PhysioNet,PhysioNet:S11,Aerobic,0.9490692019462585,0.8713394403457642
15,PhysioNet,PhysioNet:S11,Aerobic,0.9190541505813599,0.924261748790741
16,PhysioNet,PhysioNet:S11,Aerobic,0.9215274453163147,0.9452555775642395
17,PhysioNet,PhysioNet:S11,Aerobic,0.9447489380836487,0.8794465661048889
18,PhysioNet,PhysioNet:S11,Aerobic,0.7773301005363464,0.8519302606582642
19,PhysioNet,PhysioNet:S11,Aerobic,0.7782887816429138,0.9471046328544617
20,PhysioNet,PhysioNet:S11,Aerobic,0.8480461835861206,0.8707247972488403
21,PhysioNet,PhysioNet:S11,Aerobic,0.6681656837463379,0.8111564517021179
22,PhysioNet,PhysioNet:S11,Aerobic,0.6461025476455688,0.5855740904808044
23,PhysioNet,PhysioNet:S11,Aerobic,0.7385221123695374,0.8864292502403259
24,PhysioNet,PhysioNet:S11,Aerobic,0.8182530403137207,0.9539851546287537
25,PhysioNet,PhysioNet:S11,Aerobic,0.729219913482666,0.9179596304893494
26,PhysioNet,PhysioNet:S11,Aerobic,0.7231235504150391,0.8952468633651733
27,PhysioNet,PhysioNet:S11,Aerobic,0.7389671206474304,0.8790431022644043
28,PhysioNet,PhysioNet:S11,Aerobic,0.6972119212150574,0.9061304926872253
29,PhysioNet,PhysioNet:S11,Aerobic,0.943172037601471,0.7385503053665161
30,PhysioNet,PhysioNet:S11,Aerobic,0.9385010004043579,0.9168833494186401
31,PhysioNet,PhysioNet:S11,Aerobic,0.9190541505813599,0.9302758574485779
32,PhysioNet,PhysioNet:S11,Aerobic,0.793637752532959,0.6371557712554932
33,PhysioNet,PhysioNet:S11,Aerobic,0.8159022331237793,0.9182552695274353
34,PhysioNet,PhysioNet:S11,Aerobic,0.8132469654083252,0.40139347314834595
35,PhysioNet,PhysioNet:S11,Aerobic,0.8132469654083252,0.3731923997402191
36,PhysioNet,PhysioNet:S11,Aerobic,0.9459545612335205,0.9002801775932312
37,PhysioNet,PhysioNet:S11,Aerobic,0.802185595035553,0.8555994033813477
38,PhysioNet,PhysioNet:S11,Aerobic,0.7958695888519287,0.9010137915611267
39,PhysioNet,PhysioNet:S11,Aerobic,0.9343000054359436,0.8998892307281494
40,PhysioNet,PhysioNet:S11,Aerobic,0.719112753868103,0.9458941221237183
41,PhysioNet,PhysioNet:S11,Aerobic,0.922940194606781,0.9394492506980896
42,PhysioNet,PhysioNet:S11,Aerobic,0.9010579586029053,0.8892339468002319
43,PhysioNet,PhysioNet:S11,Aerobic,0.9382431507110596,0.9179922938346863
44,PhysioNet,PhysioNet:S11,Aerobic,0.922940194606781,0.9387981295585632
45,PhysioNet,PhysioNet:S11,Aerobic,0.9480040073394775,0.7332592010498047
46,PhysioNet,PhysioNet:S11,Aerobic,0.592620313167572,0.29995834827423096
47,PhysioNet,PhysioNet:S11,Aerobic,0.8574683666229248,0.8398895263671875
48,PhysioNet,PhysioNet:S11,Aerobic,0.9361855387687683,0.932047963142395
49,PhysioNet,PhysioNet:S11,Aerobic,0.9220409989356995,0.940001904964447
50,PhysioNet,PhysioNet:S11,Aerobic,0.9207745790481567,0.9315576553344727
51,PhysioNet,PhysioNet:S11,Aerobic,0.9215274453163147,0.9417998790740967
0,PhysioNet,PhysioNet:S11,Aerobic,0.7411180734634399,0.7617202997207642
1,PhysioNet,PhysioNet:S11,Aerobic,0.6243143677711487,0.8131390810012817
2,PhysioNet,PhysioNet:S11,Aerobic,0.5738068222999573,0.6266566514968872
3,PhysioNet,PhysioNet:S11,Aerobic,0.7995806932449341,0.9286183714866638
4,PhysioNet,PhysioNet:S11,Aerobic,0.9215274453163147,0.9421148896217346
5,PhysioNet,PhysioNet:S11,Aerobic,0.6739869713783264,0.8719387650489807
6,PhysioNet,PhysioNet:S11,Aerobic,0.7544762492179871,0.9061837196350098
7,PhysioNet,PhysioNet:S11,Aerobic,0.7544762492179871,0.897493302822113
29,PhysioNet,PhysioNet:S13,Aerobic,0.17031356692314148,0.944879412651062
30,PhysioNet,PhysioNet:S13,Aerobic,0.8985370397567749,0.9501931071281433
31,PhysioNet,PhysioNet:S13,Aerobic,0.9204804301261902,0.893164873123169
32,PhysioNet,PhysioNet:S13,Aerobic,0.9548817873001099,0.9131991267204285
33,PhysioNet,PhysioNet:S13,Aerobic,0.9634768962860107,0.9586925506591797
34,PhysioNet,PhysioNet:S13,Aerobic,0.9517834186553955,0.9815177321434021
35,PhysioNet,PhysioNet:S13,Aerobic,0.978598415851593,0.9656060338020325
36,PhysioNet,PhysioNet:S13,Aerobic,0.9842363595962524,0.9354865550994873
37,PhysioNet,PhysioNet:S13,Aerobic,0.8084490299224854,0.8635343313217163
38,PhysioNet,PhysioNet:S13,Aerobic,0.8219384551048279,0.8226281404495239
39,PhysioNet,PhysioNet:S13,Aerobic,0.8993501663208008,0.8605487942695618
40,PhysioNet,PhysioNet:S13,Aerobic,0.9489876627922058,0.9791151285171509
41,PhysioNet,PhysioNet:S13,Aerobic,0.9537762403488159,0.9842880964279175
42,PhysioNet,PhysioNet:S13,Aerobic,0.8448236584663391,0.7361021041870117
43,PhysioNet,PhysioNet:S13,Aerobic,0.8666725754737854,0.3721162676811218
44,PhysioNet,PhysioNet:S13,Aerobic,0.841730535030365,0.6062328219413757
45,PhysioNet,PhysioNet:S13,Aerobic,0.8533807992935181,0.6801213622093201
46,PhysioNet,PhysioNet:S13,Aerobic,0.8946234583854675,0.9720067977905273
47,PhysioNet,PhysioNet:S13,Aerobic,0.8508206009864807,0.8876438140869141
48,PhysioNet,PhysioNet:S13,Aerobic,0.8485881090164185,0.24611282348632812
49,PhysioNet,PhysioNet:S13,Aerobic,0.9266380667686462,0.9694188237190247
50,PhysioNet,PhysioNet:S13,Aerobic,0.8734354972839355,0.9393042922019958
51,PhysioNet,PhysioNet:S13,Aerobic,0.8336061835289001,0.6747434139251709
52,PhysioNet,PhysioNet:S13,Aerobic,0.8634142279624939,0.40148189663887024
53,PhysioNet,PhysioNet:S13,Aerobic,0.9282324910163879,0.6262516975402832
54,PhysioNet,PhysioNet:S13,Aerobic,0.9650322198867798,0.8017679452896118
55,PhysioNet,PhysioNet:S13,Aerobic,0.9684134125709534,0.9071115255355835
56,PhysioNet,PhysioNet:S13,Aerobic,0.9087491631507874,0.4640484154224396
57,PhysioNet,PhysioNet:S13,Aerobic,0.9340551495552063,0.6820544600486755
58,PhysioNet,PhysioNet:S13,Aerobic,0.8302780389785767,0.4438018202781677
59,PhysioNet,PhysioNet:S13,Aerobic,0.8646295070648193,0.563508152961731
60,PhysioNet,PhysioNet:S13,Aerobic,0.8426317572593689,0.8355851173400879
61,PhysioNet,PhysioNet:S13,Aerobic,0.8289492130279541,0.9310042262077332
62,PhysioNet,PhysioNet:S13,Aerobic,0.9326794743537903,0.9537410140037537
63,PhysioNet,PhysioNet:S13,Aerobic,0.9231207966804504,0.9796352982521057
64,PhysioNet,PhysioNet:S13,Aerobic,0.8794649243354797,0.9684748649597168
65,PhysioNet,PhysioNet:S13,Aerobic,0.8923689126968384,0.980292022228241
66,PhysioNet,PhysioNet:S13,Aerobic,0.8191279172897339,0.6947183012962341
67,PhysioNet,PhysioNet:S13,Aerobic,0.8947925567626953,0.3977680206298828
68,PhysioNet,PhysioNet:S13,Aerobic,0.8968999981880188,0.4444567859172821
69,PhysioNet,PhysioNet:S13,Aerobic,0.7840331792831421,0.4406487047672272
70,PhysioNet,PhysioNet:S13,Aerobic,0.8968999981880188,0.6129483580589294
71,PhysioNet,PhysioNet:S13,Aerobic,0.894623875617981,0.60325026512146
72,PhysioNet,PhysioNet:S13,Aerobic,0.894623875617981,0.5373353958129883
73,PhysioNet,PhysioNet:S13,Aerobic,0.889952540397644,0.4927707612514496
74,PhysioNet,PhysioNet:S13,Aerobic,0.718457043170929,0.06731298565864563
75,PhysioNet,PhysioNet:S13,Aerobic,0.5958392024040222,0.24735066294670105
76,PhysioNet,PhysioNet:S13,Aerobic,0.894623875617981,0.37323811650276184
77,PhysioNet,PhysioNet:S13,Aerobic,0.894623875617981,0.3985600173473358
78,PhysioNet,PhysioNet:S13,Aerobic,0.5933898687362671,0.4028141498565674
79,PhysioNet,PhysioNet:S13,Aerobic,0.5321308374404907,0.5578696131706238
80,PhysioNet,PhysioNet:S13,Aerobic,0.6712820529937744,0.24432028830051422
81,PhysioNet,PhysioNet:S13,Aerobic,0.6496075987815857,0.07567530125379562
82,PhysioNet,PhysioNet:S13,Aerobic,0.6698909997940063,0.055246829986572266
83,PhysioNet,PhysioNet:S13,Aerobic,0.6491112112998962,0.8554461002349854
84,PhysioNet,PhysioNet:S13,Aerobic,0.7196327447891235,0.9270214438438416
85,PhysioNet,PhysioNet:S13,Aerobic,0.7397139668464661,0.11089256405830383
86,PhysioNet,PhysioNet:S13,Aerobic,0.8947925567626953,0.3977680206298828
87,PhysioNet,PhysioNet:S13,Aerobic,0.8947925567626953,0.3977680206298828
88,PhysioNet,PhysioNet:S13,Aerobic,0.898307740688324,0.4039395749568939
89,PhysioNet,PhysioNet:S13,Aerobic,0.5463753342628479,0.7784678936004639
90,PhysioNet,PhysioNet:S13,Aerobic,0.618548572063446,0.7999621629714966
91,PhysioNet,PhysioNet:S13,Aerobic,0.8782213926315308,0.9779868721961975
92,PhysioNet,PhysioNet:S13,Aerobic,0.8731688261032104,0.9803051948547363
93,PhysioNet,PhysioNet:S13,Aerobic,0.7573700547218323,0.68520188331604
94,PhysioNet,PhysioNet:S13,Aerobic,0.5064937472343445,0.6206343770027161
95,PhysioNet,PhysioNet:S13,Aerobic,0.5565706491470337,0.6873913407325745
96,PhysioNet,PhysioNet:S13,Aerobic,0.6661373376846313,0.784767210483551
31,PhysioNet,PhysioNet:S14,Aerobic,0.05576050654053688,0.8735862970352173
32,PhysioNet,PhysioNet:S14,Aerobic,0.01879161223769188,0.9472573399543762
33,PhysioNet,PhysioNet:S14,Aerobic,0.03779108077287674,0.9269884824752808
34,PhysioNet,PhysioNet:S14,Aerobic,0.09468232095241547,0.9447672367095947
35,PhysioNet,PhysioNet:S14,Aerobic,0.05710552632808685,0.9554264545440674
36,PhysioNet,PhysioNet:S14,Aerobic,0.04306169971823692,0.9490353465080261
37,PhysioNet,PhysioNet:S14,Aerobic,0.22562316060066223,0.9771046042442322
38,PhysioNet,PhysioNet:S14,Aerobic,0.16130052506923676,0.9533816576004028
39,PhysioNet,PhysioNet:S14,Aerobic,0.5238510966300964,0.9668739438056946
40,PhysioNet,PhysioNet:S14,Aerobic,0.45942047238349915,0.9854735136032104
41,PhysioNet,PhysioNet:S14,Aerobic,0.4635205566883087,0.9753819704055786
42,PhysioNet,PhysioNet:S14,Aerobic,0.7305677533149719,0.9770708084106445
43,PhysioNet,PhysioNet:S14,Aerobic,0.7847249507904053,0.9676283001899719
44,PhysioNet,PhysioNet:S14,Aerobic,0.8653284311294556,0.9704807996749878
45,PhysioNet,PhysioNet:S14,Aerobic,0.9211598038673401,0.9833610653877258
46,PhysioNet,PhysioNet:S14,Aerobic,0.9494404196739197,0.9773321747779846
47,PhysioNet,PhysioNet:S14,Aerobic,0.976905882358551,0.9635612368583679
48,PhysioNet,PhysioNet:S14,Aerobic,0.9213943481445312,0.909745454788208
49,PhysioNet,PhysioNet:S14,Aerobic,0.929115355014801,0.9736959934234619
50,PhysioNet,PhysioNet:S14,Aerobic,0.9550417065620422,0.959220290184021
51,PhysioNet,PhysioNet:S14,Aerobic,0.9527109861373901,0.9336529970169067
52,PhysioNet,PhysioNet:S14,Aerobic,0.9713032245635986,0.8461722135543823
53,PhysioNet,PhysioNet:S14,Aerobic,0.9547278881072998,0.931297779083252
54,PhysioNet,PhysioNet:S14,Aerobic,0.9826576113700867,0.9778443574905396
55,PhysioNet,PhysioNet:S14,Aerobic,0.9879021644592285,0.956761360168457
56,PhysioNet,PhysioNet:S14,Aerobic,0.9816504120826721,0.9905419945716858
57,PhysioNet,PhysioNet:S14,Aerobic,0.9790894985198975,0.9903476238250732
58,PhysioNet,PhysioNet:S14,Aerobic,0.9617727398872375,0.917380690574646
59,PhysioNet,PhysioNet:S14,Aerobic,0.887069582939148,0.8376913666725159
60,PhysioNet,PhysioNet:S14,Aerobic,0.9327049255371094,0.969887912273407
61,PhysioNet,PhysioNet:S14,Aerobic,0.9588087201118469,0.9818205237388611
62,PhysioNet,PhysioNet:S14,Aerobic,0.9814038276672363,0.9823306798934937
63,PhysioNet,PhysioNet:S14,Aerobic,0.9102984666824341,0.9875046610832214
64,PhysioNet,PhysioNet:S14,Aerobic,0.9009900093078613,0.9727043509483337
65,PhysioNet,PhysioNet:S14,Aerobic,0.8575062155723572,0.950518786907196
66,PhysioNet,PhysioNet:S14,Aerobic,0.8843065500259399,0.9377598762512207
67,PhysioNet,PhysioNet:S14,Aerobic,0.8886352181434631,0.6418666243553162
68,PhysioNet,PhysioNet:S14,Aerobic,0.9347565174102783,0.9813604354858398
69,PhysioNet,PhysioNet:S14,Aerobic,0.9513247013092041,0.9646900296211243
70,PhysioNet,PhysioNet:S14,Aerobic,0.9451802372932434,0.9702420234680176
71,PhysioNet,PhysioNet:S14,Aerobic,0.88755863904953,0.9756699204444885
72,PhysioNet,PhysioNet:S14,Aerobic,0.8089857697486877,0.764388918876648
73,PhysioNet,PhysioNet:S14,Aerobic,0.8278445601463318,0.9504073262214661
74,PhysioNet,PhysioNet:S14,Aerobic,0.7573871612548828,0.9576189517974854
75,PhysioNet,PhysioNet:S14,Aerobic,0.8251854777336121,0.4974985718727112
76,PhysioNet,PhysioNet:S14,Aerobic,0.7782649397850037,0.5460273027420044
77,PhysioNet,PhysioNet:S14,Aerobic,0.8285152316093445,0.727215051651001
78,PhysioNet,PhysioNet:S14,Aerobic,0.8277798891067505,0.9559565782546997
79,PhysioNet,PhysioNet:S14,Aerobic,0.8863881230354309,0.43221569061279297
80,PhysioNet,PhysioNet:S14,Aerobic,0.8066608309745789,0.9341742992401123
81,PhysioNet,PhysioNet:S14,Aerobic,0.9026763439178467,0.969523012638092
82,PhysioNet,PhysioNet:S14,Aerobic,0.7707008123397827,0.8846073746681213
83,PhysioNet,PhysioNet:S14,Aerobic,0.7791010141372681,0.8803454041481018
84,PhysioNet,PhysioNet:S14,Aerobic,0.8933130502700806,0.43221569061279297
85,PhysioNet,PhysioNet:S14,Aerobic,0.8933130502700806,0.3719955384731293
86,PhysioNet,PhysioNet:S14,Aerobic,0.8933130502700806,0.3719955384731293
87,PhysioNet,PhysioNet:S14,Aerobic,0.8304001688957214,0.9501694440841675
88,PhysioNet,PhysioNet:S14,Aerobic,0.6332918405532837,0.8943693041801453
89,PhysioNet,PhysioNet:S14,Aerobic,0.508202075958252,0.8206743001937866
90,PhysioNet,PhysioNet:S14,Aerobic,0.4676828682422638,0.8171626925468445
91,PhysioNet,PhysioNet:S14,Aerobic,0.9054433703422546,0.9628012180328369
92,PhysioNet,PhysioNet:S14,Aerobic,0.8501130938529968,0.9670794606208801
93,PhysioNet,PhysioNet:S14,Aerobic,0.8886352181434631,0.3719955384731293
94,PhysioNet,PhysioNet:S14,Aerobic,0.8837358355522156,0.38039809465408325
95,PhysioNet,PhysioNet:S14,Aerobic,0.7881683111190796,0.22554348409175873
96,PhysioNet,PhysioNet:S14,Aerobic,0.5017236471176147,0.8362549543380737
97,PhysioNet,PhysioNet:S14,Aerobic,0.6354308724403381,0.9489284157752991
98,PhysioNet,PhysioNet:S14,Aerobic,0.9197179079055786,0.9702494740486145
99,PhysioNet,PhysioNet:S14,Aerobic,0.7405248284339905,0.9675334692001343
100,PhysioNet,PhysioNet:S14,Aerobic,0.8573750257492065,0.9663344025611877
101,PhysioNet,PhysioNet:S14,Aerobic,0.914596438407898,0.9851614236831665
30,PhysioNet,PhysioNet:S15,Aerobic,0.4068833291530609,0.7515586018562317
31,PhysioNet,PhysioNet:S15,Aerobic,0.8899686932563782,0.835699200630188
32,PhysioNet,PhysioNet:S15,Aerobic,0.9535016417503357,0.9904047250747681
33,PhysioNet,PhysioNet:S15,Aerobic,0.9381899833679199,0.9769267439842224
34,PhysioNet,PhysioNet:S15,Aerobic,0.961525022983551,0.9912083148956299
35,PhysioNet,PhysioNet:S15,Aerobic,0.9534628391265869,0.9864148497581482
36,PhysioNet,PhysioNet:S15,Aerobic,0.8978898525238037,0.9511332511901855
37,PhysioNet,PhysioNet:S15,Aerobic,0.9633916020393372,0.9823758006095886
38,PhysioNet,PhysioNet:S15,Aerobic,0.9589381814002991,0.9426886439323425
39,PhysioNet,PhysioNet:S15,Aerobic,0.974393367767334,0.9805120229721069
40,PhysioNet,PhysioNet:S15,Aerobic,0.9733189940452576,0.9835773706436157
41,PhysioNet,PhysioNet:S15,Aerobic,0.9470945000648499,0.944401741027832
42,PhysioNet,PhysioNet:S15,Aerobic,0.968414843082428,0.9419952630996704
43,PhysioNet,PhysioNet:S15,Aerobic,0.9046377539634705,0.9492720365524292
44,PhysioNet,PhysioNet:S15,Aerobic,0.9178078770637512,0.9232192039489746
45,PhysioNet,PhysioNet:S15,Aerobic,0.8958766460418701,0.9238406419754028
46,PhysioNet,PhysioNet:S15,Aerobic,0.8691160082817078,0.9139888286590576
47,PhysioNet,PhysioNet:S15,Aerobic,0.7366756796836853,0.8313549757003784
48,PhysioNet,PhysioNet:S15,Aerobic,0.9387603998184204,0.8734847903251648
49,PhysioNet,PhysioNet:S15,Aerobic,0.9576604962348938,0.9777674078941345
50,PhysioNet,PhysioNet:S15,Aerobic,0.9542620778083801,0.986624002456665
51,PhysioNet,PhysioNet:S15,Aerobic,0.9630131125450134,0.9871833324432373
52,PhysioNet,PhysioNet:S15,Aerobic,0.9748122096061707,0.9844181537628174
53,PhysioNet,PhysioNet:S15,Aerobic,0.9798383712768555,0.9836341142654419
54,PhysioNet,PhysioNet:S15,Aerobic,0.9715337157249451,0.9692372679710388
55,PhysioNet,PhysioNet:S15,Aerobic,0.9223130941390991,0.9433879852294922
56,PhysioNet,PhysioNet:S15,Aerobic,0.9046377539634705,0.9284240007400513
57,PhysioNet,PhysioNet:S15,Aerobic,0.7277638912200928,0.7635446190834045
58,PhysioNet,PhysioNet:S15,Aerobic,0.8869190216064453,0.9138001799583435
59,PhysioNet,PhysioNet:S15,Aerobic,0.8864882588386536,0.901688277721405
60,PhysioNet,PhysioNet:S15,Aerobic,0.7169337272644043,0.8156472444534302
61,PhysioNet,PhysioNet:S15,Aerobic,0.8792917728424072,0.8992698788642883
62,PhysioNet,PhysioNet:S15,Aerobic,0.8647364974021912,0.9052844047546387
63,PhysioNet,PhysioNet:S15,Aerobic,0.869304895401001,0.8581870198249817
64,PhysioNet,PhysioNet:S15,Aerobic,0.9413220286369324,0.9159482717514038
65,PhysioNet,PhysioNet:S15,Aerobic,0.971869945526123,0.9371044635772705
66,PhysioNet,PhysioNet:S15,Aerobic,0.9387603998184204,0.9306175708770752
67,PhysioNet,PhysioNet:S15,Aerobic,0.9496162533760071,0.9480495452880859
68,PhysioNet,PhysioNet:S15,Aerobic,0.9656739830970764,0.9801152944564819
69,PhysioNet,PhysioNet:S15,Aerobic,0.9547464847564697,0.9387255311012268
70,PhysioNet,PhysioNet:S15,Aerobic,0.9672278761863708,0.9609240889549255
71,PhysioNet,PhysioNet:S15,Aerobic,0.9689300656318665,0.9486395716667175
72,PhysioNet,PhysioNet:S15,Aerobic,0.922940194606781,0.902184784412384
73,PhysioNet,PhysioNet:S15,Aerobic,0.8708196878433228,0.8274584412574768
74,PhysioNet,PhysioNet:S15,Aerobic,0.8486446738243103,0.8539100289344788
75,PhysioNet,PhysioNet:S15,Aerobic,0.8986345529556274,0.9693523049354553
76,PhysioNet,PhysioNet:S15,Aerobic,0.9853420257568359,0.9824942946434021
77,PhysioNet,PhysioNet:S15,Aerobic,0.9763042330741882,0.9507719874382019
78,PhysioNet,PhysioNet:S15,Aerobic,0.9755555391311646,0.9883688688278198
79,PhysioNet,PhysioNet:S15,Aerobic,0.9739558696746826,0.9478772878646851
80,PhysioNet,PhysioNet:S15,Aerobic,0.9117030501365662,0.9197524785995483
81,PhysioNet,PhysioNet:S15,Aerobic,0.8690207600593567,0.9019834995269775
82,PhysioNet,PhysioNet:S15,Aerobic,0.7449339032173157,0.8647734522819519
83,PhysioNet,PhysioNet:S15,Aerobic,0.9052172303199768,0.930075466632843
84,PhysioNet,PhysioNet:S15,Aerobic,0.9048486948013306,0.9204331040382385
85,PhysioNet,PhysioNet:S15,Aerobic,0.8690207600593567,0.8977931141853333
86,PhysioNet,PhysioNet:S15,Aerobic,0.962664008140564,0.930075466632843
87,PhysioNet,PhysioNet:S15,Aerobic,0.9346359372138977,0.982043981552124
88,PhysioNet,PhysioNet:S15,Aerobic,0.9710693955421448,0.9868326187133789
89,PhysioNet,PhysioNet:S15,Aerobic,0.949652910232544,0.9579764604568481
90,PhysioNet,PhysioNet:S15,Aerobic,0.9305088520050049,0.9083757996559143
91,PhysioNet,PhysioNet:S15,Aerobic,0.9096527099609375,0.9210482239723206
92,PhysioNet,PhysioNet:S15,Aerobic,0.8667900562286377,0.9009575843811035
93,PhysioNet,PhysioNet:S15,Aerobic,0.8543911576271057,0.8647734522819519
94,PhysioNet,PhysioNet:S15,Aerobic,0.8408905267715454,0.8292537331581116
95,PhysioNet,PhysioNet:S15,Aerobic,0.9580696821212769,0.8851236701011658
27,PhysioNet,PhysioNet:S16,Aerobic,0.018560826778411865,0.06812549382448196
28,PhysioNet,PhysioNet:S16,Aerobic,0.018040981143712997,0.07527849078178406
29,PhysioNet,PhysioNet:S16,Aerobic,0.010372791439294815,0.07858408242464066
30,PhysioNet,PhysioNet:S16,Aerobic,0.01939348690211773,0.027150031179189682
31,PhysioNet,PhysioNet:S16,Aerobic,0.015298780985176563,0.030027711763978004
32,PhysioNet,PhysioNet:S16,Aerobic,0.019976943731307983,0.04858477786183357
33,PhysioNet,PhysioNet:S16,Aerobic,0.00819711945950985,0.03699158504605293
34,PhysioNet,PhysioNet:S16,Aerobic,0.009967591613531113,0.01232739444822073
35,PhysioNet,PhysioNet:S16,Aerobic,0.011638022027909756,0.03978826478123665
36,PhysioNet,PhysioNet:S16,Aerobic,0.014724821783602238,0.02324002981185913
37,PhysioNet,PhysioNet:S16,Aerobic,0.011174178682267666,0.024991359561681747
38,PhysioNet,PhysioNet:S16,Aerobic,0.0114098209887743,0.036306269466876984
39,PhysioNet,PhysioNet:S16,Aerobic,0.008748459629714489,0.1447017341852188
40,PhysioNet,PhysioNet:S16,Aerobic,0.013627749867737293,0.22286930680274963
41,PhysioNet,PhysioNet:S16,Aerobic,0.023757329210639,0.18623504042625427
42,PhysioNet,PhysioNet:S16,Aerobic,0.009581849910318851,0.10355894267559052
43,PhysioNet,PhysioNet:S16,Aerobic,0.019137995317578316,0.05047230049967766
44,PhysioNet,PhysioNet:S16,Aerobic,0.015398691408336163,0.11431176960468292
45,PhysioNet,PhysioNet:S16,Aerobic,0.015923142433166504,0.15326879918575287
46,PhysioNet,PhysioNet:S16,Aerobic,0.009204220026731491,0.12887005507946014
47,PhysioNet,PhysioNet:S16,Aerobic,0.007894990034401417,0.11717876046895981
48,PhysioNet,PhysioNet:S16,Aerobic,0.016497286036610603,0.054897893220186234
49,PhysioNet,PhysioNet:S16,Aerobic,0.01647382229566574,0.04230270907282829
50,PhysioNet,PhysioNet:S16,Aerobic,0.01212287601083517,0.10075577348470688
51,PhysioNet,PhysioNet:S16,Aerobic,0.012553808279335499,0.05150247737765312
52,PhysioNet,PhysioNet:S16,Aerobic,0.01487683691084385,0.0894937589764595
53,PhysioNet,PhysioNet:S16,Aerobic,0.012956718914210796,0.08997035026550293
54,PhysioNet,PhysioNet:S16,Aerobic,0.0574495904147625,0.11889024078845978
55,PhysioNet,PhysioNet:S16,Aerobic,0.036338768899440765,0.15949228405952454
56,PhysioNet,PhysioNet:S16,Aerobic,0.02323959209024906,0.23364633321762085
57,PhysioNet,PhysioNet:S16,Aerobic,0.03354434296488762,0.2794934809207916
58,PhysioNet,PhysioNet:S16,Aerobic,0.024344710633158684,0.14058589935302734
59,PhysioNet,PhysioNet:S16,Aerobic,0.02283237874507904,0.214056134223938
60,PhysioNet,PhysioNet:S16,Aerobic,0.028390679508447647,0.21471814811229706
61,PhysioNet,PhysioNet:S16,Aerobic,0.02813854068517685,0.39758673310279846
62,PhysioNet,PhysioNet:S16,Aerobic,0.015417877584695816,0.7789941430091858
63,PhysioNet,PhysioNet:S16,Aerobic,0.028629176318645477,0.976840615272522
64,PhysioNet,PhysioNet:S16,Aerobic,0.15290895104408264,0.9445955157279968
65,PhysioNet,PhysioNet:S16,Aerobic,0.8346900939941406,0.8831021785736084
66,PhysioNet,PhysioNet:S16,Aerobic,0.8742530941963196,0.8783034086227417
67,PhysioNet,PhysioNet:S16,Aerobic,0.915617048740387,0.8261252641677856
68,PhysioNet,PhysioNet:S16,Aerobic,0.890099287033081,0.9350007772445679
69,PhysioNet,PhysioNet:S16,Aerobic,0.889246940612793,0.9218817949295044
70,PhysioNet,PhysioNet:S16,Aerobic,0.9205302596092224,0.867962121963501
71,PhysioNet,PhysioNet:S16,Aerobic,0.8207095861434937,0.9112415313720703
72,PhysioNet,PhysioNet:S16,Aerobic,0.8048627376556396,0.8883686065673828
73,PhysioNet,PhysioNet:S16,Aerobic,0.8426361680030823,0.8807460069656372
74,PhysioNet,PhysioNet:S16,Aerobic,0.8829723596572876,0.8595627546310425
75,PhysioNet,PhysioNet:S16,Aerobic,0.8207095861434937,0.9106417894363403
76,PhysioNet,PhysioNet:S16,Aerobic,0.8408341407775879,0.905726432800293
77,PhysioNet,PhysioNet:S16,Aerobic,0.7936223149299622,0.8595627546310425
78,PhysioNet,PhysioNet:S16,Aerobic,0.8177925944328308,0.9154970645904541
79,PhysioNet,PhysioNet:S16,Aerobic,0.8177925944328308,0.9081692695617676
80,PhysioNet,PhysioNet:S16,Aerobic,0.8207095861434937,0.9106417894363403
81,PhysioNet,PhysioNet:S16,Aerobic,0.8980228304862976,0.9154970645904541
82,PhysioNet,PhysioNet:S16,Aerobic,0.794186532497406,0.8680139780044556
83,PhysioNet,PhysioNet:S16,Aerobic,0.5344887375831604,0.9126984477043152
84,PhysioNet,PhysioNet:S16,Aerobic,0.5410668849945068,0.8684632182121277
85,PhysioNet,PhysioNet:S16,Aerobic,0.6003163456916809,0.8224653005599976
86,PhysioNet,PhysioNet:S16,Aerobic,0.6013303399085999,0.8996172547340393
87,PhysioNet,PhysioNet:S16,Aerobic,0.5225718021392822,0.8828928470611572
88,PhysioNet,PhysioNet:S16,Aerobic,0.4292188584804535,0.5084554553031921
89,PhysioNet,PhysioNet:S16,Aerobic,0.5060632228851318,0.5432959198951721
90,PhysioNet,PhysioNet:S16,Aerobic,0.5561326146125793,0.5092781186103821
91,PhysioNet,PhysioNet:S16,Aerobic,0.7297083735466003,0.8320240378379822
92,PhysioNet,PhysioNet:S16,Aerobic,0.4085627496242523,0.8496875166893005
93,PhysioNet,PhysioNet:S16,Aerobic,0.3573911488056183,0.2750121057033539
27,PhysioNet,PhysioNet:S17,Aerobic,0.012116561643779278,0.06597405672073364
28,PhysioNet,PhysioNet:S17,Aerobic,0.014129964634776115,0.02405376546084881
29,PhysioNet,PhysioNet:S17,Aerobic,0.024441899731755257,0.19293631613254547
30,PhysioNet,PhysioNet:S17,Aerobic,0.03066035732626915,0.6760633587837219
31,PhysioNet,PhysioNet:S17,Aerobic,0.02937372587621212,0.03829992562532425
32,PhysioNet,PhysioNet:S17,Aerobic,0.036198489367961884,0.03865161910653114
33,PhysioNet,PhysioNet:S17,Aerobic,0.015694690868258476,0.028759870678186417
34,PhysioNet,PhysioNet:S17,Aerobic,0.015592260286211967,0.11100359261035919
35,PhysioNet,PhysioNet:S17,Aerobic,0.027723219245672226,0.24683623015880585
36,PhysioNet,PhysioNet:S17,Aerobic,0.02955647185444832,0.08807234466075897
37,PhysioNet,PhysioNet:S17,Aerobic,0.031138062477111816,0.03666836395859718
38,PhysioNet,PhysioNet:S17,Aerobic,0.01753213070333004,0.7598191499710083
39,PhysioNet,PhysioNet:S17,Aerobic,0.02499714121222496,0.7346392869949341
40,PhysioNet,PhysioNet:S17,Aerobic,0.01738358847796917,0.7035150527954102
41,PhysioNet,PhysioNet:S17,Aerobic,0.01738358847796917,0.7582536339759827
42,PhysioNet,PhysioNet:S17,Aerobic,0.017035773023962975,0.7078827619552612
43,PhysioNet,PhysioNet:S17,Aerobic,0.02955647185444832,0.08807234466075897
44,PhysioNet,PhysioNet:S17,Aerobic,0.02955647185444832,0.08807234466075897
45,PhysioNet,PhysioNet:S17,Aerobic,0.02955647185444832,0.08807234466075897
46,PhysioNet,PhysioNet:S17,Aerobic,0.02955647185444832,0.08807234466075897
47,PhysioNet,PhysioNet:S17,Aerobic,0.018749456852674484,0.7642362713813782
48,PhysioNet,PhysioNet:S17,Aerobic,0.0155534278601408,0.8345677256584167
49,PhysioNet,PhysioNet:S17,Aerobic,0.02755573019385338,0.8393362164497375
50,PhysioNet,PhysioNet:S17,Aerobic,0.026464000344276428,0.6720114350318909
51,PhysioNet,PhysioNet:S17,Aerobic,0.026917405426502228,0.7766421437263489
52,PhysioNet,PhysioNet:S17,Aerobic,0.019698137417435646,0.21401628851890564
53,PhysioNet,PhysioNet:S17,Aerobic,0.01748313009738922,0.1922253966331482
54,PhysioNet,PhysioNet:S17,Aerobic,0.015465442091226578,0.7642837762832642
55,PhysioNet,PhysioNet:S17,Aerobic,0.01898139715194702,0.8259129524230957
56,PhysioNet,PhysioNet:S17,Aerobic,0.02963411808013916,0.8291783332824707
57,PhysioNet,PhysioNet:S17,Aerobic,0.016179697588086128,0.7910691499710083
58,PhysioNet,PhysioNet:S17,Aerobic,0.02955647185444832,0.08807234466075897
59,PhysioNet,PhysioNet:S17,Aerobic,0.016507625579833984,0.21085576713085175
60,PhysioNet,PhysioNet:S17,Aerobic,0.022908544167876244,0.1642349660396576
61,PhysioNet,PhysioNet:S17,Aerobic,0.026585571467876434,0.1830356866121292
62,PhysioNet,PhysioNet:S17,Aerobic,0.016927627846598625,0.7910691499710083
63,PhysioNet,PhysioNet:S17,Aerobic,0.014400644227862358,0.8138096928596497
64,PhysioNet,PhysioNet:S17,Aerobic,0.02923712134361267,0.7554953694343567
65,PhysioNet,PhysioNet:S17,Aerobic,0.033197809010744095,0.8512990474700928
66,PhysioNet,PhysioNet:S17,Aerobic,0.02932419814169407,0.818845808506012
67,PhysioNet,PhysioNet:S17,Aerobic,0.03006160631775856,0.8393362164497375
68,PhysioNet,PhysioNet:S17,Aerobic,0.028334185481071472,0.8596834540367126
69,PhysioNet,PhysioNet:S17,Aerobic,0.011516212485730648,0.8342069387435913
70,PhysioNet,PhysioNet:S17,Aerobic,0.00946974940598011,0.8461808562278748
71,PhysioNet,PhysioNet:S17,Aerobic,0.010393643751740456,0.8853800892829895
72,PhysioNet,PhysioNet:S17,Aerobic,0.02955647185444832,0.08807234466075897
73,PhysioNet,PhysioNet:S17,Aerobic,0.02955647185444832,0.08807234466075897
74,PhysioNet,PhysioNet:S17,Aerobic,0.02465272881090641,0.8743932843208313
75,PhysioNet,PhysioNet:S17,Aerobic,0.013613732531666756,0.8518006801605225
76,PhysioNet,PhysioNet:S17,Aerobic,0.017473526298999786,0.8580267429351807
77,PhysioNet,PhysioNet:S17,Aerobic,0.02114117704331875,0.8419063091278076
78,PhysioNet,PhysioNet:S17,Aerobic,0.023030875250697136,0.8151201605796814
79,PhysioNet,PhysioNet:S17,Aerobic,0.02192568965256214,0.8648585081100464
80,PhysioNet,PhysioNet:S17,Aerobic,0.02039247378706932,0.26850512623786926
81,PhysioNet,PhysioNet:S17,Aerobic,0.012343799695372581,0.21849876642227173
82,PhysioNet,PhysioNet:S17,Aerobic,0.025064118206501007,0.1367027312517166
83,PhysioNet,PhysioNet:S17,Aerobic,0.023440875113010406,0.7604800462722778
84,PhysioNet,PhysioNet:S17,Aerobic,0.01613490842282772,0.7244065999984741
85,PhysioNet,PhysioNet:S17,Aerobic,0.011908679269254208,0.8038033843040466
86,PhysioNet,PhysioNet:S17,Aerobic,0.016967277973890305,0.25160738825798035
87,PhysioNet,PhysioNet:S17,Aerobic,0.01618342474102974,0.1793791800737381
88,PhysioNet,PhysioNet:S17,Aerobic,0.017773054540157318,0.19333575665950775
89,PhysioNet,PhysioNet:S17,Aerobic,0.01131105050444603,0.034171588718891144
90,PhysioNet,PhysioNet:S17,Aerobic,0.015953468158841133,0.1530969887971878
91,PhysioNet,PhysioNet:S17,Aerobic,0.014282934367656708,0.1530969887971878
92,PhysioNet,PhysioNet:S17,Aerobic,0.02244972065091133,0.08737137168645859
29,PhysioNet,PhysioNet:S18,Aerobic,0.030982377007603645,0.25550106167793274
30,PhysioNet,PhysioNet:S18,Aerobic,0.008354407735168934,0.22338716685771942
31,PhysioNet,PhysioNet:S18,Aerobic,0.022382047027349472,0.04096626490354538
32,PhysioNet,PhysioNet:S18,Aerobic,0.047707103192806244,0.04389190673828125
33,PhysioNet,PhysioNet:S18,Aerobic,0.0148118045181036,0.06547514349222183
34,PhysioNet,PhysioNet:S18,Aerobic,0.011482622474431992,0.04606318473815918
35,PhysioNet,PhysioNet:S18,Aerobic,0.014008492231369019,0.06443724036216736
36,PhysioNet,PhysioNet:S18,Aerobic,0.03785383701324463,0.2529066801071167
37,PhysioNet,PhysioNet:S18,Aerobic,0.05937421694397926,0.6198169589042664
38,PhysioNet,PhysioNet:S18,Aerobic,0.02955647185444832,0.1537708342075348
39,PhysioNet,PhysioNet:S18,Aerobic,0.029763419181108475,0.13156938552856445
40,PhysioNet,PhysioNet:S18,Aerobic,0.028696302324533463,0.13156938552856445
41,PhysioNet,PhysioNet:S18,Aerobic,0.0352163128554821,0.065318264067173
42,PhysioNet,PhysioNet:S18,Aerobic,0.02340611256659031,0.22738856077194214
43,PhysioNet,PhysioNet:S18,Aerobic,0.029801957309246063,0.3110436499118805
44,PhysioNet,PhysioNet:S18,Aerobic,0.017535604536533356,0.3097754716873169
45,PhysioNet,PhysioNet:S18,Aerobic,0.015594747848808765,0.32913947105407715
46,PhysioNet,PhysioNet:S18,Aerobic,0.010756613686680794,0.06783034652471542
47,PhysioNet,PhysioNet:S18,Aerobic,0.04927283897995949,0.3904572129249573
48,PhysioNet,PhysioNet:S18,Aerobic,0.027993859723210335,0.31031104922294617
49,PhysioNet,PhysioNet:S18,Aerobic,0.07742221653461456,0.1855257898569107
50,PhysioNet,PhysioNet:S18,Aerobic,0.08517945557832718,0.3105015456676483
51,PhysioNet,PhysioNet:S18,Aerobic,0.09347913414239883,0.3316844403743744
52,PhysioNet,PhysioNet:S18,Aerobic,0.10074011236429214,0.15526780486106873
53,PhysioNet,PhysioNet:S18,Aerobic,0.08857410401105881,0.1605122983455658
54,PhysioNet,PhysioNet:S18,Aerobic,0.0710327997803688,0.18145668506622314
55,PhysioNet,PhysioNet:S18,Aerobic,0.02968529984354973,0.31509092450141907
56,PhysioNet,PhysioNet:S18,Aerobic,0.024694181978702545,0.30998605489730835
57,PhysioNet,PhysioNet:S18,Aerobic,0.04351060464978218,0.32839900255203247
58,PhysioNet,PhysioNet:S18,Aerobic,0.024529635906219482,0.41386356949806213
59,PhysioNet,PhysioNet:S18,Aerobic,0.04321341589093208,0.24252371490001678
60,PhysioNet,PhysioNet:S18,Aerobic,0.02269294485449791,0.21751101315021515
61,PhysioNet,PhysioNet:S18,Aerobic,0.02130744233727455,0.42344892024993896
62,PhysioNet,PhysioNet:S18,Aerobic,0.041181642562150955,0.3981947600841522
63,PhysioNet,PhysioNet:S18,Aerobic,0.022924982011318207,0.6312809586524963
64,PhysioNet,PhysioNet:S18,Aerobic,0.026596587151288986,0.685705304145813
65,PhysioNet,PhysioNet:S18,Aerobic,0.025356825441122055,0.6605008840560913
66,PhysioNet,PhysioNet:S18,Aerobic,0.08514464646577835,0.879439651966095
67,PhysioNet,PhysioNet:S18,Aerobic,0.06393615156412125,0.4610946476459503
68,PhysioNet,PhysioNet:S18,Aerobic,0.022438788786530495,0.16317051649093628
69,PhysioNet,PhysioNet:S18,Aerobic,0.021734027191996574,0.49067384004592896
70,PhysioNet,PhysioNet:S18,Aerobic,0.022996041923761368,0.6536626219749451
71,PhysioNet,PhysioNet:S18,Aerobic,0.021306762471795082,0.6230903267860413
72,PhysioNet,PhysioNet:S18,Aerobic,0.020849483087658882,0.655603289604187
73,PhysioNet,PhysioNet:S18,Aerobic,0.04842313751578331,0.8897011876106262
74,PhysioNet,PhysioNet:S18,Aerobic,0.028186405077576637,0.23017153143882751
75,PhysioNet,PhysioNet:S18,Aerobic,0.02248617261648178,0.5284582376480103
76,PhysioNet,PhysioNet:S18,Aerobic,0.022151244804263115,0.6533122658729553
77,PhysioNet,PhysioNet:S18,Aerobic,0.031044119969010353,0.8603118062019348
78,PhysioNet,PhysioNet:S18,Aerobic,0.02717864140868187,0.9002506136894226
79,PhysioNet,PhysioNet:S18,Aerobic,0.07444563508033752,0.8343684077262878
80,PhysioNet,PhysioNet:S18,Aerobic,0.06606271862983704,0.761229932308197
81,PhysioNet,PhysioNet:S18,Aerobic,0.05168392136693001,0.8679924607276917
82,PhysioNet,PhysioNet:S18,Aerobic,0.05841811001300812,0.8887024521827698
83,PhysioNet,PhysioNet:S18,Aerobic,0.07170967757701874,0.7860226035118103
84,PhysioNet,PhysioNet:S18,Aerobic,0.032418496906757355,0.9137377738952637
85,PhysioNet,PhysioNet:S18,Aerobic,0.025570180267095566,0.8083614110946655
86,PhysioNet,PhysioNet:S18,Aerobic,0.033724866807460785,0.894108772277832
87,PhysioNet,PhysioNet:S18,Aerobic,0.04346347600221634,0.8796305060386658
88,PhysioNet,PhysioNet:S18,Aerobic,0.06174994260072708,0.8495128154754639
89,PhysioNet,PhysioNet:S18,Aerobic,0.042660947889089584,0.790652334690094
90,PhysioNet,PhysioNet:S18,Aerobic,0.08067172020673752,0.8483089208602905
91,PhysioNet,PhysioNet:S18,Aerobic,0.05259895324707031,0.8316118717193604
92,PhysioNet,PhysioNet:S18,Aerobic,0.05933969095349312,0.596552312374115
93,PhysioNet,PhysioNet:S18,Aerobic,0.028103843331336975,0.534702718257904
94,PhysioNet,PhysioNet:S18,Aerobic,0.022849183529615402,0.6447545886039734
95,PhysioNet,PhysioNet:S18,Aerobic,0.0243880245834589,0.6811285018920898
83,PhysioNet,PhysioNet:f01,Aerobic,0.035685885697603226,0.6433378458023071
84,PhysioNet,PhysioNet:f01,Aerobic,0.022299248725175858,0.7026815414428711
85,PhysioNet,PhysioNet:f01,Aerobic,0.06370054185390472,0.14776307344436646
86,PhysioNet,PhysioNet:f01,Aerobic,0.024839891120791435,0.08716067671775818
87,PhysioNet,PhysioNet:f01,Aerobic,0.041414692997932434,0.2266966849565506
88,PhysioNet,PhysioNet:f01,Aerobic,0.1487324833869934,0.39056310057640076
89,PhysioNet,PhysioNet:f01,Aerobic,0.08038906753063202,0.4456094205379486
90,PhysioNet,PhysioNet:f01,Aerobic,0.08046608418226242,0.26227042078971863
91,PhysioNet,PhysioNet:f01,Aerobic,0.09864519536495209,0.14783723652362823
92,PhysioNet,PhysioNet:f01,Aerobic,0.005375739187002182,0.6096623539924622
93,PhysioNet,PhysioNet:f01,Aerobic,0.024282541126012802,0.7593861818313599
94,PhysioNet,PhysioNet:f01,Aerobic,0.047504205256700516,0.5054302215576172
95,PhysioNet,PhysioNet:f01,Aerobic,0.04446229338645935,0.5318434834480286
96,PhysioNet,PhysioNet:f01,Aerobic,0.02519775554537773,0.6439922451972961
97,PhysioNet,PhysioNet:f01,Aerobic,0.026021301746368408,0.272137850522995
98,PhysioNet,PhysioNet:f01,Aerobic,0.003634223248809576,0.24702665209770203
99,PhysioNet,PhysioNet:f01,Aerobic,0.004709234926849604,0.6643539071083069
100,PhysioNet,PhysioNet:f01,Aerobic,0.06124088540673256,0.36011311411857605
101,PhysioNet,PhysioNet:f01,Aerobic,0.10209570825099945,0.951840341091156
102,PhysioNet,PhysioNet:f01,Aerobic,0.08100071549415588,0.7564176917076111
103,PhysioNet,PhysioNet:f01,Aerobic,0.0811789408326149,0.09026145935058594
104,PhysioNet,PhysioNet:f01,Aerobic,0.10331308096647263,0.21529628336429596
105,PhysioNet,PhysioNet:f01,Aerobic,0.08719029277563095,0.08472546190023422
106,PhysioNet,PhysioNet:f01,Aerobic,0.10674382746219635,0.11784128099679947
107,PhysioNet,PhysioNet:f01,Aerobic,0.11017872393131256,0.14211706817150116
108,PhysioNet,PhysioNet:f01,Aerobic,0.1192692369222641,0.14226177334785461
109,PhysioNet,PhysioNet:f01,Aerobic,0.33042067289352417,0.7260358929634094
110,PhysioNet,PhysioNet:f01,Aerobic,0.6947499513626099,0.8143163919448853
111,PhysioNet,PhysioNet:f01,Aerobic,0.9178898334503174,0.8974218964576721
112,PhysioNet,PhysioNet:f01,Aerobic,0.8877533674240112,0.8457226753234863
113,PhysioNet,PhysioNet:f01,Aerobic,0.8471763730049133,0.8884448409080505
114,PhysioNet,PhysioNet:f01,Aerobic,0.8550012707710266,0.9452807903289795
115,PhysioNet,PhysioNet:f01,Aerobic,0.7290834188461304,0.9007295966148376
116,PhysioNet,PhysioNet:f01,Aerobic,0.8131896257400513,0.7249652743339539
117,PhysioNet,PhysioNet:f01,Aerobic,0.8131896257400513,0.72933030128479
118,PhysioNet,PhysioNet:f01,Aerobic,0.8080954551696777,0.9132295846939087
119,PhysioNet,PhysioNet:f01,Aerobic,0.8080954551696777,0.8016889691352844
120,PhysioNet,PhysioNet:f01,Aerobic,0.788887083530426,0.8263795971870422
121,PhysioNet,PhysioNet:f01,Aerobic,0.8219874501228333,0.8201131820678711
122,PhysioNet,PhysioNet:f01,Aerobic,0.8065970540046692,0.9028604030609131
123,PhysioNet,PhysioNet:f01,Aerobic,0.5081093907356262,0.6191081404685974
124,PhysioNet,PhysioNet:f01,Aerobic,0.5241954922676086,0.5779629349708557
125,PhysioNet,PhysioNet:f01,Aerobic,0.13647188246250153,0.8697298765182495
126,PhysioNet,PhysioNet:f01,Aerobic,0.48194459080696106,0.6312491297721863
127,PhysioNet,PhysioNet:f01,Aerobic,0.46361130475997925,0.6279813647270203
128,PhysioNet,PhysioNet:f01,Aerobic,0.22588485479354858,0.7591472864151001
129,PhysioNet,PhysioNet:f01,Aerobic,0.048242442309856415,0.8719893097877502
130,PhysioNet,PhysioNet:f01,Aerobic,0.3733420670032501,0.8584278225898743
131,PhysioNet,PhysioNet:f01,Aerobic,0.8294131755828857,0.9562320709228516
132,PhysioNet,PhysioNet:f01,Aerobic,0.6279203295707703,0.8129770159721375
133,PhysioNet,PhysioNet:f01,Aerobic,0.8080954551696777,0.8780438303947449
134,PhysioNet,PhysioNet:f01,Aerobic,0.8080954551696777,0.8384809494018555
135,PhysioNet,PhysioNet:f01,Aerobic,0.8080954551696777,0.8278756141662598
136,PhysioNet,PhysioNet:f01,Aerobic,0.914596438407898,0.9527295231819153
137,PhysioNet,PhysioNet:f01,Aerobic,0.8080954551696777,0.9103331565856934
138,PhysioNet,PhysioNet:f01,Aerobic,0.8080954551696777,0.8384809494018555
139,PhysioNet,PhysioNet:f01,Aerobic,0.8013508319854736,0.8384809494018555
140,PhysioNet,PhysioNet:f01,Aerobic,0.5297800898551941,0.6933426856994629
141,PhysioNet,PhysioNet:f01,Aerobic,0.4580609202384949,0.584109365940094
142,PhysioNet,PhysioNet:f01,Aerobic,0.11577826738357544,0.7782641649246216
143,PhysioNet,PhysioNet:f01,Aerobic,0.03129056096076965,0.8840093016624451
144,PhysioNet,PhysioNet:f01,Aerobic,0.05446237698197365,0.8351200222969055
145,PhysioNet,PhysioNet:f01,Aerobic,0.596727192401886,0.8063402771949768
146,PhysioNet,PhysioNet:f01,Aerobic,0.6074466109275818,0.8129770159721375
147,PhysioNet,PhysioNet:f01,Aerobic,0.7885886430740356,0.8125389814376831
148,PhysioNet,PhysioNet:f01,Aerobic,0.7885886430740356,0.8237176537513733
149,PhysioNet,PhysioNet:f01,Aerobic,0.7885886430740356,0.8263795971870422
150,PhysioNet,PhysioNet:f01,Aerobic,0.5270065665245056,0.7070832252502441
151,PhysioNet,PhysioNet:f01,Aerobic,0.5316269397735596,0.6934019923210144
152,PhysioNet,PhysioNet:f01,Aerobic,0.7355328798294067,0.9241712093353271
153,PhysioNet,PhysioNet:f01,Aerobic,0.7194246053695679,0.9174686074256897
154,PhysioNet,PhysioNet:f01,Aerobic,0.8102415204048157,0.8844215869903564
155,PhysioNet,PhysioNet:f01,Aerobic,0.644003689289093,0.8977817893028259
156,PhysioNet,PhysioNet:f01,Aerobic,0.7132025957107544,0.9077298045158386
157,PhysioNet,PhysioNet:f01,Aerobic,0.8968999981880188,0.35497692227363586
158,PhysioNet,PhysioNet:f01,Aerobic,0.909011960029602,0.9587116241455078
159,PhysioNet,PhysioNet:f01,Aerobic,0.7491547465324402,0.9156385660171509
160,PhysioNet,PhysioNet:f01,Aerobic,0.5907145738601685,0.09634847939014435
161,PhysioNet,PhysioNet:f01,Aerobic,0.5958392024040222,0.12256763130426407
162,PhysioNet,PhysioNet:f01,Aerobic,0.5958392024040222,0.13830456137657166
163,PhysioNet,PhysioNet:f01,Aerobic,0.5958392024040222,0.12256763130426407
164,PhysioNet,PhysioNet:f01,Aerobic,0.5735880732536316,0.6422804594039917
165,PhysioNet,PhysioNet:f01,Aerobic,0.581520140171051,0.12256763130426407
166,PhysioNet,PhysioNet:f01,Aerobic,0.5958392024040222,0.13830456137657166
167,PhysioNet,PhysioNet:f01,Aerobic,0.5958392024040222,0.13830456137657166
168,PhysioNet,PhysioNet:f01,Aerobic,0.5958392024040222,0.13830456137657166
169,PhysioNet,PhysioNet:f01,Aerobic,0.5958392024040222,0.13830456137657166
170,PhysioNet,PhysioNet:f01,Aerobic,0.6419352293014526,0.13830456137657166
54,PhysioNet,PhysioNet:f02,Aerobic,0.09651344269514084,0.14443214237689972
55,PhysioNet,PhysioNet:f02,Aerobic,0.11713629215955734,0.027454130351543427
56,PhysioNet,PhysioNet:f02,Aerobic,0.11146457493305206,0.04368772357702255
57,PhysioNet,PhysioNet:f02,Aerobic,0.1228199154138565,0.01683136820793152
58,PhysioNet,PhysioNet:f02,Aerobic,0.07977917790412903,0.05666092410683632
59,PhysioNet,PhysioNet:f02,Aerobic,0.0884692370891571,0.0398731529712677
60,PhysioNet,PhysioNet:f02,Aerobic,0.06264157593250275,0.13507169485092163
61,PhysioNet,PhysioNet:f02,Aerobic,0.14396890997886658,0.3230206072330475
62,PhysioNet,PhysioNet:f02,Aerobic,0.09574825316667557,0.9717621207237244
63,PhysioNet,PhysioNet:f02,Aerobic,0.06820230185985565,0.944176435470581
64,PhysioNet,PhysioNet:f02,Aerobic,0.11973068863153458,0.8843417763710022
65,PhysioNet,PhysioNet:f02,Aerobic,0.26516488194465637,0.8727000951766968
66,PhysioNet,PhysioNet:f02,Aerobic,0.26268184185028076,0.8718320727348328
67,PhysioNet,PhysioNet:f02,Aerobic,0.207575261592865,0.25907331705093384
68,PhysioNet,PhysioNet:f02,Aerobic,0.16246189177036285,0.18351468443870544
69,PhysioNet,PhysioNet:f02,Aerobic,0.8096938729286194,0.35578858852386475
70,PhysioNet,PhysioNet:f02,Aerobic,0.7773243188858032,0.8201802372932434
71,PhysioNet,PhysioNet:f02,Aerobic,0.8630622625350952,0.9427614808082581
72,PhysioNet,PhysioNet:f02,Aerobic,0.9626330733299255,0.9805537462234497
73,PhysioNet,PhysioNet:f02,Aerobic,0.9306177496910095,0.9763174057006836
74,PhysioNet,PhysioNet:f02,Aerobic,0.9616701006889343,0.9815487265586853
75,PhysioNet,PhysioNet:f02,Aerobic,0.960627555847168,0.4976867139339447
76,PhysioNet,PhysioNet:f02,Aerobic,0.9747899770736694,0.9598037600517273
77,PhysioNet,PhysioNet:f02,Aerobic,0.9671744704246521,0.9540413618087769
78,PhysioNet,PhysioNet:f02,Aerobic,0.9664743542671204,0.9548848271369934
79,PhysioNet,PhysioNet:f02,Aerobic,0.9773237109184265,0.9610151648521423
80,PhysioNet,PhysioNet:f02,Aerobic,0.8946135640144348,0.963070809841156
81,PhysioNet,PhysioNet:f02,Aerobic,0.8208747506141663,0.9651591181755066
82,PhysioNet,PhysioNet:f02,Aerobic,0.9268876910209656,0.8658532500267029
83,PhysioNet,PhysioNet:f02,Aerobic,0.8524703979492188,0.8589849472045898
84,PhysioNet,PhysioNet:f02,Aerobic,0.847844123840332,0.7179895639419556
85,PhysioNet,PhysioNet:f02,Aerobic,0.9497721791267395,0.30316418409347534
86,PhysioNet,PhysioNet:f02,Aerobic,0.9253566861152649,0.36990103125572205
87,PhysioNet,PhysioNet:f02,Aerobic,0.9126921892166138,0.5959948301315308
88,PhysioNet,PhysioNet:f02,Aerobic,0.9004360437393188,0.833733081817627
89,PhysioNet,PhysioNet:f02,Aerobic,0.8860986232757568,0.7931445240974426
90,PhysioNet,PhysioNet:f02,Aerobic,0.8939347863197327,0.1884153187274933
91,PhysioNet,PhysioNet:f02,Aerobic,0.895372211933136,0.2449578195810318
92,PhysioNet,PhysioNet:f02,Aerobic,0.9302296042442322,0.3096729516983032
93,PhysioNet,PhysioNet:f02,Aerobic,0.9655596017837524,0.8450138568878174
94,PhysioNet,PhysioNet:f02,Aerobic,0.96967613697052,0.9323567748069763
95,PhysioNet,PhysioNet:f02,Aerobic,0.9740709066390991,0.8898629546165466
96,PhysioNet,PhysioNet:f02,Aerobic,0.9670906066894531,0.9328861236572266
97,PhysioNet,PhysioNet:f02,Aerobic,0.9729927182197571,0.9602022171020508
98,PhysioNet,PhysioNet:f02,Aerobic,0.9676350355148315,0.48198026418685913
99,PhysioNet,PhysioNet:f02,Aerobic,0.7946027517318726,0.6173869371414185
100,PhysioNet,PhysioNet:f02,Aerobic,0.6742190718650818,0.730381965637207
101,PhysioNet,PhysioNet:f02,Aerobic,0.8907991051673889,0.8891684412956238
102,PhysioNet,PhysioNet:f02,Aerobic,0.920444905757904,0.6084452867507935
103,PhysioNet,PhysioNet:f02,Aerobic,0.708510160446167,0.18254657089710236
104,PhysioNet,PhysioNet:f02,Aerobic,0.7618991136550903,0.16252675652503967
105,PhysioNet,PhysioNet:f02,Aerobic,0.6819363236427307,0.47467389702796936
106,PhysioNet,PhysioNet:f02,Aerobic,0.8884302377700806,0.5397569537162781
107,PhysioNet,PhysioNet:f02,Aerobic,0.8860030770301819,0.8954952359199524
108,PhysioNet,PhysioNet:f02,Aerobic,0.7368229031562805,0.906842052936554
109,PhysioNet,PhysioNet:f02,Aerobic,0.8097782731056213,0.9113763570785522
110,PhysioNet,PhysioNet:f02,Aerobic,0.9123188853263855,0.9067651629447937
76,PhysioNet,PhysioNet:f03,Aerobic,0.018780097365379333,0.021377380937337875
77,PhysioNet,PhysioNet:f03,Aerobic,0.025455033406615257,0.017432771623134613
78,PhysioNet,PhysioNet:f03,Aerobic,0.025552714243531227,0.025247493758797646
79,PhysioNet,PhysioNet:f03,Aerobic,0.0602511465549469,0.022330719977617264
80,PhysioNet,PhysioNet:f03,Aerobic,0.09820492565631866,0.018138408660888672
81,PhysioNet,PhysioNet:f03,Aerobic,0.05535772070288658,0.019260164350271225
82,PhysioNet,PhysioNet:f03,Aerobic,0.07217652350664139,0.02198079228401184
83,PhysioNet,PhysioNet:f03,Aerobic,0.06561898440122604,0.028102699667215347
84,PhysioNet,PhysioNet:f03,Aerobic,0.03420811891555786,0.02536637708544731
85,PhysioNet,PhysioNet:f03,Aerobic,0.02576093003153801,0.048914216458797455
86,PhysioNet,PhysioNet:f03,Aerobic,0.021101726219058037,0.018631119281053543
87,PhysioNet,PhysioNet:f03,Aerobic,0.021832415834069252,0.024325186386704445
88,PhysioNet,PhysioNet:f03,Aerobic,0.021357249468564987,0.02636299468576908
89,PhysioNet,PhysioNet:f03,Aerobic,0.013055533170700073,0.03141772747039795
90,PhysioNet,PhysioNet:f03,Aerobic,0.016515569761395454,0.026691406965255737
91,PhysioNet,PhysioNet:f03,Aerobic,0.02734139934182167,0.017392240464687347
92,PhysioNet,PhysioNet:f03,Aerobic,0.03615746274590492,0.16894441843032837
93,PhysioNet,PhysioNet:f03,Aerobic,0.030891714617609978,0.0854361280798912
94,PhysioNet,PhysioNet:f03,Aerobic,0.12078345566987991,0.01810326799750328
95,PhysioNet,PhysioNet:f03,Aerobic,0.02714323066174984,0.017303531989455223
96,PhysioNet,PhysioNet:f03,Aerobic,0.01219919417053461,0.053950924426317215
97,PhysioNet,PhysioNet:f03,Aerobic,0.014505870640277863,0.007934517227113247
98,PhysioNet,PhysioNet:f03,Aerobic,0.018724970519542694,0.013158358633518219
99,PhysioNet,PhysioNet:f03,Aerobic,0.015363264828920364,0.0090060755610466
100,PhysioNet,PhysioNet:f03,Aerobic,0.043348878622055054,0.008778001181781292
101,PhysioNet,PhysioNet:f03,Aerobic,0.01708442158997059,0.03380677476525307
102,PhysioNet,PhysioNet:f03,Aerobic,0.01987430825829506,0.055684931576251984
103,PhysioNet,PhysioNet:f03,Aerobic,0.028386777266860008,0.09628042578697205
104,PhysioNet,PhysioNet:f03,Aerobic,0.04807770624756813,0.07144051790237427
105,PhysioNet,PhysioNet:f03,Aerobic,0.024199748411774635,0.0790288969874382
106,PhysioNet,PhysioNet:f03,Aerobic,0.027082622051239014,0.1619638353586197
107,PhysioNet,PhysioNet:f03,Aerobic,0.053032711148262024,0.07060045003890991
108,PhysioNet,PhysioNet:f03,Aerobic,0.0626295655965805,0.07246511429548264
109,PhysioNet,PhysioNet:f03,Aerobic,0.1032695546746254,0.31266939640045166
110,PhysioNet,PhysioNet:f03,Aerobic,0.11541825532913208,0.16798774898052216
111,PhysioNet,PhysioNet:f03,Aerobic,0.0938911959528923,0.3178728520870209
112,PhysioNet,PhysioNet:f03,Aerobic,0.23043686151504517,0.9379650354385376
113,PhysioNet,PhysioNet:f03,Aerobic,0.11226477473974228,0.2700346112251282
114,PhysioNet,PhysioNet:f03,Aerobic,0.06782066076993942,0.2713903784751892
115,PhysioNet,PhysioNet:f03,Aerobic,0.14349833130836487,0.3695742189884186
116,PhysioNet,PhysioNet:f03,Aerobic,0.28106385469436646,0.6149270534515381
117,PhysioNet,PhysioNet:f03,Aerobic,0.32972171902656555,0.5731934905052185
118,PhysioNet,PhysioNet:f03,Aerobic,0.13978376984596252,0.6463103294372559
119,PhysioNet,PhysioNet:f03,Aerobic,0.393379807472229,0.46905800700187683
120,PhysioNet,PhysioNet:f03,Aerobic,0.3525015711784363,0.8955559134483337
121,PhysioNet,PhysioNet:f03,Aerobic,0.4270626902580261,0.9638711214065552
122,PhysioNet,PhysioNet:f03,Aerobic,0.32240796089172363,0.08606622368097305
123,PhysioNet,PhysioNet:f03,Aerobic,0.3848319351673126,0.311585009098053
124,PhysioNet,PhysioNet:f03,Aerobic,0.6906163096427917,0.8374921083450317
125,PhysioNet,PhysioNet:f03,Aerobic,0.42096132040023804,0.770118772983551
126,PhysioNet,PhysioNet:f03,Aerobic,0.5332415699958801,0.9137715101242065
127,PhysioNet,PhysioNet:f03,Aerobic,0.7525603175163269,0.8421938419342041
128,PhysioNet,PhysioNet:f03,Aerobic,0.8683392405509949,0.7316372990608215
129,PhysioNet,PhysioNet:f03,Aerobic,0.7160815000534058,0.3836299180984497
130,PhysioNet,PhysioNet:f03,Aerobic,0.8143279552459717,0.6260800957679749
131,PhysioNet,PhysioNet:f03,Aerobic,0.3312302529811859,0.08168388903141022
132,PhysioNet,PhysioNet:f03,Aerobic,0.28419095277786255,0.06922506541013718
133,PhysioNet,PhysioNet:f03,Aerobic,0.6929864287376404,0.743532657623291
134,PhysioNet,PhysioNet:f03,Aerobic,0.8901739120483398,0.5866561532020569
135,PhysioNet,PhysioNet:f03,Aerobic,0.9257737398147583,0.9496521353721619
136,PhysioNet,PhysioNet:f03,Aerobic,0.9651647806167603,0.9768533706665039
137,PhysioNet,PhysioNet:f03,Aerobic,0.913287341594696,0.9758573174476624
138,PhysioNet,PhysioNet:f03,Aerobic,0.8564649820327759,0.9516286253929138
139,PhysioNet,PhysioNet:f03,Aerobic,0.5677053332328796,0.3834860622882843
140,PhysioNet,PhysioNet:f03,Aerobic,0.8660188317298889,0.2680244445800781
141,PhysioNet,PhysioNet:f03,Aerobic,0.8361324071884155,0.3115715980529785
142,PhysioNet,PhysioNet:f03,Aerobic,0.8775880336761475,0.6455663442611694
143,PhysioNet,PhysioNet:f03,Aerobic,0.8525664806365967,0.6818406581878662
144,PhysioNet,PhysioNet:f03,Aerobic,0.8960768580436707,0.7863162159919739
145,PhysioNet,PhysioNet:f03,Aerobic,0.8352727890014648,0.6991773247718811
146,PhysioNet,PhysioNet:f03,Aerobic,0.8954331278800964,0.7886916399002075
147,PhysioNet,PhysioNet:f03,Aerobic,0.9150325059890747,0.9868730902671814
148,PhysioNet,PhysioNet:f03,Aerobic,0.9112043976783752,0.47385281324386597
149,PhysioNet,PhysioNet:f03,Aerobic,0.9245125651359558,0.6419293284416199
150,PhysioNet,PhysioNet:f03,Aerobic,0.8935643434524536,0.6142216324806213
151,PhysioNet,PhysioNet:f03,Aerobic,0.9209586381912231,0.7627792358398438
152,PhysioNet,PhysioNet:f03,Aerobic,0.5451685786247253,0.11879172921180725
153,PhysioNet,PhysioNet:f03,Aerobic,0.2656121253967285,0.03784651681780815
154,PhysioNet,PhysioNet:f03,Aerobic,0.3540465831756592,0.1377776712179184
155,PhysioNet,PhysioNet:f03,Aerobic,0.25948017835617065,0.039893459528684616
156,PhysioNet,PhysioNet:f03,Aerobic,0.23927243053913116,0.041095003485679626
157,PhysioNet,PhysioNet:f03,Aerobic,0.2060522884130478,0.05693630501627922
158,PhysioNet,PhysioNet:f03,Aerobic,0.38777005672454834,0.019530294463038445
159,PhysioNet,PhysioNet:f03,Aerobic,0.01580212637782097,0.6622161865234375
160,PhysioNet,PhysioNet:f03,Aerobic,0.05363611504435539,0.022110598161816597
161,PhysioNet,PhysioNet:f03,Aerobic,0.12280430644750595,0.03215548023581505
162,PhysioNet,PhysioNet:f03,Aerobic,0.13228091597557068,0.012486958876252174
163,PhysioNet,PhysioNet:f03,Aerobic,0.04183809831738472,0.012298591434955597
65,PhysioNet,PhysioNet:f04,Aerobic,0.04507334530353546,0.2678259313106537
66,PhysioNet,PhysioNet:f04,Aerobic,0.029367346316576004,0.6322389841079712
67,PhysioNet,PhysioNet:f04,Aerobic,0.020689120516180992,0.3269518315792084
68,PhysioNet,PhysioNet:f04,Aerobic,0.020420286804437637,0.4211287200450897
69,PhysioNet,PhysioNet:f04,Aerobic,0.025150634348392487,0.37475329637527466
70,PhysioNet,PhysioNet:f04,Aerobic,0.02154393494129181,0.39080408215522766
71,PhysioNet,PhysioNet:f04,Aerobic,0.021567249670624733,0.3942839205265045
72,PhysioNet,PhysioNet:f04,Aerobic,0.04852163419127464,0.22136013209819794
73,PhysioNet,PhysioNet:f04,Aerobic,0.11037871241569519,0.2261136919260025
74,PhysioNet,PhysioNet:f04,Aerobic,0.1153445690870285,0.530180037021637
75,PhysioNet,PhysioNet:f04,Aerobic,0.07071221619844437,0.6852200627326965
76,PhysioNet,PhysioNet:f04,Aerobic,0.056801971048116684,0.24645568430423737
77,PhysioNet,PhysioNet:f04,Aerobic,0.049552030861377716,0.427621066570282
78,PhysioNet,PhysioNet:f04,Aerobic,0.1522490680217743,0.4467383921146393
79,PhysioNet,PhysioNet:f04,Aerobic,0.24240687489509583,0.43660521507263184
80,PhysioNet,PhysioNet:f04,Aerobic,0.2268253117799759,0.43260422348976135
81,PhysioNet,PhysioNet:f04,Aerobic,0.054179321974515915,0.5132724642753601
82,PhysioNet,PhysioNet:f04,Aerobic,0.16520538926124573,0.4557948410511017
83,PhysioNet,PhysioNet:f04,Aerobic,0.14271315932273865,0.5894096493721008
84,PhysioNet,PhysioNet:f04,Aerobic,0.13712851703166962,0.5363494753837585
85,PhysioNet,PhysioNet:f04,Aerobic,0.08409301936626434,0.346366822719574
86,PhysioNet,PhysioNet:f04,Aerobic,0.08405470848083496,0.45699062943458557
87,PhysioNet,PhysioNet:f04,Aerobic,0.26283928751945496,0.44876164197921753
88,PhysioNet,PhysioNet:f04,Aerobic,0.6722359657287598,0.28257569670677185
89,PhysioNet,PhysioNet:f04,Aerobic,0.8267015814781189,0.6755341291427612
90,PhysioNet,PhysioNet:f04,Aerobic,0.8169239163398743,0.5836788415908813
91,PhysioNet,PhysioNet:f04,Aerobic,0.7635850310325623,0.16282738745212555
92,PhysioNet,PhysioNet:f04,Aerobic,0.7193998694419861,0.1598248928785324
93,PhysioNet,PhysioNet:f04,Aerobic,0.8247161507606506,0.5183489918708801
94,PhysioNet,PhysioNet:f04,Aerobic,0.7621041536331177,0.15645834803581238
95,PhysioNet,PhysioNet:f04,Aerobic,0.7746937870979309,0.4051331579685211
96,PhysioNet,PhysioNet:f04,Aerobic,0.8016884922981262,0.4765031933784485
97,PhysioNet,PhysioNet:f04,Aerobic,0.8035421371459961,0.15559503436088562
98,PhysioNet,PhysioNet:f04,Aerobic,0.813768744468689,0.16316081583499908
99,PhysioNet,PhysioNet:f04,Aerobic,0.8403198719024658,0.3427022397518158
100,PhysioNet,PhysioNet:f04,Aerobic,0.682536244392395,0.09783540666103363
101,PhysioNet,PhysioNet:f04,Aerobic,0.7783761620521545,0.372653990983963
102,PhysioNet,PhysioNet:f04,Aerobic,0.8682692646980286,0.3458476960659027
103,PhysioNet,PhysioNet:f04,Aerobic,0.6733959913253784,0.0854373648762703
104,PhysioNet,PhysioNet:f04,Aerobic,0.8927034139633179,0.4004135727882385
105,PhysioNet,PhysioNet:f04,Aerobic,0.8216785192489624,0.8288964629173279
106,PhysioNet,PhysioNet:f04,Aerobic,0.9216935634613037,0.9235399961471558
107,PhysioNet,PhysioNet:f04,Aerobic,0.9140278100967407,0.9515344500541687
108,PhysioNet,PhysioNet:f04,Aerobic,0.786165714263916,0.3534705340862274
109,PhysioNet,PhysioNet:f04,Aerobic,0.8022857904434204,0.47999292612075806
110,PhysioNet,PhysioNet:f04,Aerobic,0.8235180974006653,0.44905462861061096
111,PhysioNet,PhysioNet:f04,Aerobic,0.894623875617981,0.3836105465888977
112,PhysioNet,PhysioNet:f04,Aerobic,0.8855541348457336,0.4487846791744232
113,PhysioNet,PhysioNet:f04,Aerobic,0.898307740688324,0.2780400812625885
114,PhysioNet,PhysioNet:f04,Aerobic,0.898307740688324,0.2780400812625885
115,PhysioNet,PhysioNet:f04,Aerobic,0.898307740688324,0.2780400812625885
116,PhysioNet,PhysioNet:f04,Aerobic,0.898307740688324,0.2780400812625885
117,PhysioNet,PhysioNet:f04,Aerobic,0.898307740688324,0.2780400812625885
118,PhysioNet,PhysioNet:f04,Aerobic,0.894623875617981,0.3929983377456665
119,PhysioNet,PhysioNet:f04,Aerobic,0.8968999981880188,0.4382033050060272
120,PhysioNet,PhysioNet:f04,Aerobic,0.8947925567626953,0.3645206689834595
121,PhysioNet,PhysioNet:f04,Aerobic,0.5907145738601685,0.09471355378627777
122,PhysioNet,PhysioNet:f04,Aerobic,0.898307740688324,0.2780400812625885
123,PhysioNet,PhysioNet:f04,Aerobic,0.898307740688324,0.2780400812625885
124,PhysioNet,PhysioNet:f04,Aerobic,0.5907145738601685,0.09471355378627777
125,PhysioNet,PhysioNet:f04,Aerobic,0.5907145738601685,0.09471355378627777
126,PhysioNet,PhysioNet:f04,Aerobic,0.581520140171051,0.14761170744895935
127,PhysioNet,PhysioNet:f04,Aerobic,0.5958392024040222,0.15265440940856934
128,PhysioNet,PhysioNet:f04,Aerobic,0.898307740688324,0.2780400812625885
129,PhysioNet,PhysioNet:f04,Aerobic,0.8947925567626953,0.3645206689834595
130,PhysioNet,PhysioNet:f04,Aerobic,0.6529126763343811,0.17445704340934753
131,PhysioNet,PhysioNet:f04,Aerobic,0.894623875617981,0.3836105465888977
132,PhysioNet,PhysioNet:f04,Aerobic,0.8947925567626953,0.3836105465888977
133,PhysioNet,PhysioNet:f04,Aerobic,0.8947925567626953,0.3645206689834595
134,PhysioNet,PhysioNet:f04,Aerobic,0.894623875617981,0.3929983377456665
135,PhysioNet,PhysioNet:f04,Aerobic,0.894623875617981,0.3929983377456665
136,PhysioNet,PhysioNet:f04,Aerobic,0.898307740688324,0.34195759892463684
137,PhysioNet,PhysioNet:f04,Aerobic,0.5958392024040222,0.15265440940856934
138,PhysioNet,PhysioNet:f04,Aerobic,0.5958392024040222,0.19545091688632965
139,PhysioNet,PhysioNet:f04,Aerobic,0.8968999981880188,0.4382033050060272
140,PhysioNet,PhysioNet:f04,Aerobic,0.894623875617981,0.3929983377456665
141,PhysioNet,PhysioNet:f04,Aerobic,0.581520140171051,0.14761170744895935
142,PhysioNet,PhysioNet:f04,Aerobic,0.5958392024040222,0.1891828179359436
143,PhysioNet,PhysioNet:f04,Aerobic,0.581520140171051,0.14761170744895935
144,PhysioNet,PhysioNet:f04,Aerobic,0.581520140171051,0.14761170744895935
145,PhysioNet,PhysioNet:f04,Aerobic,0.581520140171051,0.14761170744895935
146,PhysioNet,PhysioNet:f04,Aerobic,0.5907145738601685,0.13560974597930908
65,PhysioNet,PhysioNet:f05,Aerobic,0.04790772870182991,0.47577959299087524
66,PhysioNet,PhysioNet:f05,Aerobic,0.022215938195586205,0.5747197866439819
67,PhysioNet,PhysioNet:f05,Aerobic,0.015159276314079762,0.11993613839149475
68,PhysioNet,PhysioNet:f05,Aerobic,0.026642879471182823,0.2356504648923874
69,PhysioNet,PhysioNet:f05,Aerobic,0.02258414775133133,0.16175992786884308
70,PhysioNet,PhysioNet:f05,Aerobic,0.0192496869713068,0.05328061431646347
71,PhysioNet,PhysioNet:f05,Aerobic,0.1320505440235138,0.19814375042915344
72,PhysioNet,PhysioNet:f05,Aerobic,0.06023760512471199,0.06428351253271103
73,PhysioNet,PhysioNet:f05,Aerobic,0.056653495877981186,0.20484641194343567
74,PhysioNet,PhysioNet:f05,Aerobic,0.021072395145893097,0.22121959924697876
75,PhysioNet,PhysioNet:f05,Aerobic,0.03066393733024597,0.20522841811180115
76,PhysioNet,PhysioNet:f05,Aerobic,0.06297722458839417,0.22195827960968018
77,PhysioNet,PhysioNet:f05,Aerobic,0.15720131993293762,0.5480741262435913
78,PhysioNet,PhysioNet:f05,Aerobic,0.23097608983516693,0.09132915735244751
79,PhysioNet,PhysioNet:f05,Aerobic,0.26426270604133606,0.33603635430336
80,PhysioNet,PhysioNet:f05,Aerobic,0.15509550273418427,0.32669585943222046
81,PhysioNet,PhysioNet:f05,Aerobic,0.08648205548524857,0.4276452660560608
82,PhysioNet,PhysioNet:f05,Aerobic,0.07158005982637405,0.14617641270160675
83,PhysioNet,PhysioNet:f05,Aerobic,0.05303051695227623,0.44559141993522644
84,PhysioNet,PhysioNet:f05,Aerobic,0.06516383588314056,0.43017446994781494
85,PhysioNet,PhysioNet:f05,Aerobic,0.036707520484924316,0.3780055344104767
86,PhysioNet,PhysioNet:f05,Aerobic,0.08299505710601807,0.11842531710863113
87,PhysioNet,PhysioNet:f05,Aerobic,0.0868799015879631,0.18393954634666443
88,PhysioNet,PhysioNet:f05,Aerobic,0.06762278825044632,0.1868266761302948
89,PhysioNet,PhysioNet:f05,Aerobic,0.06095120310783386,0.18119333684444427
90,PhysioNet,PhysioNet:f05,Aerobic,0.11399560421705246,0.20901447534561157
91,PhysioNet,PhysioNet:f05,Aerobic,0.10788439214229584,0.2921104431152344
92,PhysioNet,PhysioNet:f05,Aerobic,0.09471381455659866,0.20901447534561157
93,PhysioNet,PhysioNet:f05,Aerobic,0.06936557590961456,0.16830547153949738
94,PhysioNet,PhysioNet:f05,Aerobic,0.07861443608999252,0.1025807112455368
95,PhysioNet,PhysioNet:f05,Aerobic,0.12841783463954926,0.3565269112586975
96,PhysioNet,PhysioNet:f05,Aerobic,0.12522158026695251,0.3565269112586975
97,PhysioNet,PhysioNet:f05,Aerobic,0.19892489910125732,0.2435649037361145
98,PhysioNet,PhysioNet:f05,Aerobic,0.08579692989587784,0.28190767765045166
99,PhysioNet,PhysioNet:f05,Aerobic,0.08579692989587784,0.18502089381217957
100,PhysioNet,PhysioNet:f05,Aerobic,0.09407687187194824,0.27156344056129456
101,PhysioNet,PhysioNet:f05,Aerobic,0.11606453359127045,0.37221935391426086
102,PhysioNet,PhysioNet:f05,Aerobic,0.08372955769300461,0.3726021945476532
103,PhysioNet,PhysioNet:f05,Aerobic,0.11415500193834305,0.33638113737106323
104,PhysioNet,PhysioNet:f05,Aerobic,0.09407687187194824,0.27156344056129456
105,PhysioNet,PhysioNet:f05,Aerobic,0.10437367856502533,0.19756615161895752
106,PhysioNet,PhysioNet:f05,Aerobic,0.08412738889455795,0.4323679804801941
107,PhysioNet,PhysioNet:f05,Aerobic,0.08202973753213882,0.2887459397315979
108,PhysioNet,PhysioNet:f05,Aerobic,0.09407687187194824,0.1499936580657959
109,PhysioNet,PhysioNet:f05,Aerobic,0.09407687187194824,0.11822264641523361
110,PhysioNet,PhysioNet:f05,Aerobic,0.1004171371459961,0.16550105810165405
111,PhysioNet,PhysioNet:f05,Aerobic,0.23430339992046356,0.2728082835674286
112,PhysioNet,PhysioNet:f05,Aerobic,0.4622628390789032,0.6883857846260071
113,PhysioNet,PhysioNet:f05,Aerobic,0.29144641757011414,0.6282891035079956
114,PhysioNet,PhysioNet:f05,Aerobic,0.07443779706954956,0.16230417788028717
115,PhysioNet,PhysioNet:f05,Aerobic,0.1554657220840454,0.1058695837855339
116,PhysioNet,PhysioNet:f05,Aerobic,0.20155934989452362,0.18820835649967194
117,PhysioNet,PhysioNet:f05,Aerobic,0.08864385634660721,0.18820835649967194
118,PhysioNet,PhysioNet:f05,Aerobic,0.11205105483531952,0.16969823837280273
119,PhysioNet,PhysioNet:f05,Aerobic,0.26267769932746887,0.11072953045368195
120,PhysioNet,PhysioNet:f05,Aerobic,0.09407687187194824,0.11868257820606232
121,PhysioNet,PhysioNet:f05,Aerobic,0.09407687187194824,0.13610291481018066
122,PhysioNet,PhysioNet:f05,Aerobic,0.1843077540397644,0.036906447261571884
123,PhysioNet,PhysioNet:f05,Aerobic,0.04446416720747948,0.10163937509059906
124,PhysioNet,PhysioNet:f05,Aerobic,0.11089829355478287,0.31091490387916565
125,PhysioNet,PhysioNet:f05,Aerobic,0.22288252413272858,0.24206414818763733
126,PhysioNet,PhysioNet:f05,Aerobic,0.5991048216819763,0.8527422547340393
127,PhysioNet,PhysioNet:f05,Aerobic,0.5421439409255981,0.3837321102619171
128,PhysioNet,PhysioNet:f05,Aerobic,0.5302147269248962,0.3568853735923767
129,PhysioNet,PhysioNet:f05,Aerobic,0.9185715913772583,0.4913892447948456
130,PhysioNet,PhysioNet:f05,Aerobic,0.9449678659439087,0.5808526277542114
131,PhysioNet,PhysioNet:f05,Aerobic,0.9442216753959656,0.6029431819915771
132,PhysioNet,PhysioNet:f05,Aerobic,0.8132169842720032,0.3433202803134918
133,PhysioNet,PhysioNet:f05,Aerobic,0.838240921497345,0.5654816627502441
134,PhysioNet,PhysioNet:f05,Aerobic,0.8278802633285522,0.5037404298782349
135,PhysioNet,PhysioNet:f05,Aerobic,0.8101081848144531,0.48789840936660767
136,PhysioNet,PhysioNet:f05,Aerobic,0.7925727963447571,0.45344826579093933
137,PhysioNet,PhysioNet:f05,Aerobic,0.7874335050582886,0.4120556712150574
138,PhysioNet,PhysioNet:f05,Aerobic,0.7848555445671082,0.40887078642845154
139,PhysioNet,PhysioNet:f05,Aerobic,0.8288022875785828,0.3800389766693115
140,PhysioNet,PhysioNet:f05,Aerobic,0.8020033836364746,0.4912909269332886
141,PhysioNet,PhysioNet:f05,Aerobic,0.7945762872695923,0.4884209930896759
142,PhysioNet,PhysioNet:f05,Aerobic,0.8087754845619202,0.5065479874610901
143,PhysioNet,PhysioNet:f05,Aerobic,0.8080954551696777,0.5481561422348022
144,PhysioNet,PhysioNet:f05,Aerobic,0.6525653600692749,0.6460883021354675
145,PhysioNet,PhysioNet:f05,Aerobic,0.8219874501228333,0.4366481900215149
146,PhysioNet,PhysioNet:f05,Aerobic,0.8579100966453552,0.41419366002082825
147,PhysioNet,PhysioNet:f05,Aerobic,0.8092159032821655,0.4328300356864929
148,PhysioNet,PhysioNet:f05,Aerobic,0.8115187287330627,0.3089490234851837
149,PhysioNet,PhysioNet:f05,Aerobic,0.8092159032821655,0.3270069360733032
150,PhysioNet,PhysioNet:f05,Aerobic,0.5647915005683899,0.4663686752319336
151,PhysioNet,PhysioNet:f05,Aerobic,0.9208871722221375,0.6634361147880554
152,PhysioNet,PhysioNet:f05,Aerobic,0.9142695665359497,0.6662043333053589
153,PhysioNet,PhysioNet:f05,Aerobic,0.9208871722221375,0.6435238718986511
154,PhysioNet,PhysioNet:f05,Aerobic,0.7491547465324402,0.6275366544723511
155,PhysioNet,PhysioNet:f05,Aerobic,0.7544762492179871,0.6742379665374756
156,PhysioNet,PhysioNet:f05,Aerobic,0.9215274453163147,0.6768603324890137
157,PhysioNet,PhysioNet:f05,Aerobic,0.9208871722221375,0.6324934959411621
158,PhysioNet,PhysioNet:f05,Aerobic,0.7491547465324402,0.6670282483100891
159,PhysioNet,PhysioNet:f05,Aerobic,0.8998127579689026,0.6512441039085388
160,PhysioNet,PhysioNet:f05,Aerobic,0.48843440413475037,0.4207308888435364
161,PhysioNet,PhysioNet:f05,Aerobic,0.5907145738601685,0.12521669268608093
162,PhysioNet,PhysioNet:f05,Aerobic,0.5469329953193665,0.12521669268608093
163,PhysioNet,PhysioNet:f05,Aerobic,0.7620496153831482,0.39379629492759705
164,PhysioNet,PhysioNet:f05,Aerobic,0.862190842628479,0.20481304824352264
165,PhysioNet,PhysioNet:f05,Aerobic,0.871608555316925,0.20481304824352264
67,PhysioNet,PhysioNet:f06,Aerobic,0.8299317359924316,0.4848812222480774
68,PhysioNet,PhysioNet:f06,Aerobic,0.8947925567626953,0.3051835298538208
69,PhysioNet,PhysioNet:f06,Aerobic,0.7830479145050049,0.8797449469566345
70,PhysioNet,PhysioNet:f06,Aerobic,0.898307740688324,0.2583926320075989
71,PhysioNet,PhysioNet:f06,Aerobic,0.8947925567626953,0.5080117583274841
72,PhysioNet,PhysioNet:f06,Aerobic,0.8947925567626953,0.3185080885887146
73,PhysioNet,PhysioNet:f06,Aerobic,0.8832449913024902,0.326382040977478
74,PhysioNet,PhysioNet:f06,Aerobic,0.6107197403907776,0.3144269287586212
75,PhysioNet,PhysioNet:f06,Aerobic,0.6026555895805359,0.2835484445095062
76,PhysioNet,PhysioNet:f06,Aerobic,0.7793572545051575,0.18810036778450012
77,PhysioNet,PhysioNet:f06,Aerobic,0.8336551189422607,0.1894647479057312
78,PhysioNet,PhysioNet:f06,Aerobic,0.7790491580963135,0.1673249900341034
79,PhysioNet,PhysioNet:f06,Aerobic,0.7793572545051575,0.12618127465248108
80,PhysioNet,PhysioNet:f06,Aerobic,0.7790491580963135,0.14288729429244995
81,PhysioNet,PhysioNet:f06,Aerobic,0.8434170484542847,0.251822292804718
82,PhysioNet,PhysioNet:f06,Aerobic,0.8330897092819214,0.4361378848552704
83,PhysioNet,PhysioNet:f06,Aerobic,0.581520140171051,0.08327729254961014
84,PhysioNet,PhysioNet:f06,Aerobic,0.8434170484542847,0.3563394248485565
85,PhysioNet,PhysioNet:f06,Aerobic,0.894623875617981,0.3419674038887024
86,PhysioNet,PhysioNet:f06,Aerobic,0.827918529510498,0.9064937829971313
87,PhysioNet,PhysioNet:f06,Aerobic,0.922940194606781,0.9458051919937134
88,PhysioNet,PhysioNet:f06,Aerobic,0.898307740688324,0.28075674176216125
89,PhysioNet,PhysioNet:f06,Aerobic,0.7913330793380737,0.14333505928516388
90,PhysioNet,PhysioNet:f06,Aerobic,0.7790491580963135,0.20100539922714233
91,PhysioNet,PhysioNet:f06,Aerobic,0.8830601572990417,0.4305633008480072
92,PhysioNet,PhysioNet:f06,Aerobic,0.5958392024040222,0.11112868040800095
93,PhysioNet,PhysioNet:f06,Aerobic,0.894623875617981,0.6367683410644531
94,PhysioNet,PhysioNet:f06,Aerobic,0.894623875617981,0.3419674038887024
95,PhysioNet,PhysioNet:f06,Aerobic,0.7944172620773315,0.19188269972801208
96,PhysioNet,PhysioNet:f06,Aerobic,0.5478600263595581,0.42293262481689453
97,PhysioNet,PhysioNet:f06,Aerobic,0.898307740688324,0.293465256690979
98,PhysioNet,PhysioNet:f06,Aerobic,0.898307740688324,0.293465256690979
99,PhysioNet,PhysioNet:f06,Aerobic,0.581520140171051,0.09771256148815155
100,PhysioNet,PhysioNet:f06,Aerobic,0.8603059649467468,0.340973824262619
101,PhysioNet,PhysioNet:f06,Aerobic,0.8485881090164185,0.3110322058200836
102,PhysioNet,PhysioNet:f06,Aerobic,0.5352160930633545,0.18155941367149353
103,PhysioNet,PhysioNet:f06,Aerobic,0.6217478513717651,0.1960737258195877
104,PhysioNet,PhysioNet:f06,Aerobic,0.7355025410652161,0.10135923326015472
105,PhysioNet,PhysioNet:f06,Aerobic,0.48436325788497925,0.15660569071769714
106,PhysioNet,PhysioNet:f06,Aerobic,0.6370962262153625,0.347101628780365
107,PhysioNet,PhysioNet:f06,Aerobic,0.7507577538490295,0.25564366579055786
108,PhysioNet,PhysioNet:f06,Aerobic,0.4324152171611786,0.17977118492126465
109,PhysioNet,PhysioNet:f06,Aerobic,0.811416506767273,0.03821246698498726
110,PhysioNet,PhysioNet:f06,Aerobic,0.8520986437797546,0.03638607636094093
111,PhysioNet,PhysioNet:f06,Aerobic,0.5292805433273315,0.06431861966848373
112,PhysioNet,PhysioNet:f06,Aerobic,0.6125926971435547,0.6492636799812317
113,PhysioNet,PhysioNet:f06,Aerobic,0.6482957601547241,0.807017982006073
114,PhysioNet,PhysioNet:f06,Aerobic,0.5329247713088989,0.40279558300971985
115,PhysioNet,PhysioNet:f06,Aerobic,0.8055039048194885,0.5098644495010376
116,PhysioNet,PhysioNet:f06,Aerobic,0.894623875617981,0.39094775915145874
117,PhysioNet,PhysioNet:f06,Aerobic,0.894623875617981,0.4058297574520111
118,PhysioNet,PhysioNet:f06,Aerobic,0.7945762872695923,0.5571766495704651
119,PhysioNet,PhysioNet:f06,Aerobic,0.8248251676559448,0.5787696242332458
120,PhysioNet,PhysioNet:f06,Aerobic,0.8434170484542847,0.3563394248485565
121,PhysioNet,PhysioNet:f06,Aerobic,0.7906361818313599,0.6290501356124878
122,PhysioNet,PhysioNet:f06,Aerobic,0.8003528714179993,0.6963499784469604
123,PhysioNet,PhysioNet:f06,Aerobic,0.6063262820243835,0.6396704912185669
124,PhysioNet,PhysioNet:f06,Aerobic,0.5316269397735596,0.6143748760223389
125,PhysioNet,PhysioNet:f06,Aerobic,0.7743924856185913,0.4806317389011383
126,PhysioNet,PhysioNet:f06,Aerobic,0.581520140171051,0.09771256148815155
127,PhysioNet,PhysioNet:f06,Aerobic,0.5958392024040222,0.1347665637731552
128,PhysioNet,PhysioNet:f06,Aerobic,0.8968999981880188,0.4058297574520111
129,PhysioNet,PhysioNet:f06,Aerobic,0.8947925567626953,0.3185080885887146
130,PhysioNet,PhysioNet:f06,Aerobic,0.581520140171051,0.09771256148815155
131,PhysioNet,PhysioNet:f06,Aerobic,0.5958392024040222,0.10747408866882324
132,PhysioNet,PhysioNet:f06,Aerobic,0.894623875617981,0.4058297574520111
133,PhysioNet,PhysioNet:f06,Aerobic,0.894623875617981,0.4058297574520111
134,PhysioNet,PhysioNet:f06,Aerobic,0.894623875617981,0.4058297574520111
135,PhysioNet,PhysioNet:f06,Aerobic,0.581520140171051,0.09771256148815155
136,PhysioNet,PhysioNet:f06,Aerobic,0.8947925567626953,0.3185080885887146
137,PhysioNet,PhysioNet:f06,Aerobic,0.894623875617981,0.3504648208618164
138,PhysioNet,PhysioNet:f06,Aerobic,0.8947925567626953,0.3185080885887146
139,PhysioNet,PhysioNet:f06,Aerobic,0.898307740688324,0.293465256690979
140,PhysioNet,PhysioNet:f06,Aerobic,0.898307740688324,0.293465256690979
141,PhysioNet,PhysioNet:f06,Aerobic,0.898307740688324,0.293465256690979
142,PhysioNet,PhysioNet:f06,Aerobic,0.894623875617981,0.4058297574520111
143,PhysioNet,PhysioNet:f06,Aerobic,0.5958392024040222,0.1285029947757721
144,PhysioNet,PhysioNet:f06,Aerobic,0.5324035882949829,0.5493537187576294
145,PhysioNet,PhysioNet:f06,Aerobic,0.7355328798294067,0.8096494674682617
146,PhysioNet,PhysioNet:f06,Aerobic,0.7131550312042236,0.9309532046318054
147,PhysioNet,PhysioNet:f06,Aerobic,0.7194246053695679,0.9445486068725586
148,PhysioNet,PhysioNet:f06,Aerobic,0.7740795016288757,0.5859524011611938
149,PhysioNet,PhysioNet:f06,Aerobic,0.5297800898551941,0.6192596554756165
150,PhysioNet,PhysioNet:f06,Aerobic,0.6087163090705872,0.9719281792640686
151,PhysioNet,PhysioNet:f06,Aerobic,0.7251455187797546,0.9732627272605896
152,PhysioNet,PhysioNet:f06,Aerobic,0.5126618146896362,0.43636974692344666
153,PhysioNet,PhysioNet:f06,Aerobic,0.5135474801063538,0.3757718801498413
154,PhysioNet,PhysioNet:f06,Aerobic,0.5126618146896362,0.3809716999530792
155,PhysioNet,PhysioNet:f06,Aerobic,0.5270065665245056,0.6013119220733643
67,PhysioNet,PhysioNet:f07,Aerobic,0.7459613084793091,0.4032449424266815
68,PhysioNet,PhysioNet:f07,Aerobic,0.5469329953193665,0.10890498757362366
69,PhysioNet,PhysioNet:f07,Aerobic,0.5469329953193665,0.10890498757362366
70,PhysioNet,PhysioNet:f07,Aerobic,0.5469329953193665,0.10890498757362366
71,PhysioNet,PhysioNet:f07,Aerobic,0.4026326537132263,0.11406375467777252
72,PhysioNet,PhysioNet:f07,Aerobic,0.7774404883384705,0.3834158480167389
73,PhysioNet,PhysioNet:f07,Aerobic,0.5469329953193665,0.11406375467777252
74,PhysioNet,PhysioNet:f07,Aerobic,0.862190842628479,0.3834158480167389
75,PhysioNet,PhysioNet:f07,Aerobic,0.871608555316925,0.37117892503738403
76,PhysioNet,PhysioNet:f07,Aerobic,0.5648418068885803,0.10890498757362366
77,PhysioNet,PhysioNet:f07,Aerobic,0.754320502281189,0.0998442992568016
78,PhysioNet,PhysioNet:f07,Aerobic,0.871608555316925,0.3834158480167389
79,PhysioNet,PhysioNet:f07,Aerobic,0.7912477254867554,0.3834158480167389
80,PhysioNet,PhysioNet:f07,Aerobic,0.862190842628479,0.3834158480167389
81,PhysioNet,PhysioNet:f07,Aerobic,0.862190842628479,0.37117892503738403
82,PhysioNet,PhysioNet:f07,Aerobic,0.4026326537132263,0.11406375467777252
83,PhysioNet,PhysioNet:f07,Aerobic,0.4026326537132263,0.11406375467777252
84,PhysioNet,PhysioNet:f07,Aerobic,0.4692249894142151,0.12122192978858948
85,PhysioNet,PhysioNet:f07,Aerobic,0.8333359360694885,0.39984849095344543
86,PhysioNet,PhysioNet:f07,Aerobic,0.5469329953193665,0.16754461824893951
87,PhysioNet,PhysioNet:f07,Aerobic,0.3600112497806549,0.10630566626787186
88,PhysioNet,PhysioNet:f07,Aerobic,0.40031522512435913,0.10266970098018646
89,PhysioNet,PhysioNet:f07,Aerobic,0.2814793884754181,0.28837883472442627
90,PhysioNet,PhysioNet:f07,Aerobic,0.030585359781980515,0.29549139738082886
91,PhysioNet,PhysioNet:f07,Aerobic,0.4065679609775543,0.4944070279598236
92,PhysioNet,PhysioNet:f07,Aerobic,0.34420666098594666,0.3156053423881531
93,PhysioNet,PhysioNet:f07,Aerobic,0.8718588948249817,0.4355444014072418
94,PhysioNet,PhysioNet:f07,Aerobic,0.8727335929870605,0.4124739468097687
95,PhysioNet,PhysioNet:f07,Aerobic,0.7528907656669617,0.13941912353038788
96,PhysioNet,PhysioNet:f07,Aerobic,0.8875695466995239,0.47005221247673035
97,PhysioNet,PhysioNet:f07,Aerobic,0.8556317687034607,0.3796735405921936
98,PhysioNet,PhysioNet:f07,Aerobic,0.871608555316925,0.3488398790359497
99,PhysioNet,PhysioNet:f07,Aerobic,0.898307740688324,0.3488398790359497
100,PhysioNet,PhysioNet:f07,Aerobic,0.898307740688324,0.3488398790359497
101,PhysioNet,PhysioNet:f07,Aerobic,0.898307740688324,0.3488398790359497
102,PhysioNet,PhysioNet:f07,Aerobic,0.898307740688324,0.3488398790359497
103,PhysioNet,PhysioNet:f07,Aerobic,0.5907145738601685,0.0998442992568016
104,PhysioNet,PhysioNet:f07,Aerobic,0.894623875617981,0.3876146674156189
105,PhysioNet,PhysioNet:f07,Aerobic,0.894623875617981,0.3876146674156189
106,PhysioNet,PhysioNet:f07,Aerobic,0.8947925567626953,0.3876146674156189
107,PhysioNet,PhysioNet:f07,Aerobic,0.894623875617981,0.3876146674156189
108,PhysioNet,PhysioNet:f07,Aerobic,0.894623875617981,0.3876146674156189
109,PhysioNet,PhysioNet:f07,Aerobic,0.898307740688324,0.3488398790359497
110,PhysioNet,PhysioNet:f07,Aerobic,0.898307740688324,0.3488398790359497
111,PhysioNet,PhysioNet:f07,Aerobic,0.898307740688324,0.3488398790359497
112,PhysioNet,PhysioNet:f07,Aerobic,0.898307740688324,0.3488398790359497
113,PhysioNet,PhysioNet:f07,Aerobic,0.898307740688324,0.3488398790359497
114,PhysioNet,PhysioNet:f07,Aerobic,0.8947925567626953,0.3876146674156189
115,PhysioNet,PhysioNet:f07,Aerobic,0.898307740688324,0.3876146674156189
116,PhysioNet,PhysioNet:f07,Aerobic,0.898307740688324,0.3488398790359497
117,PhysioNet,PhysioNet:f07,Aerobic,0.898307740688324,0.3488398790359497
118,PhysioNet,PhysioNet:f07,Aerobic,0.5907145738601685,0.0998442992568016
119,PhysioNet,PhysioNet:f07,Aerobic,0.898307740688324,0.3488398790359497
120,PhysioNet,PhysioNet:f07,Aerobic,0.5907145738601685,0.0998442992568016
121,PhysioNet,PhysioNet:f07,Aerobic,0.894623875617981,0.3876146674156189
122,PhysioNet,PhysioNet:f07,Aerobic,0.894623875617981,0.3876146674156189
123,PhysioNet,PhysioNet:f07,Aerobic,0.8947925567626953,0.3876146674156189
124,PhysioNet,PhysioNet:f07,Aerobic,0.898307740688324,0.3488398790359497
125,PhysioNet,PhysioNet:f07,Aerobic,0.6081327795982361,0.0998442992568016
126,PhysioNet,PhysioNet:f07,Aerobic,0.5907145738601685,0.0998442992568016
127,PhysioNet,PhysioNet:f07,Aerobic,0.5958392024040222,0.1334993988275528
128,PhysioNet,PhysioNet:f07,Aerobic,0.5907145738601685,0.0998442992568016
129,PhysioNet,PhysioNet:f07,Aerobic,0.5907145738601685,0.0998442992568016
130,PhysioNet,PhysioNet:f07,Aerobic,0.5907145738601685,0.0998442992568016
131,PhysioNet,PhysioNet:f07,Aerobic,0.5952659845352173,0.0998442992568016
132,PhysioNet,PhysioNet:f07,Aerobic,0.8916867971420288,0.3488398790359497
133,PhysioNet,PhysioNet:f07,Aerobic,0.871608555316925,0.37117892503738403
134,PhysioNet,PhysioNet:f07,Aerobic,0.871608555316925,0.37117892503738403
135,PhysioNet,PhysioNet:f07,Aerobic,0.871608555316925,0.37117892503738403
136,PhysioNet,PhysioNet:f07,Aerobic,0.7912477254867554,0.3834158480167389
137,PhysioNet,PhysioNet:f07,Aerobic,0.871608555316925,0.3488398790359497
138,PhysioNet,PhysioNet:f07,Aerobic,0.871608555316925,0.3834158480167389
139,PhysioNet,PhysioNet:f07,Aerobic,0.7774404883384705,0.3834158480167389
140,PhysioNet,PhysioNet:f07,Aerobic,0.4026326537132263,0.11406375467777252
141,PhysioNet,PhysioNet:f07,Aerobic,0.5469329953193665,0.10890498757362366
142,PhysioNet,PhysioNet:f07,Aerobic,0.5469329953193665,0.10890498757362366
62,PhysioNet,PhysioNet:f08,Aerobic,0.25272056460380554,0.5101620554924011
63,PhysioNet,PhysioNet:f08,Aerobic,0.4873337745666504,0.15408776700496674
64,PhysioNet,PhysioNet:f08,Aerobic,0.4788488447666168,0.2317454069852829
65,PhysioNet,PhysioNet:f08,Aerobic,0.48196130990982056,0.224919855594635
66,PhysioNet,PhysioNet:f08,Aerobic,0.47740551829338074,0.2379513680934906
67,PhysioNet,PhysioNet:f08,Aerobic,0.4728403687477112,0.2379513680934906
68,PhysioNet,PhysioNet:f08,Aerobic,0.4358534514904022,0.2472236156463623
69,PhysioNet,PhysioNet:f08,Aerobic,0.2873345613479614,0.12987260520458221
70,PhysioNet,PhysioNet:f08,Aerobic,0.2719625234603882,0.22466427087783813
71,PhysioNet,PhysioNet:f08,Aerobic,0.2755917012691498,0.22466427087783813
72,PhysioNet,PhysioNet:f08,Aerobic,0.4403468370437622,0.22937020659446716
73,PhysioNet,PhysioNet:f08,Aerobic,0.4358534514904022,0.22937020659446716
74,PhysioNet,PhysioNet:f08,Aerobic,0.4403468370437622,0.2379513680934906
75,PhysioNet,PhysioNet:f08,Aerobic,0.19594357907772064,0.1704729050397873
76,PhysioNet,PhysioNet:f08,Aerobic,0.21582263708114624,0.1830689013004303
77,PhysioNet,PhysioNet:f08,Aerobic,0.1480533480644226,0.11168023198843002
78,PhysioNet,PhysioNet:f08,Aerobic,0.19527550041675568,0.16537407040596008
79,PhysioNet,PhysioNet:f08,Aerobic,0.20677988231182098,0.15852518379688263
80,PhysioNet,PhysioNet:f08,Aerobic,0.1254797726869583,0.045937903225421906
81,PhysioNet,PhysioNet:f08,Aerobic,0.1736527979373932,0.14644138514995575
82,PhysioNet,PhysioNet:f08,Aerobic,0.18197928369045258,0.12391553819179535
83,PhysioNet,PhysioNet:f08,Aerobic,0.16583119332790375,0.11633124947547913
84,PhysioNet,PhysioNet:f08,Aerobic,0.08187545835971832,0.06792520731687546
85,PhysioNet,PhysioNet:f08,Aerobic,0.07613112032413483,0.18879491090774536
86,PhysioNet,PhysioNet:f08,Aerobic,0.12450229376554489,0.11804203689098358
87,PhysioNet,PhysioNet:f08,Aerobic,0.19737868010997772,0.17802631855010986
88,PhysioNet,PhysioNet:f08,Aerobic,0.19950611889362335,0.18569263815879822
89,PhysioNet,PhysioNet:f08,Aerobic,0.23614709079265594,0.3503177762031555
90,PhysioNet,PhysioNet:f08,Aerobic,0.30090397596359253,0.4419184923171997
91,PhysioNet,PhysioNet:f08,Aerobic,0.5688915848731995,0.6066662073135376
92,PhysioNet,PhysioNet:f08,Aerobic,0.9025940299034119,0.8271641731262207
93,PhysioNet,PhysioNet:f08,Aerobic,0.918563723564148,0.8945862650871277
94,PhysioNet,PhysioNet:f08,Aerobic,0.9404973387718201,0.7576680779457092
95,PhysioNet,PhysioNet:f08,Aerobic,0.8216577768325806,0.7699000835418701
96,PhysioNet,PhysioNet:f08,Aerobic,0.8366729021072388,0.8904502987861633
97,PhysioNet,PhysioNet:f08,Aerobic,0.8057188391685486,0.910488486289978
98,PhysioNet,PhysioNet:f08,Aerobic,0.7740195989608765,0.9044113755226135
99,PhysioNet,PhysioNet:f08,Aerobic,0.6813569068908691,0.8057172298431396
100,PhysioNet,PhysioNet:f08,Aerobic,0.656316339969635,0.7212405800819397
101,PhysioNet,PhysioNet:f08,Aerobic,0.7692171335220337,0.7962895631790161
102,PhysioNet,PhysioNet:f08,Aerobic,0.8234792947769165,0.9104493260383606
103,PhysioNet,PhysioNet:f08,Aerobic,0.805803120136261,0.8903164863586426
104,PhysioNet,PhysioNet:f08,Aerobic,0.774976372718811,0.8282816410064697
105,PhysioNet,PhysioNet:f08,Aerobic,0.8043868541717529,0.9338445663452148
106,PhysioNet,PhysioNet:f08,Aerobic,0.8408451080322266,0.7697117328643799
107,PhysioNet,PhysioNet:f08,Aerobic,0.8177918791770935,0.8567908406257629
108,PhysioNet,PhysioNet:f08,Aerobic,0.8671325445175171,0.8971838355064392
109,PhysioNet,PhysioNet:f08,Aerobic,0.795852780342102,0.7769936323165894
110,PhysioNet,PhysioNet:f08,Aerobic,0.7800951600074768,0.8582542538642883
111,PhysioNet,PhysioNet:f08,Aerobic,0.872831404209137,0.9667889475822449
112,PhysioNet,PhysioNet:f08,Aerobic,0.9034408330917358,0.8418445587158203
113,PhysioNet,PhysioNet:f08,Aerobic,0.8537466526031494,0.8665914535522461
114,PhysioNet,PhysioNet:f08,Aerobic,0.7599573135375977,0.8430759906768799
115,PhysioNet,PhysioNet:f08,Aerobic,0.7838684916496277,0.8512763381004333
116,PhysioNet,PhysioNet:f08,Aerobic,0.8262661695480347,0.8859870433807373
117,PhysioNet,PhysioNet:f08,Aerobic,0.894623875617981,0.6111843585968018
118,PhysioNet,PhysioNet:f08,Aerobic,0.8260940313339233,0.7212879657745361
119,PhysioNet,PhysioNet:f08,Aerobic,0.4829460084438324,0.35491058230400085
120,PhysioNet,PhysioNet:f08,Aerobic,0.5958392024040222,0.27804774045944214
121,PhysioNet,PhysioNet:f08,Aerobic,0.8968999981880188,0.5747207999229431
122,PhysioNet,PhysioNet:f08,Aerobic,0.9353364706039429,0.9498857259750366
123,PhysioNet,PhysioNet:f08,Aerobic,0.8588083386421204,0.9630056023597717
124,PhysioNet,PhysioNet:f08,Aerobic,0.6477696895599365,0.9206359386444092
125,PhysioNet,PhysioNet:f08,Aerobic,0.5195510983467102,0.7021488547325134
126,PhysioNet,PhysioNet:f08,Aerobic,0.7078559398651123,0.34178224205970764
127,PhysioNet,PhysioNet:f08,Aerobic,0.894623875617981,0.5944847464561462
128,PhysioNet,PhysioNet:f08,Aerobic,0.8334066271781921,0.4484087824821472
129,PhysioNet,PhysioNet:f08,Aerobic,0.894623875617981,0.5944847464561462
130,PhysioNet,PhysioNet:f08,Aerobic,0.396083265542984,0.022674473002552986
131,PhysioNet,PhysioNet:f08,Aerobic,0.3132997453212738,0.0379117876291275
132,PhysioNet,PhysioNet:f08,Aerobic,0.3828590214252472,0.058475036174058914
133,PhysioNet,PhysioNet:f08,Aerobic,0.6623235940933228,0.14651472866535187
134,PhysioNet,PhysioNet:f08,Aerobic,0.4827326238155365,0.5898462533950806
135,PhysioNet,PhysioNet:f08,Aerobic,0.7266551852226257,0.9303073883056641
136,PhysioNet,PhysioNet:f08,Aerobic,0.799534261226654,0.9397366642951965
137,PhysioNet,PhysioNet:f08,Aerobic,0.7769505381584167,0.683231770992279
138,PhysioNet,PhysioNet:f08,Aerobic,0.8199514746665955,0.8647730946540833
139,PhysioNet,PhysioNet:f08,Aerobic,0.8404436707496643,0.8516390323638916
63,PhysioNet,PhysioNet:f09,Aerobic,0.636253833770752,0.32204553484916687
64,PhysioNet,PhysioNet:f09,Aerobic,0.5846027731895447,0.7406432628631592
65,PhysioNet,PhysioNet:f09,Aerobic,0.45044034719467163,0.1677129715681076
66,PhysioNet,PhysioNet:f09,Aerobic,0.7895656824111938,0.8292332291603088
67,PhysioNet,PhysioNet:f09,Aerobic,0.45179519057273865,0.748517632484436
68,PhysioNet,PhysioNet:f09,Aerobic,0.8582685589790344,0.6063761711120605
69,PhysioNet,PhysioNet:f09,Aerobic,0.8690330982208252,0.4340055286884308
70,PhysioNet,PhysioNet:f09,Aerobic,0.47115781903266907,0.41175588965415955
71,PhysioNet,PhysioNet:f09,Aerobic,0.42106398940086365,0.9217736124992371
72,PhysioNet,PhysioNet:f09,Aerobic,0.659784197807312,0.19147871434688568
73,PhysioNet,PhysioNet:f09,Aerobic,0.43885040283203125,0.17668835818767548
74,PhysioNet,PhysioNet:f09,Aerobic,0.5707549452781677,0.6340207457542419
75,PhysioNet,PhysioNet:f09,Aerobic,0.7160831093788147,0.5974705815315247
76,PhysioNet,PhysioNet:f09,Aerobic,0.20503568649291992,0.5208215713500977
77,PhysioNet,PhysioNet:f09,Aerobic,0.06317848712205887,0.2961791753768921
78,PhysioNet,PhysioNet:f09,Aerobic,0.17539848387241364,0.10435939580202103
79,PhysioNet,PhysioNet:f09,Aerobic,0.17539848387241364,0.10435939580202103
80,PhysioNet,PhysioNet:f09,Aerobic,0.19706541299819946,0.32885265350341797
81,PhysioNet,PhysioNet:f09,Aerobic,0.26940274238586426,0.10683072358369827
82,PhysioNet,PhysioNet:f09,Aerobic,0.24866363406181335,0.08826041221618652
83,PhysioNet,PhysioNet:f09,Aerobic,0.17539848387241364,0.10435939580202103
84,PhysioNet,PhysioNet:f09,Aerobic,0.024127081036567688,0.5931664109230042
85,PhysioNet,PhysioNet:f09,Aerobic,0.0542278029024601,0.3404245972633362
86,PhysioNet,PhysioNet:f09,Aerobic,0.04430750384926796,0.4552721679210663
87,PhysioNet,PhysioNet:f09,Aerobic,0.10151113569736481,0.2897503077983856
88,PhysioNet,PhysioNet:f09,Aerobic,0.01281722541898489,0.22122064232826233
89,PhysioNet,PhysioNet:f09,Aerobic,0.03221553936600685,0.1796846240758896
90,PhysioNet,PhysioNet:f09,Aerobic,0.03870503976941109,0.19610582292079926
91,PhysioNet,PhysioNet:f09,Aerobic,0.24866363406181335,0.08826041221618652
92,PhysioNet,PhysioNet:f09,Aerobic,0.15642619132995605,0.21948546171188354
93,PhysioNet,PhysioNet:f09,Aerobic,0.8285217881202698,0.7034168839454651
94,PhysioNet,PhysioNet:f09,Aerobic,0.693768322467804,0.6832265853881836
95,PhysioNet,PhysioNet:f09,Aerobic,0.9162216186523438,0.9240598678588867
96,PhysioNet,PhysioNet:f09,Aerobic,0.9142722487449646,0.942302942276001
97,PhysioNet,PhysioNet:f09,Aerobic,0.7945960760116577,0.8115896582603455
98,PhysioNet,PhysioNet:f09,Aerobic,0.8181703090667725,0.7306622266769409
99,PhysioNet,PhysioNet:f09,Aerobic,0.9215274453163147,0.9261625409126282
100,PhysioNet,PhysioNet:f09,Aerobic,0.694335401058197,0.880755603313446
101,PhysioNet,PhysioNet:f09,Aerobic,0.5365554690361023,0.8546220064163208
102,PhysioNet,PhysioNet:f09,Aerobic,0.7920172810554504,0.9206966161727905
103,PhysioNet,PhysioNet:f09,Aerobic,0.47045764327049255,0.8411304950714111
104,PhysioNet,PhysioNet:f09,Aerobic,0.6877485513687134,0.8756646513938904
105,PhysioNet,PhysioNet:f09,Aerobic,0.8957924246788025,0.9033769965171814
106,PhysioNet,PhysioNet:f09,Aerobic,0.8582369685173035,0.8143253326416016
107,PhysioNet,PhysioNet:f09,Aerobic,0.8177925944328308,0.9366716146469116
108,PhysioNet,PhysioNet:f09,Aerobic,0.5288755297660828,0.8756646513938904
109,PhysioNet,PhysioNet:f09,Aerobic,0.5537778735160828,0.8100491166114807
110,PhysioNet,PhysioNet:f09,Aerobic,0.9126507043838501,0.9187270998954773
111,PhysioNet,PhysioNet:f09,Aerobic,0.6868550777435303,0.8939955830574036
112,PhysioNet,PhysioNet:f09,Aerobic,0.6847027540206909,0.7806611061096191
113,PhysioNet,PhysioNet:f09,Aerobic,0.5249218940734863,0.7256420850753784
114,PhysioNet,PhysioNet:f09,Aerobic,0.6345989108085632,0.6746610999107361
115,PhysioNet,PhysioNet:f09,Aerobic,0.8448439240455627,0.8703992962837219
116,PhysioNet,PhysioNet:f09,Aerobic,0.8400670289993286,0.9305991530418396
117,PhysioNet,PhysioNet:f09,Aerobic,0.7272051572799683,0.8817632794380188
118,PhysioNet,PhysioNet:f09,Aerobic,0.5949423313140869,0.5057507753372192
119,PhysioNet,PhysioNet:f09,Aerobic,0.5457818508148193,0.6146528124809265
120,PhysioNet,PhysioNet:f09,Aerobic,0.45356103777885437,0.6111563444137573
121,PhysioNet,PhysioNet:f09,Aerobic,0.7595503330230713,0.8779613375663757
122,PhysioNet,PhysioNet:f09,Aerobic,0.8980228304862976,0.9435470700263977
123,PhysioNet,PhysioNet:f09,Aerobic,0.9215274453163147,0.9439877867698669
124,PhysioNet,PhysioNet:f09,Aerobic,0.9147403240203857,0.9406933784484863
125,PhysioNet,PhysioNet:f09,Aerobic,0.5288755297660828,0.8806913495063782
126,PhysioNet,PhysioNet:f09,Aerobic,0.8300836682319641,0.9439877867698669
127,PhysioNet,PhysioNet:f09,Aerobic,0.8300836682319641,0.9439877867698669
128,PhysioNet,PhysioNet:f09,Aerobic,0.743312418460846,0.8756646513938904
129,PhysioNet,PhysioNet:f09,Aerobic,0.8692234754562378,0.892944872379303
130,PhysioNet,PhysioNet:f09,Aerobic,0.39054247736930847,0.6156474947929382
131,PhysioNet,PhysioNet:f09,Aerobic,0.4026326537132263,0.10734016448259354
132,PhysioNet,PhysioNet:f09,Aerobic,0.7912477254867554,0.2686876058578491
133,PhysioNet,PhysioNet:f09,Aerobic,0.8146988153457642,0.9213483929634094
134,PhysioNet,PhysioNet:f09,Aerobic,0.8146988153457642,0.9129722118377686
135,PhysioNet,PhysioNet:f09,Aerobic,0.7069161534309387,0.8229949474334717
136,PhysioNet,PhysioNet:f09,Aerobic,0.8164743781089783,0.9546993374824524
137,PhysioNet,PhysioNet:f09,Aerobic,0.5436397194862366,0.8608226180076599
138,PhysioNet,PhysioNet:f09,Aerobic,0.5436397194862366,0.8586047887802124
139,PhysioNet,PhysioNet:f09,Aerobic,0.8132866024971008,0.9510658383369446
140,PhysioNet,PhysioNet:f09,Aerobic,0.6602185964584351,0.7963557839393616
141,PhysioNet,PhysioNet:f09,Aerobic,0.4026326537132263,0.10734016448259354
142,PhysioNet,PhysioNet:f09,Aerobic,0.4026326537132263,0.10734016448259354
143,PhysioNet,PhysioNet:f09,Aerobic,0.5941216349601746,0.7628478407859802
144,PhysioNet,PhysioNet:f09,Aerobic,0.35645705461502075,0.6423148512840271
145,PhysioNet,PhysioNet:f09,Aerobic,0.42317119240760803,0.6111563444137573
146,PhysioNet,PhysioNet:f09,Aerobic,0.5469329953193665,0.10734016448259354
147,PhysioNet,PhysioNet:f09,Aerobic,0.4026326537132263,0.10734016448259354
64,PhysioNet,PhysioNet:f10,Aerobic,0.6998894810676575,0.6113693118095398
65,PhysioNet,PhysioNet:f10,Aerobic,0.9331674575805664,0.793704628944397
66,PhysioNet,PhysioNet:f10,Aerobic,0.9363524913787842,0.7947877049446106
67,PhysioNet,PhysioNet:f10,Aerobic,0.9304648637771606,0.8719750046730042
68,PhysioNet,PhysioNet:f10,Aerobic,0.8561139106750488,0.38797247409820557
69,PhysioNet,PhysioNet:f10,Aerobic,0.6188932657241821,0.306125283241272
70,PhysioNet,PhysioNet:f10,Aerobic,0.5163316130638123,0.1424790471792221
71,PhysioNet,PhysioNet:f10,Aerobic,0.5403255820274353,0.15218855440616608
72,PhysioNet,PhysioNet:f10,Aerobic,0.44906169176101685,0.10884065926074982
73,PhysioNet,PhysioNet:f10,Aerobic,0.16865605115890503,0.0829247310757637
74,PhysioNet,PhysioNet:f10,Aerobic,0.3699806332588196,0.1965329796075821
75,PhysioNet,PhysioNet:f10,Aerobic,0.5139531493186951,0.653760552406311
76,PhysioNet,PhysioNet:f10,Aerobic,0.4693753719329834,0.23773103952407837
77,PhysioNet,PhysioNet:f10,Aerobic,0.4228103458881378,0.22802461683750153
78,PhysioNet,PhysioNet:f10,Aerobic,0.18477201461791992,0.0834924653172493
79,PhysioNet,PhysioNet:f10,Aerobic,0.1867041438817978,0.10232730954885483
80,PhysioNet,PhysioNet:f10,Aerobic,0.172328382730484,0.19723425805568695
81,PhysioNet,PhysioNet:f10,Aerobic,0.12861229479312897,0.14758236706256866
82,PhysioNet,PhysioNet:f10,Aerobic,0.14007717370986938,0.08204514533281326
83,PhysioNet,PhysioNet:f10,Aerobic,0.09409859031438828,0.20489123463630676
84,PhysioNet,PhysioNet:f10,Aerobic,0.1251998394727707,0.651252806186676
85,PhysioNet,PhysioNet:f10,Aerobic,0.06313484162092209,0.18106609582901
86,PhysioNet,PhysioNet:f10,Aerobic,0.12671229243278503,0.2875186800956726
87,PhysioNet,PhysioNet:f10,Aerobic,0.09737803041934967,0.4460909962654114
88,PhysioNet,PhysioNet:f10,Aerobic,0.19622313976287842,0.4165581464767456
89,PhysioNet,PhysioNet:f10,Aerobic,0.14664578437805176,0.3519614040851593
90,PhysioNet,PhysioNet:f10,Aerobic,0.11009962856769562,0.27059173583984375
91,PhysioNet,PhysioNet:f10,Aerobic,0.21568328142166138,0.2062467485666275
92,PhysioNet,PhysioNet:f10,Aerobic,0.5939183235168457,0.4831046462059021
93,PhysioNet,PhysioNet:f10,Aerobic,0.8622434735298157,0.7015082240104675
94,PhysioNet,PhysioNet:f10,Aerobic,0.9128350615501404,0.6776354908943176
95,PhysioNet,PhysioNet:f10,Aerobic,0.8409271836280823,0.22781603038311005
96,PhysioNet,PhysioNet:f10,Aerobic,0.7374879717826843,0.31700167059898376
97,PhysioNet,PhysioNet:f10,Aerobic,0.8975811004638672,0.6784944534301758
98,PhysioNet,PhysioNet:f10,Aerobic,0.89742112159729,0.5197200775146484
99,PhysioNet,PhysioNet:f10,Aerobic,0.8046276569366455,0.3286520540714264
100,PhysioNet,PhysioNet:f10,Aerobic,0.9203245043754578,0.6900620460510254
101,PhysioNet,PhysioNet:f10,Aerobic,0.9353123903274536,0.5110629200935364
102,PhysioNet,PhysioNet:f10,Aerobic,0.9342505931854248,0.3901492953300476
103,PhysioNet,PhysioNet:f10,Aerobic,0.9394891858100891,0.6679867506027222
104,PhysioNet,PhysioNet:f10,Aerobic,0.9618138074874878,0.17265784740447998
105,PhysioNet,PhysioNet:f10,Aerobic,0.954885721206665,0.2612164616584778
106,PhysioNet,PhysioNet:f10,Aerobic,0.9408226609230042,0.2803683578968048
107,PhysioNet,PhysioNet:f10,Aerobic,0.9549410343170166,0.3200990855693817
108,PhysioNet,PhysioNet:f10,Aerobic,0.8472129702568054,0.34873172640800476
109,PhysioNet,PhysioNet:f10,Aerobic,0.7881221175193787,0.29331478476524353
110,PhysioNet,PhysioNet:f10,Aerobic,0.8542202115058899,0.33767688274383545
111,PhysioNet,PhysioNet:f10,Aerobic,0.5662932991981506,0.19323013722896576
112,PhysioNet,PhysioNet:f10,Aerobic,0.6145190596580505,0.4572020173072815
113,PhysioNet,PhysioNet:f10,Aerobic,0.832227349281311,0.42341122031211853
114,PhysioNet,PhysioNet:f10,Aerobic,0.6116370558738708,0.32187744975090027
115,PhysioNet,PhysioNet:f10,Aerobic,0.7492519021034241,0.6746325492858887
116,PhysioNet,PhysioNet:f10,Aerobic,0.853091835975647,0.7308752536773682
117,PhysioNet,PhysioNet:f10,Aerobic,0.6965787410736084,0.50286465883255
118,PhysioNet,PhysioNet:f10,Aerobic,0.8405939340591431,0.11373570561408997
119,PhysioNet,PhysioNet:f10,Aerobic,0.8968999981880188,0.6210686564445496
120,PhysioNet,PhysioNet:f10,Aerobic,0.847952127456665,0.31362810730934143
121,PhysioNet,PhysioNet:f10,Aerobic,0.8644872307777405,0.23044712841510773
122,PhysioNet,PhysioNet:f10,Aerobic,0.5700395107269287,0.06747391074895859
123,PhysioNet,PhysioNet:f10,Aerobic,0.6281422972679138,0.08803600817918777
124,PhysioNet,PhysioNet:f10,Aerobic,0.8371099829673767,0.6668956279754639
125,PhysioNet,PhysioNet:f10,Aerobic,0.8843317031860352,0.536095380783081
126,PhysioNet,PhysioNet:f10,Aerobic,0.705714225769043,0.8886533975601196
127,PhysioNet,PhysioNet:f10,Aerobic,0.8858639597892761,0.9139239192008972
128,PhysioNet,PhysioNet:f10,Aerobic,0.9180012345314026,0.9183804988861084
129,PhysioNet,PhysioNet:f10,Aerobic,0.8984388113021851,0.921288251876831
130,PhysioNet,PhysioNet:f10,Aerobic,0.9023849368095398,0.8839004039764404
131,PhysioNet,PhysioNet:f10,Aerobic,0.9023849368095398,0.8591834306716919
132,PhysioNet,PhysioNet:f10,Aerobic,0.8032638430595398,0.31812745332717896
133,PhysioNet,PhysioNet:f10,Aerobic,0.787686824798584,0.26485443115234375
134,PhysioNet,PhysioNet:f10,Aerobic,0.8968999981880188,0.6210686564445496
135,PhysioNet,PhysioNet:f10,Aerobic,0.656005859375,0.2820383608341217
136,PhysioNet,PhysioNet:f10,Aerobic,0.5926101207733154,0.3199476897716522
137,PhysioNet,PhysioNet:f10,Aerobic,0.5747053027153015,0.2925202548503876
138,PhysioNet,PhysioNet:f10,Aerobic,0.8209231495857239,0.3830125629901886
139,PhysioNet,PhysioNet:f10,Aerobic,0.798659086227417,0.7526994943618774
140,PhysioNet,PhysioNet:f10,Aerobic,0.6030578017234802,0.9574534893035889
141,PhysioNet,PhysioNet:f10,Aerobic,0.6526515483856201,0.860677182674408
142,PhysioNet,PhysioNet:f10,Aerobic,0.5033724904060364,0.32282692193984985
143,PhysioNet,PhysioNet:f10,Aerobic,0.6148818135261536,0.3120371997356415
144,PhysioNet,PhysioNet:f10,Aerobic,0.5958392024040222,0.2937667965888977
145,PhysioNet,PhysioNet:f10,Aerobic,0.7733656764030457,0.5993320941925049
146,PhysioNet,PhysioNet:f10,Aerobic,0.5867462754249573,0.32733166217803955
147,PhysioNet,PhysioNet:f10,Aerobic,0.6419352293014526,0.44170477986335754
148,PhysioNet,PhysioNet:f10,Aerobic,0.7118954658508301,0.5214176177978516
64,PhysioNet,PhysioNet:f11,Aerobic,0.5737218260765076,0.9106325507164001
65,PhysioNet,PhysioNet:f11,Aerobic,0.9499686360359192,0.691545307636261
66,PhysioNet,PhysioNet:f11,Aerobic,0.9550970792770386,0.4961714446544647
67,PhysioNet,PhysioNet:f11,Aerobic,0.953721821308136,0.4563847780227661
68,PhysioNet,PhysioNet:f11,Aerobic,0.9606524109840393,0.6377267837524414
69,PhysioNet,PhysioNet:f11,Aerobic,0.9270339608192444,0.29298701882362366
70,PhysioNet,PhysioNet:f11,Aerobic,0.9266165494918823,0.13922397792339325
71,PhysioNet,PhysioNet:f11,Aerobic,0.9758893251419067,0.9289075136184692
72,PhysioNet,PhysioNet:f11,Aerobic,0.9697292447090149,0.8821744918823242
73,PhysioNet,PhysioNet:f11,Aerobic,0.9693565368652344,0.41137105226516724
74,PhysioNet,PhysioNet:f11,Aerobic,0.9812180995941162,0.865572988986969
75,PhysioNet,PhysioNet:f11,Aerobic,0.9683346152305603,0.646310567855835
76,PhysioNet,PhysioNet:f11,Aerobic,0.9622541069984436,0.4680180847644806
77,PhysioNet,PhysioNet:f11,Aerobic,0.9737681150436401,0.7768126130104065
78,PhysioNet,PhysioNet:f11,Aerobic,0.9783071279525757,0.7216386795043945
79,PhysioNet,PhysioNet:f11,Aerobic,0.9534110426902771,0.28947630524635315
80,PhysioNet,PhysioNet:f11,Aerobic,0.9726558327674866,0.736513078212738
81,PhysioNet,PhysioNet:f11,Aerobic,0.9737681150436401,0.807664155960083
82,PhysioNet,PhysioNet:f11,Aerobic,0.9784626960754395,0.7181046605110168
83,PhysioNet,PhysioNet:f11,Aerobic,0.9765154123306274,0.43596234917640686
84,PhysioNet,PhysioNet:f11,Aerobic,0.9427424669265747,0.49337369203567505
85,PhysioNet,PhysioNet:f11,Aerobic,0.9566338062286377,0.5277792811393738
86,PhysioNet,PhysioNet:f11,Aerobic,0.9823681712150574,0.9378368258476257
87,PhysioNet,PhysioNet:f11,Aerobic,0.9633024334907532,0.9764326214790344
88,PhysioNet,PhysioNet:f11,Aerobic,0.9607706665992737,0.9534704089164734
89,PhysioNet,PhysioNet:f11,Aerobic,0.9837579131126404,0.9616039991378784
90,PhysioNet,PhysioNet:f11,Aerobic,0.9834574460983276,0.7561884522438049
91,PhysioNet,PhysioNet:f11,Aerobic,0.9846192002296448,0.6570153832435608
92,PhysioNet,PhysioNet:f11,Aerobic,0.9880192875862122,0.6168097257614136
93,PhysioNet,PhysioNet:f11,Aerobic,0.9899494647979736,0.7012702822685242
94,PhysioNet,PhysioNet:f11,Aerobic,0.9895586967468262,0.7993778586387634
95,PhysioNet,PhysioNet:f11,Aerobic,0.965376615524292,0.6989462971687317
96,PhysioNet,PhysioNet:f11,Aerobic,0.9202491044998169,0.7455504536628723
97,PhysioNet,PhysioNet:f11,Aerobic,0.9283595085144043,0.9293872117996216
98,PhysioNet,PhysioNet:f11,Aerobic,0.9175524711608887,0.9648675918579102
99,PhysioNet,PhysioNet:f11,Aerobic,0.9188355207443237,0.731508195400238
100,PhysioNet,PhysioNet:f11,Aerobic,0.8757891654968262,0.7605550289154053
101,PhysioNet,PhysioNet:f11,Aerobic,0.719194769859314,0.5394477248191833
102,PhysioNet,PhysioNet:f11,Aerobic,0.8145703077316284,0.5325506329536438
103,PhysioNet,PhysioNet:f11,Aerobic,0.9768074154853821,0.8957511186599731
104,PhysioNet,PhysioNet:f11,Aerobic,0.9382861256599426,0.9295037984848022
105,PhysioNet,PhysioNet:f11,Aerobic,0.9144028425216675,0.9591809511184692
106,PhysioNet,PhysioNet:f11,Aerobic,0.8316174745559692,0.7335246801376343
107,PhysioNet,PhysioNet:f11,Aerobic,0.9109057784080505,0.8811500072479248
108,PhysioNet,PhysioNet:f11,Aerobic,0.944807231426239,0.8719046115875244
109,PhysioNet,PhysioNet:f11,Aerobic,0.8852859139442444,0.6237518787384033
110,PhysioNet,PhysioNet:f11,Aerobic,0.7817728519439697,0.501289963722229
111,PhysioNet,PhysioNet:f11,Aerobic,0.6380268335342407,0.5443783402442932
112,PhysioNet,PhysioNet:f11,Aerobic,0.8992692828178406,0.7782872915267944
113,PhysioNet,PhysioNet:f11,Aerobic,0.9350452423095703,0.7108792066574097
114,PhysioNet,PhysioNet:f11,Aerobic,0.6896352767944336,0.2977689802646637
115,PhysioNet,PhysioNet:f11,Aerobic,0.7298833727836609,0.1958039402961731
116,PhysioNet,PhysioNet:f11,Aerobic,0.8815765976905823,0.389634370803833
117,PhysioNet,PhysioNet:f11,Aerobic,0.8886352181434631,0.42229464650154114
118,PhysioNet,PhysioNet:f11,Aerobic,0.8933130502700806,0.6119372248649597
119,PhysioNet,PhysioNet:f11,Aerobic,0.8909910917282104,0.6390137076377869
120,PhysioNet,PhysioNet:f11,Aerobic,0.8933130502700806,0.554189145565033
121,PhysioNet,PhysioNet:f11,Aerobic,0.6122573018074036,0.22339525818824768
122,PhysioNet,PhysioNet:f11,Aerobic,0.5797258615493774,0.4450235366821289
123,PhysioNet,PhysioNet:f11,Aerobic,0.8594689965248108,0.3709830343723297
124,PhysioNet,PhysioNet:f11,Aerobic,0.8968999981880188,0.45003291964530945
125,PhysioNet,PhysioNet:f11,Aerobic,0.8448604941368103,0.3029114603996277
64,PhysioNet,PhysioNet:f12,Aerobic,0.41546952724456787,0.07662659138441086
65,PhysioNet,PhysioNet:f12,Aerobic,0.8069763779640198,0.3386494517326355
66,PhysioNet,PhysioNet:f12,Aerobic,0.803799569606781,0.3647712469100952
67,PhysioNet,PhysioNet:f12,Aerobic,0.5469329953193665,0.06820647418498993
68,PhysioNet,PhysioNet:f12,Aerobic,0.5469329953193665,0.06820647418498993
69,PhysioNet,PhysioNet:f12,Aerobic,0.5469329953193665,0.06820647418498993
70,PhysioNet,PhysioNet:f12,Aerobic,0.871608555316925,0.37590837478637695
71,PhysioNet,PhysioNet:f12,Aerobic,0.7500489354133606,0.3584142327308655
72,PhysioNet,PhysioNet:f12,Aerobic,0.6650273203849792,0.11941174417734146
73,PhysioNet,PhysioNet:f12,Aerobic,0.871608555316925,0.37590837478637695
74,PhysioNet,PhysioNet:f12,Aerobic,0.775986909866333,0.26599180698394775
75,PhysioNet,PhysioNet:f12,Aerobic,0.7711756229400635,0.24189047515392303
76,PhysioNet,PhysioNet:f12,Aerobic,0.6844989061355591,0.26227712631225586
77,PhysioNet,PhysioNet:f12,Aerobic,0.7437692880630493,0.2516408860683441
78,PhysioNet,PhysioNet:f12,Aerobic,0.775986909866333,0.26420891284942627
79,PhysioNet,PhysioNet:f12,Aerobic,0.775986909866333,0.26599180698394775
80,PhysioNet,PhysioNet:f12,Aerobic,0.7370172739028931,0.2363574057817459
81,PhysioNet,PhysioNet:f12,Aerobic,0.5124799013137817,0.14452849328517914
82,PhysioNet,PhysioNet:f12,Aerobic,0.898307740688324,0.3737637996673584
83,PhysioNet,PhysioNet:f12,Aerobic,0.7769248485565186,0.24473358690738678
84,PhysioNet,PhysioNet:f12,Aerobic,0.5171924233436584,0.14495554566383362
85,PhysioNet,PhysioNet:f12,Aerobic,0.898307740688324,0.37590837478637695
86,PhysioNet,PhysioNet:f12,Aerobic,0.8107085227966309,0.364865243434906
87,PhysioNet,PhysioNet:f12,Aerobic,0.7570302486419678,0.08142976462841034
88,PhysioNet,PhysioNet:f12,Aerobic,0.41837334632873535,0.10336989909410477
89,PhysioNet,PhysioNet:f12,Aerobic,0.47652918100357056,0.03422357887029648
90,PhysioNet,PhysioNet:f12,Aerobic,0.8916867971420288,0.37590837478637695
91,PhysioNet,PhysioNet:f12,Aerobic,0.6036275625228882,0.1017274260520935
92,PhysioNet,PhysioNet:f12,Aerobic,0.898307740688324,0.3737637996673584
93,PhysioNet,PhysioNet:f12,Aerobic,0.8947925567626953,0.5147687792778015
94,PhysioNet,PhysioNet:f12,Aerobic,0.8286702036857605,0.4995238482952118
95,PhysioNet,PhysioNet:f12,Aerobic,0.5214884281158447,0.15296506881713867
96,PhysioNet,PhysioNet:f12,Aerobic,0.836055338382721,0.4693618714809418
97,PhysioNet,PhysioNet:f12,Aerobic,0.8545523285865784,0.494991660118103
98,PhysioNet,PhysioNet:f12,Aerobic,0.7926504611968994,0.4448900818824768
99,PhysioNet,PhysioNet:f12,Aerobic,0.5681743621826172,0.1253436952829361
100,PhysioNet,PhysioNet:f12,Aerobic,0.5457718372344971,0.14804229140281677
101,PhysioNet,PhysioNet:f12,Aerobic,0.5439953207969666,0.3078184127807617
102,PhysioNet,PhysioNet:f12,Aerobic,0.8059350252151489,0.49661946296691895
103,PhysioNet,PhysioNet:f12,Aerobic,0.5457718372344971,0.1425740122795105
104,PhysioNet,PhysioNet:f12,Aerobic,0.44379302859306335,0.12790703773498535
105,PhysioNet,PhysioNet:f12,Aerobic,0.5171924233436584,0.14495554566383362
106,PhysioNet,PhysioNet:f12,Aerobic,0.5171924233436584,0.14016388356685638
107,PhysioNet,PhysioNet:f12,Aerobic,0.46764203906059265,0.13978411257266998
108,PhysioNet,PhysioNet:f12,Aerobic,0.3740028738975525,0.22430051863193512
109,PhysioNet,PhysioNet:f12,Aerobic,0.7796875834465027,0.07902692258358002
110,PhysioNet,PhysioNet:f12,Aerobic,0.898307740688324,0.37590837478637695
111,PhysioNet,PhysioNet:f12,Aerobic,0.8916867971420288,0.37590837478637695
112,PhysioNet,PhysioNet:f12,Aerobic,0.7868452072143555,0.22119289636611938
113,PhysioNet,PhysioNet:f12,Aerobic,0.7840818762779236,0.3365679681301117
114,PhysioNet,PhysioNet:f12,Aerobic,0.8503172993659973,0.548808217048645
115,PhysioNet,PhysioNet:f12,Aerobic,0.8218298554420471,0.512078583240509
116,PhysioNet,PhysioNet:f12,Aerobic,0.8651814460754395,0.46313440799713135
117,PhysioNet,PhysioNet:f12,Aerobic,0.8297526836395264,0.31485235691070557
118,PhysioNet,PhysioNet:f12,Aerobic,0.8470420241355896,0.34012410044670105
119,PhysioNet,PhysioNet:f12,Aerobic,0.8215655088424683,0.799439549446106
120,PhysioNet,PhysioNet:f12,Aerobic,0.9312452673912048,0.9419417381286621
121,PhysioNet,PhysioNet:f12,Aerobic,0.8362704515457153,0.6025562286376953
122,PhysioNet,PhysioNet:f12,Aerobic,0.898307740688324,0.4934985041618347
123,PhysioNet,PhysioNet:f12,Aerobic,0.5285586714744568,0.2176714390516281
124,PhysioNet,PhysioNet:f12,Aerobic,0.5214884281158447,0.1537001132965088
125,PhysioNet,PhysioNet:f12,Aerobic,0.898307740688324,0.37590837478637695
126,PhysioNet,PhysioNet:f12,Aerobic,0.871608555316925,0.37590837478637695
127,PhysioNet,PhysioNet:f12,Aerobic,0.6480843424797058,0.1017274260520935
128,PhysioNet,PhysioNet:f12,Aerobic,0.7729901075363159,0.5850152373313904
129,PhysioNet,PhysioNet:f12,Aerobic,0.7714970707893372,0.5240873694419861
130,PhysioNet,PhysioNet:f12,Aerobic,0.5907145738601685,0.06820647418498993
131,PhysioNet,PhysioNet:f12,Aerobic,0.5907145738601685,0.06820647418498993
132,PhysioNet,PhysioNet:f12,Aerobic,0.898307740688324,0.3737637996673584
133,PhysioNet,PhysioNet:f12,Aerobic,0.581520140171051,0.14981621503829956
134,PhysioNet,PhysioNet:f12,Aerobic,0.5907145738601685,0.06762713193893433
135,PhysioNet,PhysioNet:f12,Aerobic,0.5469329953193665,0.06820647418498993
136,PhysioNet,PhysioNet:f12,Aerobic,0.5469329953193665,0.06820647418498993
0,PhysioNet,PhysioNet:f13,Aerobic,0.8933130502700806,0.47656816244125366
1,PhysioNet,PhysioNet:f13,Aerobic,0.8933130502700806,0.47656816244125366
2,PhysioNet,PhysioNet:f13,Aerobic,0.8933130502700806,0.47656816244125366
3,PhysioNet,PhysioNet:f13,Aerobic,0.8933130502700806,0.47656816244125366
4,PhysioNet,PhysioNet:f13,Aerobic,0.8933130502700806,0.47656816244125366
5,PhysioNet,PhysioNet:f13,Aerobic,0.8933130502700806,0.47656816244125366
6,PhysioNet,PhysioNet:f13,Aerobic,0.8933130502700806,0.47656816244125366
7,PhysioNet,PhysioNet:f13,Aerobic,0.8933130502700806,0.47656816244125366
8,PhysioNet,PhysioNet:f13,Aerobic,0.8933130502700806,0.47656816244125366
9,PhysioNet,PhysioNet:f13,Aerobic,0.8933130502700806,0.47656816244125366
10,PhysioNet,PhysioNet:f13,Aerobic,0.8933130502700806,0.47656816244125366
11,PhysioNet,PhysioNet:f13,Aerobic,0.8933130502700806,0.47656816244125366
12,PhysioNet,PhysioNet:f13,Aerobic,0.8933130502700806,0.47656816244125366
13,PhysioNet,PhysioNet:f13,Aerobic,0.8933130502700806,0.47656816244125366
14,PhysioNet,PhysioNet:f13,Aerobic,0.8933130502700806,0.47656816244125366
15,PhysioNet,PhysioNet:f13,Aerobic,0.8933130502700806,0.47656816244125366
16,PhysioNet,PhysioNet:f13,Aerobic,0.8933130502700806,0.47656816244125366
17,PhysioNet,PhysioNet:f13,Aerobic,0.8933130502700806,0.47656816244125366
18,PhysioNet,PhysioNet:f13,Aerobic,0.8933130502700806,0.47656816244125366
19,PhysioNet,PhysioNet:f13,Aerobic,0.8933130502700806,0.47656816244125366
20,PhysioNet,PhysioNet:f13,Aerobic,0.8933130502700806,0.47656816244125366
21,PhysioNet,PhysioNet:f13,Aerobic,0.8933130502700806,0.47656816244125366
22,PhysioNet,PhysioNet:f13,Aerobic,0.8933130502700806,0.47656816244125366
23,PhysioNet,PhysioNet:f13,Aerobic,0.8933130502700806,0.47656816244125366
24,PhysioNet,PhysioNet:f13,Aerobic,0.8933130502700806,0.47656816244125366
25,PhysioNet,PhysioNet:f13,Aerobic,0.8933130502700806,0.47656816244125366
26,PhysioNet,PhysioNet:f13,Aerobic,0.8933130502700806,0.47656816244125366
27,PhysioNet,PhysioNet:f13,Aerobic,0.8933130502700806,0.47656816244125366
28,PhysioNet,PhysioNet:f13,Aerobic,0.8933130502700806,0.47656816244125366
29,PhysioNet,PhysioNet:f13,Aerobic,0.8933130502700806,0.47656816244125366
30,PhysioNet,PhysioNet:f13,Aerobic,0.8933130502700806,0.47656816244125366
31,PhysioNet,PhysioNet:f13,Aerobic,0.8933130502700806,0.47656816244125366
32,PhysioNet,PhysioNet:f13,Aerobic,0.8933130502700806,0.47656816244125366
33,PhysioNet,PhysioNet:f13,Aerobic,0.8933130502700806,0.47656816244125366
34,PhysioNet,PhysioNet:f13,Aerobic,0.8933130502700806,0.47656816244125366
35,PhysioNet,PhysioNet:f13,Aerobic,0.8933130502700806,0.47656816244125366
36,PhysioNet,PhysioNet:f13,Aerobic,0.8933130502700806,0.47656816244125366
37,PhysioNet,PhysioNet:f13,Aerobic,0.8933130502700806,0.47656816244125366
38,PhysioNet,PhysioNet:f13,Aerobic,0.8933130502700806,0.47656816244125366
39,PhysioNet,PhysioNet:f13,Aerobic,0.8933130502700806,0.47656816244125366
40,PhysioNet,PhysioNet:f13,Aerobic,0.8933130502700806,0.47656816244125366
41,PhysioNet,PhysioNet:f13,Aerobic,0.8933130502700806,0.47656816244125366
42,PhysioNet,PhysioNet:f13,Aerobic,0.8933130502700806,0.47656816244125366
43,PhysioNet,PhysioNet:f13,Aerobic,0.8933130502700806,0.47656816244125366
44,PhysioNet,PhysioNet:f13,Aerobic,0.8933130502700806,0.47656816244125366
45,PhysioNet,PhysioNet:f13,Aerobic,0.8933130502700806,0.47656816244125366
46,PhysioNet,PhysioNet:f13,Aerobic,0.8933130502700806,0.47656816244125366
47,PhysioNet,PhysioNet:f13,Aerobic,0.8933130502700806,0.47656816244125366
48,PhysioNet,PhysioNet:f13,Aerobic,0.8933130502700806,0.47656816244125366
49,PhysioNet,PhysioNet:f13,Aerobic,0.8933130502700806,0.47656816244125366
50,PhysioNet,PhysioNet:f13,Aerobic,0.8933130502700806,0.47656816244125366
51,PhysioNet,PhysioNet:f13,Aerobic,0.8933130502700806,0.47656816244125366
52,PhysioNet,PhysioNet:f13,Aerobic,0.8933130502700806,0.47656816244125366
53,PhysioNet,PhysioNet:f13,Aerobic,0.8933130502700806,0.47656816244125366
54,PhysioNet,PhysioNet:f13,Aerobic,0.8933130502700806,0.47656816244125366
55,PhysioNet,PhysioNet:f13,Aerobic,0.8933130502700806,0.47656816244125366
56,PhysioNet,PhysioNet:f13,Aerobic,0.8933130502700806,0.47656816244125366
57,PhysioNet,PhysioNet:f13,Aerobic,0.8933130502700806,0.47656816244125366
58,PhysioNet,PhysioNet:f13,Aerobic,0.8933130502700806,0.47656816244125366
59,PhysioNet,PhysioNet:f13,Aerobic,0.8933130502700806,0.47656816244125366
60,PhysioNet,PhysioNet:f13,Aerobic,0.8933130502700806,0.47656816244125366
61,PhysioNet,PhysioNet:f13,Aerobic,0.8933130502700806,0.47656816244125366
62,PhysioNet,PhysioNet:f13,Aerobic,0.8933130502700806,0.47656816244125366
63,PhysioNet,PhysioNet:f13,Aerobic,0.8933130502700806,0.47656816244125366
64,PhysioNet,PhysioNet:f13,Aerobic,0.8933130502700806,0.47656816244125366
65,PhysioNet,PhysioNet:f13,Aerobic,0.8933130502700806,0.47656816244125366
66,PhysioNet,PhysioNet:f13,Aerobic,0.8933130502700806,0.47656816244125366
67,PhysioNet,PhysioNet:f13,Aerobic,0.8933130502700806,0.47656816244125366
68,PhysioNet,PhysioNet:f13,Aerobic,0.8933130502700806,0.47656816244125366
69,PhysioNet,PhysioNet:f13,Aerobic,0.8933130502700806,0.47656816244125366
70,PhysioNet,PhysioNet:f13,Aerobic,0.8933130502700806,0.47656816244125366
71,PhysioNet,PhysioNet:f13,Aerobic,0.8933130502700806,0.47656816244125366
72,PhysioNet,PhysioNet:f13,Aerobic,0.8933130502700806,0.47656816244125366
73,PhysioNet,PhysioNet:f13,Aerobic,0.8933130502700806,0.47656816244125366
74,PhysioNet,PhysioNet:f13,Aerobic,0.8933130502700806,0.47656816244125366
75,PhysioNet,PhysioNet:f13,Aerobic,0.8933130502700806,0.47656816244125366
76,PhysioNet,PhysioNet:f13,Aerobic,0.8933130502700806,0.47656816244125366
77,PhysioNet,PhysioNet:f13,Aerobic,0.8933130502700806,0.47656816244125366
78,PhysioNet,PhysioNet:f13,Aerobic,0.8933130502700806,0.47656816244125366
79,PhysioNet,PhysioNet:f13,Aerobic,0.8933130502700806,0.47656816244125366
80,PhysioNet,PhysioNet:f13,Aerobic,0.8933130502700806,0.47656816244125366
81,PhysioNet,PhysioNet:f13,Aerobic,0.8933130502700806,0.47656816244125366
82,PhysioNet,PhysioNet:f13,Aerobic,0.8933130502700806,0.47656816244125366
83,PhysioNet,PhysioNet:f13,Aerobic,0.8933130502700806,0.47656816244125366
84,PhysioNet,PhysioNet:f13,Aerobic,0.8933130502700806,0.47656816244125366
101,PhysioNet,PhysioNet:S01,Anaerobic,0.7774350643157959,0.9742790460586548
102,PhysioNet,PhysioNet:S01,Anaerobic,0.6299224495887756,0.9649099707603455
103,PhysioNet,PhysioNet:S01,Anaerobic,0.7044898867607117,0.9779784083366394
104,PhysioNet,PhysioNet:S01,Anaerobic,0.5902878642082214,0.9478079080581665
105,PhysioNet,PhysioNet:S01,Anaerobic,0.7386264801025391,0.9602252840995789
106,PhysioNet,PhysioNet:S01,Anaerobic,0.7947466373443604,0.9674277901649475
107,PhysioNet,PhysioNet:S01,Anaerobic,0.7689082026481628,0.9609423875808716
108,PhysioNet,PhysioNet:S01,Anaerobic,0.8362796902656555,0.9227398633956909
109,PhysioNet,PhysioNet:S01,Anaerobic,0.900481104850769,0.9588353633880615
110,PhysioNet,PhysioNet:S01,Anaerobic,0.9151479005813599,0.9634110927581787
111,PhysioNet,PhysioNet:S01,Anaerobic,0.9057133197784424,0.9290995001792908
112,PhysioNet,PhysioNet:S01,Anaerobic,0.8504707217216492,0.9768665432929993
113,PhysioNet,PhysioNet:S01,Anaerobic,0.8495153188705444,0.9809120893478394
114,PhysioNet,PhysioNet:S01,Anaerobic,0.8843962550163269,0.9779716730117798
115,PhysioNet,PhysioNet:S01,Anaerobic,0.8898772597312927,0.9761961698532104
116,PhysioNet,PhysioNet:S01,Anaerobic,0.8981779217720032,0.9792945981025696
117,PhysioNet,PhysioNet:S01,Anaerobic,0.8923269510269165,0.5259796977043152
118,PhysioNet,PhysioNet:S01,Anaerobic,0.8234792947769165,0.5256107449531555
119,PhysioNet,PhysioNet:S01,Anaerobic,0.8580975532531738,0.9700229167938232
120,PhysioNet,PhysioNet:S01,Anaerobic,0.9326846599578857,0.9489385485649109
121,PhysioNet,PhysioNet:S01,Anaerobic,0.858279824256897,0.9769715666770935
122,PhysioNet,PhysioNet:S01,Anaerobic,0.8581668734550476,0.9823756814002991
123,PhysioNet,PhysioNet:S01,Anaerobic,0.8620554208755493,0.979361355304718
124,PhysioNet,PhysioNet:S01,Anaerobic,0.8674348592758179,0.9826850295066833
125,PhysioNet,PhysioNet:S01,Anaerobic,0.8482161164283752,0.9829709529876709
126,PhysioNet,PhysioNet:S01,Anaerobic,0.9103143811225891,0.9759218096733093
127,PhysioNet,PhysioNet:S01,Anaerobic,0.8495153188705444,0.981369137763977
128,PhysioNet,PhysioNet:S01,Anaerobic,0.8674348592758179,0.9839847683906555
129,PhysioNet,PhysioNet:S01,Anaerobic,0.8717712759971619,0.9822434782981873
130,PhysioNet,PhysioNet:S01,Anaerobic,0.7146925330162048,0.9805922508239746
131,PhysioNet,PhysioNet:S01,Anaerobic,0.7144571542739868,0.9793955683708191
132,PhysioNet,PhysioNet:S01,Anaerobic,0.8390378355979919,0.9828259348869324
133,PhysioNet,PhysioNet:S01,Anaerobic,0.9086930155754089,0.9773787260055542
134,PhysioNet,PhysioNet:S01,Anaerobic,0.9086930155754089,0.9760066270828247
135,PhysioNet,PhysioNet:S01,Anaerobic,0.8767649531364441,0.9717704057693481
136,PhysioNet,PhysioNet:S01,Anaerobic,0.8242577314376831,0.9785405397415161
137,PhysioNet,PhysioNet:S01,Anaerobic,0.5349226593971252,0.9825462102890015
93,PhysioNet,PhysioNet:S02,Anaerobic,0.7294482588768005,0.4494267702102661
94,PhysioNet,PhysioNet:S02,Anaerobic,0.7311992645263672,0.7243384122848511
95,PhysioNet,PhysioNet:S02,Anaerobic,0.851122260093689,0.7599947452545166
96,PhysioNet,PhysioNet:S02,Anaerobic,0.9146767258644104,0.7094929814338684
97,PhysioNet,PhysioNet:S02,Anaerobic,0.959868311882019,0.630306601524353
98,PhysioNet,PhysioNet:S02,Anaerobic,0.8963412642478943,0.6763582825660706
99,PhysioNet,PhysioNet:S02,Anaerobic,0.8090038895606995,0.4668634533882141
100,PhysioNet,PhysioNet:S02,Anaerobic,0.7840818762779236,0.37795695662498474
101,PhysioNet,PhysioNet:S02,Anaerobic,0.7809711694717407,0.6027891039848328
102,PhysioNet,PhysioNet:S02,Anaerobic,0.7900129556655884,0.6208645701408386
103,PhysioNet,PhysioNet:S02,Anaerobic,0.7809711694717407,0.6027891039848328
104,PhysioNet,PhysioNet:S02,Anaerobic,0.7839447855949402,0.5534146428108215
105,PhysioNet,PhysioNet:S02,Anaerobic,0.6880692839622498,0.460201233625412
106,PhysioNet,PhysioNet:S02,Anaerobic,0.8269950747489929,0.6525891423225403
107,PhysioNet,PhysioNet:S02,Anaerobic,0.8251596093177795,0.6593061089515686
108,PhysioNet,PhysioNet:S02,Anaerobic,0.792306661605835,0.42290422320365906
109,PhysioNet,PhysioNet:S02,Anaerobic,0.5395590662956238,0.24903976917266846
110,PhysioNet,PhysioNet:S02,Anaerobic,0.4737952947616577,0.384836345911026
111,PhysioNet,PhysioNet:S02,Anaerobic,0.7443934679031372,0.4896707236766815
112,PhysioNet,PhysioNet:S02,Anaerobic,0.7410553097724915,0.5720914006233215
113,PhysioNet,PhysioNet:S02,Anaerobic,0.5501346588134766,0.23764380812644958
114,PhysioNet,PhysioNet:S02,Anaerobic,0.6853781938552856,0.24112991988658905
115,PhysioNet,PhysioNet:S02,Anaerobic,0.8056549429893494,0.6116850972175598
116,PhysioNet,PhysioNet:S02,Anaerobic,0.8821707963943481,0.5981526970863342
117,PhysioNet,PhysioNet:S02,Anaerobic,0.8968999981880188,0.5005560517311096
118,PhysioNet,PhysioNet:S02,Anaerobic,0.894623875617981,0.5005560517311096
119,PhysioNet,PhysioNet:S02,Anaerobic,0.894646942615509,0.6331477165222168
120,PhysioNet,PhysioNet:S02,Anaerobic,0.894646942615509,0.6331477165222168
121,PhysioNet,PhysioNet:S02,Anaerobic,0.8484283685684204,0.5544390678405762
122,PhysioNet,PhysioNet:S02,Anaerobic,0.8651814460754395,0.5943187475204468
123,PhysioNet,PhysioNet:S02,Anaerobic,0.8575743436813354,0.6375999450683594
124,PhysioNet,PhysioNet:S02,Anaerobic,0.7961938977241516,0.7331269979476929
125,PhysioNet,PhysioNet:S02,Anaerobic,0.827439546585083,0.6055329442024231
126,PhysioNet,PhysioNet:S02,Anaerobic,0.9379773139953613,0.9603684544563293
127,PhysioNet,PhysioNet:S02,Anaerobic,0.8255942463874817,0.9810464978218079
128,PhysioNet,PhysioNet:S02,Anaerobic,0.8516941070556641,0.9784931540489197
71,PhysioNet,PhysioNet:S03,Anaerobic,0.05802758038043976,0.7166460156440735
72,PhysioNet,PhysioNet:S03,Anaerobic,0.06387094408273697,0.754957377910614
73,PhysioNet,PhysioNet:S03,Anaerobic,0.06798655539751053,0.7819415330886841
74,PhysioNet,PhysioNet:S03,Anaerobic,0.04144884645938873,0.696047842502594
75,PhysioNet,PhysioNet:S03,Anaerobic,0.0501183457672596,0.18475241959095
76,PhysioNet,PhysioNet:S03,Anaerobic,0.04322512075304985,0.3706166446208954
77,PhysioNet,PhysioNet:S03,Anaerobic,0.02557521127164364,0.5811539888381958
78,PhysioNet,PhysioNet:S03,Anaerobic,0.029188033193349838,0.5227025747299194
79,PhysioNet,PhysioNet:S03,Anaerobic,0.05871542543172836,0.8826903700828552
80,PhysioNet,PhysioNet:S03,Anaerobic,0.04663714021444321,0.8705832958221436
81,PhysioNet,PhysioNet:S03,Anaerobic,0.05251125991344452,0.7894348502159119
82,PhysioNet,PhysioNet:S03,Anaerobic,0.048322319984436035,0.7742502093315125
83,PhysioNet,PhysioNet:S03,Anaerobic,0.05175154283642769,0.9065735936164856
84,PhysioNet,PhysioNet:S03,Anaerobic,0.08070891350507736,0.9262956976890564
85,PhysioNet,PhysioNet:S03,Anaerobic,0.039778269827365875,0.30549946427345276
86,PhysioNet,PhysioNet:S03,Anaerobic,0.06702627241611481,0.06900686025619507
87,PhysioNet,PhysioNet:S03,Anaerobic,0.0427301749587059,0.4416119456291199
88,PhysioNet,PhysioNet:S03,Anaerobic,0.04541153833270073,0.8923735022544861
89,PhysioNet,PhysioNet:S03,Anaerobic,0.056077372282743454,0.6542763113975525
90,PhysioNet,PhysioNet:S03,Anaerobic,0.046632252633571625,0.5093435645103455
91,PhysioNet,PhysioNet:S03,Anaerobic,0.05108993873000145,0.3444901406764984
92,PhysioNet,PhysioNet:S03,Anaerobic,0.042966559529304504,0.24889828264713287
93,PhysioNet,PhysioNet:S03,Anaerobic,0.03683168441057205,0.3857298493385315
94,PhysioNet,PhysioNet:S03,Anaerobic,0.048042505979537964,0.8705832958221436
95,PhysioNet,PhysioNet:S03,Anaerobic,0.044389158487319946,0.8865678906440735
96,PhysioNet,PhysioNet:S03,Anaerobic,0.032150596380233765,0.8463226556777954
97,PhysioNet,PhysioNet:S03,Anaerobic,0.03415093943476677,0.9208375215530396
98,PhysioNet,PhysioNet:S03,Anaerobic,0.10556317120790482,0.7126585841178894
99,PhysioNet,PhysioNet:S03,Anaerobic,0.5163902044296265,0.7304814457893372
100,PhysioNet,PhysioNet:S03,Anaerobic,0.9448893070220947,0.8945901989936829
101,PhysioNet,PhysioNet:S03,Anaerobic,0.8644990921020508,0.6494721174240112
102,PhysioNet,PhysioNet:S03,Anaerobic,0.8752990365028381,0.2646876573562622
103,PhysioNet,PhysioNet:S03,Anaerobic,0.888555109500885,0.7986297607421875
104,PhysioNet,PhysioNet:S03,Anaerobic,0.9269298911094666,0.9628825783729553
105,PhysioNet,PhysioNet:S03,Anaerobic,0.9348816275596619,0.962875485420227
106,PhysioNet,PhysioNet:S03,Anaerobic,0.9481899738311768,0.9615352749824524
107,PhysioNet,PhysioNet:S03,Anaerobic,0.8088186979293823,0.5489459037780762
108,PhysioNet,PhysioNet:S03,Anaerobic,0.8264501690864563,0.7188978791236877
109,PhysioNet,PhysioNet:S03,Anaerobic,0.4446251690387726,0.7682287096977234
110,PhysioNet,PhysioNet:S03,Anaerobic,0.24570423364639282,0.3335806727409363
98,PhysioNet,PhysioNet:S04,Anaerobic,0.023729631677269936,0.09380773454904556
99,PhysioNet,PhysioNet:S04,Anaerobic,0.014738810248672962,0.13849928975105286
100,PhysioNet,PhysioNet:S04,Anaerobic,0.04555007815361023,0.264654278755188
101,PhysioNet,PhysioNet:S04,Anaerobic,0.019383732229471207,0.20726250112056732
102,PhysioNet,PhysioNet:S04,Anaerobic,0.017997419461607933,0.11270972341299057
103,PhysioNet,PhysioNet:S04,Anaerobic,0.21599148213863373,0.1710348129272461
104,PhysioNet,PhysioNet:S04,Anaerobic,0.7995208501815796,0.4510769546031952
105,PhysioNet,PhysioNet:S04,Anaerobic,0.6487663388252258,0.4301145374774933
106,PhysioNet,PhysioNet:S04,Anaerobic,0.7993090152740479,0.4494500160217285
107,PhysioNet,PhysioNet:S04,Anaerobic,0.9800440669059753,0.7220276594161987
108,PhysioNet,PhysioNet:S04,Anaerobic,0.9196808934211731,0.6656122207641602
109,PhysioNet,PhysioNet:S04,Anaerobic,0.9506268501281738,0.8903976678848267
110,PhysioNet,PhysioNet:S04,Anaerobic,0.9750149250030518,0.9348336458206177
111,PhysioNet,PhysioNet:S04,Anaerobic,0.9634395837783813,0.3556387722492218
112,PhysioNet,PhysioNet:S04,Anaerobic,0.8697544932365417,0.30052754282951355
113,PhysioNet,PhysioNet:S04,Anaerobic,0.8480936288833618,0.5333116054534912
114,PhysioNet,PhysioNet:S04,Anaerobic,0.8173991441726685,0.4420691132545471
115,PhysioNet,PhysioNet:S04,Anaerobic,0.5581819415092468,0.26500019431114197
116,PhysioNet,PhysioNet:S04,Anaerobic,0.6295652389526367,0.22528408467769623
117,PhysioNet,PhysioNet:S04,Anaerobic,0.805259108543396,0.8855669498443604
118,PhysioNet,PhysioNet:S04,Anaerobic,0.6993351578712463,0.6219533085823059
119,PhysioNet,PhysioNet:S04,Anaerobic,0.8226250410079956,0.1364511102437973
120,PhysioNet,PhysioNet:S04,Anaerobic,0.9400917887687683,0.45254820585250854
121,PhysioNet,PhysioNet:S04,Anaerobic,0.9029619097709656,0.7484033703804016
122,PhysioNet,PhysioNet:S04,Anaerobic,0.9171867370605469,0.8295538425445557
123,PhysioNet,PhysioNet:S04,Anaerobic,0.9050164222717285,0.7851094603538513
124,PhysioNet,PhysioNet:S04,Anaerobic,0.8940700888633728,0.7880274057388306
125,PhysioNet,PhysioNet:S04,Anaerobic,0.8349291086196899,0.9224839806556702
126,PhysioNet,PhysioNet:S04,Anaerobic,0.9170283675193787,0.9291673898696899
127,PhysioNet,PhysioNet:S04,Anaerobic,0.9266251921653748,0.9161684513092041
128,PhysioNet,PhysioNet:S04,Anaerobic,0.8930760622024536,0.9433279633522034
129,PhysioNet,PhysioNet:S04,Anaerobic,0.797013521194458,0.8141934871673584
130,PhysioNet,PhysioNet:S04,Anaerobic,0.8922089338302612,0.85520339012146
131,PhysioNet,PhysioNet:S04,Anaerobic,0.8222115635871887,0.9537633657455444
132,PhysioNet,PhysioNet:S04,Anaerobic,0.7319485545158386,0.9346539378166199
133,PhysioNet,PhysioNet:S04,Anaerobic,0.7107365727424622,0.9196274280548096
134,PhysioNet,PhysioNet:S04,Anaerobic,0.6565554738044739,0.7232384085655212
91,PhysioNet,PhysioNet:S05,Anaerobic,0.04146227240562439,0.9379258155822754
92,PhysioNet,PhysioNet:S05,Anaerobic,0.14983417093753815,0.8942005634307861
93,PhysioNet,PhysioNet:S05,Anaerobic,0.1922522336244583,0.8557167053222656
94,PhysioNet,PhysioNet:S05,Anaerobic,0.15464411675930023,0.936103105545044
95,PhysioNet,PhysioNet:S05,Anaerobic,0.06726153194904327,0.941365659236908
96,PhysioNet,PhysioNet:S05,Anaerobic,0.7257175445556641,0.8700892329216003
97,PhysioNet,PhysioNet:S05,Anaerobic,0.7671187520027161,0.76186603307724
98,PhysioNet,PhysioNet:S05,Anaerobic,0.8249752521514893,0.9298799633979797
99,PhysioNet,PhysioNet:S05,Anaerobic,0.885039210319519,0.9853408932685852
100,PhysioNet,PhysioNet:S05,Anaerobic,0.8681980967521667,0.9820815920829773
101,PhysioNet,PhysioNet:S05,Anaerobic,0.8965311646461487,0.9668943285942078
102,PhysioNet,PhysioNet:S05,Anaerobic,0.7964150905609131,0.8927574753761292
103,PhysioNet,PhysioNet:S05,Anaerobic,0.7925640940666199,0.5171700119972229
104,PhysioNet,PhysioNet:S05,Anaerobic,0.9575063586235046,0.9708652496337891
105,PhysioNet,PhysioNet:S05,Anaerobic,0.9117377400398254,0.9313995242118835
106,PhysioNet,PhysioNet:S05,Anaerobic,0.846458375453949,0.49592095613479614
107,PhysioNet,PhysioNet:S05,Anaerobic,0.8931658267974854,0.9256289601325989
108,PhysioNet,PhysioNet:S05,Anaerobic,0.9184948801994324,0.8194829821586609
109,PhysioNet,PhysioNet:S05,Anaerobic,0.9406704902648926,0.9139991402626038
110,PhysioNet,PhysioNet:S05,Anaerobic,0.8873377442359924,0.9508945345878601
111,PhysioNet,PhysioNet:S05,Anaerobic,0.8380172252655029,0.930090069770813
112,PhysioNet,PhysioNet:S05,Anaerobic,0.93490070104599,0.9771397709846497
113,PhysioNet,PhysioNet:S05,Anaerobic,0.915928304195404,0.9671277403831482
114,PhysioNet,PhysioNet:S05,Anaerobic,0.8032162189483643,0.8812215328216553
115,PhysioNet,PhysioNet:S05,Anaerobic,0.8232530951499939,0.4450972080230713
116,PhysioNet,PhysioNet:S05,Anaerobic,0.8055010437965393,0.4592423439025879
117,PhysioNet,PhysioNet:S05,Anaerobic,0.6411988735198975,0.7429149150848389
118,PhysioNet,PhysioNet:S05,Anaerobic,0.9579328894615173,0.9732089042663574
119,PhysioNet,PhysioNet:S05,Anaerobic,0.9332889318466187,0.8941172361373901
120,PhysioNet,PhysioNet:S05,Anaerobic,0.941714882850647,0.9255537390708923
121,PhysioNet,PhysioNet:S05,Anaerobic,0.8564682602882385,0.9333643317222595
122,PhysioNet,PhysioNet:S05,Anaerobic,0.8011550903320312,0.9518285989761353
123,PhysioNet,PhysioNet:S05,Anaerobic,0.9285308718681335,0.9525717496871948
124,PhysioNet,PhysioNet:S05,Anaerobic,0.637046754360199,0.9659641981124878
125,PhysioNet,PhysioNet:S05,Anaerobic,0.6427979469299316,0.9716519117355347
126,PhysioNet,PhysioNet:S05,Anaerobic,0.654978334903717,0.9682689905166626
97,PhysioNet,PhysioNet:S06,Anaerobic,0.6202380657196045,0.7570064663887024
98,PhysioNet,PhysioNet:S06,Anaerobic,0.9639124274253845,0.9861562252044678
99,PhysioNet,PhysioNet:S06,Anaerobic,0.9526093006134033,0.9819672107696533
100,PhysioNet,PhysioNet:S06,Anaerobic,0.9765852093696594,0.9753815531730652
101,PhysioNet,PhysioNet:S06,Anaerobic,0.982632040977478,0.9720013737678528
102,PhysioNet,PhysioNet:S06,Anaerobic,0.9702346324920654,0.7749394774436951
103,PhysioNet,PhysioNet:S06,Anaerobic,0.8362969756126404,0.8452020883560181
104,PhysioNet,PhysioNet:S06,Anaerobic,0.7789679765701294,0.28185123205184937
105,PhysioNet,PhysioNet:S06,Anaerobic,0.6215505003929138,0.3394453525543213
106,PhysioNet,PhysioNet:S06,Anaerobic,0.7487750053405762,0.34412333369255066
107,PhysioNet,PhysioNet:S06,Anaerobic,0.6753634810447693,0.4482635259628296
108,PhysioNet,PhysioNet:S06,Anaerobic,0.790665864944458,0.42253825068473816
109,PhysioNet,PhysioNet:S06,Anaerobic,0.7115394473075867,0.13871361315250397
110,PhysioNet,PhysioNet:S06,Anaerobic,0.8463404178619385,0.7029780745506287
111,PhysioNet,PhysioNet:S06,Anaerobic,0.8771455883979797,0.818497896194458
112,PhysioNet,PhysioNet:S06,Anaerobic,0.8078175783157349,0.6937515139579773
113,PhysioNet,PhysioNet:S06,Anaerobic,0.5676552653312683,0.10432889312505722
114,PhysioNet,PhysioNet:S06,Anaerobic,0.6330710649490356,0.5953379273414612
115,PhysioNet,PhysioNet:S06,Anaerobic,0.744910478591919,0.41257229447364807
116,PhysioNet,PhysioNet:S06,Anaerobic,0.7211635708808899,0.6425670385360718
117,PhysioNet,PhysioNet:S06,Anaerobic,0.8405611515045166,0.9546009302139282
118,PhysioNet,PhysioNet:S06,Anaerobic,0.9123560190200806,0.9704146981239319
119,PhysioNet,PhysioNet:S06,Anaerobic,0.9104906320571899,0.9723621606826782
120,PhysioNet,PhysioNet:S06,Anaerobic,0.8872919678688049,0.9705453515052795
121,PhysioNet,PhysioNet:S06,Anaerobic,0.827171802520752,0.9783665537834167
122,PhysioNet,PhysioNet:S06,Anaerobic,0.8107718229293823,0.9797484278678894
123,PhysioNet,PhysioNet:S06,Anaerobic,0.8480223417282104,0.9784190654754639
79,PhysioNet,PhysioNet:S07,Anaerobic,0.028408236801624298,0.12624390423297882
80,PhysioNet,PhysioNet:S07,Anaerobic,0.23423825204372406,0.10246123373508453
81,PhysioNet,PhysioNet:S07,Anaerobic,0.2834121286869049,0.09068917483091354
82,PhysioNet,PhysioNet:S07,Anaerobic,0.3383522629737854,0.06665205210447311
83,PhysioNet,PhysioNet:S07,Anaerobic,0.37632226943969727,0.2765948176383972
84,PhysioNet,PhysioNet:S07,Anaerobic,0.33331623673439026,0.7741960883140564
85,PhysioNet,PhysioNet:S07,Anaerobic,0.10030302405357361,0.3101915419101715
86,PhysioNet,PhysioNet:S07,Anaerobic,0.17456918954849243,0.19122837483882904
87,PhysioNet,PhysioNet:S07,Anaerobic,0.2118990272283554,0.6926896572113037
88,PhysioNet,PhysioNet:S07,Anaerobic,0.2930555045604706,0.6647934317588806
89,PhysioNet,PhysioNet:S07,Anaerobic,0.04529596492648125,0.3937511444091797
90,PhysioNet,PhysioNet:S07,Anaerobic,0.05774460732936859,0.3635285496711731
91,PhysioNet,PhysioNet:S07,Anaerobic,0.03436826169490814,0.12636631727218628
92,PhysioNet,PhysioNet:S07,Anaerobic,0.030856776982545853,0.2097294181585312
93,PhysioNet,PhysioNet:S07,Anaerobic,0.03069896623492241,0.13972799479961395
94,PhysioNet,PhysioNet:S07,Anaerobic,0.044361669570207596,0.9163535237312317
95,PhysioNet,PhysioNet:S07,Anaerobic,0.058040350675582886,0.3883146345615387
96,PhysioNet,PhysioNet:S07,Anaerobic,0.07447919994592667,0.4299212098121643
97,PhysioNet,PhysioNet:S07,Anaerobic,0.07310094684362411,0.9139748215675354
98,PhysioNet,PhysioNet:S07,Anaerobic,0.030882446095347404,0.9141547083854675
99,PhysioNet,PhysioNet:S07,Anaerobic,0.026199890300631523,0.9380761384963989
100,PhysioNet,PhysioNet:S07,Anaerobic,0.10043711960315704,0.9030489921569824
101,PhysioNet,PhysioNet:S07,Anaerobic,0.03513304516673088,0.9312289357185364
102,PhysioNet,PhysioNet:S07,Anaerobic,0.1089673787355423,0.876865565776825
103,PhysioNet,PhysioNet:S07,Anaerobic,0.7259292006492615,0.41968104243278503
104,PhysioNet,PhysioNet:S07,Anaerobic,0.7839566469192505,0.37095847725868225
105,PhysioNet,PhysioNet:S07,Anaerobic,0.8564467430114746,0.8088067770004272
106,PhysioNet,PhysioNet:S07,Anaerobic,0.922940194606781,0.9496946334838867
107,PhysioNet,PhysioNet:S07,Anaerobic,0.880064845085144,0.9147139191627502
108,PhysioNet,PhysioNet:S07,Anaerobic,0.6893923282623291,0.785725474357605
109,PhysioNet,PhysioNet:S07,Anaerobic,0.6063426733016968,0.2284395396709442
110,PhysioNet,PhysioNet:S07,Anaerobic,0.7418243885040283,0.19721147418022156
111,PhysioNet,PhysioNet:S07,Anaerobic,0.9238834977149963,0.41769054532051086
112,PhysioNet,PhysioNet:S07,Anaerobic,0.40433380007743835,0.26141443848609924
113,PhysioNet,PhysioNet:S07,Anaerobic,0.4895224869251251,0.5901364088058472
114,PhysioNet,PhysioNet:S07,Anaerobic,0.6232483983039856,0.6826184391975403
115,PhysioNet,PhysioNet:S07,Anaerobic,0.4923853576183319,0.45031842589378357
116,PhysioNet,PhysioNet:S07,Anaerobic,0.44242966175079346,0.22766676545143127
117,PhysioNet,PhysioNet:S07,Anaerobic,0.7614164352416992,0.708764910697937
91,PhysioNet,PhysioNet:S08,Anaerobic,0.025180071592330933,0.09563834965229034
92,PhysioNet,PhysioNet:S08,Anaerobic,0.02230389229953289,0.21952180564403534
93,PhysioNet,PhysioNet:S08,Anaerobic,0.04329976812005043,0.2549917995929718
94,PhysioNet,PhysioNet:S08,Anaerobic,0.035581596195697784,0.34049656987190247
95,PhysioNet,PhysioNet:S08,Anaerobic,0.026502128690481186,0.48243796825408936
96,PhysioNet,PhysioNet:S08,Anaerobic,0.033591851592063904,0.7607830166816711
97,PhysioNet,PhysioNet:S08,Anaerobic,0.054532501846551895,0.8461666107177734
98,PhysioNet,PhysioNet:S08,Anaerobic,0.08784523606300354,0.713977038860321
99,PhysioNet,PhysioNet:S08,Anaerobic,0.06463439017534256,0.43704161047935486
100,PhysioNet,PhysioNet:S08,Anaerobic,0.04752100631594658,0.5464769005775452
101,PhysioNet,PhysioNet:S08,Anaerobic,0.018087051808834076,0.8307562470436096
102,PhysioNet,PhysioNet:S08,Anaerobic,0.047158557921648026,0.9041280746459961
103,PhysioNet,PhysioNet:S08,Anaerobic,0.020048420876264572,0.8567337393760681
104,PhysioNet,PhysioNet:S08,Anaerobic,0.011367103084921837,0.8723581433296204
105,PhysioNet,PhysioNet:S08,Anaerobic,0.02947448380291462,0.8099814653396606
106,PhysioNet,PhysioNet:S08,Anaerobic,0.02919800765812397,0.7658432126045227
107,PhysioNet,PhysioNet:S08,Anaerobic,0.0355522520840168,0.34100592136383057
108,PhysioNet,PhysioNet:S08,Anaerobic,0.5219586491584778,0.5569749474525452
109,PhysioNet,PhysioNet:S08,Anaerobic,0.7017272114753723,0.6420876383781433
110,PhysioNet,PhysioNet:S08,Anaerobic,0.9277185201644897,0.5337377190589905
111,PhysioNet,PhysioNet:S08,Anaerobic,0.9004279375076294,0.6861294507980347
112,PhysioNet,PhysioNet:S08,Anaerobic,0.8524385094642639,0.5224393606185913
113,PhysioNet,PhysioNet:S08,Anaerobic,0.9162959456443787,0.9731106758117676
114,PhysioNet,PhysioNet:S08,Anaerobic,0.7276113629341125,0.9589551687240601
115,PhysioNet,PhysioNet:S08,Anaerobic,0.4290541708469391,0.9770029783248901
116,PhysioNet,PhysioNet:S08,Anaerobic,0.15575356781482697,0.9847885370254517
117,PhysioNet,PhysioNet:S08,Anaerobic,0.7680795192718506,0.9769903421401978
118,PhysioNet,PhysioNet:S08,Anaerobic,0.6560909152030945,0.8136172890663147
119,PhysioNet,PhysioNet:S08,Anaerobic,0.7474555373191833,0.49303287267684937
120,PhysioNet,PhysioNet:S08,Anaerobic,0.7717598080635071,0.5792234539985657
121,PhysioNet,PhysioNet:S08,Anaerobic,0.775917649269104,0.7173540592193604
122,PhysioNet,PhysioNet:S08,Anaerobic,0.8998127579689026,0.9246160984039307
123,PhysioNet,PhysioNet:S08,Anaerobic,0.8972120881080627,0.9128946661949158
124,PhysioNet,PhysioNet:S08,Anaerobic,0.9107290506362915,0.9128946661949158
125,PhysioNet,PhysioNet:S08,Anaerobic,0.9215274453163147,0.9155219197273254
126,PhysioNet,PhysioNet:S08,Anaerobic,0.922940194606781,0.9128946661949158
127,PhysioNet,PhysioNet:S08,Anaerobic,0.619660496711731,0.9035272598266602
128,PhysioNet,PhysioNet:S08,Anaerobic,0.9074144959449768,0.9567751884460449
91,PhysioNet,PhysioNet:S09,Anaerobic,0.023586081340909004,0.3796084225177765
92,PhysioNet,PhysioNet:S09,Anaerobic,0.035807520151138306,0.20555880665779114
93,PhysioNet,PhysioNet:S09,Anaerobic,0.033212848007678986,0.07486093789339066
94,PhysioNet,PhysioNet:S09,Anaerobic,0.03368215262889862,0.07086946815252304
95,PhysioNet,PhysioNet:S09,Anaerobic,0.020107083022594452,0.4773818850517273
96,PhysioNet,PhysioNet:S09,Anaerobic,0.0310648325830698,0.7266625165939331
97,PhysioNet,PhysioNet:S09,Anaerobic,0.02237509936094284,0.6594671607017517
98,PhysioNet,PhysioNet:S09,Anaerobic,0.020799122750759125,0.06493959575891495
99,PhysioNet,PhysioNet:S09,Anaerobic,0.02919367328286171,0.2272881418466568
100,PhysioNet,PhysioNet:S09,Anaerobic,0.027589766308665276,0.12953168153762817
101,PhysioNet,PhysioNet:S09,Anaerobic,0.03184390813112259,0.14415450394153595
102,PhysioNet,PhysioNet:S09,Anaerobic,0.02636227384209633,0.07725212723016739
103,PhysioNet,PhysioNet:S09,Anaerobic,0.03887340426445007,0.19156382977962494
104,PhysioNet,PhysioNet:S09,Anaerobic,0.031042231246829033,0.1799420565366745
105,PhysioNet,PhysioNet:S09,Anaerobic,0.09153329581022263,0.5407514572143555
106,PhysioNet,PhysioNet:S09,Anaerobic,0.16109246015548706,0.3220311999320984
107,PhysioNet,PhysioNet:S09,Anaerobic,0.795653760433197,0.337785005569458
108,PhysioNet,PhysioNet:S09,Anaerobic,0.7815425992012024,0.337785005569458
109,PhysioNet,PhysioNet:S09,Anaerobic,0.6038477420806885,0.2975654602050781
110,PhysioNet,PhysioNet:S09,Anaerobic,0.7231529951095581,0.797885537147522
111,PhysioNet,PhysioNet:S09,Anaerobic,0.7726796269416809,0.8448625206947327
112,PhysioNet,PhysioNet:S09,Anaerobic,0.7450729608535767,0.7989267706871033
113,PhysioNet,PhysioNet:S09,Anaerobic,0.8465825915336609,0.8428754210472107
114,PhysioNet,PhysioNet:S09,Anaerobic,0.9392589330673218,0.8762795329093933
115,PhysioNet,PhysioNet:S09,Anaerobic,0.8106628656387329,0.30631470680236816
116,PhysioNet,PhysioNet:S09,Anaerobic,0.5224951505661011,0.3324752151966095
117,PhysioNet,PhysioNet:S09,Anaerobic,0.6408208012580872,0.5277620553970337
118,PhysioNet,PhysioNet:S09,Anaerobic,0.7642842531204224,0.8295110464096069
119,PhysioNet,PhysioNet:S09,Anaerobic,0.750808835029602,0.7830277681350708
120,PhysioNet,PhysioNet:S09,Anaerobic,0.922940194606781,0.8901304602622986
121,PhysioNet,PhysioNet:S09,Anaerobic,0.9215274453163147,0.8828942775726318
122,PhysioNet,PhysioNet:S09,Anaerobic,0.9066228866577148,0.896904706954956
123,PhysioNet,PhysioNet:S09,Anaerobic,0.8708196878433228,0.8453938364982605
124,PhysioNet,PhysioNet:S09,Anaerobic,0.8708866834640503,0.8253201246261597
125,PhysioNet,PhysioNet:S09,Anaerobic,0.8705084919929504,0.832628071308136
126,PhysioNet,PhysioNet:S09,Anaerobic,0.9008634686470032,0.8541778922080994
127,PhysioNet,PhysioNet:S09,Anaerobic,0.839756429195404,0.6127126216888428
98,PhysioNet,PhysioNet:S10,Anaerobic,0.028057409450411797,0.0887223556637764
99,PhysioNet,PhysioNet:S10,Anaerobic,0.03135747089982033,0.16494224965572357
100,PhysioNet,PhysioNet:S10,Anaerobic,0.026655716821551323,0.17616727948188782
101,PhysioNet,PhysioNet:S10,Anaerobic,0.031198326498270035,0.11143093556165695
102,PhysioNet,PhysioNet:S10,Anaerobic,0.059847958385944366,0.12467626482248306
103,PhysioNet,PhysioNet:S10,Anaerobic,0.06048726290464401,0.12101219594478607
104,PhysioNet,PhysioNet:S10,Anaerobic,0.02634648233652115,0.09486725181341171
105,PhysioNet,PhysioNet:S10,Anaerobic,0.04864567145705223,0.11441393196582794
106,PhysioNet,PhysioNet:S10,Anaerobic,0.025982240214943886,0.12857520580291748
107,PhysioNet,PhysioNet:S10,Anaerobic,0.03314210847020149,0.11967094987630844
108,PhysioNet,PhysioNet:S10,Anaerobic,0.03314210847020149,0.1207977831363678
109,PhysioNet,PhysioNet:S10,Anaerobic,0.02258363738656044,0.06851090490818024
110,PhysioNet,PhysioNet:S10,Anaerobic,0.022370031103491783,0.15706853568553925
111,PhysioNet,PhysioNet:S10,Anaerobic,0.14960667490959167,0.6573102474212646
112,PhysioNet,PhysioNet:S10,Anaerobic,0.1662607640028,0.4525943398475647
113,PhysioNet,PhysioNet:S10,Anaerobic,0.15091586112976074,0.4746873378753662
114,PhysioNet,PhysioNet:S10,Anaerobic,0.07200127094984055,0.4539385437965393
115,PhysioNet,PhysioNet:S10,Anaerobic,0.4703276455402374,0.5635601282119751
116,PhysioNet,PhysioNet:S10,Anaerobic,0.9471412897109985,0.9172255992889404
117,PhysioNet,PhysioNet:S10,Anaerobic,0.9554446339607239,0.6934720277786255
118,PhysioNet,PhysioNet:S10,Anaerobic,0.9697082042694092,0.7822998762130737
119,PhysioNet,PhysioNet:S10,Anaerobic,0.9026045203208923,0.6821509003639221
120,PhysioNet,PhysioNet:S10,Anaerobic,0.926855206489563,0.6247278451919556
121,PhysioNet,PhysioNet:S10,Anaerobic,0.8903263807296753,0.7873013615608215
122,PhysioNet,PhysioNet:S10,Anaerobic,0.8945903778076172,0.6775802373886108
123,PhysioNet,PhysioNet:S10,Anaerobic,0.6034039258956909,0.42176172137260437
124,PhysioNet,PhysioNet:S10,Anaerobic,0.5241281986236572,0.48248979449272156
125,PhysioNet,PhysioNet:S10,Anaerobic,0.8865079283714294,0.6450064182281494
126,PhysioNet,PhysioNet:S10,Anaerobic,0.8081714510917664,0.2506612539291382
127,PhysioNet,PhysioNet:S10,Anaerobic,0.566326379776001,0.5900847911834717
128,PhysioNet,PhysioNet:S10,Anaerobic,0.19900035858154297,0.4496784806251526
129,PhysioNet,PhysioNet:S10,Anaerobic,0.04317640885710716,0.653579592704773
130,PhysioNet,PhysioNet:S10,Anaerobic,0.06667206436395645,0.9322746992111206
131,PhysioNet,PhysioNet:S10,Anaerobic,0.05452604591846466,0.8885164260864258
132,PhysioNet,PhysioNet:S10,Anaerobic,0.07493499666452408,0.8874462842941284
133,PhysioNet,PhysioNet:S10,Anaerobic,0.030142126604914665,0.9669495224952698
134,PhysioNet,PhysioNet:S10,Anaerobic,0.038825873285532,0.9299794435501099
27,PhysioNet,PhysioNet:S11,Anaerobic,0.850144624710083,0.7762396931648254
28,PhysioNet,PhysioNet:S11,Anaerobic,0.5998572707176208,0.34680426120758057
29,PhysioNet,PhysioNet:S11,Anaerobic,0.5871232748031616,0.35985714197158813
30,PhysioNet,PhysioNet:S11,Anaerobic,0.928739070892334,0.7187981605529785
31,PhysioNet,PhysioNet:S11,Anaerobic,0.891239583492279,0.5475431680679321
32,PhysioNet,PhysioNet:S11,Anaerobic,0.40175411105155945,0.48989108204841614
33,PhysioNet,PhysioNet:S11,Anaerobic,0.795653760433197,0.375234454870224
34,PhysioNet,PhysioNet:S11,Anaerobic,0.8634721040725708,0.31897401809692383
35,PhysioNet,PhysioNet:S11,Anaerobic,0.6466515064239502,0.18107140064239502
36,PhysioNet,PhysioNet:S11,Anaerobic,0.45569971203804016,0.4929942190647125
37,PhysioNet,PhysioNet:S11,Anaerobic,0.5719224810600281,0.07413583993911743
38,PhysioNet,PhysioNet:S11,Anaerobic,0.6962990760803223,0.09097064286470413
39,PhysioNet,PhysioNet:S11,Anaerobic,0.7097812294960022,0.14460763335227966
40,PhysioNet,PhysioNet:S11,Anaerobic,0.4539714455604553,0.5058287978172302
41,PhysioNet,PhysioNet:S11,Anaerobic,0.9187348484992981,0.26295965909957886
42,PhysioNet,PhysioNet:S11,Anaerobic,0.9187348484992981,0.2795138955116272
43,PhysioNet,PhysioNet:S11,Anaerobic,0.8262355923652649,0.5141208171844482
44,PhysioNet,PhysioNet:S11,Anaerobic,0.5907145738601685,0.08185773342847824
45,PhysioNet,PhysioNet:S11,Anaerobic,0.81407630443573,0.32324331998825073
46,PhysioNet,PhysioNet:S11,Anaerobic,0.802643895149231,0.32324331998825073
47,PhysioNet,PhysioNet:S11,Anaerobic,0.7400607466697693,0.29920074343681335
48,PhysioNet,PhysioNet:S11,Anaerobic,0.5907145738601685,0.08185773342847824
49,PhysioNet,PhysioNet:S11,Anaerobic,0.898307740688324,0.2795138955116272
50,PhysioNet,PhysioNet:S11,Anaerobic,0.898307740688324,0.2795138955116272
51,PhysioNet,PhysioNet:S11,Anaerobic,0.8604916930198669,0.3120781481266022
52,PhysioNet,PhysioNet:S11,Anaerobic,0.8551134467124939,0.4870873689651489
53,PhysioNet,PhysioNet:S11,Anaerobic,0.5543721318244934,0.5515692830085754
54,PhysioNet,PhysioNet:S11,Anaerobic,0.6269728541374207,0.5155047178268433
55,PhysioNet,PhysioNet:S11,Anaerobic,0.6646129488945007,0.8116710186004639
56,PhysioNet,PhysioNet:S11,Anaerobic,0.6409069299697876,0.6338962912559509
57,PhysioNet,PhysioNet:S11,Anaerobic,0.8052124381065369,0.7797583341598511
58,PhysioNet,PhysioNet:S11,Anaerobic,0.556052029132843,0.713381826877594
59,PhysioNet,PhysioNet:S11,Anaerobic,0.5907145738601685,0.08185773342847824
60,PhysioNet,PhysioNet:S11,Anaerobic,0.898307740688324,0.2795138955116272
61,PhysioNet,PhysioNet:S11,Anaerobic,0.898307740688324,0.2795138955116272
62,PhysioNet,PhysioNet:S11,Anaerobic,0.869507372379303,0.8959524035453796
63,PhysioNet,PhysioNet:S11,Anaerobic,0.6817335486412048,0.9070983529090881
64,PhysioNet,PhysioNet:S11,Anaerobic,0.5478600263595581,0.5729970335960388
30,PhysioNet,PhysioNet:S12,Anaerobic,0.11101497709751129,0.8031144738197327
31,PhysioNet,PhysioNet:S12,Anaerobic,0.15374626219272614,0.7641112804412842
32,PhysioNet,PhysioNet:S12,Anaerobic,0.10741031169891357,0.6975610256195068
33,PhysioNet,PhysioNet:S12,Anaerobic,0.119236059486866,0.5633859038352966
34,PhysioNet,PhysioNet:S12,Anaerobic,0.04412022605538368,0.7041100263595581
35,PhysioNet,PhysioNet:S12,Anaerobic,0.09535711258649826,0.6835557222366333
36,PhysioNet,PhysioNet:S12,Anaerobic,0.18013805150985718,0.434610515832901
37,PhysioNet,PhysioNet:S12,Anaerobic,0.11065658926963806,0.6780960559844971
38,PhysioNet,PhysioNet:S12,Anaerobic,0.07661512494087219,0.7505617141723633
39,PhysioNet,PhysioNet:S12,Anaerobic,0.10273939371109009,0.6860334277153015
40,PhysioNet,PhysioNet:S12,Anaerobic,0.09363912791013718,0.7282462120056152
41,PhysioNet,PhysioNet:S12,Anaerobic,0.06542526930570602,0.901843786239624
42,PhysioNet,PhysioNet:S12,Anaerobic,0.07805388420820236,0.3025626242160797
43,PhysioNet,PhysioNet:S12,Anaerobic,0.05788041278719902,0.5083997249603271
44,PhysioNet,PhysioNet:S12,Anaerobic,0.04622524231672287,0.3477550148963928
45,PhysioNet,PhysioNet:S12,Anaerobic,0.5350435376167297,0.3784814476966858
46,PhysioNet,PhysioNet:S12,Anaerobic,0.9456551671028137,0.7817832231521606
47,PhysioNet,PhysioNet:S12,Anaerobic,0.9594785571098328,0.7438881397247314
48,PhysioNet,PhysioNet:S12,Anaerobic,0.961288571357727,0.9541635513305664
49,PhysioNet,PhysioNet:S12,Anaerobic,0.9041628837585449,0.6358996033668518
50,PhysioNet,PhysioNet:S12,Anaerobic,0.9769256114959717,0.6374595165252686
51,PhysioNet,PhysioNet:S12,Anaerobic,0.9667429327964783,0.7392851710319519
52,PhysioNet,PhysioNet:S12,Anaerobic,0.8313444256782532,0.7090322375297546
53,PhysioNet,PhysioNet:S12,Anaerobic,0.9618317484855652,0.8247522711753845
54,PhysioNet,PhysioNet:S12,Anaerobic,0.8328904509544373,0.8702182173728943
55,PhysioNet,PhysioNet:S12,Anaerobic,0.8545255064964294,0.9068931341171265
56,PhysioNet,PhysioNet:S12,Anaerobic,0.3765426576137543,0.4791218936443329
57,PhysioNet,PhysioNet:S12,Anaerobic,0.9574143290519714,0.47146669030189514
58,PhysioNet,PhysioNet:S12,Anaerobic,0.966343343257904,0.5139011144638062
59,PhysioNet,PhysioNet:S12,Anaerobic,0.9195406436920166,0.23721474409103394
60,PhysioNet,PhysioNet:S12,Anaerobic,0.7999870777130127,0.1877332627773285
61,PhysioNet,PhysioNet:S12,Anaerobic,0.8961275815963745,0.5166015625
62,PhysioNet,PhysioNet:S12,Anaerobic,0.8539809584617615,0.1321263462305069
63,PhysioNet,PhysioNet:S12,Anaerobic,0.9133584499359131,0.39904069900512695
64,PhysioNet,PhysioNet:S12,Anaerobic,0.9681974649429321,0.8246377110481262
65,PhysioNet,PhysioNet:S12,Anaerobic,0.9392216205596924,0.9847715497016907
97,PhysioNet,PhysioNet:S13,Anaerobic,0.02168274112045765,0.2152136117219925
98,PhysioNet,PhysioNet:S13,Anaerobic,0.028202801942825317,0.4240143299102783
99,PhysioNet,PhysioNet:S13,Anaerobic,0.02498708665370941,0.6865025162696838
100,PhysioNet,PhysioNet:S13,Anaerobic,0.06417634338140488,0.1613190919160843
101,PhysioNet,PhysioNet:S13,Anaerobic,0.014848916791379452,0.06506878137588501
102,PhysioNet,PhysioNet:S13,Anaerobic,0.018385864794254303,0.1652241051197052
103,PhysioNet,PhysioNet:S13,Anaerobic,0.06456344574689865,0.3335759937763214
104,PhysioNet,PhysioNet:S13,Anaerobic,0.03977394849061966,0.12073589116334915
105,PhysioNet,PhysioNet:S13,Anaerobic,0.015184699557721615,0.40544363856315613
106,PhysioNet,PhysioNet:S13,Anaerobic,0.009849145077168941,0.20786361396312714
107,PhysioNet,PhysioNet:S13,Anaerobic,0.02748681791126728,0.34385937452316284
108,PhysioNet,PhysioNet:S13,Anaerobic,0.02375822141766548,0.7174861431121826
109,PhysioNet,PhysioNet:S13,Anaerobic,0.0652250349521637,0.06699831783771515
110,PhysioNet,PhysioNet:S13,Anaerobic,0.022121746093034744,0.07373970001935959
111,PhysioNet,PhysioNet:S13,Anaerobic,0.019773514941334724,0.07780993729829788
112,PhysioNet,PhysioNet:S13,Anaerobic,0.024692172184586525,0.08105563372373581
113,PhysioNet,PhysioNet:S13,Anaerobic,0.03582509979605675,0.06995034217834473
114,PhysioNet,PhysioNet:S13,Anaerobic,0.043689336627721786,0.2989884316921234
115,PhysioNet,PhysioNet:S13,Anaerobic,0.0555696040391922,0.5335666537284851
116,PhysioNet,PhysioNet:S13,Anaerobic,0.05305619537830353,0.4949451684951782
117,PhysioNet,PhysioNet:S13,Anaerobic,0.05805463716387749,0.13128289580345154
118,PhysioNet,PhysioNet:S13,Anaerobic,0.006722059566527605,0.386860191822052
119,PhysioNet,PhysioNet:S13,Anaerobic,0.007457628846168518,0.28511375188827515
120,PhysioNet,PhysioNet:S13,Anaerobic,0.006609050091356039,0.24746987223625183
121,PhysioNet,PhysioNet:S13,Anaerobic,0.09786532074213028,0.2827644944190979
122,PhysioNet,PhysioNet:S13,Anaerobic,0.8251245617866516,0.926306426525116
123,PhysioNet,PhysioNet:S13,Anaerobic,0.8460191488265991,0.7665448188781738
124,PhysioNet,PhysioNet:S13,Anaerobic,0.7432114481925964,0.2862232029438019
125,PhysioNet,PhysioNet:S13,Anaerobic,0.8325893878936768,0.5853734016418457
126,PhysioNet,PhysioNet:S13,Anaerobic,0.5851753354072571,0.2215331792831421
127,PhysioNet,PhysioNet:S13,Anaerobic,0.7330624461174011,0.8552985191345215
128,PhysioNet,PhysioNet:S13,Anaerobic,0.8860575556755066,0.9154211282730103
129,PhysioNet,PhysioNet:S13,Anaerobic,0.9608858227729797,0.869714081287384
130,PhysioNet,PhysioNet:S13,Anaerobic,0.9515875577926636,0.8501729369163513
131,PhysioNet,PhysioNet:S13,Anaerobic,0.9660805463790894,0.6286989450454712
132,PhysioNet,PhysioNet:S13,Anaerobic,0.9805284142494202,0.9299896359443665
133,PhysioNet,PhysioNet:S13,Anaerobic,0.9760977029800415,0.9321169853210449
102,PhysioNet,PhysioNet:S14,Anaerobic,0.04294212535023689,0.6790847778320312
103,PhysioNet,PhysioNet:S14,Anaerobic,0.10842199623584747,0.7558093667030334
104,PhysioNet,PhysioNet:S14,Anaerobic,0.09293484687805176,0.8588688373565674
105,PhysioNet,PhysioNet:S14,Anaerobic,0.04743446782231331,0.9632420539855957
106,PhysioNet,PhysioNet:S14,Anaerobic,0.23491829633712769,0.9702123403549194
107,PhysioNet,PhysioNet:S14,Anaerobic,0.9459776282310486,0.9545283317565918
108,PhysioNet,PhysioNet:S14,Anaerobic,0.9140027761459351,0.8922294974327087
109,PhysioNet,PhysioNet:S14,Anaerobic,0.9523118138313293,0.9707324504852295
110,PhysioNet,PhysioNet:S14,Anaerobic,0.9576941728591919,0.9711254835128784
111,PhysioNet,PhysioNet:S14,Anaerobic,0.9766136407852173,0.9667589664459229
112,PhysioNet,PhysioNet:S14,Anaerobic,0.9789522886276245,0.9686939716339111
113,PhysioNet,PhysioNet:S14,Anaerobic,0.9666833877563477,0.9537832140922546
114,PhysioNet,PhysioNet:S14,Anaerobic,0.9159480929374695,0.9700888991355896
115,PhysioNet,PhysioNet:S14,Anaerobic,0.889431357383728,0.9681291580200195
116,PhysioNet,PhysioNet:S14,Anaerobic,0.7995879054069519,0.947975218296051
117,PhysioNet,PhysioNet:S14,Anaerobic,0.7908375859260559,0.8339236378669739
118,PhysioNet,PhysioNet:S14,Anaerobic,0.7814346551895142,0.8686630725860596
119,PhysioNet,PhysioNet:S14,Anaerobic,0.7347206473350525,0.8976863622665405
120,PhysioNet,PhysioNet:S14,Anaerobic,0.718654453754425,0.8978240489959717
121,PhysioNet,PhysioNet:S14,Anaerobic,0.8219530582427979,0.9084883332252502
122,PhysioNet,PhysioNet:S14,Anaerobic,0.8375425338745117,0.9674216508865356
123,PhysioNet,PhysioNet:S14,Anaerobic,0.7861396074295044,0.9516898393630981
124,PhysioNet,PhysioNet:S14,Anaerobic,0.8042956590652466,0.9699334502220154
125,PhysioNet,PhysioNet:S14,Anaerobic,0.9306137561798096,0.9788551926612854
126,PhysioNet,PhysioNet:S14,Anaerobic,0.7804643511772156,0.7766823768615723
127,PhysioNet,PhysioNet:S14,Anaerobic,0.8442880511283875,0.8529824614524841
128,PhysioNet,PhysioNet:S14,Anaerobic,0.7663124799728394,0.8238500952720642
129,PhysioNet,PhysioNet:S14,Anaerobic,0.7358489036560059,0.7393167614936829
130,PhysioNet,PhysioNet:S14,Anaerobic,0.9121674299240112,0.9349890947341919
131,PhysioNet,PhysioNet:S14,Anaerobic,0.7351720333099365,0.9644333124160767
132,PhysioNet,PhysioNet:S14,Anaerobic,0.8722933530807495,0.9769352674484253
133,PhysioNet,PhysioNet:S14,Anaerobic,0.9190660119056702,0.98146653175354
134,PhysioNet,PhysioNet:S14,Anaerobic,0.9216048717498779,0.9777841567993164
135,PhysioNet,PhysioNet:S14,Anaerobic,0.9236176013946533,0.979789137840271
136,PhysioNet,PhysioNet:S14,Anaerobic,0.7267678380012512,0.9762734174728394
137,PhysioNet,PhysioNet:S14,Anaerobic,0.8671560883522034,0.9745911359786987
96,PhysioNet,PhysioNet:S15,Anaerobic,0.17133350670337677,0.8026106357574463
97,PhysioNet,PhysioNet:S15,Anaerobic,0.056140244007110596,0.7666704654693604
98,PhysioNet,PhysioNet:S15,Anaerobic,0.12380130589008331,0.7669023275375366
99,PhysioNet,PhysioNet:S15,Anaerobic,0.02365906350314617,0.7919818162918091
100,PhysioNet,PhysioNet:S15,Anaerobic,0.031657956540584564,0.8343231678009033
101,PhysioNet,PhysioNet:S15,Anaerobic,0.7628738284111023,0.8958486914634705
102,PhysioNet,PhysioNet:S15,Anaerobic,0.907392144203186,0.5218738913536072
103,PhysioNet,PhysioNet:S15,Anaerobic,0.8401362299919128,0.38906922936439514
104,PhysioNet,PhysioNet:S15,Anaerobic,0.8436481952667236,0.6949368119239807
105,PhysioNet,PhysioNet:S15,Anaerobic,0.8115992546081543,0.7697593569755554
106,PhysioNet,PhysioNet:S15,Anaerobic,0.7071884870529175,0.5773944854736328
107,PhysioNet,PhysioNet:S15,Anaerobic,0.808487594127655,0.8880132436752319
108,PhysioNet,PhysioNet:S15,Anaerobic,0.8295405507087708,0.8724614977836609
109,PhysioNet,PhysioNet:S15,Anaerobic,0.9052337408065796,0.9084545969963074
110,PhysioNet,PhysioNet:S15,Anaerobic,0.903957188129425,0.9270329475402832
111,PhysioNet,PhysioNet:S15,Anaerobic,0.7849142551422119,0.8820789456367493
112,PhysioNet,PhysioNet:S15,Anaerobic,0.8060321807861328,0.9171156883239746
113,PhysioNet,PhysioNet:S15,Anaerobic,0.7900005578994751,0.8407970070838928
114,PhysioNet,PhysioNet:S15,Anaerobic,0.7828966379165649,0.7974084615707397
115,PhysioNet,PhysioNet:S15,Anaerobic,0.7372666597366333,0.8005383610725403
116,PhysioNet,PhysioNet:S15,Anaerobic,0.8223608732223511,0.8116413354873657
117,PhysioNet,PhysioNet:S15,Anaerobic,0.8367626070976257,0.8203012943267822
118,PhysioNet,PhysioNet:S15,Anaerobic,0.9026763439178467,0.9499207735061646
119,PhysioNet,PhysioNet:S15,Anaerobic,0.8012025356292725,0.8778929114341736
120,PhysioNet,PhysioNet:S15,Anaerobic,0.654904305934906,0.781938910484314
121,PhysioNet,PhysioNet:S15,Anaerobic,0.7702665328979492,0.7846406698226929
122,PhysioNet,PhysioNet:S15,Anaerobic,0.8301658630371094,0.5804005861282349
123,PhysioNet,PhysioNet:S15,Anaerobic,0.7742223739624023,0.8517131805419922
124,PhysioNet,PhysioNet:S15,Anaerobic,0.9031857848167419,0.9499207735061646
125,PhysioNet,PhysioNet:S15,Anaerobic,0.9079857468605042,0.9379302263259888
126,PhysioNet,PhysioNet:S15,Anaerobic,0.7574968338012695,0.8912801742553711
127,PhysioNet,PhysioNet:S15,Anaerobic,0.8370919227600098,0.9429803490638733
128,PhysioNet,PhysioNet:S15,Anaerobic,0.7241252660751343,0.8471333384513855
129,PhysioNet,PhysioNet:S15,Anaerobic,0.914596438407898,0.9317108988761902
130,PhysioNet,PhysioNet:S15,Anaerobic,0.914596438407898,0.9337520599365234
131,PhysioNet,PhysioNet:S15,Anaerobic,0.9126728773117065,0.9317108988761902
132,PhysioNet,PhysioNet:S15,Anaerobic,0.9117030501365662,0.9197524785995483
0,PhysioNet,PhysioNet:S16,Anaerobic,0.38443899154663086,0.14253497123718262
1,PhysioNet,PhysioNet:S16,Anaerobic,0.20039618015289307,0.050265807658433914
2,PhysioNet,PhysioNet:S16,Anaerobic,0.0288584902882576,0.3967820107936859
3,PhysioNet,PhysioNet:S16,Anaerobic,0.04109811410307884,0.5482187271118164
4,PhysioNet,PhysioNet:S16,Anaerobic,0.018833544105291367,0.28957533836364746
5,PhysioNet,PhysioNet:S16,Anaerobic,0.5122619271278381,0.7275021076202393
6,PhysioNet,PhysioNet:S16,Anaerobic,0.5284498333930969,0.6138221621513367
7,PhysioNet,PhysioNet:S16,Anaerobic,0.732302725315094,0.706305742263794
8,PhysioNet,PhysioNet:S16,Anaerobic,0.8028817176818848,0.9330543279647827
9,PhysioNet,PhysioNet:S16,Anaerobic,0.43514305353164673,0.4692308008670807
10,PhysioNet,PhysioNet:S16,Anaerobic,0.4858614504337311,0.5163407921791077
11,PhysioNet,PhysioNet:S16,Anaerobic,0.7469795942306519,0.8767229318618774
12,PhysioNet,PhysioNet:S16,Anaerobic,0.7582631707191467,0.582893967628479
13,PhysioNet,PhysioNet:S16,Anaerobic,0.7912477254867554,0.291044145822525
14,PhysioNet,PhysioNet:S16,Anaerobic,0.6250891089439392,0.6608507633209229
15,PhysioNet,PhysioNet:S16,Anaerobic,0.6893746256828308,0.6534090638160706
16,PhysioNet,PhysioNet:S16,Anaerobic,0.7483627796173096,0.6288609504699707
17,PhysioNet,PhysioNet:S16,Anaerobic,0.5651691555976868,0.7205413579940796
0,PhysioNet,PhysioNet:S16,Anaerobic,0.7038528919219971,0.8883724808692932
1,PhysioNet,PhysioNet:S16,Anaerobic,0.654531717300415,0.5926439762115479
2,PhysioNet,PhysioNet:S16,Anaerobic,0.6530840992927551,0.5756353735923767
3,PhysioNet,PhysioNet:S16,Anaerobic,0.6548688411712646,0.6566399931907654
4,PhysioNet,PhysioNet:S16,Anaerobic,0.5478600263595581,0.5684525966644287
5,PhysioNet,PhysioNet:S16,Anaerobic,0.460991770029068,0.5541818737983704
6,PhysioNet,PhysioNet:S16,Anaerobic,0.8177925944328308,0.9208670258522034
7,PhysioNet,PhysioNet:S16,Anaerobic,0.9215274453163147,0.9081692695617676
8,PhysioNet,PhysioNet:S16,Anaerobic,0.7544762492179871,0.8656357526779175
9,PhysioNet,PhysioNet:S16,Anaerobic,0.8030785918235779,0.812662661075592
10,PhysioNet,PhysioNet:S16,Anaerobic,0.7906361818313599,0.731304943561554
11,PhysioNet,PhysioNet:S16,Anaerobic,0.8142511248588562,0.6155019402503967
12,PhysioNet,PhysioNet:S16,Anaerobic,0.8092159032821655,0.6943094730377197
13,PhysioNet,PhysioNet:S16,Anaerobic,0.5660042762756348,0.5603336095809937
14,PhysioNet,PhysioNet:S16,Anaerobic,0.7491547465324402,0.9208799004554749
15,PhysioNet,PhysioNet:S16,Anaerobic,0.7491547465324402,0.9034719467163086
16,PhysioNet,PhysioNet:S16,Anaerobic,0.7544762492179871,0.8862756490707397
17,PhysioNet,PhysioNet:S16,Anaerobic,0.6962044835090637,0.8915857076644897
18,PhysioNet,PhysioNet:S16,Anaerobic,0.8164743781089783,0.9263469576835632
19,PhysioNet,PhysioNet:S16,Anaerobic,0.8164743781089783,0.9238885641098022
20,PhysioNet,PhysioNet:S16,Anaerobic,0.8207095861434937,0.9112415313720703
93,PhysioNet,PhysioNet:S17,Anaerobic,0.038838695734739304,0.7935708165168762
94,PhysioNet,PhysioNet:S17,Anaerobic,0.027097787708044052,0.806027889251709
95,PhysioNet,PhysioNet:S17,Anaerobic,0.01980685628950596,0.5954264402389526
96,PhysioNet,PhysioNet:S17,Anaerobic,0.018455011770129204,0.8405978679656982
97,PhysioNet,PhysioNet:S17,Anaerobic,0.020330222323536873,0.7135066390037537
98,PhysioNet,PhysioNet:S17,Anaerobic,0.057874955236911774,0.47231367230415344
99,PhysioNet,PhysioNet:S17,Anaerobic,0.05968501791357994,0.275254487991333
100,PhysioNet,PhysioNet:S17,Anaerobic,0.03215239942073822,0.18617570400238037
101,PhysioNet,PhysioNet:S17,Anaerobic,0.03963752090930939,0.19411055743694305
102,PhysioNet,PhysioNet:S17,Anaerobic,0.03510438650846481,0.24486194550991058
103,PhysioNet,PhysioNet:S17,Anaerobic,0.03181682527065277,0.32658588886260986
104,PhysioNet,PhysioNet:S17,Anaerobic,0.13931438326835632,0.65973299741745
105,PhysioNet,PhysioNet:S17,Anaerobic,0.21441201865673065,0.8987600207328796
106,PhysioNet,PhysioNet:S17,Anaerobic,0.24732424318790436,0.924897313117981
107,PhysioNet,PhysioNet:S17,Anaerobic,0.5562165975570679,0.9123547077178955
108,PhysioNet,PhysioNet:S17,Anaerobic,0.7282649278640747,0.8940521478652954
109,PhysioNet,PhysioNet:S17,Anaerobic,0.7991968393325806,0.817722499370575
110,PhysioNet,PhysioNet:S17,Anaerobic,0.7305108904838562,0.6758151650428772
111,PhysioNet,PhysioNet:S17,Anaerobic,0.6808696389198303,0.8979792594909668
112,PhysioNet,PhysioNet:S17,Anaerobic,0.740888774394989,0.9281300902366638
113,PhysioNet,PhysioNet:S17,Anaerobic,0.6667944192886353,0.6967328786849976
114,PhysioNet,PhysioNet:S17,Anaerobic,0.6669267416000366,0.636673629283905
115,PhysioNet,PhysioNet:S17,Anaerobic,0.45086973905563354,0.5389117002487183
116,PhysioNet,PhysioNet:S17,Anaerobic,0.8717454671859741,0.9301466941833496
117,PhysioNet,PhysioNet:S17,Anaerobic,0.8486996293067932,0.945496678352356
118,PhysioNet,PhysioNet:S17,Anaerobic,0.6495429277420044,0.9054104685783386
119,PhysioNet,PhysioNet:S17,Anaerobic,0.5283361077308655,0.6189984679222107
120,PhysioNet,PhysioNet:S17,Anaerobic,0.4029611349105835,0.6019544005393982
121,PhysioNet,PhysioNet:S17,Anaerobic,0.49429959058761597,0.578528106212616
122,PhysioNet,PhysioNet:S17,Anaerobic,0.6474484801292419,0.668491780757904
123,PhysioNet,PhysioNet:S17,Anaerobic,0.5067375302314758,0.44709816575050354
124,PhysioNet,PhysioNet:S17,Anaerobic,0.3916022777557373,0.5016184449195862
125,PhysioNet,PhysioNet:S17,Anaerobic,0.5341407656669617,0.4305504858493805
126,PhysioNet,PhysioNet:S17,Anaerobic,0.6702967286109924,0.6362389922142029
127,PhysioNet,PhysioNet:S17,Anaerobic,0.7318183779716492,0.6725996732711792
128,PhysioNet,PhysioNet:S17,Anaerobic,0.8683599233627319,0.9759770631790161
129,PhysioNet,PhysioNet:S17,Anaerobic,0.9062915444374084,0.9856306910514832
130,PhysioNet,PhysioNet:S17,Anaerobic,0.8950852155685425,0.9793844223022461
96,PhysioNet,PhysioNet:S18,Anaerobic,0.10777094960212708,0.25709268450737
97,PhysioNet,PhysioNet:S18,Anaerobic,0.04060817509889603,0.4214191734790802
98,PhysioNet,PhysioNet:S18,Anaerobic,0.043053094297647476,0.5499702095985413
99,PhysioNet,PhysioNet:S18,Anaerobic,0.032798148691654205,0.8926534056663513
100,PhysioNet,PhysioNet:S18,Anaerobic,0.0265964288264513,0.7011948823928833
101,PhysioNet,PhysioNet:S18,Anaerobic,0.06976631283760071,0.6240515112876892
102,PhysioNet,PhysioNet:S18,Anaerobic,0.06981102377176285,0.4509744942188263
103,PhysioNet,PhysioNet:S18,Anaerobic,0.020916474983096123,0.5222452878952026
104,PhysioNet,PhysioNet:S18,Anaerobic,0.043802544474601746,0.660059928894043
105,PhysioNet,PhysioNet:S18,Anaerobic,0.04069769009947777,0.5233209729194641
106,PhysioNet,PhysioNet:S18,Anaerobic,0.042631860822439194,0.5759390592575073
107,PhysioNet,PhysioNet:S18,Anaerobic,0.05384761467576027,0.37952354550361633
108,PhysioNet,PhysioNet:S18,Anaerobic,0.3412797749042511,0.7115455269813538
109,PhysioNet,PhysioNet:S18,Anaerobic,0.8392491936683655,0.8507664203643799
110,PhysioNet,PhysioNet:S18,Anaerobic,0.911336362361908,0.7044460773468018
111,PhysioNet,PhysioNet:S18,Anaerobic,0.9119532108306885,0.6275857090950012
112,PhysioNet,PhysioNet:S18,Anaerobic,0.8726071119308472,0.6290434002876282
113,PhysioNet,PhysioNet:S18,Anaerobic,0.7343286275863647,0.7456591725349426
114,PhysioNet,PhysioNet:S18,Anaerobic,0.7375929355621338,0.7949680089950562
115,PhysioNet,PhysioNet:S18,Anaerobic,0.7180563807487488,0.8265653252601624
116,PhysioNet,PhysioNet:S18,Anaerobic,0.648725152015686,0.8480362892150879
117,PhysioNet,PhysioNet:S18,Anaerobic,0.6170936226844788,0.7548872828483582
118,PhysioNet,PhysioNet:S18,Anaerobic,0.6177528500556946,0.632002055644989
119,PhysioNet,PhysioNet:S18,Anaerobic,0.6592032313346863,0.6608306169509888
120,PhysioNet,PhysioNet:S18,Anaerobic,0.8192577362060547,0.6732540130615234
121,PhysioNet,PhysioNet:S18,Anaerobic,0.5900050401687622,0.46553266048431396
122,PhysioNet,PhysioNet:S18,Anaerobic,0.5597389936447144,0.7945014238357544
123,PhysioNet,PhysioNet:S18,Anaerobic,0.7825002670288086,0.7794240713119507
124,PhysioNet,PhysioNet:S18,Anaerobic,0.7814922332763672,0.47978219389915466
125,PhysioNet,PhysioNet:S18,Anaerobic,0.7988849878311157,0.48482146859169006
126,PhysioNet,PhysioNet:S18,Anaerobic,0.8479586243629456,0.8467121720314026
127,PhysioNet,PhysioNet:S18,Anaerobic,0.900833249092102,0.5549396276473999
128,PhysioNet,PhysioNet:S18,Anaerobic,0.9164058566093445,0.8778184056282043
129,PhysioNet,PhysioNet:S18,Anaerobic,0.940258264541626,0.9644731879234314
130,PhysioNet,PhysioNet:S18,Anaerobic,0.9578847885131836,0.5196788311004639
131,PhysioNet,PhysioNet:S18,Anaerobic,0.869051992893219,0.8210422396659851
132,PhysioNet,PhysioNet:S18,Anaerobic,0.726313591003418,0.9163536429405212
171,PhysioNet,PhysioNet:f01,Anaerobic,0.8033634424209595,0.8407986760139465
172,PhysioNet,PhysioNet:f01,Anaerobic,0.7283950448036194,0.8837429881095886
173,PhysioNet,PhysioNet:f01,Anaerobic,0.6994153261184692,0.7254788279533386
174,PhysioNet,PhysioNet:f01,Anaerobic,0.7643860578536987,0.3066542148590088
175,PhysioNet,PhysioNet:f01,Anaerobic,0.8413043022155762,0.5538527965545654
176,PhysioNet,PhysioNet:f01,Anaerobic,0.8826739192008972,0.34610021114349365
177,PhysioNet,PhysioNet:f01,Anaerobic,0.7905352711677551,0.7960245609283447
178,PhysioNet,PhysioNet:f01,Anaerobic,0.7908934354782104,0.8014611601829529
179,PhysioNet,PhysioNet:f01,Anaerobic,0.894623875617981,0.35497692227363586
180,PhysioNet,PhysioNet:f01,Anaerobic,0.894623875617981,0.4852055311203003
181,PhysioNet,PhysioNet:f01,Anaerobic,0.894623875617981,0.5143823027610779
182,PhysioNet,PhysioNet:f01,Anaerobic,0.8089402318000793,0.9237778782844543
183,PhysioNet,PhysioNet:f01,Anaerobic,0.8339251279830933,0.8442360758781433
184,PhysioNet,PhysioNet:f01,Anaerobic,0.8284162878990173,0.8154467344284058
185,PhysioNet,PhysioNet:f01,Anaerobic,0.7073333859443665,0.9154849648475647
186,PhysioNet,PhysioNet:f01,Anaerobic,0.8315138816833496,0.9617462158203125
187,PhysioNet,PhysioNet:f01,Anaerobic,0.898307740688324,0.28111496567726135
188,PhysioNet,PhysioNet:f01,Anaerobic,0.8518388271331787,0.9097025990486145
189,PhysioNet,PhysioNet:f01,Anaerobic,0.6565696001052856,0.9528687000274658
190,PhysioNet,PhysioNet:f01,Anaerobic,0.6900143027305603,0.9634250998497009
191,PhysioNet,PhysioNet:f01,Anaerobic,0.6871015429496765,0.9519737362861633
192,PhysioNet,PhysioNet:f01,Anaerobic,0.9038740992546082,0.9364946484565735
193,PhysioNet,PhysioNet:f01,Anaerobic,0.8692234754562378,0.9321585893630981
194,PhysioNet,PhysioNet:f01,Anaerobic,0.7240859270095825,0.7508512735366821
195,PhysioNet,PhysioNet:f01,Anaerobic,0.6324987411499023,0.6599847674369812
196,PhysioNet,PhysioNet:f01,Anaerobic,0.6234498023986816,0.9287381172180176
197,PhysioNet,PhysioNet:f01,Anaerobic,0.7790491580963135,0.3435986638069153
198,PhysioNet,PhysioNet:f01,Anaerobic,0.624495267868042,0.9357342720031738
199,PhysioNet,PhysioNet:f01,Anaerobic,0.587175190448761,0.6115684509277344
200,PhysioNet,PhysioNet:f01,Anaerobic,0.6513389945030212,0.6182050704956055
201,PhysioNet,PhysioNet:f01,Anaerobic,0.6411269307136536,0.960211992263794
202,PhysioNet,PhysioNet:f01,Anaerobic,0.5463761687278748,0.9266465902328491
203,PhysioNet,PhysioNet:f01,Anaerobic,0.43777015805244446,0.3611792027950287
204,PhysioNet,PhysioNet:f01,Anaerobic,0.5865500569343567,0.3105725347995758
205,PhysioNet,PhysioNet:f01,Anaerobic,0.7731356024742126,0.945172905921936
206,PhysioNet,PhysioNet:f01,Anaerobic,0.580175518989563,0.8785541653633118
207,PhysioNet,PhysioNet:f01,Anaerobic,0.7773225903511047,0.14939719438552856
208,PhysioNet,PhysioNet:f01,Anaerobic,0.6939669847488403,0.9746742248535156
209,PhysioNet,PhysioNet:f01,Anaerobic,0.6345668435096741,0.9693076014518738
210,PhysioNet,PhysioNet:f01,Anaerobic,0.8939000368118286,0.9741398096084595
211,PhysioNet,PhysioNet:f01,Anaerobic,0.9376298785209656,0.9412553310394287
212,PhysioNet,PhysioNet:f01,Anaerobic,0.9208871722221375,0.9520081877708435
213,PhysioNet,PhysioNet:f01,Anaerobic,0.7885886430740356,0.8263795971870422
214,PhysioNet,PhysioNet:f01,Anaerobic,0.7484222054481506,0.7277793884277344
215,PhysioNet,PhysioNet:f01,Anaerobic,0.788887083530426,0.8263795971870422
216,PhysioNet,PhysioNet:f01,Anaerobic,0.788887083530426,0.7771786451339722
217,PhysioNet,PhysioNet:f01,Anaerobic,0.8092159032821655,0.7327851057052612
218,PhysioNet,PhysioNet:f01,Anaerobic,0.8219874501228333,0.8263795971870422
219,PhysioNet,PhysioNet:f01,Anaerobic,0.7491547465324402,0.9047609567642212
220,PhysioNet,PhysioNet:f01,Anaerobic,0.7491547465324402,0.9047609567642212
221,PhysioNet,PhysioNet:f01,Anaerobic,0.7885886430740356,0.8384809494018555
222,PhysioNet,PhysioNet:f01,Anaerobic,0.7912865877151489,0.8016889691352844
223,PhysioNet,PhysioNet:f01,Anaerobic,0.8080954551696777,0.8016889691352844
224,PhysioNet,PhysioNet:f01,Anaerobic,0.7957841753959656,0.8370704054832458
225,PhysioNet,PhysioNet:f01,Anaerobic,0.537692129611969,0.6729789972305298
226,PhysioNet,PhysioNet:f01,Anaerobic,0.8959940671920776,0.9422221183776855
227,PhysioNet,PhysioNet:f01,Anaerobic,0.9063237309455872,0.9447940587997437
228,PhysioNet,PhysioNet:f01,Anaerobic,0.7212017774581909,0.9116770625114441
229,PhysioNet,PhysioNet:f01,Anaerobic,0.7885886430740356,0.8384809494018555
230,PhysioNet,PhysioNet:f01,Anaerobic,0.8097238540649414,0.7997334599494934
231,PhysioNet,PhysioNet:f01,Anaerobic,0.5540216565132141,0.5992705225944519
232,PhysioNet,PhysioNet:f01,Anaerobic,0.5924618244171143,0.6617819666862488
233,PhysioNet,PhysioNet:f01,Anaerobic,0.9012619256973267,0.8903071284294128
234,PhysioNet,PhysioNet:f01,Anaerobic,0.7249153852462769,0.920076310634613
235,PhysioNet,PhysioNet:f01,Anaerobic,0.6947959661483765,0.8343690037727356
236,PhysioNet,PhysioNet:f01,Anaerobic,0.8080954551696777,0.8384809494018555
237,PhysioNet,PhysioNet:f01,Anaerobic,0.7819070219993591,0.824928879737854
238,PhysioNet,PhysioNet:f01,Anaerobic,0.5455514192581177,0.5944877862930298
239,PhysioNet,PhysioNet:f01,Anaerobic,0.5646563172340393,0.6863012313842773
240,PhysioNet,PhysioNet:f01,Anaerobic,0.8698067665100098,0.897570788860321
241,PhysioNet,PhysioNet:f01,Anaerobic,0.9161226153373718,0.9447940587997437
242,PhysioNet,PhysioNet:f01,Anaerobic,0.7542201280593872,0.9134264588356018
243,PhysioNet,PhysioNet:f01,Anaerobic,0.914596438407898,0.9394254684448242
244,PhysioNet,PhysioNet:f01,Anaerobic,0.9119672775268555,0.9595354199409485
245,PhysioNet,PhysioNet:f01,Anaerobic,0.7194246053695679,0.9286335706710815
246,PhysioNet,PhysioNet:f01,Anaerobic,0.7212017774581909,0.9168084859848022
247,PhysioNet,PhysioNet:f01,Anaerobic,0.7212017774581909,0.9168084859848022
248,PhysioNet,PhysioNet:f01,Anaerobic,0.7131550312042236,0.9174008369445801
249,PhysioNet,PhysioNet:f01,Anaerobic,0.6991007328033447,0.92011559009552
250,PhysioNet,PhysioNet:f01,Anaerobic,0.8827629685401917,0.8762178421020508
251,PhysioNet,PhysioNet:f01,Anaerobic,0.7323470711708069,0.8826615810394287
252,PhysioNet,PhysioNet:f01,Anaerobic,0.632676899433136,0.6115684509277344
253,PhysioNet,PhysioNet:f01,Anaerobic,0.8061034083366394,0.8040633797645569
254,PhysioNet,PhysioNet:f01,Anaerobic,0.538833498954773,0.6597010493278503
255,PhysioNet,PhysioNet:f01,Anaerobic,0.5907145738601685,0.09634847939014435
256,PhysioNet,PhysioNet:f01,Anaerobic,0.5958392024040222,0.12256763130426407
111,PhysioNet,PhysioNet:f02,Anaerobic,0.4699782133102417,0.9217699766159058
112,PhysioNet,PhysioNet:f02,Anaerobic,0.7738956809043884,0.9468028545379639
113,PhysioNet,PhysioNet:f02,Anaerobic,0.9033214449882507,0.9153015613555908
114,PhysioNet,PhysioNet:f02,Anaerobic,0.9073824286460876,0.8119291067123413
115,PhysioNet,PhysioNet:f02,Anaerobic,0.7868136763572693,0.5203168392181396
116,PhysioNet,PhysioNet:f02,Anaerobic,0.4925808310508728,0.4994892477989197
117,PhysioNet,PhysioNet:f02,Anaerobic,0.4615878760814667,0.8669307231903076
118,PhysioNet,PhysioNet:f02,Anaerobic,0.7928205132484436,0.9773043394088745
119,PhysioNet,PhysioNet:f02,Anaerobic,0.7420271635055542,0.985558032989502
120,PhysioNet,PhysioNet:f02,Anaerobic,0.8511123061180115,0.959725022315979
121,PhysioNet,PhysioNet:f02,Anaerobic,0.3441176414489746,0.2796865999698639
122,PhysioNet,PhysioNet:f02,Anaerobic,0.2733514904975891,0.5047680735588074
123,PhysioNet,PhysioNet:f02,Anaerobic,0.6870712637901306,0.9715539813041687
124,PhysioNet,PhysioNet:f02,Anaerobic,0.6622465252876282,0.982842743396759
125,PhysioNet,PhysioNet:f02,Anaerobic,0.5400500297546387,0.9701391458511353
126,PhysioNet,PhysioNet:f02,Anaerobic,0.5179211497306824,0.970064640045166
127,PhysioNet,PhysioNet:f02,Anaerobic,0.2512015104293823,0.783682107925415
128,PhysioNet,PhysioNet:f02,Anaerobic,0.2648453116416931,0.8288692235946655
129,PhysioNet,PhysioNet:f02,Anaerobic,0.4565097689628601,0.9513554573059082
130,PhysioNet,PhysioNet:f02,Anaerobic,0.3895922303199768,0.9401848912239075
131,PhysioNet,PhysioNet:f02,Anaerobic,0.2689588665962219,0.8529788851737976
132,PhysioNet,PhysioNet:f02,Anaerobic,0.23673494160175323,0.8703838586807251
133,PhysioNet,PhysioNet:f02,Anaerobic,0.2787885069847107,0.7256457805633545
134,PhysioNet,PhysioNet:f02,Anaerobic,0.21550729870796204,0.04532041400671005
135,PhysioNet,PhysioNet:f02,Anaerobic,0.10207415372133255,0.2253774255514145
136,PhysioNet,PhysioNet:f02,Anaerobic,0.15403543412685394,0.313538134098053
137,PhysioNet,PhysioNet:f02,Anaerobic,0.6888024210929871,0.8721802830696106
138,PhysioNet,PhysioNet:f02,Anaerobic,0.9344391822814941,0.8357359170913696
139,PhysioNet,PhysioNet:f02,Anaerobic,0.7010281682014465,0.7793082594871521
140,PhysioNet,PhysioNet:f02,Anaerobic,0.7961446642875671,0.7359548807144165
141,PhysioNet,PhysioNet:f02,Anaerobic,0.9515278935432434,0.6419155597686768
142,PhysioNet,PhysioNet:f02,Anaerobic,0.9313234090805054,0.7966557145118713
143,PhysioNet,PhysioNet:f02,Anaerobic,0.9285483360290527,0.8047756552696228
144,PhysioNet,PhysioNet:f02,Anaerobic,0.9646212458610535,0.7902476191520691
145,PhysioNet,PhysioNet:f02,Anaerobic,0.9492630362510681,0.9253329634666443
146,PhysioNet,PhysioNet:f02,Anaerobic,0.6703852415084839,0.1310107260942459
147,PhysioNet,PhysioNet:f02,Anaerobic,0.7618669867515564,0.03260481730103493
148,PhysioNet,PhysioNet:f02,Anaerobic,0.2812992036342621,0.012860356830060482
149,PhysioNet,PhysioNet:f02,Anaerobic,0.806452751159668,0.9417484998703003
150,PhysioNet,PhysioNet:f02,Anaerobic,0.8708580136299133,0.8872906565666199
151,PhysioNet,PhysioNet:f02,Anaerobic,0.8842411041259766,0.906228244304657
152,PhysioNet,PhysioNet:f02,Anaerobic,0.8368017077445984,0.9144631028175354
153,PhysioNet,PhysioNet:f02,Anaerobic,0.8210360407829285,0.793579638004303
154,PhysioNet,PhysioNet:f02,Anaerobic,0.8849394917488098,0.7240521907806396
155,PhysioNet,PhysioNet:f02,Anaerobic,0.700998067855835,0.8319449424743652
156,PhysioNet,PhysioNet:f02,Anaerobic,0.7707114219665527,0.8727743625640869
157,PhysioNet,PhysioNet:f02,Anaerobic,0.7833592295646667,0.912795901298523
158,PhysioNet,PhysioNet:f02,Anaerobic,0.8367957472801208,0.89244544506073
159,PhysioNet,PhysioNet:f02,Anaerobic,0.6431768536567688,0.7346798181533813
160,PhysioNet,PhysioNet:f02,Anaerobic,0.6372963786125183,0.2257026731967926
161,PhysioNet,PhysioNet:f02,Anaerobic,0.7411869168281555,0.7926402688026428
162,PhysioNet,PhysioNet:f02,Anaerobic,0.719880223274231,0.8698111772537231
163,PhysioNet,PhysioNet:f02,Anaerobic,0.7142514586448669,0.8404750823974609
164,PhysioNet,PhysioNet:f02,Anaerobic,0.9229238629341125,0.4290177822113037
165,PhysioNet,PhysioNet:f02,Anaerobic,0.5900585055351257,0.8800362944602966
166,PhysioNet,PhysioNet:f02,Anaerobic,0.8008712530136108,0.8795337677001953
167,PhysioNet,PhysioNet:f02,Anaerobic,0.7547177672386169,0.8884701132774353
168,PhysioNet,PhysioNet:f02,Anaerobic,0.7788727879524231,0.8736170530319214
169,PhysioNet,PhysioNet:f02,Anaerobic,0.9032557010650635,0.3819822072982788
170,PhysioNet,PhysioNet:f02,Anaerobic,0.8243546485900879,0.8628394603729248
171,PhysioNet,PhysioNet:f02,Anaerobic,0.9234535694122314,0.9876541495323181
172,PhysioNet,PhysioNet:f02,Anaerobic,0.808801531791687,0.9785351157188416
173,PhysioNet,PhysioNet:f02,Anaerobic,0.8224902749061584,0.9785506725311279
174,PhysioNet,PhysioNet:f02,Anaerobic,0.8297799229621887,0.9788429737091064
175,PhysioNet,PhysioNet:f02,Anaerobic,0.6600656509399414,0.9206535816192627
176,PhysioNet,PhysioNet:f02,Anaerobic,0.6227041482925415,0.8815832138061523
177,PhysioNet,PhysioNet:f02,Anaerobic,0.7100079655647278,0.9690088629722595
178,PhysioNet,PhysioNet:f02,Anaerobic,0.7760694622993469,0.9688906669616699
179,PhysioNet,PhysioNet:f02,Anaerobic,0.9339251518249512,0.9827924370765686
180,PhysioNet,PhysioNet:f02,Anaerobic,0.8593633770942688,0.7433642745018005
181,PhysioNet,PhysioNet:f02,Anaerobic,0.6187114715576172,0.8828071355819702
182,PhysioNet,PhysioNet:f02,Anaerobic,0.7196529507637024,0.8736509680747986
183,PhysioNet,PhysioNet:f02,Anaerobic,0.7467638254165649,0.9078562259674072
184,PhysioNet,PhysioNet:f02,Anaerobic,0.9843361377716064,0.9173997640609741
185,PhysioNet,PhysioNet:f02,Anaerobic,0.981717050075531,0.988298237323761
186,PhysioNet,PhysioNet:f02,Anaerobic,0.9840199947357178,0.9874674677848816
187,PhysioNet,PhysioNet:f02,Anaerobic,0.9093033671379089,0.8337987065315247
188,PhysioNet,PhysioNet:f02,Anaerobic,0.9706671237945557,0.8367646336555481
164,PhysioNet,PhysioNet:f03,Anaerobic,0.04520929232239723,0.04639097675681114
165,PhysioNet,PhysioNet:f03,Anaerobic,0.03077426180243492,0.12307250499725342
166,PhysioNet,PhysioNet:f03,Anaerobic,0.02284272201359272,0.02992047183215618
167,PhysioNet,PhysioNet:f03,Anaerobic,0.018557950854301453,0.27730345726013184
168,PhysioNet,PhysioNet:f03,Anaerobic,0.019876617938280106,0.379323273897171
169,PhysioNet,PhysioNet:f03,Anaerobic,0.02166266366839409,0.27690449357032776
170,PhysioNet,PhysioNet:f03,Anaerobic,0.007075500208884478,0.08924610167741776
171,PhysioNet,PhysioNet:f03,Anaerobic,0.008069721050560474,0.08627517521381378
172,PhysioNet,PhysioNet:f03,Anaerobic,0.009841660968959332,0.034525711089372635
173,PhysioNet,PhysioNet:f03,Anaerobic,0.015698807314038277,0.08206485956907272
174,PhysioNet,PhysioNet:f03,Anaerobic,0.013360715471208096,0.2732321619987488
175,PhysioNet,PhysioNet:f03,Anaerobic,0.01334605272859335,0.21560975909233093
176,PhysioNet,PhysioNet:f03,Anaerobic,0.009737028740346432,0.08231838047504425
177,PhysioNet,PhysioNet:f03,Anaerobic,0.01165658701211214,0.3802495002746582
178,PhysioNet,PhysioNet:f03,Anaerobic,0.013249396346509457,0.2249145656824112
179,PhysioNet,PhysioNet:f03,Anaerobic,0.016838597133755684,0.0394621267914772
180,PhysioNet,PhysioNet:f03,Anaerobic,0.025455033406615257,0.017931202426552773
181,PhysioNet,PhysioNet:f03,Anaerobic,0.02635876089334488,0.017392240464687347
182,PhysioNet,PhysioNet:f03,Anaerobic,0.018151776865124702,0.06315977871417999
183,PhysioNet,PhysioNet:f03,Anaerobic,0.015295485034584999,0.04734664037823677
184,PhysioNet,PhysioNet:f03,Anaerobic,0.024857616052031517,0.01857655867934227
185,PhysioNet,PhysioNet:f03,Anaerobic,0.016063019633293152,0.025247493758797646
186,PhysioNet,PhysioNet:f03,Anaerobic,0.02884882315993309,0.03444638103246689
187,PhysioNet,PhysioNet:f03,Anaerobic,0.00731557235121727,0.05103824660181999
188,PhysioNet,PhysioNet:f03,Anaerobic,0.01510415505617857,0.10962115228176117
189,PhysioNet,PhysioNet:f03,Anaerobic,0.013050741516053677,0.2649329900741577
190,PhysioNet,PhysioNet:f03,Anaerobic,0.009177089668810368,0.5624411702156067
191,PhysioNet,PhysioNet:f03,Anaerobic,0.01221777405589819,0.41959723830223083
192,PhysioNet,PhysioNet:f03,Anaerobic,0.020445579662919044,0.05704564228653908
193,PhysioNet,PhysioNet:f03,Anaerobic,0.007204878609627485,0.14117500185966492
194,PhysioNet,PhysioNet:f03,Anaerobic,0.009218006394803524,0.1307533085346222
195,PhysioNet,PhysioNet:f03,Anaerobic,0.011120680719614029,0.08536308258771896
196,PhysioNet,PhysioNet:f03,Anaerobic,0.020083112642169,0.13139134645462036
197,PhysioNet,PhysioNet:f03,Anaerobic,0.015687376260757446,0.32066428661346436
198,PhysioNet,PhysioNet:f03,Anaerobic,0.012074420228600502,0.6042787432670593
199,PhysioNet,PhysioNet:f03,Anaerobic,0.012668128125369549,0.105130136013031
200,PhysioNet,PhysioNet:f03,Anaerobic,0.013723261654376984,0.07728263735771179
201,PhysioNet,PhysioNet:f03,Anaerobic,0.013598590157926083,0.21253801882266998
202,PhysioNet,PhysioNet:f03,Anaerobic,0.01932222954928875,0.21410132944583893
203,PhysioNet,PhysioNet:f03,Anaerobic,0.01291258167475462,0.14659173786640167
204,PhysioNet,PhysioNet:f03,Anaerobic,0.01040023285895586,0.11404842138290405
205,PhysioNet,PhysioNet:f03,Anaerobic,0.011059652082622051,0.06921715289354324
206,PhysioNet,PhysioNet:f03,Anaerobic,0.008600178174674511,0.08918146789073944
207,PhysioNet,PhysioNet:f03,Anaerobic,0.009954805485904217,0.316866010427475
208,PhysioNet,PhysioNet:f03,Anaerobic,0.008744318038225174,0.4109770655632019
209,PhysioNet,PhysioNet:f03,Anaerobic,0.00796725507825613,0.12430767714977264
210,PhysioNet,PhysioNet:f03,Anaerobic,0.007219870574772358,0.08412551134824753
211,PhysioNet,PhysioNet:f03,Anaerobic,0.010111656039953232,0.049778904765844345
212,PhysioNet,PhysioNet:f03,Anaerobic,0.01161305420100689,0.024163464084267616
213,PhysioNet,PhysioNet:f03,Anaerobic,0.02955647185444832,0.018056539818644524
214,PhysioNet,PhysioNet:f03,Anaerobic,0.02955647185444832,0.018056539818644524
215,PhysioNet,PhysioNet:f03,Anaerobic,0.01455029845237732,0.3151356279850006
216,PhysioNet,PhysioNet:f03,Anaerobic,0.03094784915447235,0.30677706003189087
217,PhysioNet,PhysioNet:f03,Anaerobic,0.013712545856833458,0.022850828245282173
218,PhysioNet,PhysioNet:f03,Anaerobic,0.03064115159213543,0.019763244315981865
219,PhysioNet,PhysioNet:f03,Anaerobic,0.0917920395731926,0.06968832015991211
220,PhysioNet,PhysioNet:f03,Anaerobic,0.1630360186100006,0.05353063717484474
221,PhysioNet,PhysioNet:f03,Anaerobic,0.12405466288328171,0.06430263817310333
222,PhysioNet,PhysioNet:f03,Anaerobic,0.19018104672431946,0.7577093243598938
223,PhysioNet,PhysioNet:f03,Anaerobic,0.805142879486084,0.9827857613563538
224,PhysioNet,PhysioNet:f03,Anaerobic,0.9603431820869446,0.9797381162643433
225,PhysioNet,PhysioNet:f03,Anaerobic,0.9603036046028137,0.9663505554199219
226,PhysioNet,PhysioNet:f03,Anaerobic,0.9405946731567383,0.675508975982666
227,PhysioNet,PhysioNet:f03,Anaerobic,0.9447213411331177,0.7951270341873169
228,PhysioNet,PhysioNet:f03,Anaerobic,0.9685915112495422,0.9526261687278748
229,PhysioNet,PhysioNet:f03,Anaerobic,0.9373140931129456,0.835910439491272
230,PhysioNet,PhysioNet:f03,Anaerobic,0.9643035531044006,0.930544376373291
231,PhysioNet,PhysioNet:f03,Anaerobic,0.9659314155578613,0.9703834652900696
232,PhysioNet,PhysioNet:f03,Anaerobic,0.9489095211029053,0.9779562950134277
233,PhysioNet,PhysioNet:f03,Anaerobic,0.9735165238380432,0.642084002494812
234,PhysioNet,PhysioNet:f03,Anaerobic,0.8508864045143127,0.5041351318359375
235,PhysioNet,PhysioNet:f03,Anaerobic,0.7982888221740723,0.6382902264595032
236,PhysioNet,PhysioNet:f03,Anaerobic,0.8150538802146912,0.5451898574829102
237,PhysioNet,PhysioNet:f03,Anaerobic,0.7417308688163757,0.40957143902778625
238,PhysioNet,PhysioNet:f03,Anaerobic,0.6237996220588684,0.4013843238353729
239,PhysioNet,PhysioNet:f03,Anaerobic,0.7232779860496521,0.47618260979652405
240,PhysioNet,PhysioNet:f03,Anaerobic,0.7977562546730042,0.5716894865036011
241,PhysioNet,PhysioNet:f03,Anaerobic,0.6165167689323425,0.35302409529685974
242,PhysioNet,PhysioNet:f03,Anaerobic,0.7034741640090942,0.35052818059921265
243,PhysioNet,PhysioNet:f03,Anaerobic,0.8847705721855164,0.9675631523132324
244,PhysioNet,PhysioNet:f03,Anaerobic,0.42786645889282227,0.5562428832054138
245,PhysioNet,PhysioNet:f03,Anaerobic,0.495888352394104,0.5658386945724487
246,PhysioNet,PhysioNet:f03,Anaerobic,0.5317294597625732,0.6664737462997437
247,PhysioNet,PhysioNet:f03,Anaerobic,0.6982048153877258,0.5274047255516052
248,PhysioNet,PhysioNet:f03,Anaerobic,0.7753510475158691,0.6135886907577515
249,PhysioNet,PhysioNet:f03,Anaerobic,0.581475019454956,0.44272691011428833
250,PhysioNet,PhysioNet:f03,Anaerobic,0.7040848731994629,0.74246746301651
251,PhysioNet,PhysioNet:f03,Anaerobic,0.8754206299781799,0.9863042235374451
252,PhysioNet,PhysioNet:f03,Anaerobic,0.8396971225738525,0.9652997255325317
253,PhysioNet,PhysioNet:f03,Anaerobic,0.7982931137084961,0.9769894480705261
254,PhysioNet,PhysioNet:f03,Anaerobic,0.7426901459693909,0.9787546992301941
255,PhysioNet,PhysioNet:f03,Anaerobic,0.7640389204025269,0.5619117021560669
256,PhysioNet,PhysioNet:f03,Anaerobic,0.9166843891143799,0.6322766542434692
257,PhysioNet,PhysioNet:f03,Anaerobic,0.9420262575149536,0.7941104769706726
258,PhysioNet,PhysioNet:f03,Anaerobic,0.7972903847694397,0.2383752465248108
259,PhysioNet,PhysioNet:f03,Anaerobic,0.7457398772239685,0.17770691215991974
260,PhysioNet,PhysioNet:f03,Anaerobic,0.8890560865402222,0.1977211833000183
147,PhysioNet,PhysioNet:f04,Anaerobic,0.7240403890609741,0.6118127703666687
148,PhysioNet,PhysioNet:f04,Anaerobic,0.8295899033546448,0.7205251455307007
149,PhysioNet,PhysioNet:f04,Anaerobic,0.7995352745056152,0.5911719799041748
150,PhysioNet,PhysioNet:f04,Anaerobic,0.45791319012641907,0.4109594523906708
151,PhysioNet,PhysioNet:f04,Anaerobic,0.8297743797302246,0.8536458611488342
152,PhysioNet,PhysioNet:f04,Anaerobic,0.8297743797302246,0.8536458611488342
153,PhysioNet,PhysioNet:f04,Anaerobic,0.6428821682929993,0.6734486818313599
154,PhysioNet,PhysioNet:f04,Anaerobic,0.6633322834968567,0.49544236063957214
155,PhysioNet,PhysioNet:f04,Anaerobic,0.7891526818275452,0.9072965383529663
156,PhysioNet,PhysioNet:f04,Anaerobic,0.8652895092964172,0.8794834613800049
157,PhysioNet,PhysioNet:f04,Anaerobic,0.8459835648536682,0.7458615303039551
158,PhysioNet,PhysioNet:f04,Anaerobic,0.7923089265823364,0.2281012386083603
159,PhysioNet,PhysioNet:f04,Anaerobic,0.898307740688324,0.2780400812625885
160,PhysioNet,PhysioNet:f04,Anaerobic,0.898307740688324,0.2780400812625885
161,PhysioNet,PhysioNet:f04,Anaerobic,0.871608555316925,0.2780400812625885
162,PhysioNet,PhysioNet:f04,Anaerobic,0.8916867971420288,0.2780400812625885
163,PhysioNet,PhysioNet:f04,Anaerobic,0.5105326771736145,0.26501718163490295
164,PhysioNet,PhysioNet:f04,Anaerobic,0.7668918967247009,0.4202549457550049
165,PhysioNet,PhysioNet:f04,Anaerobic,0.8075224757194519,0.3664744794368744
166,PhysioNet,PhysioNet:f04,Anaerobic,0.718143105506897,0.07599800825119019
167,PhysioNet,PhysioNet:f04,Anaerobic,0.8947925567626953,0.3836105465888977
168,PhysioNet,PhysioNet:f04,Anaerobic,0.8947925567626953,0.3836105465888977
169,PhysioNet,PhysioNet:f04,Anaerobic,0.898307740688324,0.34195759892463684
170,PhysioNet,PhysioNet:f04,Anaerobic,0.8832449913024902,0.39379778504371643
171,PhysioNet,PhysioNet:f04,Anaerobic,0.5907145738601685,0.09471355378627777
172,PhysioNet,PhysioNet:f04,Anaerobic,0.822882890701294,0.39664962887763977
173,PhysioNet,PhysioNet:f04,Anaerobic,0.8141619563102722,0.4328477680683136
174,PhysioNet,PhysioNet:f04,Anaerobic,0.6148818135261536,0.2218116968870163
175,PhysioNet,PhysioNet:f04,Anaerobic,0.5958392024040222,0.19545091688632965
176,PhysioNet,PhysioNet:f04,Anaerobic,0.5907145738601685,0.09471355378627777
177,PhysioNet,PhysioNet:f04,Anaerobic,0.8334066271781921,0.2947556674480438
178,PhysioNet,PhysioNet:f04,Anaerobic,0.894623875617981,0.3929983377456665
179,PhysioNet,PhysioNet:f04,Anaerobic,0.8077164888381958,0.5372346639633179
180,PhysioNet,PhysioNet:f04,Anaerobic,0.5576821565628052,0.4330688714981079
181,PhysioNet,PhysioNet:f04,Anaerobic,0.7862125039100647,0.08220638334751129
182,PhysioNet,PhysioNet:f04,Anaerobic,0.8092159032821655,0.5419002771377563
183,PhysioNet,PhysioNet:f04,Anaerobic,0.56988126039505,0.4761938452720642
184,PhysioNet,PhysioNet:f04,Anaerobic,0.49674734473228455,0.5746071934700012
185,PhysioNet,PhysioNet:f04,Anaerobic,0.49489402770996094,0.5146102905273438
186,PhysioNet,PhysioNet:f04,Anaerobic,0.56988126039505,0.4761938452720642
187,PhysioNet,PhysioNet:f04,Anaerobic,0.556052029132843,0.5529232621192932
188,PhysioNet,PhysioNet:f04,Anaerobic,0.47255754470825195,0.45713329315185547
189,PhysioNet,PhysioNet:f04,Anaerobic,0.49489402770996094,0.44541415572166443
190,PhysioNet,PhysioNet:f04,Anaerobic,0.47255754470825195,0.37313857674598694
191,PhysioNet,PhysioNet:f04,Anaerobic,0.5840662121772766,0.5948101282119751
192,PhysioNet,PhysioNet:f04,Anaerobic,0.49704667925834656,0.5864976048469543
193,PhysioNet,PhysioNet:f04,Anaerobic,0.4803026616573334,0.7411787509918213
166,PhysioNet,PhysioNet:f05,Anaerobic,0.022760827094316483,0.6599838733673096
167,PhysioNet,PhysioNet:f05,Anaerobic,0.02089970000088215,0.575799822807312
168,PhysioNet,PhysioNet:f05,Anaerobic,0.02213781327009201,0.6655932068824768
169,PhysioNet,PhysioNet:f05,Anaerobic,0.026710597798228264,0.5133904814720154
170,PhysioNet,PhysioNet:f05,Anaerobic,0.022002940997481346,0.16579484939575195
171,PhysioNet,PhysioNet:f05,Anaerobic,0.021413804963231087,0.23984846472740173
172,PhysioNet,PhysioNet:f05,Anaerobic,0.02084048092365265,0.19513016939163208
173,PhysioNet,PhysioNet:f05,Anaerobic,0.021040579304099083,0.24631427228450775
174,PhysioNet,PhysioNet:f05,Anaerobic,0.027818188071250916,0.4020187258720398
175,PhysioNet,PhysioNet:f05,Anaerobic,0.030778659507632256,0.2532857656478882
176,PhysioNet,PhysioNet:f05,Anaerobic,0.021563837304711342,0.2320040613412857
177,PhysioNet,PhysioNet:f05,Anaerobic,0.029224157333374023,0.4430660605430603
178,PhysioNet,PhysioNet:f05,Anaerobic,0.03291131183505058,0.3084529638290405
179,PhysioNet,PhysioNet:f05,Anaerobic,0.030060306191444397,0.40760281682014465
180,PhysioNet,PhysioNet:f05,Anaerobic,0.030060306191444397,0.40760281682014465
181,PhysioNet,PhysioNet:f05,Anaerobic,0.03538887947797775,0.2509065270423889
182,PhysioNet,PhysioNet:f05,Anaerobic,0.0323660634458065,0.3360134959220886
183,PhysioNet,PhysioNet:f05,Anaerobic,0.02753509022295475,0.2999567687511444
184,PhysioNet,PhysioNet:f05,Anaerobic,0.021898852661252022,0.16648586094379425
185,PhysioNet,PhysioNet:f05,Anaerobic,0.02343132719397545,0.23421622812747955
186,PhysioNet,PhysioNet:f05,Anaerobic,0.025797748938202858,0.1730697900056839
187,PhysioNet,PhysioNet:f05,Anaerobic,0.02411455102264881,0.23063595592975616
188,PhysioNet,PhysioNet:f05,Anaerobic,0.025862867012619972,0.23421622812747955
189,PhysioNet,PhysioNet:f05,Anaerobic,0.05288822948932648,0.558727502822876
190,PhysioNet,PhysioNet:f05,Anaerobic,0.03778462111949921,0.4994399845600128
191,PhysioNet,PhysioNet:f05,Anaerobic,0.011461549438536167,0.3724367618560791
192,PhysioNet,PhysioNet:f05,Anaerobic,0.010331760160624981,0.294421911239624
193,PhysioNet,PhysioNet:f05,Anaerobic,0.010294386185705662,0.1374017745256424
194,PhysioNet,PhysioNet:f05,Anaerobic,0.011843261308968067,0.14610344171524048
195,PhysioNet,PhysioNet:f05,Anaerobic,0.043280601501464844,0.5856140851974487
196,PhysioNet,PhysioNet:f05,Anaerobic,0.05779832974076271,0.12364941835403442
197,PhysioNet,PhysioNet:f05,Anaerobic,0.03066803328692913,0.2828207314014435
198,PhysioNet,PhysioNet:f05,Anaerobic,0.04005904868245125,0.2678733170032501
199,PhysioNet,PhysioNet:f05,Anaerobic,0.024751082062721252,0.597128689289093
200,PhysioNet,PhysioNet:f05,Anaerobic,0.2385181188583374,0.08801393955945969
201,PhysioNet,PhysioNet:f05,Anaerobic,0.18431232869625092,0.017818979918956757
202,PhysioNet,PhysioNet:f05,Anaerobic,0.13302704691886902,0.1540985107421875
203,PhysioNet,PhysioNet:f05,Anaerobic,0.45682957768440247,0.5731750726699829
204,PhysioNet,PhysioNet:f05,Anaerobic,0.8054654598236084,0.26128023862838745
205,PhysioNet,PhysioNet:f05,Anaerobic,0.6590185165405273,0.3186860680580139
206,PhysioNet,PhysioNet:f05,Anaerobic,0.3348197638988495,0.32301461696624756
207,PhysioNet,PhysioNet:f05,Anaerobic,0.5132913589477539,0.4774739444255829
208,PhysioNet,PhysioNet:f05,Anaerobic,0.47496965527534485,0.37269794940948486
209,PhysioNet,PhysioNet:f05,Anaerobic,0.21186786890029907,0.07110046595335007
210,PhysioNet,PhysioNet:f05,Anaerobic,0.14703930914402008,0.15387459099292755
211,PhysioNet,PhysioNet:f05,Anaerobic,0.22166338562965393,0.2197355180978775
212,PhysioNet,PhysioNet:f05,Anaerobic,0.8107137680053711,0.3039323091506958
213,PhysioNet,PhysioNet:f05,Anaerobic,0.7159607410430908,0.1847967803478241
214,PhysioNet,PhysioNet:f05,Anaerobic,0.8181575536727905,0.09360641241073608
215,PhysioNet,PhysioNet:f05,Anaerobic,0.8677203059196472,0.4214041829109192
216,PhysioNet,PhysioNet:f05,Anaerobic,0.9328334927558899,0.9209059476852417
217,PhysioNet,PhysioNet:f05,Anaerobic,0.9748420119285583,0.5659292340278625
218,PhysioNet,PhysioNet:f05,Anaerobic,0.9053282737731934,0.14074522256851196
219,PhysioNet,PhysioNet:f05,Anaerobic,0.8913198113441467,0.3501933217048645
220,PhysioNet,PhysioNet:f05,Anaerobic,0.7999650835990906,0.3769300878047943
221,PhysioNet,PhysioNet:f05,Anaerobic,0.6386297941207886,0.160807266831398
222,PhysioNet,PhysioNet:f05,Anaerobic,0.7965443730354309,0.22020383179187775
223,PhysioNet,PhysioNet:f05,Anaerobic,0.8830601572990417,0.4962245225906372
224,PhysioNet,PhysioNet:f05,Anaerobic,0.2723710536956787,0.10529540479183197
225,PhysioNet,PhysioNet:f05,Anaerobic,0.17636452615261078,0.04634517803788185
226,PhysioNet,PhysioNet:f05,Anaerobic,0.5498514771461487,0.1109483391046524
227,PhysioNet,PhysioNet:f05,Anaerobic,0.7652708292007446,0.2560420632362366
228,PhysioNet,PhysioNet:f05,Anaerobic,0.7104595303535461,0.21813930571079254
229,PhysioNet,PhysioNet:f05,Anaerobic,0.7104595303535461,0.21813930571079254
230,PhysioNet,PhysioNet:f05,Anaerobic,0.7494421601295471,0.2504410743713379
231,PhysioNet,PhysioNet:f05,Anaerobic,0.6650273203849792,0.12353978306055069
232,PhysioNet,PhysioNet:f05,Anaerobic,0.5441586971282959,0.12073630839586258
233,PhysioNet,PhysioNet:f05,Anaerobic,0.7861147522926331,0.19394823908805847
234,PhysioNet,PhysioNet:f05,Anaerobic,0.7263473272323608,0.13550445437431335
235,PhysioNet,PhysioNet:f05,Anaerobic,0.8323534727096558,0.2097962200641632
236,PhysioNet,PhysioNet:f05,Anaerobic,0.7798947691917419,0.25866377353668213
237,PhysioNet,PhysioNet:f05,Anaerobic,0.7263473272323608,0.16191670298576355
238,PhysioNet,PhysioNet:f05,Anaerobic,0.730600118637085,0.3518699109554291
239,PhysioNet,PhysioNet:f05,Anaerobic,0.7415672540664673,0.28042417764663696
240,PhysioNet,PhysioNet:f05,Anaerobic,0.7474085092544556,0.14997151494026184
241,PhysioNet,PhysioNet:f05,Anaerobic,0.8150179386138916,0.73573237657547
242,PhysioNet,PhysioNet:f05,Anaerobic,0.8919394016265869,0.5508516430854797
156,PhysioNet,PhysioNet:f06,Anaerobic,0.8266478180885315,0.45844829082489014
157,PhysioNet,PhysioNet:f06,Anaerobic,0.894623875617981,0.4058297574520111
158,PhysioNet,PhysioNet:f06,Anaerobic,0.894623875617981,0.3504648208618164
159,PhysioNet,PhysioNet:f06,Anaerobic,0.894623875617981,0.36425143480300903
160,PhysioNet,PhysioNet:f06,Anaerobic,0.5958392024040222,0.1285029947757721
161,PhysioNet,PhysioNet:f06,Anaerobic,0.581520140171051,0.09771256148815155
162,PhysioNet,PhysioNet:f06,Anaerobic,0.898307740688324,0.293465256690979
163,PhysioNet,PhysioNet:f06,Anaerobic,0.8468098640441895,0.3752230405807495
164,PhysioNet,PhysioNet:f06,Anaerobic,0.8183214068412781,0.3752230405807495
165,PhysioNet,PhysioNet:f06,Anaerobic,0.894623875617981,0.4058297574520111
166,PhysioNet,PhysioNet:f06,Anaerobic,0.894623875617981,0.4058297574520111
167,PhysioNet,PhysioNet:f06,Anaerobic,0.5958392024040222,0.1347665637731552
168,PhysioNet,PhysioNet:f06,Anaerobic,0.5958392024040222,0.1285029947757721
169,PhysioNet,PhysioNet:f06,Anaerobic,0.6131820678710938,0.1347665637731552
170,PhysioNet,PhysioNet:f06,Anaerobic,0.830736517906189,0.48591604828834534
171,PhysioNet,PhysioNet:f06,Anaerobic,0.894623875617981,0.4058297574520111
172,PhysioNet,PhysioNet:f06,Anaerobic,0.8968999981880188,0.4058297574520111
173,PhysioNet,PhysioNet:f06,Anaerobic,0.8276066184043884,0.474107027053833
174,PhysioNet,PhysioNet:f06,Anaerobic,0.5521602034568787,0.2863878309726715
175,PhysioNet,PhysioNet:f06,Anaerobic,0.5436973571777344,0.2475730925798416
176,PhysioNet,PhysioNet:f06,Anaerobic,0.7370551824569702,0.3251959979534149
177,PhysioNet,PhysioNet:f06,Anaerobic,0.894623875617981,0.4058297574520111
178,PhysioNet,PhysioNet:f06,Anaerobic,0.5958392024040222,0.1347665637731552
179,PhysioNet,PhysioNet:f06,Anaerobic,0.5652630925178528,0.5232123136520386
180,PhysioNet,PhysioNet:f06,Anaerobic,0.6565079689025879,0.6918783783912659
181,PhysioNet,PhysioNet:f06,Anaerobic,0.8345107436180115,0.6529602408409119
182,PhysioNet,PhysioNet:f06,Anaerobic,0.4851134419441223,0.11280080676078796
183,PhysioNet,PhysioNet:f06,Anaerobic,0.4304077923297882,0.0290650837123394
184,PhysioNet,PhysioNet:f06,Anaerobic,0.894623875617981,0.4058297574520111
185,PhysioNet,PhysioNet:f06,Anaerobic,0.5958392024040222,0.1347665637731552
186,PhysioNet,PhysioNet:f06,Anaerobic,0.894623875617981,0.4058297574520111
187,PhysioNet,PhysioNet:f06,Anaerobic,0.8006249666213989,0.5564068555831909
188,PhysioNet,PhysioNet:f06,Anaerobic,0.8411088585853577,0.6057863235473633
189,PhysioNet,PhysioNet:f06,Anaerobic,0.7740795016288757,0.6140441298484802
190,PhysioNet,PhysioNet:f06,Anaerobic,0.8209238052368164,0.5651474595069885
191,PhysioNet,PhysioNet:f06,Anaerobic,0.8286653757095337,0.48799929022789
192,PhysioNet,PhysioNet:f06,Anaerobic,0.5098807215690613,0.4094119966030121
193,PhysioNet,PhysioNet:f06,Anaerobic,0.6131637692451477,0.6097584366798401
194,PhysioNet,PhysioNet:f06,Anaerobic,0.5098807215690613,0.4338148832321167
195,PhysioNet,PhysioNet:f06,Anaerobic,0.6080160140991211,0.14529606699943542
196,PhysioNet,PhysioNet:f06,Anaerobic,0.6080160140991211,0.14529606699943542
197,PhysioNet,PhysioNet:f06,Anaerobic,0.7847028374671936,0.16186267137527466
198,PhysioNet,PhysioNet:f06,Anaerobic,0.5958392024040222,0.1285029947757721
199,PhysioNet,PhysioNet:f06,Anaerobic,0.5283058285713196,0.6761095523834229
200,PhysioNet,PhysioNet:f06,Anaerobic,0.8947925567626953,0.3185080885887146
201,PhysioNet,PhysioNet:f06,Anaerobic,0.7794596552848816,0.10862834751605988
202,PhysioNet,PhysioNet:f06,Anaerobic,0.5270065665245056,0.8275764584541321
203,PhysioNet,PhysioNet:f06,Anaerobic,0.7569137811660767,0.6985194683074951
204,PhysioNet,PhysioNet:f06,Anaerobic,0.8947925567626953,0.3185080885887146
205,PhysioNet,PhysioNet:f06,Anaerobic,0.898307740688324,0.293465256690979
206,PhysioNet,PhysioNet:f06,Anaerobic,0.7740795016288757,0.5314251184463501
207,PhysioNet,PhysioNet:f06,Anaerobic,0.8030515909194946,0.5081397294998169
208,PhysioNet,PhysioNet:f06,Anaerobic,0.894623875617981,0.4058297574520111
209,PhysioNet,PhysioNet:f06,Anaerobic,0.894623875617981,0.4058297574520111
210,PhysioNet,PhysioNet:f06,Anaerobic,0.5958392024040222,0.1285029947757721
211,PhysioNet,PhysioNet:f06,Anaerobic,0.894623875617981,0.4058297574520111
212,PhysioNet,PhysioNet:f06,Anaerobic,0.894623875617981,0.4058297574520111
213,PhysioNet,PhysioNet:f06,Anaerobic,0.5010128021240234,0.4362265169620514
143,PhysioNet,PhysioNet:f07,Anaerobic,0.636253833770752,0.4032449424266815
144,PhysioNet,PhysioNet:f07,Anaerobic,0.3586038649082184,0.10630566626787186
145,PhysioNet,PhysioNet:f07,Anaerobic,0.898307740688324,0.3488398790359497
146,PhysioNet,PhysioNet:f07,Anaerobic,0.8921362161636353,0.3488398790359497
147,PhysioNet,PhysioNet:f07,Anaerobic,0.871608555316925,0.37117892503738403
148,PhysioNet,PhysioNet:f07,Anaerobic,0.871608555316925,0.3488398790359497
149,PhysioNet,PhysioNet:f07,Anaerobic,0.862190842628479,0.38805916905403137
150,PhysioNet,PhysioNet:f07,Anaerobic,0.898307740688324,0.40847519040107727
151,PhysioNet,PhysioNet:f07,Anaerobic,0.7859062552452087,0.10480911284685135
152,PhysioNet,PhysioNet:f07,Anaerobic,0.5469329953193665,0.17493580281734467
153,PhysioNet,PhysioNet:f07,Anaerobic,0.4369478225708008,0.2782096862792969
154,PhysioNet,PhysioNet:f07,Anaerobic,0.4026326537132263,0.1869284063577652
155,PhysioNet,PhysioNet:f07,Anaerobic,0.4026326537132263,0.11406375467777252
156,PhysioNet,PhysioNet:f07,Anaerobic,0.5469329953193665,0.10480911284685135
157,PhysioNet,PhysioNet:f07,Anaerobic,0.6116474866867065,0.2260584533214569
158,PhysioNet,PhysioNet:f07,Anaerobic,0.7502811551094055,0.5509814023971558
159,PhysioNet,PhysioNet:f07,Anaerobic,0.8139312267303467,0.2946223020553589
160,PhysioNet,PhysioNet:f07,Anaerobic,0.9007182717323303,0.39731448888778687
161,PhysioNet,PhysioNet:f07,Anaerobic,0.7902607321739197,0.14496536552906036
162,PhysioNet,PhysioNet:f07,Anaerobic,0.898307740688324,0.3488398790359497
163,PhysioNet,PhysioNet:f07,Anaerobic,0.898307740688324,0.3488398790359497
164,PhysioNet,PhysioNet:f07,Anaerobic,0.8222634792327881,0.6969190239906311
165,PhysioNet,PhysioNet:f07,Anaerobic,0.8079832196235657,0.8193643689155579
166,PhysioNet,PhysioNet:f07,Anaerobic,0.9007182717323303,0.5386784672737122
167,PhysioNet,PhysioNet:f07,Anaerobic,0.898307740688324,0.5386784672737122
168,PhysioNet,PhysioNet:f07,Anaerobic,0.8550424575805664,0.4507512152194977
169,PhysioNet,PhysioNet:f07,Anaerobic,0.8216851949691772,0.39984849095344543
170,PhysioNet,PhysioNet:f07,Anaerobic,0.8801094889640808,0.37263721227645874
171,PhysioNet,PhysioNet:f07,Anaerobic,0.4201986491680145,0.11406375467777252
172,PhysioNet,PhysioNet:f07,Anaerobic,0.4026326537132263,0.11406375467777252
173,PhysioNet,PhysioNet:f07,Anaerobic,0.4026326537132263,0.17980074882507324
174,PhysioNet,PhysioNet:f07,Anaerobic,0.7565173506736755,0.3686971664428711
175,PhysioNet,PhysioNet:f07,Anaerobic,0.898307740688324,0.3488398790359497
176,PhysioNet,PhysioNet:f07,Anaerobic,0.5958392024040222,0.12490354478359222
177,PhysioNet,PhysioNet:f07,Anaerobic,0.826500654220581,0.4124739468097687
178,PhysioNet,PhysioNet:f07,Anaerobic,0.739425003528595,0.4251517653465271
179,PhysioNet,PhysioNet:f07,Anaerobic,0.5949755311012268,0.24053405225276947
180,PhysioNet,PhysioNet:f07,Anaerobic,0.5781235098838806,0.15960657596588135
181,PhysioNet,PhysioNet:f07,Anaerobic,0.4378107488155365,0.18888114392757416
182,PhysioNet,PhysioNet:f07,Anaerobic,0.5601988434791565,0.0998442992568016
183,PhysioNet,PhysioNet:f07,Anaerobic,0.7912477254867554,0.3834158480167389
184,PhysioNet,PhysioNet:f07,Anaerobic,0.636253833770752,0.4032449424266815
185,PhysioNet,PhysioNet:f07,Anaerobic,0.636253833770752,0.4032449424266815
186,PhysioNet,PhysioNet:f07,Anaerobic,0.898307740688324,0.3876146674156189
187,PhysioNet,PhysioNet:f07,Anaerobic,0.5907145738601685,0.0998442992568016
188,PhysioNet,PhysioNet:f07,Anaerobic,0.898307740688324,0.3488398790359497
189,PhysioNet,PhysioNet:f07,Anaerobic,0.8916867971420288,0.3488398790359497
190,PhysioNet,PhysioNet:f07,Anaerobic,0.871608555316925,0.37117892503738403
191,PhysioNet,PhysioNet:f07,Anaerobic,0.871608555316925,0.37117892503738403
192,PhysioNet,PhysioNet:f07,Anaerobic,0.871608555316925,0.3488398790359497
193,PhysioNet,PhysioNet:f07,Anaerobic,0.871608555316925,0.37117892503738403
194,PhysioNet,PhysioNet:f07,Anaerobic,0.871608555316925,0.3488398790359497
195,PhysioNet,PhysioNet:f07,Anaerobic,0.8921362161636353,0.3488398790359497
196,PhysioNet,PhysioNet:f07,Anaerobic,0.8476740717887878,0.3347279727458954
197,PhysioNet,PhysioNet:f07,Anaerobic,0.871608555316925,0.37117892503738403
198,PhysioNet,PhysioNet:f07,Anaerobic,0.898307740688324,0.3488398790359497
199,PhysioNet,PhysioNet:f07,Anaerobic,0.898307740688324,0.3488398790359497
200,PhysioNet,PhysioNet:f07,Anaerobic,0.871608555316925,0.3834158480167389
201,PhysioNet,PhysioNet:f07,Anaerobic,0.5469329953193665,0.11406375467777252
202,PhysioNet,PhysioNet:f07,Anaerobic,0.5469329953193665,0.10890498757362366
203,PhysioNet,PhysioNet:f07,Anaerobic,0.5469329953193665,0.11406375467777252
204,PhysioNet,PhysioNet:f07,Anaerobic,0.871608555316925,0.3834158480167389
205,PhysioNet,PhysioNet:f07,Anaerobic,0.5469329953193665,0.10890498757362366
206,PhysioNet,PhysioNet:f07,Anaerobic,0.5469329953193665,0.10890498757362366
207,PhysioNet,PhysioNet:f07,Anaerobic,0.620795726776123,0.0998442992568016
208,PhysioNet,PhysioNet:f07,Anaerobic,0.7912477254867554,0.3834158480167389
209,PhysioNet,PhysioNet:f07,Anaerobic,0.871608555316925,0.37117892503738403
210,PhysioNet,PhysioNet:f07,Anaerobic,0.5907145738601685,0.0998442992568016
211,PhysioNet,PhysioNet:f07,Anaerobic,0.5469329953193665,0.10890498757362366
212,PhysioNet,PhysioNet:f07,Anaerobic,0.4026326537132263,0.11406375467777252
213,PhysioNet,PhysioNet:f07,Anaerobic,0.4026326537132263,0.11406375467777252
214,PhysioNet,PhysioNet:f07,Anaerobic,0.5469329953193665,0.10890498757362366
215,PhysioNet,PhysioNet:f07,Anaerobic,0.4026326537132263,0.11406375467777252
216,PhysioNet,PhysioNet:f07,Anaerobic,0.4026326537132263,0.11406375467777252
217,PhysioNet,PhysioNet:f07,Anaerobic,0.4442554712295532,0.1585671305656433
218,PhysioNet,PhysioNet:f07,Anaerobic,0.32611411809921265,0.33595481514930725
219,PhysioNet,PhysioNet:f07,Anaerobic,0.43619266152381897,0.24291963875293732
220,PhysioNet,PhysioNet:f07,Anaerobic,0.5907145738601685,0.20216408371925354
140,PhysioNet,PhysioNet:f08,Anaerobic,0.19759050011634827,0.3154371380805969
141,PhysioNet,PhysioNet:f08,Anaerobic,0.8433681130409241,0.815648078918457
142,PhysioNet,PhysioNet:f08,Anaerobic,0.8788644075393677,0.8145321607589722
143,PhysioNet,PhysioNet:f08,Anaerobic,0.9427897930145264,0.8834260106086731
144,PhysioNet,PhysioNet:f08,Anaerobic,0.9608253836631775,0.87823885679245
145,PhysioNet,PhysioNet:f08,Anaerobic,0.8343684077262878,0.6691250205039978
146,PhysioNet,PhysioNet:f08,Anaerobic,0.8857263326644897,0.7373634576797485
147,PhysioNet,PhysioNet:f08,Anaerobic,0.9674509763717651,0.8757054209709167
148,PhysioNet,PhysioNet:f08,Anaerobic,0.6521317958831787,0.16163398325443268
149,PhysioNet,PhysioNet:f08,Anaerobic,0.6521317958831787,0.16163398325443268
150,PhysioNet,PhysioNet:f08,Anaerobic,0.5286645293235779,0.4535433053970337
151,PhysioNet,PhysioNet:f08,Anaerobic,0.40645161271095276,0.6967829465866089
152,PhysioNet,PhysioNet:f08,Anaerobic,0.5683858394622803,0.0937822163105011
153,PhysioNet,PhysioNet:f08,Anaerobic,0.646695077419281,0.11980006843805313
154,PhysioNet,PhysioNet:f08,Anaerobic,0.894623875617981,0.5944847464561462
155,PhysioNet,PhysioNet:f08,Anaerobic,0.7345708608627319,0.616618275642395
156,PhysioNet,PhysioNet:f08,Anaerobic,0.40536215901374817,0.3806467652320862
157,PhysioNet,PhysioNet:f08,Anaerobic,0.8033319711685181,0.5049130320549011
158,PhysioNet,PhysioNet:f08,Anaerobic,0.570050835609436,0.18876981735229492
159,PhysioNet,PhysioNet:f08,Anaerobic,0.728700578212738,0.16974562406539917
160,PhysioNet,PhysioNet:f08,Anaerobic,0.38313257694244385,0.3610483705997467
161,PhysioNet,PhysioNet:f08,Anaerobic,0.25550785660743713,0.6602088212966919
162,PhysioNet,PhysioNet:f08,Anaerobic,0.12055912613868713,0.69441157579422
163,PhysioNet,PhysioNet:f08,Anaerobic,0.5500645637512207,0.2859664261341095
164,PhysioNet,PhysioNet:f08,Anaerobic,0.759531557559967,0.5699598789215088
165,PhysioNet,PhysioNet:f08,Anaerobic,0.6454588770866394,0.565151035785675
166,PhysioNet,PhysioNet:f08,Anaerobic,0.6790816187858582,0.046481601893901825
167,PhysioNet,PhysioNet:f08,Anaerobic,0.46960750222206116,0.3817612826824188
168,PhysioNet,PhysioNet:f08,Anaerobic,0.3433622121810913,0.6273922324180603
169,PhysioNet,PhysioNet:f08,Anaerobic,0.4690335690975189,0.6234641671180725
170,PhysioNet,PhysioNet:f08,Anaerobic,0.4100743234157562,0.7510154247283936
171,PhysioNet,PhysioNet:f08,Anaerobic,0.6522805094718933,0.6746467351913452
172,PhysioNet,PhysioNet:f08,Anaerobic,0.8601465225219727,0.44379135966300964
173,PhysioNet,PhysioNet:f08,Anaerobic,0.5411843657493591,0.24952296912670135
174,PhysioNet,PhysioNet:f08,Anaerobic,0.3856343924999237,0.1996033489704132
175,PhysioNet,PhysioNet:f08,Anaerobic,0.5440399050712585,0.32082363963127136
176,PhysioNet,PhysioNet:f08,Anaerobic,0.7891366481781006,0.36977583169937134
177,PhysioNet,PhysioNet:f08,Anaerobic,0.45285630226135254,0.5549523830413818
178,PhysioNet,PhysioNet:f08,Anaerobic,0.49374452233314514,0.6667870879173279
179,PhysioNet,PhysioNet:f08,Anaerobic,0.3438223600387573,0.4392205476760864
180,PhysioNet,PhysioNet:f08,Anaerobic,0.5497285723686218,0.23669593036174774
181,PhysioNet,PhysioNet:f08,Anaerobic,0.7849963903427124,0.6285460591316223
182,PhysioNet,PhysioNet:f08,Anaerobic,0.7329138517379761,0.5494081377983093
183,PhysioNet,PhysioNet:f08,Anaerobic,0.5783151984214783,0.4144192337989807
184,PhysioNet,PhysioNet:f08,Anaerobic,0.7537418007850647,0.7055738568305969
185,PhysioNet,PhysioNet:f08,Anaerobic,0.7740795016288757,0.8108402490615845
186,PhysioNet,PhysioNet:f08,Anaerobic,0.5296317934989929,0.7462449669837952
187,PhysioNet,PhysioNet:f08,Anaerobic,0.5473870635032654,0.6330660581588745
188,PhysioNet,PhysioNet:f08,Anaerobic,0.9196979403495789,0.9543386101722717
189,PhysioNet,PhysioNet:f08,Anaerobic,0.8836133480072021,0.984167754650116
190,PhysioNet,PhysioNet:f08,Anaerobic,0.7479184865951538,0.9709822535514832
191,PhysioNet,PhysioNet:f08,Anaerobic,0.8450882434844971,0.9424436688423157
192,PhysioNet,PhysioNet:f08,Anaerobic,0.7709776163101196,0.94092857837677
193,PhysioNet,PhysioNet:f08,Anaerobic,0.6043568253517151,0.8804152607917786
194,PhysioNet,PhysioNet:f08,Anaerobic,0.5587722659111023,0.6722635626792908
195,PhysioNet,PhysioNet:f08,Anaerobic,0.9038740992546082,0.9668080806732178
196,PhysioNet,PhysioNet:f08,Anaerobic,0.9117030501365662,0.9872877597808838
197,PhysioNet,PhysioNet:f08,Anaerobic,0.7277638912200928,0.9308534860610962
198,PhysioNet,PhysioNet:f08,Anaerobic,0.7048656940460205,0.9426641464233398
199,PhysioNet,PhysioNet:f08,Anaerobic,0.6069331765174866,0.9045729637145996
200,PhysioNet,PhysioNet:f08,Anaerobic,0.5342163443565369,0.7654770612716675
201,PhysioNet,PhysioNet:f08,Anaerobic,0.5647101402282715,0.6716214418411255
202,PhysioNet,PhysioNet:f08,Anaerobic,0.5368366837501526,0.7253919243812561
203,PhysioNet,PhysioNet:f08,Anaerobic,0.6921091675758362,0.9225058555603027
204,PhysioNet,PhysioNet:f08,Anaerobic,0.894623875617981,0.8538829684257507
205,PhysioNet,PhysioNet:f08,Anaerobic,0.894623875617981,0.5944847464561462
206,PhysioNet,PhysioNet:f08,Anaerobic,0.894623875617981,0.5944847464561462
207,PhysioNet,PhysioNet:f08,Anaerobic,0.894623875617981,0.840800940990448
148,PhysioNet,PhysioNet:f09,Anaerobic,0.054054610431194305,0.7509153485298157
149,PhysioNet,PhysioNet:f09,Anaerobic,0.041605740785598755,0.5619831085205078
150,PhysioNet,PhysioNet:f09,Anaerobic,0.06254004687070847,0.4212600290775299
151,PhysioNet,PhysioNet:f09,Anaerobic,0.03778605908155441,0.4999241232872009
152,PhysioNet,PhysioNet:f09,Anaerobic,0.04629296436905861,0.4153718948364258
153,PhysioNet,PhysioNet:f09,Anaerobic,0.03949728608131409,0.04345882683992386
154,PhysioNet,PhysioNet:f09,Anaerobic,0.01238234993070364,0.2614762783050537
155,PhysioNet,PhysioNet:f09,Anaerobic,0.019124144688248634,0.22311931848526
156,PhysioNet,PhysioNet:f09,Anaerobic,0.03297651186585426,0.11115073412656784
157,PhysioNet,PhysioNet:f09,Anaerobic,0.03297651186585426,0.1560731828212738
158,PhysioNet,PhysioNet:f09,Anaerobic,0.07523314654827118,0.30450206995010376
159,PhysioNet,PhysioNet:f09,Anaerobic,0.06768590956926346,0.31196972727775574
160,PhysioNet,PhysioNet:f09,Anaerobic,0.03297651186585426,0.15521492063999176
161,PhysioNet,PhysioNet:f09,Anaerobic,0.24866363406181335,0.08826041221618652
162,PhysioNet,PhysioNet:f09,Anaerobic,0.636253833770752,0.32204553484916687
163,PhysioNet,PhysioNet:f09,Anaerobic,0.6520770192146301,0.6227024793624878
164,PhysioNet,PhysioNet:f09,Anaerobic,0.7912477254867554,0.2686876058578491
165,PhysioNet,PhysioNet:f09,Anaerobic,0.7912477254867554,0.2686876058578491
166,PhysioNet,PhysioNet:f09,Anaerobic,0.7912477254867554,0.2686876058578491
167,PhysioNet,PhysioNet:f09,Anaerobic,0.39054247736930847,0.6156474947929382
168,PhysioNet,PhysioNet:f09,Anaerobic,0.4592042863368988,0.6522665023803711
169,PhysioNet,PhysioNet:f09,Anaerobic,0.6486427783966064,0.45637744665145874
170,PhysioNet,PhysioNet:f09,Anaerobic,0.3499757647514343,0.4073852300643921
171,PhysioNet,PhysioNet:f09,Anaerobic,0.5784434676170349,0.7672802805900574
172,PhysioNet,PhysioNet:f09,Anaerobic,0.6909136772155762,0.5282351970672607
173,PhysioNet,PhysioNet:f09,Anaerobic,0.7912477254867554,0.2686876058578491
174,PhysioNet,PhysioNet:f09,Anaerobic,0.871608555316925,0.2686876058578491
175,PhysioNet,PhysioNet:f09,Anaerobic,0.7912477254867554,0.2686876058578491
176,PhysioNet,PhysioNet:f09,Anaerobic,0.4026326537132263,0.10734016448259354
177,PhysioNet,PhysioNet:f09,Anaerobic,0.6671698689460754,0.7063730955123901
178,PhysioNet,PhysioNet:f09,Anaerobic,0.36481428146362305,0.5213670134544373
179,PhysioNet,PhysioNet:f09,Anaerobic,0.3592841923236847,0.38907572627067566
180,PhysioNet,PhysioNet:f09,Anaerobic,0.7912477254867554,0.2686876058578491
181,PhysioNet,PhysioNet:f09,Anaerobic,0.7912477254867554,0.2686876058578491
182,PhysioNet,PhysioNet:f09,Anaerobic,0.7912477254867554,0.2686876058578491
183,PhysioNet,PhysioNet:f09,Anaerobic,0.6278472542762756,0.7576159834861755
184,PhysioNet,PhysioNet:f09,Anaerobic,0.8090603351593018,0.7020556926727295
185,PhysioNet,PhysioNet:f09,Anaerobic,0.7912477254867554,0.2686876058578491
186,PhysioNet,PhysioNet:f09,Anaerobic,0.7912477254867554,0.2686876058578491
187,PhysioNet,PhysioNet:f09,Anaerobic,0.4294408857822418,0.5717113614082336
188,PhysioNet,PhysioNet:f09,Anaerobic,0.6534730195999146,0.7244266271591187
189,PhysioNet,PhysioNet:f09,Anaerobic,0.898307740688324,0.2686876058578491
190,PhysioNet,PhysioNet:f09,Anaerobic,0.871608555316925,0.2686876058578491
191,PhysioNet,PhysioNet:f09,Anaerobic,0.7912477254867554,0.2686876058578491
192,PhysioNet,PhysioNet:f09,Anaerobic,0.7912477254867554,0.2686876058578491
193,PhysioNet,PhysioNet:f09,Anaerobic,0.7912477254867554,0.2686876058578491
194,PhysioNet,PhysioNet:f09,Anaerobic,0.6493167281150818,0.5440183877944946
195,PhysioNet,PhysioNet:f09,Anaerobic,0.8489672541618347,0.7531206011772156
196,PhysioNet,PhysioNet:f09,Anaerobic,0.5907145738601685,0.10734016448259354
197,PhysioNet,PhysioNet:f09,Anaerobic,0.8148102760314941,0.7398141622543335
198,PhysioNet,PhysioNet:f09,Anaerobic,0.775917649269104,0.8015560507774353
199,PhysioNet,PhysioNet:f09,Anaerobic,0.5469329953193665,0.10734016448259354
200,PhysioNet,PhysioNet:f09,Anaerobic,0.871608555316925,0.2686876058578491
201,PhysioNet,PhysioNet:f09,Anaerobic,0.6714011430740356,0.7097766995429993
202,PhysioNet,PhysioNet:f09,Anaerobic,0.6999779939651489,0.7577579617500305
203,PhysioNet,PhysioNet:f09,Anaerobic,0.775917649269104,0.8015560507774353
204,PhysioNet,PhysioNet:f09,Anaerobic,0.4150177538394928,0.6158867478370667
205,PhysioNet,PhysioNet:f09,Anaerobic,0.46061965823173523,0.7029711008071899
149,PhysioNet,PhysioNet:f10,Anaerobic,0.8732360601425171,0.5375159978866577
150,PhysioNet,PhysioNet:f10,Anaerobic,0.8970931768417358,0.7232506275177002
151,PhysioNet,PhysioNet:f10,Anaerobic,0.8211140632629395,0.40613940358161926
152,PhysioNet,PhysioNet:f10,Anaerobic,0.7620887160301208,0.31378406286239624
153,PhysioNet,PhysioNet:f10,Anaerobic,0.9018814563751221,0.5377217531204224
154,PhysioNet,PhysioNet:f10,Anaerobic,0.8928194046020508,0.5985921621322632
155,PhysioNet,PhysioNet:f10,Anaerobic,0.8646607995033264,0.3685602843761444
156,PhysioNet,PhysioNet:f10,Anaerobic,0.8764666318893433,0.7756701111793518
157,PhysioNet,PhysioNet:f10,Anaerobic,0.8968999981880188,0.5927801132202148
158,PhysioNet,PhysioNet:f10,Anaerobic,0.894623875617981,0.6297141909599304
159,PhysioNet,PhysioNet:f10,Anaerobic,0.7973905205726624,0.6015387177467346
160,PhysioNet,PhysioNet:f10,Anaerobic,0.8334066271781921,0.39980271458625793
161,PhysioNet,PhysioNet:f10,Anaerobic,0.894646942615509,0.6798503994941711
162,PhysioNet,PhysioNet:f10,Anaerobic,0.5958392024040222,0.3121664524078369
163,PhysioNet,PhysioNet:f10,Anaerobic,0.5958392024040222,0.2937667965888977
164,PhysioNet,PhysioNet:f10,Anaerobic,0.6016793251037598,0.49646416306495667
165,PhysioNet,PhysioNet:f10,Anaerobic,0.7447342276573181,0.383350133895874
166,PhysioNet,PhysioNet:f10,Anaerobic,0.8931636214256287,0.8195872902870178
167,PhysioNet,PhysioNet:f10,Anaerobic,0.9034692645072937,0.7588819265365601
168,PhysioNet,PhysioNet:f10,Anaerobic,0.7450760006904602,0.39673474431037903
169,PhysioNet,PhysioNet:f10,Anaerobic,0.8021962642669678,0.3746868669986725
170,PhysioNet,PhysioNet:f10,Anaerobic,0.7940503358840942,0.35499048233032227
171,PhysioNet,PhysioNet:f10,Anaerobic,0.8581012487411499,0.3830125629901886
172,PhysioNet,PhysioNet:f10,Anaerobic,0.5939139723777771,0.309464693069458
173,PhysioNet,PhysioNet:f10,Anaerobic,0.7479702234268188,0.27014848589897156
174,PhysioNet,PhysioNet:f10,Anaerobic,0.8366519808769226,0.21868309378623962
175,PhysioNet,PhysioNet:f10,Anaerobic,0.5921295285224915,0.06520634144544601
176,PhysioNet,PhysioNet:f10,Anaerobic,0.8604070544242859,0.5345423221588135
177,PhysioNet,PhysioNet:f10,Anaerobic,0.8968999981880188,0.6046611070632935
178,PhysioNet,PhysioNet:f10,Anaerobic,0.6148818135261536,0.2996780276298523
179,PhysioNet,PhysioNet:f10,Anaerobic,0.5926101207733154,0.34311723709106445
180,PhysioNet,PhysioNet:f10,Anaerobic,0.792655348777771,0.250163197517395
181,PhysioNet,PhysioNet:f10,Anaerobic,0.8131974935531616,0.13862015306949615
182,PhysioNet,PhysioNet:f10,Anaerobic,0.8968999981880188,0.6046611070632935
183,PhysioNet,PhysioNet:f10,Anaerobic,0.8968999981880188,0.6210686564445496
184,PhysioNet,PhysioNet:f10,Anaerobic,0.894623875617981,0.6297141909599304
185,PhysioNet,PhysioNet:f10,Anaerobic,0.6148818135261536,0.3120371997356415
186,PhysioNet,PhysioNet:f10,Anaerobic,0.6148818135261536,0.3120371997356415
187,PhysioNet,PhysioNet:f10,Anaerobic,0.8968999981880188,0.6210686564445496
188,PhysioNet,PhysioNet:f10,Anaerobic,0.894623875617981,0.6297141909599304
189,PhysioNet,PhysioNet:f10,Anaerobic,0.8968999981880188,0.6104057431221008
190,PhysioNet,PhysioNet:f10,Anaerobic,0.8234769105911255,0.29555177688598633
191,PhysioNet,PhysioNet:f10,Anaerobic,0.8968999981880188,0.6104057431221008
192,PhysioNet,PhysioNet:f10,Anaerobic,0.6275131106376648,0.34844687581062317
193,PhysioNet,PhysioNet:f10,Anaerobic,0.8205876350402832,0.7335280776023865
194,PhysioNet,PhysioNet:f10,Anaerobic,0.8243641257286072,0.9492483139038086
126,PhysioNet,PhysioNet:f11,Anaerobic,0.14129509031772614,0.7076259255409241
127,PhysioNet,PhysioNet:f11,Anaerobic,0.1475519835948944,0.6924303770065308
128,PhysioNet,PhysioNet:f11,Anaerobic,0.15088486671447754,0.5629724264144897
129,PhysioNet,PhysioNet:f11,Anaerobic,0.05635978281497955,0.7062190771102905
130,PhysioNet,PhysioNet:f11,Anaerobic,0.025328002870082855,0.42783689498901367
131,PhysioNet,PhysioNet:f11,Anaerobic,0.022778132930397987,0.420582115650177
132,PhysioNet,PhysioNet:f11,Anaerobic,0.04989435523748398,0.22660888731479645
133,PhysioNet,PhysioNet:f11,Anaerobic,0.0422118715941906,0.17911124229431152
134,PhysioNet,PhysioNet:f11,Anaerobic,0.029595842584967613,0.33487626910209656
135,PhysioNet,PhysioNet:f11,Anaerobic,0.14104224741458893,0.6921796202659607
136,PhysioNet,PhysioNet:f11,Anaerobic,0.14744020998477936,0.712969183921814
137,PhysioNet,PhysioNet:f11,Anaerobic,0.18889692425727844,0.6689801812171936
138,PhysioNet,PhysioNet:f11,Anaerobic,0.03440042585134506,0.4149518311023712
139,PhysioNet,PhysioNet:f11,Anaerobic,0.04838959500193596,0.5692743062973022
140,PhysioNet,PhysioNet:f11,Anaerobic,0.07052664458751678,0.42217257618904114
141,PhysioNet,PhysioNet:f11,Anaerobic,0.12141573429107666,0.6848068237304688
142,PhysioNet,PhysioNet:f11,Anaerobic,0.07293935865163803,0.6739924550056458
143,PhysioNet,PhysioNet:f11,Anaerobic,0.05317886546254158,0.6985824108123779
144,PhysioNet,PhysioNet:f11,Anaerobic,0.02796684205532074,0.7733219265937805
145,PhysioNet,PhysioNet:f11,Anaerobic,0.02601512148976326,0.7708263397216797
146,PhysioNet,PhysioNet:f11,Anaerobic,0.0325949490070343,0.5396379828453064
147,PhysioNet,PhysioNet:f11,Anaerobic,0.09067867696285248,0.697907567024231
148,PhysioNet,PhysioNet:f11,Anaerobic,0.09889382123947144,0.5940481424331665
149,PhysioNet,PhysioNet:f11,Anaerobic,0.13348597288131714,0.5568054914474487
150,PhysioNet,PhysioNet:f11,Anaerobic,0.1801081746816635,0.6825928092002869
151,PhysioNet,PhysioNet:f11,Anaerobic,0.0945085883140564,0.6921796202659607
152,PhysioNet,PhysioNet:f11,Anaerobic,0.09424738585948944,0.460764080286026
153,PhysioNet,PhysioNet:f11,Anaerobic,0.104301318526268,0.5977968573570251
154,PhysioNet,PhysioNet:f11,Anaerobic,0.10382631421089172,0.4717373847961426
155,PhysioNet,PhysioNet:f11,Anaerobic,0.13126270473003387,0.4717373847961426
156,PhysioNet,PhysioNet:f11,Anaerobic,0.19702349603176117,0.7259256839752197
157,PhysioNet,PhysioNet:f11,Anaerobic,0.23285922408103943,0.7054609656333923
158,PhysioNet,PhysioNet:f11,Anaerobic,0.24481292068958282,0.5799566507339478
159,PhysioNet,PhysioNet:f11,Anaerobic,0.1586364209651947,0.31228774785995483
160,PhysioNet,PhysioNet:f11,Anaerobic,0.178175151348114,0.3886757791042328
161,PhysioNet,PhysioNet:f11,Anaerobic,0.03893599286675453,0.20901258289813995
162,PhysioNet,PhysioNet:f11,Anaerobic,0.11132705956697464,0.5079464912414551
163,PhysioNet,PhysioNet:f11,Anaerobic,0.08601659536361694,0.1640983372926712
164,PhysioNet,PhysioNet:f11,Anaerobic,0.17437271773815155,0.11024854332208633
165,PhysioNet,PhysioNet:f11,Anaerobic,0.36452794075012207,0.2675473392009735
166,PhysioNet,PhysioNet:f11,Anaerobic,0.26895976066589355,0.09017081558704376
167,PhysioNet,PhysioNet:f11,Anaerobic,0.18749459087848663,0.040077000856399536
168,PhysioNet,PhysioNet:f11,Anaerobic,0.05924621596932411,0.4579342305660248
169,PhysioNet,PhysioNet:f11,Anaerobic,0.12967830896377563,0.6803807020187378
170,PhysioNet,PhysioNet:f11,Anaerobic,0.3767089545726776,0.6778622269630432
171,PhysioNet,PhysioNet:f11,Anaerobic,0.23274514079093933,0.7921727299690247
172,PhysioNet,PhysioNet:f11,Anaerobic,0.11707393825054169,0.15007998049259186
173,PhysioNet,PhysioNet:f11,Anaerobic,0.1242932602763176,0.4078308641910553
174,PhysioNet,PhysioNet:f11,Anaerobic,0.25290265679359436,0.27661868929862976
175,PhysioNet,PhysioNet:f11,Anaerobic,0.3708614706993103,0.3666384220123291
176,PhysioNet,PhysioNet:f11,Anaerobic,0.78197181224823,0.6053207516670227
177,PhysioNet,PhysioNet:f11,Anaerobic,0.8567551374435425,0.7238287925720215
178,PhysioNet,PhysioNet:f11,Anaerobic,0.9499632716178894,0.5859928131103516
179,PhysioNet,PhysioNet:f11,Anaerobic,0.9343087673187256,0.5320112109184265
180,PhysioNet,PhysioNet:f11,Anaerobic,0.8683169484138489,0.35474568605422974
181,PhysioNet,PhysioNet:f11,Anaerobic,0.9363580346107483,0.6464554071426392
182,PhysioNet,PhysioNet:f11,Anaerobic,0.9181230068206787,0.39959993958473206
183,PhysioNet,PhysioNet:f11,Anaerobic,0.9151675701141357,0.5401888489723206
184,PhysioNet,PhysioNet:f11,Anaerobic,0.9469740986824036,0.7588059902191162
185,PhysioNet,PhysioNet:f11,Anaerobic,0.9491469264030457,0.43055814504623413
186,PhysioNet,PhysioNet:f11,Anaerobic,0.9327827095985413,0.22797586023807526
187,PhysioNet,PhysioNet:f11,Anaerobic,0.8843814134597778,0.23166899383068085
188,PhysioNet,PhysioNet:f11,Anaerobic,0.9048763513565063,0.3430708050727844
189,PhysioNet,PhysioNet:f11,Anaerobic,0.8305416107177734,0.5509195327758789
190,PhysioNet,PhysioNet:f11,Anaerobic,0.8730056285858154,0.7575392723083496
191,PhysioNet,PhysioNet:f11,Anaerobic,0.966151237487793,0.8237813115119934
192,PhysioNet,PhysioNet:f11,Anaerobic,0.980759859085083,0.9258924722671509
193,PhysioNet,PhysioNet:f11,Anaerobic,0.8390427231788635,0.9096819162368774
194,PhysioNet,PhysioNet:f11,Anaerobic,0.9179210662841797,0.61545729637146
195,PhysioNet,PhysioNet:f11,Anaerobic,0.7739682793617249,0.40388286113739014
196,PhysioNet,PhysioNet:f11,Anaerobic,0.49390551447868347,0.3127015233039856
197,PhysioNet,PhysioNet:f11,Anaerobic,0.41081464290618896,0.03769370913505554
198,PhysioNet,PhysioNet:f11,Anaerobic,0.3567262589931488,0.10958918929100037
199,PhysioNet,PhysioNet:f11,Anaerobic,0.580386221408844,0.20629365742206573
200,PhysioNet,PhysioNet:f11,Anaerobic,0.49019500613212585,0.33883988857269287
201,PhysioNet,PhysioNet:f11,Anaerobic,0.634564220905304,0.2399166226387024
202,PhysioNet,PhysioNet:f11,Anaerobic,0.723334550857544,0.5276898145675659
203,PhysioNet,PhysioNet:f11,Anaerobic,0.4913922846317291,0.2857271432876587
204,PhysioNet,PhysioNet:f11,Anaerobic,0.44420936703681946,0.4599800407886505
205,PhysioNet,PhysioNet:f11,Anaerobic,0.46145740151405334,0.15583761036396027
206,PhysioNet,PhysioNet:f11,Anaerobic,0.2556995451450348,0.17213387787342072
207,PhysioNet,PhysioNet:f11,Anaerobic,0.26320892572402954,0.3287598788738251
208,PhysioNet,PhysioNet:f11,Anaerobic,0.09294848144054413,0.18578346073627472
209,PhysioNet,PhysioNet:f11,Anaerobic,0.0267264936119318,0.08122028410434723
210,PhysioNet,PhysioNet:f11,Anaerobic,0.051651258021593094,0.29961782693862915
211,PhysioNet,PhysioNet:f11,Anaerobic,0.05975900590419769,0.3430657982826233
212,PhysioNet,PhysioNet:f11,Anaerobic,0.03989541158080101,0.2334398329257965
213,PhysioNet,PhysioNet:f11,Anaerobic,0.06896156072616577,0.053750645369291306
214,PhysioNet,PhysioNet:f11,Anaerobic,0.17032024264335632,0.053944043815135956
215,PhysioNet,PhysioNet:f11,Anaerobic,0.02740420028567314,0.012332109734416008
137,PhysioNet,PhysioNet:f12,Anaerobic,0.795653760433197,0.33263739943504333
138,PhysioNet,PhysioNet:f12,Anaerobic,0.898307740688324,0.37590837478637695
139,PhysioNet,PhysioNet:f12,Anaerobic,0.5907145738601685,0.06820647418498993
140,PhysioNet,PhysioNet:f12,Anaerobic,0.871608555316925,0.37590837478637695
141,PhysioNet,PhysioNet:f12,Anaerobic,0.754320502281189,0.1017274260520935
142,PhysioNet,PhysioNet:f12,Anaerobic,0.4026326537132263,0.06820647418498993
143,PhysioNet,PhysioNet:f12,Anaerobic,0.4026326537132263,0.06820647418498993
144,PhysioNet,PhysioNet:f12,Anaerobic,0.871608555316925,0.37590837478637695
145,PhysioNet,PhysioNet:f12,Anaerobic,0.6605219841003418,0.11047743260860443
146,PhysioNet,PhysioNet:f12,Anaerobic,0.4026326537132263,0.06820647418498993
147,PhysioNet,PhysioNet:f12,Anaerobic,0.4026326537132263,0.06820647418498993
148,PhysioNet,PhysioNet:f12,Anaerobic,0.4026326537132263,0.08691903948783875
149,PhysioNet,PhysioNet:f12,Anaerobic,0.3902282118797302,0.1172252669930458
150,PhysioNet,PhysioNet:f12,Anaerobic,0.5469329953193665,0.08691903948783875
151,PhysioNet,PhysioNet:f12,Anaerobic,0.6947927474975586,0.08995241671800613
152,PhysioNet,PhysioNet:f12,Anaerobic,0.871608555316925,0.37590837478637695
153,PhysioNet,PhysioNet:f12,Anaerobic,0.871608555316925,0.37590837478637695
154,PhysioNet,PhysioNet:f12,Anaerobic,0.5907145738601685,0.06820647418498993
155,PhysioNet,PhysioNet:f12,Anaerobic,0.5952659845352173,0.06820647418498993
156,PhysioNet,PhysioNet:f12,Anaerobic,0.41341203451156616,0.4386049211025238
157,PhysioNet,PhysioNet:f12,Anaerobic,0.5976731181144714,0.11201827973127365
158,PhysioNet,PhysioNet:f12,Anaerobic,0.6057412028312683,0.24988484382629395
159,PhysioNet,PhysioNet:f12,Anaerobic,0.23581014573574066,0.14796793460845947
160,PhysioNet,PhysioNet:f12,Anaerobic,0.37396153807640076,0.14609353244304657
161,PhysioNet,PhysioNet:f12,Anaerobic,0.775986909866333,0.2520521581172943
162,PhysioNet,PhysioNet:f12,Anaerobic,0.5897006988525391,0.1894209235906601
163,PhysioNet,PhysioNet:f12,Anaerobic,0.6744073033332825,0.15825572609901428
164,PhysioNet,PhysioNet:f12,Anaerobic,0.6976016163825989,0.1894209235906601
165,PhysioNet,PhysioNet:f12,Anaerobic,0.3373265266418457,0.1291385442018509
166,PhysioNet,PhysioNet:f12,Anaerobic,0.37475454807281494,0.03588047996163368
167,PhysioNet,PhysioNet:f12,Anaerobic,0.8061034083366394,0.811215877532959
168,PhysioNet,PhysioNet:f12,Anaerobic,0.8491767644882202,0.5923766493797302
169,PhysioNet,PhysioNet:f12,Anaerobic,0.7840818762779236,0.3536968529224396
170,PhysioNet,PhysioNet:f12,Anaerobic,0.775986909866333,0.26599180698394775
171,PhysioNet,PhysioNet:f12,Anaerobic,0.7769248485565186,0.26599180698394775
172,PhysioNet,PhysioNet:f12,Anaerobic,0.502757728099823,0.08796247094869614
173,PhysioNet,PhysioNet:f12,Anaerobic,0.6433379054069519,0.23735623061656952
174,PhysioNet,PhysioNet:f12,Anaerobic,0.8101089596748352,0.5236953496932983
175,PhysioNet,PhysioNet:f12,Anaerobic,0.7471268177032471,0.33771559596061707
176,PhysioNet,PhysioNet:f12,Anaerobic,0.7849322557449341,0.25199443101882935
177,PhysioNet,PhysioNet:f12,Anaerobic,0.7711756229400635,0.2537233233451843
178,PhysioNet,PhysioNet:f12,Anaerobic,0.7769248485565186,0.24473358690738678
179,PhysioNet,PhysioNet:f12,Anaerobic,0.898307740688324,0.37590837478637695
180,PhysioNet,PhysioNet:f12,Anaerobic,0.45821860432624817,0.2586166560649872
181,PhysioNet,PhysioNet:f12,Anaerobic,0.5758329033851624,0.39383357763290405
182,PhysioNet,PhysioNet:f12,Anaerobic,0.8299530148506165,0.5938434600830078
183,PhysioNet,PhysioNet:f12,Anaerobic,0.745654821395874,0.07909601181745529
184,PhysioNet,PhysioNet:f12,Anaerobic,0.5681743621826172,0.1253436952829361
185,PhysioNet,PhysioNet:f12,Anaerobic,0.8554475903511047,0.4973437190055847
186,PhysioNet,PhysioNet:f12,Anaerobic,0.8176484704017639,0.4037029445171356
187,PhysioNet,PhysioNet:f12,Anaerobic,0.7840818762779236,0.3481646478176117
188,PhysioNet,PhysioNet:f12,Anaerobic,0.5171924233436584,0.14495554566383362
189,PhysioNet,PhysioNet:f12,Anaerobic,0.5732124447822571,0.4219932556152344
190,PhysioNet,PhysioNet:f12,Anaerobic,0.8492492437362671,0.7884009480476379
191,PhysioNet,PhysioNet:f12,Anaerobic,0.537784993648529,0.4361956715583801
192,PhysioNet,PhysioNet:f12,Anaerobic,0.8019378185272217,0.7872591018676758
193,PhysioNet,PhysioNet:f12,Anaerobic,0.898307740688324,0.3737637996673584
194,PhysioNet,PhysioNet:f12,Anaerobic,0.6036390066146851,0.20819728076457977
195,PhysioNet,PhysioNet:f12,Anaerobic,0.833882749080658,0.35735249519348145
196,PhysioNet,PhysioNet:f12,Anaerobic,0.81407630443573,0.4310668706893921
197,PhysioNet,PhysioNet:f12,Anaerobic,0.6482035517692566,0.6444125175476074
198,PhysioNet,PhysioNet:f12,Anaerobic,0.7285161018371582,0.8525692820549011
199,PhysioNet,PhysioNet:f12,Anaerobic,0.9055269360542297,0.946956992149353
200,PhysioNet,PhysioNet:f12,Anaerobic,0.8980228304862976,0.9446651935577393
201,PhysioNet,PhysioNet:f12,Anaerobic,0.9055269360542297,0.946956992149353
202,PhysioNet,PhysioNet:f12,Anaerobic,0.9055269360542297,0.9449626207351685
203,PhysioNet,PhysioNet:f12,Anaerobic,0.9055269360542297,0.9449626207351685
204,PhysioNet,PhysioNet:f12,Anaerobic,0.8980228304862976,0.9446651935577393
205,PhysioNet,PhysioNet:f12,Anaerobic,0.5469329953193665,0.06820647418498993
206,PhysioNet,PhysioNet:f12,Anaerobic,0.5469329953193665,0.06820647418498993
207,PhysioNet,PhysioNet:f12,Anaerobic,0.3260610103607178,0.02879767306149006
208,PhysioNet,PhysioNet:f12,Anaerobic,0.4026326537132263,0.06820647418498993
209,PhysioNet,PhysioNet:f12,Anaerobic,0.2827259302139282,0.12790703773498535
210,PhysioNet,PhysioNet:f12,Anaerobic,0.611492931842804,0.28517767786979675
211,PhysioNet,PhysioNet:f12,Anaerobic,0.7448815107345581,0.1017274260520935
212,PhysioNet,PhysioNet:f12,Anaerobic,0.4718822240829468,0.056968074291944504
213,PhysioNet,PhysioNet:f12,Anaerobic,0.5164468288421631,0.12351236492395401
214,PhysioNet,PhysioNet:f12,Anaerobic,0.3357568383216858,0.5116122961044312
215,PhysioNet,PhysioNet:f12,Anaerobic,0.49278777837753296,0.14691480994224548
216,PhysioNet,PhysioNet:f12,Anaerobic,0.5469329953193665,0.06820647418498993
217,PhysioNet,PhysioNet:f12,Anaerobic,0.33549031615257263,0.15296506881713867
218,PhysioNet,PhysioNet:f12,Anaerobic,0.7364237308502197,0.7507341504096985
85,PhysioNet,PhysioNet:f13,Anaerobic,0.8933130502700806,0.47656816244125366
86,PhysioNet,PhysioNet:f13,Anaerobic,0.8933130502700806,0.47656816244125366
87,PhysioNet,PhysioNet:f13,Anaerobic,0.8933130502700806,0.47656816244125366
88,PhysioNet,PhysioNet:f13,Anaerobic,0.8933130502700806,0.47656816244125366
89,PhysioNet,PhysioNet:f13,Anaerobic,0.8933130502700806,0.47656816244125366
90,PhysioNet,PhysioNet:f13,Anaerobic,0.8933130502700806,0.47656816244125366
91,PhysioNet,PhysioNet:f13,Anaerobic,0.8933130502700806,0.47656816244125366
92,PhysioNet,PhysioNet:f13,Anaerobic,0.8933130502700806,0.47656816244125366
93,PhysioNet,PhysioNet:f13,Anaerobic,0.8933130502700806,0.47656816244125366
94,PhysioNet,PhysioNet:f13,Anaerobic,0.8933130502700806,0.47656816244125366
95,PhysioNet,PhysioNet:f13,Anaerobic,0.8933130502700806,0.47656816244125366
96,PhysioNet,PhysioNet:f13,Anaerobic,0.8933130502700806,0.47656816244125366
97,PhysioNet,PhysioNet:f13,Anaerobic,0.8933130502700806,0.47656816244125366
98,PhysioNet,PhysioNet:f13,Anaerobic,0.8933130502700806,0.47656816244125366
99,PhysioNet,PhysioNet:f13,Anaerobic,0.8933130502700806,0.47656816244125366
100,PhysioNet,PhysioNet:f13,Anaerobic,0.8933130502700806,0.47656816244125366
101,PhysioNet,PhysioNet:f13,Anaerobic,0.8933130502700806,0.47656816244125366
102,PhysioNet,PhysioNet:f13,Anaerobic,0.8933130502700806,0.47656816244125366
103,PhysioNet,PhysioNet:f13,Anaerobic,0.8933130502700806,0.47656816244125366
104,PhysioNet,PhysioNet:f13,Anaerobic,0.8933130502700806,0.47656816244125366
105,PhysioNet,PhysioNet:f13,Anaerobic,0.8933130502700806,0.47656816244125366
106,PhysioNet,PhysioNet:f13,Anaerobic,0.8933130502700806,0.47656816244125366
107,PhysioNet,PhysioNet:f13,Anaerobic,0.8933130502700806,0.47656816244125366
108,PhysioNet,PhysioNet:f13,Anaerobic,0.8933130502700806,0.47656816244125366
109,PhysioNet,PhysioNet:f13,Anaerobic,0.8933130502700806,0.47656816244125366
110,PhysioNet,PhysioNet:f13,Anaerobic,0.8933130502700806,0.47656816244125366
111,PhysioNet,PhysioNet:f13,Anaerobic,0.8933130502700806,0.47656816244125366
112,PhysioNet,PhysioNet:f13,Anaerobic,0.8933130502700806,0.47656816244125366
113,PhysioNet,PhysioNet:f13,Anaerobic,0.8933130502700806,0.47656816244125366
114,PhysioNet,PhysioNet:f13,Anaerobic,0.8933130502700806,0.47656816244125366
115,PhysioNet,PhysioNet:f13,Anaerobic,0.8933130502700806,0.47656816244125366
116,PhysioNet,PhysioNet:f13,Anaerobic,0.8933130502700806,0.47656816244125366
117,PhysioNet,PhysioNet:f13,Anaerobic,0.8933130502700806,0.47656816244125366
118,PhysioNet,PhysioNet:f13,Anaerobic,0.8933130502700806,0.47656816244125366
119,PhysioNet,PhysioNet:f13,Anaerobic,0.8933130502700806,0.47656816244125366
120,PhysioNet,PhysioNet:f13,Anaerobic,0.8933130502700806,0.47656816244125366
121,PhysioNet,PhysioNet:f13,Anaerobic,0.8933130502700806,0.47656816244125366
122,PhysioNet,PhysioNet:f13,Anaerobic,0.8933130502700806,0.47656816244125366
123,PhysioNet,PhysioNet:f13,Anaerobic,0.8933130502700806,0.47656816244125366
124,PhysioNet,PhysioNet:f13,Anaerobic,0.8933130502700806,0.47656816244125366
125,PhysioNet,PhysioNet:f13,Anaerobic,0.8933130502700806,0.47656816244125366
126,PhysioNet,PhysioNet:f13,Anaerobic,0.8933130502700806,0.47656816244125366
127,PhysioNet,PhysioNet:f13,Anaerobic,0.8933130502700806,0.47656816244125366
128,PhysioNet,PhysioNet:f13,Anaerobic,0.8933130502700806,0.47656816244125366
129,PhysioNet,PhysioNet:f13,Anaerobic,0.8933130502700806,0.47656816244125366
130,PhysioNet,PhysioNet:f13,Anaerobic,0.8933130502700806,0.47656816244125366
131,PhysioNet,PhysioNet:f13,Anaerobic,0.8933130502700806,0.47656816244125366
132,PhysioNet,PhysioNet:f13,Anaerobic,0.8933130502700806,0.47656816244125366
133,PhysioNet,PhysioNet:f13,Anaerobic,0.8933130502700806,0.47656816244125366
134,PhysioNet,PhysioNet:f13,Anaerobic,0.8933130502700806,0.47656816244125366
135,PhysioNet,PhysioNet:f13,Anaerobic,0.8933130502700806,0.47656816244125366
136,PhysioNet,PhysioNet:f13,Anaerobic,0.8933130502700806,0.47656816244125366
137,PhysioNet,PhysioNet:f13,Anaerobic,0.8933130502700806,0.47656816244125366
138,PhysioNet,PhysioNet:f13,Anaerobic,0.8933130502700806,0.47656816244125366
139,PhysioNet,PhysioNet:f13,Anaerobic,0.8933130502700806,0.47656816244125366
140,PhysioNet,PhysioNet:f13,Anaerobic,0.8933130502700806,0.47656816244125366
141,PhysioNet,PhysioNet:f13,Anaerobic,0.8933130502700806,0.47656816244125366
142,PhysioNet,PhysioNet:f13,Anaerobic,0.8933130502700806,0.47656816244125366
143,PhysioNet,PhysioNet:f13,Anaerobic,0.8933130502700806,0.47656816244125366
144,PhysioNet,PhysioNet:f13,Anaerobic,0.8933130502700806,0.47656816244125366
145,PhysioNet,PhysioNet:f13,Anaerobic,0.8933130502700806,0.47656816244125366
146,PhysioNet,PhysioNet:f13,Anaerobic,0.8933130502700806,0.47656816244125366
147,PhysioNet,PhysioNet:f13,Anaerobic,0.8933130502700806,0.47656816244125366
148,PhysioNet,PhysioNet:f13,Anaerobic,0.8933130502700806,0.47656816244125366
149,PhysioNet,PhysioNet:f13,Anaerobic,0.8933130502700806,0.47656816244125366
150,PhysioNet,PhysioNet:f13,Anaerobic,0.8933130502700806,0.47656816244125366
151,PhysioNet,PhysioNet:f13,Anaerobic,0.8933130502700806,0.47656816244125366
152,PhysioNet,PhysioNet:f13,Anaerobic,0.8933130502700806,0.47656816244125366
153,PhysioNet,PhysioNet:f13,Anaerobic,0.8933130502700806,0.47656816244125366
154,PhysioNet,PhysioNet:f13,Anaerobic,0.8933130502700806,0.47656816244125366
155,PhysioNet,PhysioNet:f13,Anaerobic,0.8933130502700806,0.47656816244125366
156,PhysioNet,PhysioNet:f13,Anaerobic,0.8933130502700806,0.47656816244125366
157,PhysioNet,PhysioNet:f13,Anaerobic,0.8933130502700806,0.47656816244125366
158,PhysioNet,PhysioNet:f13,Anaerobic,0.8933130502700806,0.47656816244125366
159,PhysioNet,PhysioNet:f13,Anaerobic,0.8933130502700806,0.47656816244125366
160,PhysioNet,PhysioNet:f13,Anaerobic,0.8933130502700806,0.47656816244125366
161,PhysioNet,PhysioNet:f13,Anaerobic,0.8933130502700806,0.47656816244125366
162,PhysioNet,PhysioNet:f13,Anaerobic,0.8933130502700806,0.47656816244125366
163,PhysioNet,PhysioNet:f13,Anaerobic,0.8933130502700806,0.47656816244125366
164,PhysioNet,PhysioNet:f13,Anaerobic,0.8933130502700806,0.47656816244125366
165,PhysioNet,PhysioNet:f13,Anaerobic,0.8933130502700806,0.47656816244125366
166,PhysioNet,PhysioNet:f13,Anaerobic,0.8933130502700806,0.47656816244125366
167,PhysioNet,PhysioNet:f13,Anaerobic,0.8933130502700806,0.47656816244125366
168,PhysioNet,PhysioNet:f13,Anaerobic,0.8933130502700806,0.47656816244125366
169,PhysioNet,PhysioNet:f13,Anaerobic,0.8933130502700806,0.47656816244125366
170,PhysioNet,PhysioNet:f13,Anaerobic,0.8933130502700806,0.47656816244125366
171,PhysioNet,PhysioNet:f13,Anaerobic,0.8933130502700806,0.47656816244125366
172,PhysioNet,PhysioNet:f13,Anaerobic,0.8933130502700806,0.47656816244125366
173,PhysioNet,PhysioNet:f13,Anaerobic,0.8933130502700806,0.47656816244125366
174,PhysioNet,PhysioNet:f13,Anaerobic,0.8933130502700806,0.47656816244125366
175,PhysioNet,PhysioNet:f13,Anaerobic,0.8933130502700806,0.47656816244125366
176,PhysioNet,PhysioNet:f13,Anaerobic,0.8933130502700806,0.47656816244125366
177,PhysioNet,PhysioNet:f13,Anaerobic,0.8933130502700806,0.47656816244125366
