task,normalisation,modality,subject,accuracy
legacy_6class_session_labels,none,all_modalities,EPM-E4:1,0.0
legacy_6class_session_labels,none,all_modalities,EPM-E4:103,0.15384615384615385
legacy_6class_session_labels,none,all_modalities,EPM-E4:106,0.44
legacy_6class_session_labels,none,all_modalities,EPM-E4:107,0.38461538461538464
legacy_6class_session_labels,none,all_modalities,EPM-E4:117,0.0
legacy_6class_session_labels,none,all_modalities,EPM-E4:12,0.24
legacy_6class_session_labels,none,all_modalities,EPM-E4:121,0.12
legacy_6class_session_labels,none,all_modalities,EPM-E4:122,0.2692307692307692
legacy_6class_session_labels,none,all_modalities,EPM-E4:128,0.5
legacy_6class_session_labels,none,all_modalities,EPM-E4:129,0.11538461538461539
legacy_6class_session_labels,none,all_modalities,EPM-E4:138,0.8076923076923077
legacy_6class_session_labels,none,all_modalities,EPM-E4:14,0.23076923076923078
legacy_6class_session_labels,none,all_modalities,EPM-E4:141,0.0
legacy_6class_session_labels,none,all_modalities,EPM-E4:15,0.038461538461538464
legacy_6class_session_labels,none,all_modalities,EPM-E4:159,0.0
legacy_6class_session_labels,none,all_modalities,EPM-E4:16,0.23076923076923078
legacy_6class_session_labels,none,all_modalities,EPM-E4:160,0.11538461538461539
legacy_6class_session_labels,none,all_modalities,EPM-E4:2,0.4230769230769231
legacy_6class_session_labels,none,all_modalities,EPM-E4:24,0.07692307692307693
legacy_6class_session_labels,none,all_modalities,EPM-E4:25,0.2692307692307692
legacy_6class_session_labels,none,all_modalities,EPM-E4:34,0.3076923076923077
legacy_6class_session_labels,none,all_modalities,EPM-E4:36,0.4230769230769231
legacy_6class_session_labels,none,all_modalities,EPM-E4:45,0.5
legacy_6class_session_labels,none,all_modalities,EPM-E4:47,0.3076923076923077
legacy_6class_session_labels,none,all_modalities,EPM-E4:49,0.4230769230769231
legacy_6class_session_labels,none,all_modalities,EPM-E4:55,0.2692307692307692
legacy_6class_session_labels,none,all_modalities,EPM-E4:76,0.23076923076923078
legacy_6class_session_labels,none,all_modalities,EPM-E4:77,0.11538461538461539
legacy_6class_session_labels,none,all_modalities,EPM-E4:79,0.5
legacy_6class_session_labels,none,all_modalities,EPM-E4:81,0.5769230769230769
legacy_6class_session_labels,none,all_modalities,EPM-E4:86,0.23076923076923078
legacy_6class_session_labels,none,all_modalities,EPM-E4:91,0.34615384615384615
legacy_6class_session_labels,none,all_modalities,EPM-E4:92,0.34615384615384615
legacy_6class_session_labels,none,all_modalities,PhysioNet:S01,0.2536231884057971
legacy_6class_session_labels,none,all_modalities,PhysioNet:S02,0.5503875968992248
legacy_6class_session_labels,none,all_modalities,PhysioNet:S03,0.5855855855855856
legacy_6class_session_labels,none,all_modalities,PhysioNet:S04,0.6888888888888889
legacy_6class_session_labels,none,all_modalities,PhysioNet:S05,0.5196850393700787
legacy_6class_session_labels,none,all_modalities,PhysioNet:S06,0.3629032258064516
legacy_6class_session_labels,none,all_modalities,PhysioNet:S07,0.8135593220338984
legacy_6class_session_labels,none,all_modalities,PhysioNet:S08,0.7054263565891473
legacy_6class_session_labels,none,all_modalities,PhysioNet:S09,0.6875
legacy_6class_session_labels,none,all_modalities,PhysioNet:S10,0.7185185185185186
legacy_6class_session_labels,none,all_modalities,PhysioNet:S11,0.712
legacy_6class_session_labels,none,all_modalities,PhysioNet:S12,0.6666666666666666
legacy_6class_session_labels,none,all_modalities,PhysioNet:S13,0.3358208955223881
legacy_6class_session_labels,none,all_modalities,PhysioNet:S14,0.8623188405797102
legacy_6class_session_labels,none,all_modalities,PhysioNet:S15,0.8270676691729323
legacy_6class_session_labels,none,all_modalities,PhysioNet:S16,0.6616541353383458
legacy_6class_session_labels,none,all_modalities,PhysioNet:S17,0.5877862595419847
legacy_6class_session_labels,none,all_modalities,PhysioNet:S18,0.46616541353383456
legacy_6class_session_labels,none,all_modalities,PhysioNet:f01,0.6498054474708171
legacy_6class_session_labels,none,all_modalities,PhysioNet:f02,0.4708994708994709
legacy_6class_session_labels,none,all_modalities,PhysioNet:f03,0.47509578544061304
legacy_6class_session_labels,none,all_modalities,PhysioNet:f04,0.5360824742268041
legacy_6class_session_labels,none,all_modalities,PhysioNet:f05,0.3950617283950617
legacy_6class_session_labels,none,all_modalities,PhysioNet:f06,0.5420560747663551
legacy_6class_session_labels,none,all_modalities,PhysioNet:f07,0.6877828054298643
legacy_6class_session_labels,none,all_modalities,PhysioNet:f08,0.4567307692307692
legacy_6class_session_labels,none,all_modalities,PhysioNet:f09,0.5970873786407767
legacy_6class_session_labels,none,all_modalities,PhysioNet:f10,0.6461538461538462
legacy_6class_session_labels,none,all_modalities,PhysioNet:f11,0.35648148148148145
legacy_6class_session_labels,none,all_modalities,PhysioNet:f12,0.6529680365296804
legacy_6class_session_labels,none,all_modalities,PhysioNet:f13,0.26104417670682734
legacy_6class_session_labels,none,all_modalities,PhysioNet:f14,0.24074074074074073
legacy_6class_session_labels,none,all_modalities,PhysioNet:f15,0.7796610169491526
legacy_6class_session_labels,none,all_modalities,PhysioNet:f16,0.5161290322580645
legacy_6class_session_labels,none,all_modalities,PhysioNet:f17,0.171875
legacy_6class_session_labels,none,all_modalities,PhysioNet:f18,0.6909090909090909
legacy_6class_session_labels,none,all_modalities,WESAD:S10,0.6875
legacy_6class_session_labels,none,all_modalities,WESAD:S11,0.2978723404255319
legacy_6class_session_labels,none,all_modalities,WESAD:S13,0.2127659574468085
legacy_6class_session_labels,none,all_modalities,WESAD:S14,0.10638297872340426
legacy_6class_session_labels,none,all_modalities,WESAD:S15,0.2872340425531915
legacy_6class_session_labels,none,all_modalities,WESAD:S16,0.2978723404255319
legacy_6class_session_labels,none,all_modalities,WESAD:S17,0.48936170212765956
legacy_6class_session_labels,none,all_modalities,WESAD:S2,0.5333333333333333
legacy_6class_session_labels,none,all_modalities,WESAD:S3,0.25274725274725274
legacy_6class_session_labels,none,all_modalities,WESAD:S4,0.4891304347826087
legacy_6class_session_labels,none,all_modalities,WESAD:S5,0.7419354838709677
legacy_6class_session_labels,none,all_modalities,WESAD:S6,0.45161290322580644
legacy_6class_session_labels,none,all_modalities,WESAD:S7,0.7096774193548387
legacy_6class_session_labels,none,all_modalities,WESAD:S8,0.5806451612903226
legacy_6class_session_labels,none,all_modalities,WESAD:S9,0.5698924731182796
legacy_6class_session_labels,none,physiology_only,EPM-E4:1,0.0
legacy_6class_session_labels,none,physiology_only,EPM-E4:103,0.07692307692307693
legacy_6class_session_labels,none,physiology_only,EPM-E4:106,0.48
legacy_6class_session_labels,none,physiology_only,EPM-E4:107,0.34615384615384615
legacy_6class_session_labels,none,physiology_only,EPM-E4:117,0.15384615384615385
legacy_6class_session_labels,none,physiology_only,EPM-E4:12,0.08
legacy_6class_session_labels,none,physiology_only,EPM-E4:121,0.0
legacy_6class_session_labels,none,physiology_only,EPM-E4:122,0.0
legacy_6class_session_labels,none,physiology_only,EPM-E4:128,0.5384615384615384
legacy_6class_session_labels,none,physiology_only,EPM-E4:129,0.0
legacy_6class_session_labels,none,physiology_only,EPM-E4:138,0.46153846153846156
legacy_6class_session_labels,none,physiology_only,EPM-E4:14,0.15384615384615385
legacy_6class_session_labels,none,physiology_only,EPM-E4:141,0.0
legacy_6class_session_labels,none,physiology_only,EPM-E4:15,0.46153846153846156
legacy_6class_session_labels,none,physiology_only,EPM-E4:159,0.34615384615384615
legacy_6class_session_labels,none,physiology_only,EPM-E4:16,0.0
legacy_6class_session_labels,none,physiology_only,EPM-E4:160,0.11538461538461539
legacy_6class_session_labels,none,physiology_only,EPM-E4:2,0.2692307692307692
legacy_6class_session_labels,none,physiology_only,EPM-E4:24,0.2692307692307692
legacy_6class_session_labels,none,physiology_only,EPM-E4:25,0.07692307692307693
legacy_6class_session_labels,none,physiology_only,EPM-E4:34,0.0
legacy_6class_session_labels,none,physiology_only,EPM-E4:36,0.34615384615384615
legacy_6class_session_labels,none,physiology_only,EPM-E4:45,0.0
legacy_6class_session_labels,none,physiology_only,EPM-E4:47,0.4230769230769231
legacy_6class_session_labels,none,physiology_only,EPM-E4:49,0.11538461538461539
legacy_6class_session_labels,none,physiology_only,EPM-E4:55,0.19230769230769232
legacy_6class_session_labels,none,physiology_only,EPM-E4:76,0.038461538461538464
legacy_6class_session_labels,none,physiology_only,EPM-E4:77,0.19230769230769232
legacy_6class_session_labels,none,physiology_only,EPM-E4:79,0.038461538461538464
legacy_6class_session_labels,none,physiology_only,EPM-E4:81,0.46153846153846156
legacy_6class_session_labels,none,physiology_only,EPM-E4:86,0.3076923076923077
legacy_6class_session_labels,none,physiology_only,EPM-E4:91,0.2692307692307692
legacy_6class_session_labels,none,physiology_only,EPM-E4:92,0.038461538461538464
legacy_6class_session_labels,none,physiology_only,PhysioNet:S01,0.21014492753623187
legacy_6class_session_labels,none,physiology_only,PhysioNet:S02,0.5348837209302325
legacy_6class_session_labels,none,physiology_only,PhysioNet:S03,0.45045045045045046
legacy_6class_session_labels,none,physiology_only,PhysioNet:S04,0.762962962962963
legacy_6class_session_labels,none,physiology_only,PhysioNet:S05,0.2992125984251969
legacy_6class_session_labels,none,physiology_only,PhysioNet:S06,0.2903225806451613
legacy_6class_session_labels,none,physiology_only,PhysioNet:S07,0.1440677966101695
legacy_6class_session_labels,none,physiology_only,PhysioNet:S08,0.3178294573643411
legacy_6class_session_labels,none,physiology_only,PhysioNet:S09,0.3828125
legacy_6class_session_labels,none,physiology_only,PhysioNet:S10,0.5037037037037037
legacy_6class_session_labels,none,physiology_only,PhysioNet:S11,0.232
legacy_6class_session_labels,none,physiology_only,PhysioNet:S12,0.5454545454545454
legacy_6class_session_labels,none,physiology_only,PhysioNet:S13,0.291044776119403
legacy_6class_session_labels,none,physiology_only,PhysioNet:S14,0.5362318840579711
legacy_6class_session_labels,none,physiology_only,PhysioNet:S15,0.45864661654135336
legacy_6class_session_labels,none,physiology_only,PhysioNet:S16,0.48120300751879697
legacy_6class_session_labels,none,physiology_only,PhysioNet:S17,0.4122137404580153
legacy_6class_session_labels,none,physiology_only,PhysioNet:S18,0.48872180451127817
legacy_6class_session_labels,none,physiology_only,PhysioNet:f01,0.377431906614786
legacy_6class_session_labels,none,physiology_only,PhysioNet:f02,0.5978835978835979
legacy_6class_session_labels,none,physiology_only,PhysioNet:f03,0.34099616858237547
legacy_6class_session_labels,none,physiology_only,PhysioNet:f04,0.6134020618556701
legacy_6class_session_labels,none,physiology_only,PhysioNet:f05,0.20987654320987653
legacy_6class_session_labels,none,physiology_only,PhysioNet:f06,0.3691588785046729
legacy_6class_session_labels,none,physiology_only,PhysioNet:f07,0.19909502262443438
legacy_6class_session_labels,none,physiology_only,PhysioNet:f08,0.4375
legacy_6class_session_labels,none,physiology_only,PhysioNet:f09,0.32038834951456313
legacy_6class_session_labels,none,physiology_only,PhysioNet:f10,0.4
legacy_6class_session_labels,none,physiology_only,PhysioNet:f11,0.5740740740740741
legacy_6class_session_labels,none,physiology_only,PhysioNet:f12,0.4794520547945205
legacy_6class_session_labels,none,physiology_only,PhysioNet:f13,0.42168674698795183
legacy_6class_session_labels,none,physiology_only,PhysioNet:f14,0.35185185185185186
legacy_6class_session_labels,none,physiology_only,PhysioNet:f15,0.576271186440678
legacy_6class_session_labels,none,physiology_only,PhysioNet:f16,0.5483870967741935
legacy_6class_session_labels,none,physiology_only,PhysioNet:f17,0.09375
legacy_6class_session_labels,none,physiology_only,PhysioNet:f18,0.4
legacy_6class_session_labels,none,physiology_only,WESAD:S10,0.3020833333333333
legacy_6class_session_labels,none,physiology_only,WESAD:S11,0.574468085106383
legacy_6class_session_labels,none,physiology_only,WESAD:S13,0.05319148936170213
legacy_6class_session_labels,none,physiology_only,WESAD:S14,0.23404255319148937
legacy_6class_session_labels,none,physiology_only,WESAD:S15,0.10638297872340426
legacy_6class_session_labels,none,physiology_only,WESAD:S16,0.1595744680851064
legacy_6class_session_labels,none,physiology_only,WESAD:S17,0.2127659574468085
legacy_6class_session_labels,none,physiology_only,WESAD:S2,0.4444444444444444
legacy_6class_session_labels,none,physiology_only,WESAD:S3,0.16483516483516483
legacy_6class_session_labels,none,physiology_only,WESAD:S4,0.33695652173913043
legacy_6class_session_labels,none,physiology_only,WESAD:S5,0.44086021505376344
legacy_6class_session_labels,none,physiology_only,WESAD:S6,0.3548387096774194
legacy_6class_session_labels,none,physiology_only,WESAD:S7,0.3870967741935484
legacy_6class_session_labels,none,physiology_only,WESAD:S8,0.5268817204301075
legacy_6class_session_labels,none,physiology_only,WESAD:S9,0.5376344086021505
harmonized_all_classes,none,all_modalities,EPM-E4:1,0.0
harmonized_all_classes,none,all_modalities,EPM-E4:103,0.15384615384615385
harmonized_all_classes,none,all_modalities,EPM-E4:106,0.44
harmonized_all_classes,none,all_modalities,EPM-E4:107,0.38461538461538464
harmonized_all_classes,none,all_modalities,EPM-E4:117,0.0
harmonized_all_classes,none,all_modalities,EPM-E4:12,0.24
harmonized_all_classes,none,all_modalities,EPM-E4:121,0.12
harmonized_all_classes,none,all_modalities,EPM-E4:122,0.2692307692307692
harmonized_all_classes,none,all_modalities,EPM-E4:128,0.5
harmonized_all_classes,none,all_modalities,EPM-E4:129,0.11538461538461539
harmonized_all_classes,none,all_modalities,EPM-E4:138,0.8076923076923077
harmonized_all_classes,none,all_modalities,EPM-E4:14,0.23076923076923078
harmonized_all_classes,none,all_modalities,EPM-E4:141,0.0
harmonized_all_classes,none,all_modalities,EPM-E4:15,0.038461538461538464
harmonized_all_classes,none,all_modalities,EPM-E4:159,0.0
harmonized_all_classes,none,all_modalities,EPM-E4:16,0.23076923076923078
harmonized_all_classes,none,all_modalities,EPM-E4:160,0.11538461538461539
harmonized_all_classes,none,all_modalities,EPM-E4:2,0.4230769230769231
harmonized_all_classes,none,all_modalities,EPM-E4:24,0.07692307692307693
harmonized_all_classes,none,all_modalities,EPM-E4:25,0.2692307692307692
harmonized_all_classes,none,all_modalities,EPM-E4:34,0.3076923076923077
harmonized_all_classes,none,all_modalities,EPM-E4:36,0.4230769230769231
harmonized_all_classes,none,all_modalities,EPM-E4:45,0.5
harmonized_all_classes,none,all_modalities,EPM-E4:47,0.3076923076923077
harmonized_all_classes,none,all_modalities,EPM-E4:49,0.4230769230769231
harmonized_all_classes,none,all_modalities,EPM-E4:55,0.2692307692307692
harmonized_all_classes,none,all_modalities,EPM-E4:76,0.23076923076923078
harmonized_all_classes,none,all_modalities,EPM-E4:77,0.11538461538461539
harmonized_all_classes,none,all_modalities,EPM-E4:79,0.5
harmonized_all_classes,none,all_modalities,EPM-E4:81,0.5769230769230769
harmonized_all_classes,none,all_modalities,EPM-E4:86,0.23076923076923078
harmonized_all_classes,none,all_modalities,EPM-E4:91,0.34615384615384615
harmonized_all_classes,none,all_modalities,EPM-E4:92,0.34615384615384615
harmonized_all_classes,none,all_modalities,PhysioNet:S01,0.2536231884057971
harmonized_all_classes,none,all_modalities,PhysioNet:S02,0.5503875968992248
harmonized_all_classes,none,all_modalities,PhysioNet:S03,0.5855855855855856
harmonized_all_classes,none,all_modalities,PhysioNet:S04,0.6888888888888889
harmonized_all_classes,none,all_modalities,PhysioNet:S05,0.5196850393700787
harmonized_all_classes,none,all_modalities,PhysioNet:S06,0.3629032258064516
harmonized_all_classes,none,all_modalities,PhysioNet:S07,0.8135593220338984
harmonized_all_classes,none,all_modalities,PhysioNet:S08,0.7054263565891473
harmonized_all_classes,none,all_modalities,PhysioNet:S09,0.6875
harmonized_all_classes,none,all_modalities,PhysioNet:S10,0.7185185185185186
harmonized_all_classes,none,all_modalities,PhysioNet:S11,0.712
harmonized_all_classes,none,all_modalities,PhysioNet:S12,0.6666666666666666
harmonized_all_classes,none,all_modalities,PhysioNet:S13,0.3358208955223881
harmonized_all_classes,none,all_modalities,PhysioNet:S14,0.8623188405797102
harmonized_all_classes,none,all_modalities,PhysioNet:S15,0.8270676691729323
harmonized_all_classes,none,all_modalities,PhysioNet:S16,0.6616541353383458
harmonized_all_classes,none,all_modalities,PhysioNet:S17,0.5877862595419847
harmonized_all_classes,none,all_modalities,PhysioNet:S18,0.46616541353383456
harmonized_all_classes,none,all_modalities,PhysioNet:f01,0.6498054474708171
harmonized_all_classes,none,all_modalities,PhysioNet:f02,0.4708994708994709
harmonized_all_classes,none,all_modalities,PhysioNet:f03,0.47509578544061304
harmonized_all_classes,none,all_modalities,PhysioNet:f04,0.5360824742268041
harmonized_all_classes,none,all_modalities,PhysioNet:f05,0.3950617283950617
harmonized_all_classes,none,all_modalities,PhysioNet:f06,0.5420560747663551
harmonized_all_classes,none,all_modalities,PhysioNet:f07,0.6877828054298643
harmonized_all_classes,none,all_modalities,PhysioNet:f08,0.4567307692307692
harmonized_all_classes,none,all_modalities,PhysioNet:f09,0.5970873786407767
harmonized_all_classes,none,all_modalities,PhysioNet:f10,0.6461538461538462
harmonized_all_classes,none,all_modalities,PhysioNet:f11,0.35648148148148145
harmonized_all_classes,none,all_modalities,PhysioNet:f12,0.6529680365296804
harmonized_all_classes,none,all_modalities,PhysioNet:f13,0.26104417670682734
harmonized_all_classes,none,all_modalities,PhysioNet:f14,0.24074074074074073
harmonized_all_classes,none,all_modalities,PhysioNet:f15,0.7796610169491526
harmonized_all_classes,none,all_modalities,PhysioNet:f16,0.5161290322580645
harmonized_all_classes,none,all_modalities,PhysioNet:f17,0.171875
harmonized_all_classes,none,all_modalities,PhysioNet:f18,0.6909090909090909
harmonized_all_classes,none,all_modalities,WESAD:S10,0.6875
harmonized_all_classes,none,all_modalities,WESAD:S11,0.2978723404255319
harmonized_all_classes,none,all_modalities,WESAD:S13,0.2127659574468085
harmonized_all_classes,none,all_modalities,WESAD:S14,0.10638297872340426
harmonized_all_classes,none,all_modalities,WESAD:S15,0.2872340425531915
harmonized_all_classes,none,all_modalities,WESAD:S16,0.2978723404255319
harmonized_all_classes,none,all_modalities,WESAD:S17,0.48936170212765956
harmonized_all_classes,none,all_modalities,WESAD:S2,0.5333333333333333
harmonized_all_classes,none,all_modalities,WESAD:S3,0.25274725274725274
harmonized_all_classes,none,all_modalities,WESAD:S4,0.4891304347826087
harmonized_all_classes,none,all_modalities,WESAD:S5,0.7419354838709677
harmonized_all_classes,none,all_modalities,WESAD:S6,0.45161290322580644
harmonized_all_classes,none,all_modalities,WESAD:S7,0.7096774193548387
harmonized_all_classes,none,all_modalities,WESAD:S8,0.5806451612903226
harmonized_all_classes,none,all_modalities,WESAD:S9,0.5698924731182796
harmonized_all_classes,none,physiology_only,EPM-E4:1,0.0
harmonized_all_classes,none,physiology_only,EPM-E4:103,0.07692307692307693
harmonized_all_classes,none,physiology_only,EPM-E4:106,0.48
harmonized_all_classes,none,physiology_only,EPM-E4:107,0.34615384615384615
harmonized_all_classes,none,physiology_only,EPM-E4:117,0.15384615384615385
harmonized_all_classes,none,physiology_only,EPM-E4:12,0.08
harmonized_all_classes,none,physiology_only,EPM-E4:121,0.0
harmonized_all_classes,none,physiology_only,EPM-E4:122,0.0
harmonized_all_classes,none,physiology_only,EPM-E4:128,0.5384615384615384
harmonized_all_classes,none,physiology_only,EPM-E4:129,0.0
harmonized_all_classes,none,physiology_only,EPM-E4:138,0.46153846153846156
harmonized_all_classes,none,physiology_only,EPM-E4:14,0.15384615384615385
harmonized_all_classes,none,physiology_only,EPM-E4:141,0.0
harmonized_all_classes,none,physiology_only,EPM-E4:15,0.46153846153846156
harmonized_all_classes,none,physiology_only,EPM-E4:159,0.34615384615384615
harmonized_all_classes,none,physiology_only,EPM-E4:16,0.0
harmonized_all_classes,none,physiology_only,EPM-E4:160,0.11538461538461539
harmonized_all_classes,none,physiology_only,EPM-E4:2,0.2692307692307692
harmonized_all_classes,none,physiology_only,EPM-E4:24,0.2692307692307692
harmonized_all_classes,none,physiology_only,EPM-E4:25,0.07692307692307693
harmonized_all_classes,none,physiology_only,EPM-E4:34,0.0
harmonized_all_classes,none,physiology_only,EPM-E4:36,0.34615384615384615
harmonized_all_classes,none,physiology_only,EPM-E4:45,0.0
harmonized_all_classes,none,physiology_only,EPM-E4:47,0.4230769230769231
harmonized_all_classes,none,physiology_only,EPM-E4:49,0.11538461538461539
harmonized_all_classes,none,physiology_only,EPM-E4:55,0.19230769230769232
harmonized_all_classes,none,physiology_only,EPM-E4:76,0.038461538461538464
harmonized_all_classes,none,physiology_only,EPM-E4:77,0.19230769230769232
harmonized_all_classes,none,physiology_only,EPM-E4:79,0.038461538461538464
harmonized_all_classes,none,physiology_only,EPM-E4:81,0.46153846153846156
harmonized_all_classes,none,physiology_only,EPM-E4:86,0.3076923076923077
harmonized_all_classes,none,physiology_only,EPM-E4:91,0.2692307692307692
harmonized_all_classes,none,physiology_only,EPM-E4:92,0.038461538461538464
harmonized_all_classes,none,physiology_only,PhysioNet:S01,0.21014492753623187
harmonized_all_classes,none,physiology_only,PhysioNet:S02,0.5348837209302325
harmonized_all_classes,none,physiology_only,PhysioNet:S03,0.45045045045045046
harmonized_all_classes,none,physiology_only,PhysioNet:S04,0.762962962962963
harmonized_all_classes,none,physiology_only,PhysioNet:S05,0.2992125984251969
harmonized_all_classes,none,physiology_only,PhysioNet:S06,0.2903225806451613
harmonized_all_classes,none,physiology_only,PhysioNet:S07,0.1440677966101695
harmonized_all_classes,none,physiology_only,PhysioNet:S08,0.3178294573643411
harmonized_all_classes,none,physiology_only,PhysioNet:S09,0.3828125
harmonized_all_classes,none,physiology_only,PhysioNet:S10,0.5037037037037037
harmonized_all_classes,none,physiology_only,PhysioNet:S11,0.232
harmonized_all_classes,none,physiology_only,PhysioNet:S12,0.5454545454545454
harmonized_all_classes,none,physiology_only,PhysioNet:S13,0.291044776119403
harmonized_all_classes,none,physiology_only,PhysioNet:S14,0.5362318840579711
harmonized_all_classes,none,physiology_only,PhysioNet:S15,0.45864661654135336
harmonized_all_classes,none,physiology_only,PhysioNet:S16,0.48120300751879697
harmonized_all_classes,none,physiology_only,PhysioNet:S17,0.4122137404580153
harmonized_all_classes,none,physiology_only,PhysioNet:S18,0.48872180451127817
harmonized_all_classes,none,physiology_only,PhysioNet:f01,0.377431906614786
harmonized_all_classes,none,physiology_only,PhysioNet:f02,0.5978835978835979
harmonized_all_classes,none,physiology_only,PhysioNet:f03,0.34099616858237547
harmonized_all_classes,none,physiology_only,PhysioNet:f04,0.6134020618556701
harmonized_all_classes,none,physiology_only,PhysioNet:f05,0.20987654320987653
harmonized_all_classes,none,physiology_only,PhysioNet:f06,0.3691588785046729
harmonized_all_classes,none,physiology_only,PhysioNet:f07,0.19909502262443438
harmonized_all_classes,none,physiology_only,PhysioNet:f08,0.4375
harmonized_all_classes,none,physiology_only,PhysioNet:f09,0.32038834951456313
harmonized_all_classes,none,physiology_only,PhysioNet:f10,0.4
harmonized_all_classes,none,physiology_only,PhysioNet:f11,0.5740740740740741
harmonized_all_classes,none,physiology_only,PhysioNet:f12,0.4794520547945205
harmonized_all_classes,none,physiology_only,PhysioNet:f13,0.42168674698795183
harmonized_all_classes,none,physiology_only,PhysioNet:f14,0.35185185185185186
harmonized_all_classes,none,physiology_only,PhysioNet:f15,0.576271186440678
harmonized_all_classes,none,physiology_only,PhysioNet:f16,0.5483870967741935
harmonized_all_classes,none,physiology_only,PhysioNet:f17,0.09375
harmonized_all_classes,none,physiology_only,PhysioNet:f18,0.4
harmonized_all_classes,none,physiology_only,WESAD:S10,0.3020833333333333
harmonized_all_classes,none,physiology_only,WESAD:S11,0.574468085106383
harmonized_all_classes,none,physiology_only,WESAD:S13,0.05319148936170213
harmonized_all_classes,none,physiology_only,WESAD:S14,0.23404255319148937
harmonized_all_classes,none,physiology_only,WESAD:S15,0.10638297872340426
harmonized_all_classes,none,physiology_only,WESAD:S16,0.1595744680851064
harmonized_all_classes,none,physiology_only,WESAD:S17,0.2127659574468085
harmonized_all_classes,none,physiology_only,WESAD:S2,0.4444444444444444
harmonized_all_classes,none,physiology_only,WESAD:S3,0.16483516483516483
harmonized_all_classes,none,physiology_only,WESAD:S4,0.33695652173913043
harmonized_all_classes,none,physiology_only,WESAD:S5,0.44086021505376344
harmonized_all_classes,none,physiology_only,WESAD:S6,0.3548387096774194
harmonized_all_classes,none,physiology_only,WESAD:S7,0.3870967741935484
harmonized_all_classes,none,physiology_only,WESAD:S8,0.5268817204301075
harmonized_all_classes,none,physiology_only,WESAD:S9,0.5376344086021505
affective_only_no_exercise,none,all_modalities,EPM-E4:1,0.0
affective_only_no_exercise,none,all_modalities,EPM-E4:103,0.15384615384615385
affective_only_no_exercise,none,all_modalities,EPM-E4:106,0.32
affective_only_no_exercise,none,all_modalities,EPM-E4:107,0.3076923076923077
affective_only_no_exercise,none,all_modalities,EPM-E4:117,0.0
affective_only_no_exercise,none,all_modalities,EPM-E4:12,0.32
affective_only_no_exercise,none,all_modalities,EPM-E4:121,0.12
affective_only_no_exercise,none,all_modalities,EPM-E4:122,0.3076923076923077
affective_only_no_exercise,none,all_modalities,EPM-E4:128,0.6153846153846154
affective_only_no_exercise,none,all_modalities,EPM-E4:129,0.07692307692307693
affective_only_no_exercise,none,all_modalities,EPM-E4:138,0.8461538461538461
affective_only_no_exercise,none,all_modalities,EPM-E4:14,0.23076923076923078
affective_only_no_exercise,none,all_modalities,EPM-E4:141,0.0
affective_only_no_exercise,none,all_modalities,EPM-E4:15,0.19230769230769232
affective_only_no_exercise,none,all_modalities,EPM-E4:159,0.0
affective_only_no_exercise,none,all_modalities,EPM-E4:16,0.19230769230769232
affective_only_no_exercise,none,all_modalities,EPM-E4:160,0.23076923076923078
affective_only_no_exercise,none,all_modalities,EPM-E4:2,0.34615384615384615
affective_only_no_exercise,none,all_modalities,EPM-E4:24,0.15384615384615385
affective_only_no_exercise,none,all_modalities,EPM-E4:25,0.2692307692307692
affective_only_no_exercise,none,all_modalities,EPM-E4:34,0.23076923076923078
affective_only_no_exercise,none,all_modalities,EPM-E4:36,0.4230769230769231
affective_only_no_exercise,none,all_modalities,EPM-E4:45,0.46153846153846156
affective_only_no_exercise,none,all_modalities,EPM-E4:47,0.34615384615384615
affective_only_no_exercise,none,all_modalities,EPM-E4:49,0.5769230769230769
affective_only_no_exercise,none,all_modalities,EPM-E4:55,0.46153846153846156
affective_only_no_exercise,none,all_modalities,EPM-E4:76,0.23076923076923078
affective_only_no_exercise,none,all_modalities,EPM-E4:77,0.19230769230769232
affective_only_no_exercise,none,all_modalities,EPM-E4:79,0.4230769230769231
affective_only_no_exercise,none,all_modalities,EPM-E4:81,0.5769230769230769
affective_only_no_exercise,none,all_modalities,EPM-E4:86,0.34615384615384615
affective_only_no_exercise,none,all_modalities,EPM-E4:91,0.23076923076923078
affective_only_no_exercise,none,all_modalities,EPM-E4:92,0.19230769230769232
affective_only_no_exercise,none,all_modalities,PhysioNet:S01,0.23529411764705882
affective_only_no_exercise,none,all_modalities,PhysioNet:S02,0.18518518518518517
affective_only_no_exercise,none,all_modalities,PhysioNet:S03,0.8
affective_only_no_exercise,none,all_modalities,PhysioNet:S04,0.7741935483870968
affective_only_no_exercise,none,all_modalities,PhysioNet:S05,0.7407407407407407
affective_only_no_exercise,none,all_modalities,PhysioNet:S06,0.7333333333333333
affective_only_no_exercise,none,all_modalities,PhysioNet:S07,0.56
affective_only_no_exercise,none,all_modalities,PhysioNet:S08,0.68
affective_only_no_exercise,none,all_modalities,PhysioNet:S09,0.16
affective_only_no_exercise,none,all_modalities,PhysioNet:S10,0.65625
affective_only_no_exercise,none,all_modalities,PhysioNet:S11,0.5555555555555556
affective_only_no_exercise,none,all_modalities,PhysioNet:S12,0.6333333333333333
affective_only_no_exercise,none,all_modalities,PhysioNet:S13,0.5172413793103449
affective_only_no_exercise,none,all_modalities,PhysioNet:S14,0.7096774193548387
affective_only_no_exercise,none,all_modalities,PhysioNet:S15,0.6333333333333333
affective_only_no_exercise,none,all_modalities,PhysioNet:S16,0.7407407407407407
affective_only_no_exercise,none,all_modalities,PhysioNet:S17,0.25925925925925924
affective_only_no_exercise,none,all_modalities,PhysioNet:S18,0.4482758620689655
affective_only_no_exercise,none,all_modalities,PhysioNet:f01,0.5180722891566265
affective_only_no_exercise,none,all_modalities,PhysioNet:f02,0.6851851851851852
affective_only_no_exercise,none,all_modalities,PhysioNet:f03,0.6052631578947368
affective_only_no_exercise,none,all_modalities,PhysioNet:f04,0.6307692307692307
affective_only_no_exercise,none,all_modalities,PhysioNet:f05,0.8153846153846154
affective_only_no_exercise,none,all_modalities,PhysioNet:f06,0.6119402985074627
affective_only_no_exercise,none,all_modalities,PhysioNet:f07,0.7313432835820896
affective_only_no_exercise,none,all_modalities,PhysioNet:f08,0.5967741935483871
affective_only_no_exercise,none,all_modalities,PhysioNet:f09,0.5238095238095238
affective_only_no_exercise,none,all_modalities,PhysioNet:f10,0.6875
affective_only_no_exercise,none,all_modalities,PhysioNet:f11,0.4375
affective_only_no_exercise,none,all_modalities,PhysioNet:f12,0.75
affective_only_no_exercise,none,all_modalities,PhysioNet:f13,0.7464788732394366
affective_only_no_exercise,none,all_modalities,PhysioNet:f14,0.25925925925925924
affective_only_no_exercise,none,all_modalities,PhysioNet:f15,0.711864406779661
affective_only_no_exercise,none,all_modalities,PhysioNet:f16,0.41935483870967744
affective_only_no_exercise,none,all_modalities,PhysioNet:f17,0.1875
affective_only_no_exercise,none,all_modalities,PhysioNet:f18,0.7090909090909091
affective_only_no_exercise,none,all_modalities,WESAD:S10,0.7604166666666666
affective_only_no_exercise,none,all_modalities,WESAD:S11,0.3723404255319149
affective_only_no_exercise,none,all_modalities,WESAD:S13,0.3404255319148936
affective_only_no_exercise,none,all_modalities,WESAD:S14,0.32978723404255317
affective_only_no_exercise,none,all_modalities,WESAD:S15,0.2872340425531915
affective_only_no_exercise,none,all_modalities,WESAD:S16,0.5212765957446809
affective_only_no_exercise,none,all_modalities,WESAD:S17,0.5957446808510638
affective_only_no_exercise,none,all_modalities,WESAD:S2,0.6
affective_only_no_exercise,none,all_modalities,WESAD:S3,0.4175824175824176
affective_only_no_exercise,none,all_modalities,WESAD:S4,0.5760869565217391
affective_only_no_exercise,none,all_modalities,WESAD:S5,0.8172043010752689
affective_only_no_exercise,none,all_modalities,WESAD:S6,0.4731182795698925
affective_only_no_exercise,none,all_modalities,WESAD:S7,0.6666666666666666
affective_only_no_exercise,none,all_modalities,WESAD:S8,0.6129032258064516
affective_only_no_exercise,none,all_modalities,WESAD:S9,0.5698924731182796
affective_only_no_exercise,none,physiology_only,EPM-E4:1,0.3076923076923077
affective_only_no_exercise,none,physiology_only,EPM-E4:103,0.11538461538461539
affective_only_no_exercise,none,physiology_only,EPM-E4:106,0.4
affective_only_no_exercise,none,physiology_only,EPM-E4:107,0.38461538461538464
affective_only_no_exercise,none,physiology_only,EPM-E4:117,0.19230769230769232
affective_only_no_exercise,none,physiology_only,EPM-E4:12,0.12
affective_only_no_exercise,none,physiology_only,EPM-E4:121,0.0
affective_only_no_exercise,none,physiology_only,EPM-E4:122,0.0
affective_only_no_exercise,none,physiology_only,EPM-E4:128,0.15384615384615385
affective_only_no_exercise,none,physiology_only,EPM-E4:129,0.0
affective_only_no_exercise,none,physiology_only,EPM-E4:138,0.34615384615384615
affective_only_no_exercise,none,physiology_only,EPM-E4:14,0.15384615384615385
affective_only_no_exercise,none,physiology_only,EPM-E4:141,0.0
affective_only_no_exercise,none,physiology_only,EPM-E4:15,0.38461538461538464
affective_only_no_exercise,none,physiology_only,EPM-E4:159,0.2692307692307692
affective_only_no_exercise,none,physiology_only,EPM-E4:16,0.0
affective_only_no_exercise,none,physiology_only,EPM-E4:160,0.11538461538461539
affective_only_no_exercise,none,physiology_only,EPM-E4:2,0.38461538461538464
affective_only_no_exercise,none,physiology_only,EPM-E4:24,0.4230769230769231
affective_only_no_exercise,none,physiology_only,EPM-E4:25,0.11538461538461539
affective_only_no_exercise,none,physiology_only,EPM-E4:34,0.0
affective_only_no_exercise,none,physiology_only,EPM-E4:36,0.2692307692307692
affective_only_no_exercise,none,physiology_only,EPM-E4:45,0.0
affective_only_no_exercise,none,physiology_only,EPM-E4:47,0.46153846153846156
affective_only_no_exercise,none,physiology_only,EPM-E4:49,0.15384615384615385
affective_only_no_exercise,none,physiology_only,EPM-E4:55,0.11538461538461539
affective_only_no_exercise,none,physiology_only,EPM-E4:76,0.07692307692307693
affective_only_no_exercise,none,physiology_only,EPM-E4:77,0.2692307692307692
affective_only_no_exercise,none,physiology_only,EPM-E4:79,0.38461538461538464
affective_only_no_exercise,none,physiology_only,EPM-E4:81,0.46153846153846156
affective_only_no_exercise,none,physiology_only,EPM-E4:86,0.3076923076923077
affective_only_no_exercise,none,physiology_only,EPM-E4:91,0.34615384615384615
affective_only_no_exercise,none,physiology_only,EPM-E4:92,0.038461538461538464
affective_only_no_exercise,none,physiology_only,PhysioNet:S01,0.29411764705882354
affective_only_no_exercise,none,physiology_only,PhysioNet:S02,0.037037037037037035
affective_only_no_exercise,none,physiology_only,PhysioNet:S03,0.72
affective_only_no_exercise,none,physiology_only,PhysioNet:S04,0.3225806451612903
affective_only_no_exercise,none,physiology_only,PhysioNet:S05,0.4444444444444444
affective_only_no_exercise,none,physiology_only,PhysioNet:S06,0.3333333333333333
affective_only_no_exercise,none,physiology_only,PhysioNet:S07,0.32
affective_only_no_exercise,none,physiology_only,PhysioNet:S08,0.36
affective_only_no_exercise,none,physiology_only,PhysioNet:S09,0.16
affective_only_no_exercise,none,physiology_only,PhysioNet:S10,0.0625
affective_only_no_exercise,none,physiology_only,PhysioNet:S11,0.5185185185185185
affective_only_no_exercise,none,physiology_only,PhysioNet:S12,0.26666666666666666
affective_only_no_exercise,none,physiology_only,PhysioNet:S13,0.20689655172413793
affective_only_no_exercise,none,physiology_only,PhysioNet:S14,0.4838709677419355
affective_only_no_exercise,none,physiology_only,PhysioNet:S15,0.5
affective_only_no_exercise,none,physiology_only,PhysioNet:S16,0.7407407407407407
affective_only_no_exercise,none,physiology_only,PhysioNet:S17,0.6296296296296297
affective_only_no_exercise,none,physiology_only,PhysioNet:S18,0.3448275862068966
affective_only_no_exercise,none,physiology_only,PhysioNet:f01,0.24096385542168675
affective_only_no_exercise,none,physiology_only,PhysioNet:f02,0.6666666666666666
affective_only_no_exercise,none,physiology_only,PhysioNet:f03,0.35526315789473684
affective_only_no_exercise,none,physiology_only,PhysioNet:f04,0.5230769230769231
affective_only_no_exercise,none,physiology_only,PhysioNet:f05,0.06153846153846154
affective_only_no_exercise,none,physiology_only,PhysioNet:f06,0.5671641791044776
affective_only_no_exercise,none,physiology_only,PhysioNet:f07,0.05970149253731343
affective_only_no_exercise,none,physiology_only,PhysioNet:f08,0.532258064516129
affective_only_no_exercise,none,physiology_only,PhysioNet:f09,0.09523809523809523
affective_only_no_exercise,none,physiology_only,PhysioNet:f10,0.265625
affective_only_no_exercise,none,physiology_only,PhysioNet:f11,0.71875
affective_only_no_exercise,none,physiology_only,PhysioNet:f12,0.75
affective_only_no_exercise,none,physiology_only,PhysioNet:f13,0.7183098591549296
affective_only_no_exercise,none,physiology_only,PhysioNet:f14,0.35185185185185186
affective_only_no_exercise,none,physiology_only,PhysioNet:f15,0.847457627118644
affective_only_no_exercise,none,physiology_only,PhysioNet:f16,0.6451612903225806
affective_only_no_exercise,none,physiology_only,PhysioNet:f17,0.140625
affective_only_no_exercise,none,physiology_only,PhysioNet:f18,0.4727272727272727
affective_only_no_exercise,none,physiology_only,WESAD:S10,0.4791666666666667
affective_only_no_exercise,none,physiology_only,WESAD:S11,0.5106382978723404
affective_only_no_exercise,none,physiology_only,WESAD:S13,0.20212765957446807
affective_only_no_exercise,none,physiology_only,WESAD:S14,0.1702127659574468
affective_only_no_exercise,none,physiology_only,WESAD:S15,0.39361702127659576
affective_only_no_exercise,none,physiology_only,WESAD:S16,0.26595744680851063
affective_only_no_exercise,none,physiology_only,WESAD:S17,0.2765957446808511
affective_only_no_exercise,none,physiology_only,WESAD:S2,0.4666666666666667
affective_only_no_exercise,none,physiology_only,WESAD:S3,0.24175824175824176
affective_only_no_exercise,none,physiology_only,WESAD:S4,0.33695652173913043
affective_only_no_exercise,none,physiology_only,WESAD:S5,0.46236559139784944
affective_only_no_exercise,none,physiology_only,WESAD:S6,0.4731182795698925
affective_only_no_exercise,none,physiology_only,WESAD:S7,0.5698924731182796
affective_only_no_exercise,none,physiology_only,WESAD:S8,0.5913978494623656
affective_only_no_exercise,none,physiology_only,WESAD:S9,0.5376344086021505
within_WESAD,none,all_modalities,WESAD:S10,0.75
within_WESAD,none,all_modalities,WESAD:S11,0.8085106382978723
within_WESAD,none,all_modalities,WESAD:S13,0.723404255319149
within_WESAD,none,all_modalities,WESAD:S14,0.648936170212766
within_WESAD,none,all_modalities,WESAD:S15,0.574468085106383
within_WESAD,none,all_modalities,WESAD:S16,0.5531914893617021
within_WESAD,none,all_modalities,WESAD:S17,0.7127659574468085
within_WESAD,none,all_modalities,WESAD:S2,0.6444444444444445
within_WESAD,none,all_modalities,WESAD:S3,0.6373626373626373
within_WESAD,none,all_modalities,WESAD:S4,0.717391304347826
within_WESAD,none,all_modalities,WESAD:S5,0.8279569892473119
within_WESAD,none,all_modalities,WESAD:S6,0.6989247311827957
within_WESAD,none,all_modalities,WESAD:S7,0.6344086021505376
within_WESAD,none,all_modalities,WESAD:S8,0.6881720430107527
within_WESAD,none,all_modalities,WESAD:S9,0.8279569892473119
within_WESAD,none,physiology_only,WESAD:S10,0.65625
within_WESAD,none,physiology_only,WESAD:S11,0.776595744680851
within_WESAD,none,physiology_only,WESAD:S13,0.6063829787234043
within_WESAD,none,physiology_only,WESAD:S14,0.26595744680851063
within_WESAD,none,physiology_only,WESAD:S15,0.7659574468085106
within_WESAD,none,physiology_only,WESAD:S16,0.5106382978723404
within_WESAD,none,physiology_only,WESAD:S17,0.35106382978723405
within_WESAD,none,physiology_only,WESAD:S2,0.5444444444444444
within_WESAD,none,physiology_only,WESAD:S3,0.6263736263736264
within_WESAD,none,physiology_only,WESAD:S4,0.5108695652173914
within_WESAD,none,physiology_only,WESAD:S5,0.6559139784946236
within_WESAD,none,physiology_only,WESAD:S6,0.6881720430107527
within_WESAD,none,physiology_only,WESAD:S7,0.5806451612903226
within_WESAD,none,physiology_only,WESAD:S8,0.6129032258064516
within_WESAD,none,physiology_only,WESAD:S9,0.7849462365591398
within_PhysioNet_stress_session,none,all_modalities,PhysioNet:S01,0.5588235294117647
within_PhysioNet_stress_session,none,all_modalities,PhysioNet:S02,0.6296296296296297
within_PhysioNet_stress_session,none,all_modalities,PhysioNet:S03,0.72
within_PhysioNet_stress_session,none,all_modalities,PhysioNet:S04,0.8064516129032258
within_PhysioNet_stress_session,none,all_modalities,PhysioNet:S05,0.7777777777777778
within_PhysioNet_stress_session,none,all_modalities,PhysioNet:S06,0.5
within_PhysioNet_stress_session,none,all_modalities,PhysioNet:S07,0.72
within_PhysioNet_stress_session,none,all_modalities,PhysioNet:S08,0.76
within_PhysioNet_stress_session,none,all_modalities,PhysioNet:S09,0.6
within_PhysioNet_stress_session,none,all_modalities,PhysioNet:S10,0.75
within_PhysioNet_stress_session,none,all_modalities,PhysioNet:S11,0.6666666666666666
within_PhysioNet_stress_session,none,all_modalities,PhysioNet:S12,0.7333333333333333
within_PhysioNet_stress_session,none,all_modalities,PhysioNet:S13,0.4827586206896552
within_PhysioNet_stress_session,none,all_modalities,PhysioNet:S14,0.8064516129032258
within_PhysioNet_stress_session,none,all_modalities,PhysioNet:S15,0.5333333333333333
within_PhysioNet_stress_session,none,all_modalities,PhysioNet:S16,0.7407407407407407
within_PhysioNet_stress_session,none,all_modalities,PhysioNet:S17,0.7777777777777778
within_PhysioNet_stress_session,none,all_modalities,PhysioNet:S18,0.6896551724137931
within_PhysioNet_stress_session,none,all_modalities,PhysioNet:f01,0.6987951807228916
within_PhysioNet_stress_session,none,all_modalities,PhysioNet:f02,0.7037037037037037
within_PhysioNet_stress_session,none,all_modalities,PhysioNet:f03,0.8421052631578947
within_PhysioNet_stress_session,none,all_modalities,PhysioNet:f04,0.7230769230769231
within_PhysioNet_stress_session,none,all_modalities,PhysioNet:f05,0.9076923076923077
within_PhysioNet_stress_session,none,all_modalities,PhysioNet:f06,0.8955223880597015
within_PhysioNet_stress_session,none,all_modalities,PhysioNet:f07,0.8059701492537313
within_PhysioNet_stress_session,none,all_modalities,PhysioNet:f08,0.5806451612903226
within_PhysioNet_stress_session,none,all_modalities,PhysioNet:f09,0.8095238095238095
within_PhysioNet_stress_session,none,all_modalities,PhysioNet:f10,0.8125
within_PhysioNet_stress_session,none,all_modalities,PhysioNet:f11,0.796875
within_PhysioNet_stress_session,none,all_modalities,PhysioNet:f12,0.734375
within_PhysioNet_stress_session,none,all_modalities,PhysioNet:f13,0.8169014084507042
within_PhysioNet_stress_session,none,all_modalities,PhysioNet:f14,0.7777777777777778
within_PhysioNet_stress_session,none,all_modalities,PhysioNet:f15,0.7966101694915254
within_PhysioNet_stress_session,none,all_modalities,PhysioNet:f16,0.8064516129032258
within_PhysioNet_stress_session,none,all_modalities,PhysioNet:f17,0.140625
within_PhysioNet_stress_session,none,all_modalities,PhysioNet:f18,0.7818181818181819
within_PhysioNet_stress_session,none,physiology_only,PhysioNet:S01,0.5882352941176471
within_PhysioNet_stress_session,none,physiology_only,PhysioNet:S02,0.6666666666666666
within_PhysioNet_stress_session,none,physiology_only,PhysioNet:S03,0.72
within_PhysioNet_stress_session,none,physiology_only,PhysioNet:S04,0.8064516129032258
within_PhysioNet_stress_session,none,physiology_only,PhysioNet:S05,0.5185185185185185
within_PhysioNet_stress_session,none,physiology_only,PhysioNet:S06,0.3333333333333333
within_PhysioNet_stress_session,none,physiology_only,PhysioNet:S07,0.6
within_PhysioNet_stress_session,none,physiology_only,PhysioNet:S08,0.72
within_PhysioNet_stress_session,none,physiology_only,PhysioNet:S09,0.24
within_PhysioNet_stress_session,none,physiology_only,PhysioNet:S10,0.78125
within_PhysioNet_stress_session,none,physiology_only,PhysioNet:S11,0.5925925925925926
within_PhysioNet_stress_session,none,physiology_only,PhysioNet:S12,0.6666666666666666
within_PhysioNet_stress_session,none,physiology_only,PhysioNet:S13,0.8620689655172413
within_PhysioNet_stress_session,none,physiology_only,PhysioNet:S14,0.7419354838709677
within_PhysioNet_stress_session,none,physiology_only,PhysioNet:S15,0.5666666666666667
within_PhysioNet_stress_session,none,physiology_only,PhysioNet:S16,0.7037037037037037
within_PhysioNet_stress_session,none,physiology_only,PhysioNet:S17,0.6296296296296297
within_PhysioNet_stress_session,none,physiology_only,PhysioNet:S18,0.6551724137931034
within_PhysioNet_stress_session,none,physiology_only,PhysioNet:f01,0.6746987951807228
within_PhysioNet_stress_session,none,physiology_only,PhysioNet:f02,0.6851851851851852
within_PhysioNet_stress_session,none,physiology_only,PhysioNet:f03,0.8026315789473685
within_PhysioNet_stress_session,none,physiology_only,PhysioNet:f04,0.6
within_PhysioNet_stress_session,none,physiology_only,PhysioNet:f05,0.8923076923076924
within_PhysioNet_stress_session,none,physiology_only,PhysioNet:f06,0.7313432835820896
within_PhysioNet_stress_session,none,physiology_only,PhysioNet:f07,0.8208955223880597
within_PhysioNet_stress_session,none,physiology_only,PhysioNet:f08,0.6935483870967742
within_PhysioNet_stress_session,none,physiology_only,PhysioNet:f09,0.7936507936507936
within_PhysioNet_stress_session,none,physiology_only,PhysioNet:f10,0.796875
within_PhysioNet_stress_session,none,physiology_only,PhysioNet:f11,0.75
within_PhysioNet_stress_session,none,physiology_only,PhysioNet:f12,0.8125
within_PhysioNet_stress_session,none,physiology_only,PhysioNet:f13,0.8309859154929577
within_PhysioNet_stress_session,none,physiology_only,PhysioNet:f14,0.7777777777777778
within_PhysioNet_stress_session,none,physiology_only,PhysioNet:f15,0.847457627118644
within_PhysioNet_stress_session,none,physiology_only,PhysioNet:f16,0.7580645161290323
within_PhysioNet_stress_session,none,physiology_only,PhysioNet:f17,0.109375
within_PhysioNet_stress_session,none,physiology_only,PhysioNet:f18,0.7818181818181819
within_EPM_emotions,none,all_modalities,EPM-E4:1,0.34615384615384615
within_EPM_emotions,none,all_modalities,EPM-E4:103,0.38461538461538464
within_EPM_emotions,none,all_modalities,EPM-E4:106,0.6
within_EPM_emotions,none,all_modalities,EPM-E4:107,0.11538461538461539
within_EPM_emotions,none,all_modalities,EPM-E4:117,0.0
within_EPM_emotions,none,all_modalities,EPM-E4:12,0.4
within_EPM_emotions,none,all_modalities,EPM-E4:121,0.16
within_EPM_emotions,none,all_modalities,EPM-E4:122,0.2692307692307692
within_EPM_emotions,none,all_modalities,EPM-E4:128,0.5769230769230769
within_EPM_emotions,none,all_modalities,EPM-E4:129,0.2692307692307692
within_EPM_emotions,none,all_modalities,EPM-E4:138,0.6538461538461539
within_EPM_emotions,none,all_modalities,EPM-E4:14,0.5
within_EPM_emotions,none,all_modalities,EPM-E4:141,0.038461538461538464
within_EPM_emotions,none,all_modalities,EPM-E4:15,0.19230769230769232
within_EPM_emotions,none,all_modalities,EPM-E4:159,0.11538461538461539
within_EPM_emotions,none,all_modalities,EPM-E4:16,0.34615384615384615
within_EPM_emotions,none,all_modalities,EPM-E4:160,0.3076923076923077
within_EPM_emotions,none,all_modalities,EPM-E4:2,0.4230769230769231
within_EPM_emotions,none,all_modalities,EPM-E4:24,0.2692307692307692
within_EPM_emotions,none,all_modalities,EPM-E4:25,0.46153846153846156
within_EPM_emotions,none,all_modalities,EPM-E4:34,0.34615384615384615
within_EPM_emotions,none,all_modalities,EPM-E4:36,0.34615384615384615
within_EPM_emotions,none,all_modalities,EPM-E4:45,0.7307692307692307
within_EPM_emotions,none,all_modalities,EPM-E4:47,0.34615384615384615
within_EPM_emotions,none,all_modalities,EPM-E4:49,0.6153846153846154
within_EPM_emotions,none,all_modalities,EPM-E4:55,0.2692307692307692
within_EPM_emotions,none,all_modalities,EPM-E4:76,0.23076923076923078
within_EPM_emotions,none,all_modalities,EPM-E4:77,0.38461538461538464
within_EPM_emotions,none,all_modalities,EPM-E4:79,0.46153846153846156
within_EPM_emotions,none,all_modalities,EPM-E4:81,0.7692307692307693
within_EPM_emotions,none,all_modalities,EPM-E4:86,0.5769230769230769
within_EPM_emotions,none,all_modalities,EPM-E4:91,0.07692307692307693
within_EPM_emotions,none,all_modalities,EPM-E4:92,0.15384615384615385
within_EPM_emotions,none,physiology_only,EPM-E4:1,0.46153846153846156
within_EPM_emotions,none,physiology_only,EPM-E4:103,0.4230769230769231
within_EPM_emotions,none,physiology_only,EPM-E4:106,0.52
within_EPM_emotions,none,physiology_only,EPM-E4:107,0.34615384615384615
within_EPM_emotions,none,physiology_only,EPM-E4:117,0.3076923076923077
within_EPM_emotions,none,physiology_only,EPM-E4:12,0.24
within_EPM_emotions,none,physiology_only,EPM-E4:121,0.56
within_EPM_emotions,none,physiology_only,EPM-E4:122,0.15384615384615385
within_EPM_emotions,none,physiology_only,EPM-E4:128,0.4230769230769231
within_EPM_emotions,none,physiology_only,EPM-E4:129,0.23076923076923078
within_EPM_emotions,none,physiology_only,EPM-E4:138,0.5384615384615384
within_EPM_emotions,none,physiology_only,EPM-E4:14,0.38461538461538464
within_EPM_emotions,none,physiology_only,EPM-E4:141,0.11538461538461539
within_EPM_emotions,none,physiology_only,EPM-E4:15,0.6923076923076923
within_EPM_emotions,none,physiology_only,EPM-E4:159,0.34615384615384615
within_EPM_emotions,none,physiology_only,EPM-E4:16,0.11538461538461539
within_EPM_emotions,none,physiology_only,EPM-E4:160,0.3076923076923077
within_EPM_emotions,none,physiology_only,EPM-E4:2,0.34615384615384615
within_EPM_emotions,none,physiology_only,EPM-E4:24,0.7692307692307693
within_EPM_emotions,none,physiology_only,EPM-E4:25,0.6153846153846154
within_EPM_emotions,none,physiology_only,EPM-E4:34,0.19230769230769232
within_EPM_emotions,none,physiology_only,EPM-E4:36,0.4230769230769231
within_EPM_emotions,none,physiology_only,EPM-E4:45,0.38461538461538464
within_EPM_emotions,none,physiology_only,EPM-E4:47,0.38461538461538464
within_EPM_emotions,none,physiology_only,EPM-E4:49,0.4230769230769231
within_EPM_emotions,none,physiology_only,EPM-E4:55,0.6538461538461539
within_EPM_emotions,none,physiology_only,EPM-E4:76,0.038461538461538464
within_EPM_emotions,none,physiology_only,EPM-E4:77,0.5
within_EPM_emotions,none,physiology_only,EPM-E4:79,0.5384615384615384
within_EPM_emotions,none,physiology_only,EPM-E4:81,0.46153846153846156
within_EPM_emotions,none,physiology_only,EPM-E4:86,0.34615384615384615
within_EPM_emotions,none,physiology_only,EPM-E4:91,0.4230769230769231
within_EPM_emotions,none,physiology_only,EPM-E4:92,0.46153846153846156
shared_Baseline_vs_Stress_pooled,none,all_modalities,PhysioNet:S01,0.75
shared_Baseline_vs_Stress_pooled,none,all_modalities,PhysioNet:S02,0.4
shared_Baseline_vs_Stress_pooled,none,all_modalities,PhysioNet:S03,0.5
shared_Baseline_vs_Stress_pooled,none,all_modalities,PhysioNet:S04,1.0
shared_Baseline_vs_Stress_pooled,none,all_modalities,PhysioNet:S05,0.8181818181818182
shared_Baseline_vs_Stress_pooled,none,all_modalities,PhysioNet:S06,1.0
shared_Baseline_vs_Stress_pooled,none,all_modalities,PhysioNet:S07,0.4444444444444444
shared_Baseline_vs_Stress_pooled,none,all_modalities,PhysioNet:S08,0.3
shared_Baseline_vs_Stress_pooled,none,all_modalities,PhysioNet:S09,0.6
shared_Baseline_vs_Stress_pooled,none,all_modalities,PhysioNet:S10,0.5
shared_Baseline_vs_Stress_pooled,none,all_modalities,PhysioNet:S11,0.5833333333333334
shared_Baseline_vs_Stress_pooled,none,all_modalities,PhysioNet:S12,0.6
shared_Baseline_vs_Stress_pooled,none,all_modalities,PhysioNet:S13,0.6
shared_Baseline_vs_Stress_pooled,none,all_modalities,PhysioNet:S14,0.7272727272727273
shared_Baseline_vs_Stress_pooled,none,all_modalities,PhysioNet:S15,0.45454545454545453
shared_Baseline_vs_Stress_pooled,none,all_modalities,PhysioNet:S16,0.7272727272727273
shared_Baseline_vs_Stress_pooled,none,all_modalities,PhysioNet:S17,1.0
shared_Baseline_vs_Stress_pooled,none,all_modalities,PhysioNet:S18,0.45454545454545453
shared_Baseline_vs_Stress_pooled,none,all_modalities,PhysioNet:f01,0.8947368421052632
shared_Baseline_vs_Stress_pooled,none,all_modalities,PhysioNet:f02,0.625
shared_Baseline_vs_Stress_pooled,none,all_modalities,PhysioNet:f03,0.5833333333333334
shared_Baseline_vs_Stress_pooled,none,all_modalities,PhysioNet:f04,1.0
shared_Baseline_vs_Stress_pooled,none,all_modalities,PhysioNet:f05,0.9166666666666666
shared_Baseline_vs_Stress_pooled,none,all_modalities,PhysioNet:f06,0.9166666666666666
shared_Baseline_vs_Stress_pooled,none,all_modalities,PhysioNet:f07,0.4166666666666667
shared_Baseline_vs_Stress_pooled,none,all_modalities,PhysioNet:f08,1.0
shared_Baseline_vs_Stress_pooled,none,all_modalities,PhysioNet:f09,0.4166666666666667
shared_Baseline_vs_Stress_pooled,none,all_modalities,PhysioNet:f10,0.5833333333333334
shared_Baseline_vs_Stress_pooled,none,all_modalities,PhysioNet:f11,0.6153846153846154
shared_Baseline_vs_Stress_pooled,none,all_modalities,PhysioNet:f12,0.75
shared_Baseline_vs_Stress_pooled,none,all_modalities,PhysioNet:f13,0.9090909090909091
shared_Baseline_vs_Stress_pooled,none,all_modalities,PhysioNet:f14,0.6666666666666666
shared_Baseline_vs_Stress_pooled,none,all_modalities,PhysioNet:f15,0.6153846153846154
shared_Baseline_vs_Stress_pooled,none,all_modalities,PhysioNet:f16,0.5833333333333334
shared_Baseline_vs_Stress_pooled,none,all_modalities,PhysioNet:f17,1.0
shared_Baseline_vs_Stress_pooled,none,all_modalities,PhysioNet:f18,0.5454545454545454
shared_Baseline_vs_Stress_pooled,none,all_modalities,WESAD:S10,0.8360655737704918
shared_Baseline_vs_Stress_pooled,none,all_modalities,WESAD:S11,1.0
shared_Baseline_vs_Stress_pooled,none,all_modalities,WESAD:S13,0.9830508474576272
shared_Baseline_vs_Stress_pooled,none,all_modalities,WESAD:S14,0.8305084745762712
shared_Baseline_vs_Stress_pooled,none,all_modalities,WESAD:S15,0.711864406779661
shared_Baseline_vs_Stress_pooled,none,all_modalities,WESAD:S16,1.0
shared_Baseline_vs_Stress_pooled,none,all_modalities,WESAD:S17,1.0
shared_Baseline_vs_Stress_pooled,none,all_modalities,WESAD:S2,0.9464285714285714
shared_Baseline_vs_Stress_pooled,none,all_modalities,WESAD:S3,0.9649122807017544
shared_Baseline_vs_Stress_pooled,none,all_modalities,WESAD:S4,0.9824561403508771
shared_Baseline_vs_Stress_pooled,none,all_modalities,WESAD:S5,0.9655172413793104
shared_Baseline_vs_Stress_pooled,none,all_modalities,WESAD:S6,0.9827586206896551
shared_Baseline_vs_Stress_pooled,none,all_modalities,WESAD:S7,0.896551724137931
shared_Baseline_vs_Stress_pooled,none,all_modalities,WESAD:S8,1.0
shared_Baseline_vs_Stress_pooled,none,all_modalities,WESAD:S9,0.9310344827586207
shared_Baseline_vs_Stress_pooled,none,physiology_only,PhysioNet:S01,0.5833333333333334
shared_Baseline_vs_Stress_pooled,none,physiology_only,PhysioNet:S02,0.4
shared_Baseline_vs_Stress_pooled,none,physiology_only,PhysioNet:S03,0.7
shared_Baseline_vs_Stress_pooled,none,physiology_only,PhysioNet:S04,1.0
shared_Baseline_vs_Stress_pooled,none,physiology_only,PhysioNet:S05,0.5454545454545454
shared_Baseline_vs_Stress_pooled,none,physiology_only,PhysioNet:S06,1.0
shared_Baseline_vs_Stress_pooled,none,physiology_only,PhysioNet:S07,0.5555555555555556
shared_Baseline_vs_Stress_pooled,none,physiology_only,PhysioNet:S08,0.6
shared_Baseline_vs_Stress_pooled,none,physiology_only,PhysioNet:S09,0.5
shared_Baseline_vs_Stress_pooled,none,physiology_only,PhysioNet:S10,0.6
shared_Baseline_vs_Stress_pooled,none,physiology_only,PhysioNet:S11,0.5
shared_Baseline_vs_Stress_pooled,none,physiology_only,PhysioNet:S12,0.5
shared_Baseline_vs_Stress_pooled,none,physiology_only,PhysioNet:S13,0.7
shared_Baseline_vs_Stress_pooled,none,physiology_only,PhysioNet:S14,0.7272727272727273
shared_Baseline_vs_Stress_pooled,none,physiology_only,PhysioNet:S15,0.2727272727272727
shared_Baseline_vs_Stress_pooled,none,physiology_only,PhysioNet:S16,0.5454545454545454
shared_Baseline_vs_Stress_pooled,none,physiology_only,PhysioNet:S17,0.6
shared_Baseline_vs_Stress_pooled,none,physiology_only,PhysioNet:S18,0.7272727272727273
shared_Baseline_vs_Stress_pooled,none,physiology_only,PhysioNet:f01,0.7368421052631579
shared_Baseline_vs_Stress_pooled,none,physiology_only,PhysioNet:f02,0.875
shared_Baseline_vs_Stress_pooled,none,physiology_only,PhysioNet:f03,0.75
shared_Baseline_vs_Stress_pooled,none,physiology_only,PhysioNet:f04,1.0
shared_Baseline_vs_Stress_pooled,none,physiology_only,PhysioNet:f05,0.5833333333333334
shared_Baseline_vs_Stress_pooled,none,physiology_only,PhysioNet:f06,0.8333333333333334
shared_Baseline_vs_Stress_pooled,none,physiology_only,PhysioNet:f07,0.4166666666666667
shared_Baseline_vs_Stress_pooled,none,physiology_only,PhysioNet:f08,1.0
shared_Baseline_vs_Stress_pooled,none,physiology_only,PhysioNet:f09,0.5833333333333334
shared_Baseline_vs_Stress_pooled,none,physiology_only,PhysioNet:f10,0.25
shared_Baseline_vs_Stress_pooled,none,physiology_only,PhysioNet:f11,0.6153846153846154
shared_Baseline_vs_Stress_pooled,none,physiology_only,PhysioNet:f12,0.5833333333333334
shared_Baseline_vs_Stress_pooled,none,physiology_only,PhysioNet:f13,0.36363636363636365
shared_Baseline_vs_Stress_pooled,none,physiology_only,PhysioNet:f14,0.4166666666666667
shared_Baseline_vs_Stress_pooled,none,physiology_only,PhysioNet:f15,0.6153846153846154
shared_Baseline_vs_Stress_pooled,none,physiology_only,PhysioNet:f16,0.5833333333333334
shared_Baseline_vs_Stress_pooled,none,physiology_only,PhysioNet:f17,0.6666666666666666
shared_Baseline_vs_Stress_pooled,none,physiology_only,PhysioNet:f18,0.45454545454545453
shared_Baseline_vs_Stress_pooled,none,physiology_only,WESAD:S10,0.6885245901639344
shared_Baseline_vs_Stress_pooled,none,physiology_only,WESAD:S11,0.9661016949152542
shared_Baseline_vs_Stress_pooled,none,physiology_only,WESAD:S13,0.9322033898305084
shared_Baseline_vs_Stress_pooled,none,physiology_only,WESAD:S14,0.864406779661017
shared_Baseline_vs_Stress_pooled,none,physiology_only,WESAD:S15,0.6779661016949152
shared_Baseline_vs_Stress_pooled,none,physiology_only,WESAD:S16,0.9322033898305084
shared_Baseline_vs_Stress_pooled,none,physiology_only,WESAD:S17,0.9344262295081968
shared_Baseline_vs_Stress_pooled,none,physiology_only,WESAD:S2,0.9821428571428571
shared_Baseline_vs_Stress_pooled,none,physiology_only,WESAD:S3,0.9122807017543859
shared_Baseline_vs_Stress_pooled,none,physiology_only,WESAD:S4,1.0
shared_Baseline_vs_Stress_pooled,none,physiology_only,WESAD:S5,0.896551724137931
shared_Baseline_vs_Stress_pooled,none,physiology_only,WESAD:S6,0.896551724137931
shared_Baseline_vs_Stress_pooled,none,physiology_only,WESAD:S7,0.9827586206896551
shared_Baseline_vs_Stress_pooled,none,physiology_only,WESAD:S8,1.0
shared_Baseline_vs_Stress_pooled,none,physiology_only,WESAD:S9,0.9655172413793104
legacy_6class_session_labels,subject_zscore,all_modalities,EPM-E4:1,0.2692307692307692
legacy_6class_session_labels,subject_zscore,all_modalities,EPM-E4:103,0.23076923076923078
legacy_6class_session_labels,subject_zscore,all_modalities,EPM-E4:106,0.16
legacy_6class_session_labels,subject_zscore,all_modalities,EPM-E4:107,0.46153846153846156
legacy_6class_session_labels,subject_zscore,all_modalities,EPM-E4:117,0.2692307692307692
legacy_6class_session_labels,subject_zscore,all_modalities,EPM-E4:12,0.24
legacy_6class_session_labels,subject_zscore,all_modalities,EPM-E4:121,0.12
legacy_6class_session_labels,subject_zscore,all_modalities,EPM-E4:122,0.46153846153846156
legacy_6class_session_labels,subject_zscore,all_modalities,EPM-E4:128,0.07692307692307693
legacy_6class_session_labels,subject_zscore,all_modalities,EPM-E4:129,0.2692307692307692
legacy_6class_session_labels,subject_zscore,all_modalities,EPM-E4:138,0.38461538461538464
legacy_6class_session_labels,subject_zscore,all_modalities,EPM-E4:14,0.15384615384615385
legacy_6class_session_labels,subject_zscore,all_modalities,EPM-E4:141,0.46153846153846156
legacy_6class_session_labels,subject_zscore,all_modalities,EPM-E4:15,0.3076923076923077
legacy_6class_session_labels,subject_zscore,all_modalities,EPM-E4:159,0.0
legacy_6class_session_labels,subject_zscore,all_modalities,EPM-E4:16,0.07692307692307693
legacy_6class_session_labels,subject_zscore,all_modalities,EPM-E4:160,0.46153846153846156
legacy_6class_session_labels,subject_zscore,all_modalities,EPM-E4:2,0.15384615384615385
legacy_6class_session_labels,subject_zscore,all_modalities,EPM-E4:24,0.038461538461538464
legacy_6class_session_labels,subject_zscore,all_modalities,EPM-E4:25,0.38461538461538464
legacy_6class_session_labels,subject_zscore,all_modalities,EPM-E4:34,0.15384615384615385
legacy_6class_session_labels,subject_zscore,all_modalities,EPM-E4:36,0.5769230769230769
legacy_6class_session_labels,subject_zscore,all_modalities,EPM-E4:45,0.6923076923076923
legacy_6class_session_labels,subject_zscore,all_modalities,EPM-E4:47,0.15384615384615385
legacy_6class_session_labels,subject_zscore,all_modalities,EPM-E4:49,0.15384615384615385
legacy_6class_session_labels,subject_zscore,all_modalities,EPM-E4:55,0.19230769230769232
legacy_6class_session_labels,subject_zscore,all_modalities,EPM-E4:76,0.23076923076923078
legacy_6class_session_labels,subject_zscore,all_modalities,EPM-E4:77,0.07692307692307693
legacy_6class_session_labels,subject_zscore,all_modalities,EPM-E4:79,0.3076923076923077
legacy_6class_session_labels,subject_zscore,all_modalities,EPM-E4:81,0.5384615384615384
legacy_6class_session_labels,subject_zscore,all_modalities,EPM-E4:86,0.07692307692307693
legacy_6class_session_labels,subject_zscore,all_modalities,EPM-E4:91,0.46153846153846156
legacy_6class_session_labels,subject_zscore,all_modalities,EPM-E4:92,0.23076923076923078
legacy_6class_session_labels,subject_zscore,all_modalities,PhysioNet:S01,0.2028985507246377
legacy_6class_session_labels,subject_zscore,all_modalities,PhysioNet:S02,0.7364341085271318
legacy_6class_session_labels,subject_zscore,all_modalities,PhysioNet:S03,0.25225225225225223
legacy_6class_session_labels,subject_zscore,all_modalities,PhysioNet:S04,0.8444444444444444
legacy_6class_session_labels,subject_zscore,all_modalities,PhysioNet:S05,0.6141732283464567
legacy_6class_session_labels,subject_zscore,all_modalities,PhysioNet:S06,0.45161290322580644
legacy_6class_session_labels,subject_zscore,all_modalities,PhysioNet:S07,0.8135593220338984
legacy_6class_session_labels,subject_zscore,all_modalities,PhysioNet:S08,0.751937984496124
legacy_6class_session_labels,subject_zscore,all_modalities,PhysioNet:S09,0.8359375
legacy_6class_session_labels,subject_zscore,all_modalities,PhysioNet:S10,0.6370370370370371
legacy_6class_session_labels,subject_zscore,all_modalities,PhysioNet:S11,0.728
legacy_6class_session_labels,subject_zscore,all_modalities,PhysioNet:S12,0.6818181818181818
legacy_6class_session_labels,subject_zscore,all_modalities,PhysioNet:S13,0.5298507462686567
legacy_6class_session_labels,subject_zscore,all_modalities,PhysioNet:S14,0.8115942028985508
legacy_6class_session_labels,subject_zscore,all_modalities,PhysioNet:S15,0.7819548872180451
legacy_6class_session_labels,subject_zscore,all_modalities,PhysioNet:S16,0.48872180451127817
legacy_6class_session_labels,subject_zscore,all_modalities,PhysioNet:S17,0.6106870229007634
legacy_6class_session_labels,subject_zscore,all_modalities,PhysioNet:S18,0.8646616541353384
legacy_6class_session_labels,subject_zscore,all_modalities,PhysioNet:f01,0.5486381322957199
legacy_6class_session_labels,subject_zscore,all_modalities,PhysioNet:f02,0.2222222222222222
legacy_6class_session_labels,subject_zscore,all_modalities,PhysioNet:f03,0.578544061302682
legacy_6class_session_labels,subject_zscore,all_modalities,PhysioNet:f04,0.6649484536082474
legacy_6class_session_labels,subject_zscore,all_modalities,PhysioNet:f05,0.37448559670781895
legacy_6class_session_labels,subject_zscore,all_modalities,PhysioNet:f06,0.7336448598130841
legacy_6class_session_labels,subject_zscore,all_modalities,PhysioNet:f07,0.5746606334841629
legacy_6class_session_labels,subject_zscore,all_modalities,PhysioNet:f08,0.7548076923076923
legacy_6class_session_labels,subject_zscore,all_modalities,PhysioNet:f09,0.7427184466019418
legacy_6class_session_labels,subject_zscore,all_modalities,PhysioNet:f10,0.5384615384615384
legacy_6class_session_labels,subject_zscore,all_modalities,PhysioNet:f11,0.25925925925925924
legacy_6class_session_labels,subject_zscore,all_modalities,PhysioNet:f12,0.5251141552511416
legacy_6class_session_labels,subject_zscore,all_modalities,PhysioNet:f13,0.3293172690763052
legacy_6class_session_labels,subject_zscore,all_modalities,PhysioNet:f14,0.14814814814814814
legacy_6class_session_labels,subject_zscore,all_modalities,PhysioNet:f15,0.1016949152542373
legacy_6class_session_labels,subject_zscore,all_modalities,PhysioNet:f16,0.20967741935483872
legacy_6class_session_labels,subject_zscore,all_modalities,PhysioNet:f17,0.21875
legacy_6class_session_labels,subject_zscore,all_modalities,PhysioNet:f18,0.16363636363636364
legacy_6class_session_labels,subject_zscore,all_modalities,WESAD:S10,0.59375
legacy_6class_session_labels,subject_zscore,all_modalities,WESAD:S11,0.24468085106382978
legacy_6class_session_labels,subject_zscore,all_modalities,WESAD:S13,0.46808510638297873
legacy_6class_session_labels,subject_zscore,all_modalities,WESAD:S14,0.2978723404255319
legacy_6class_session_labels,subject_zscore,all_modalities,WESAD:S15,0.5212765957446809
legacy_6class_session_labels,subject_zscore,all_modalities,WESAD:S16,0.26595744680851063
legacy_6class_session_labels,subject_zscore,all_modalities,WESAD:S17,0.14893617021276595
legacy_6class_session_labels,subject_zscore,all_modalities,WESAD:S2,0.6666666666666666
legacy_6class_session_labels,subject_zscore,all_modalities,WESAD:S3,0.6263736263736264
legacy_6class_session_labels,subject_zscore,all_modalities,WESAD:S4,0.2826086956521739
legacy_6class_session_labels,subject_zscore,all_modalities,WESAD:S5,0.5806451612903226
legacy_6class_session_labels,subject_zscore,all_modalities,WESAD:S6,0.46236559139784944
legacy_6class_session_labels,subject_zscore,all_modalities,WESAD:S7,0.6559139784946236
legacy_6class_session_labels,subject_zscore,all_modalities,WESAD:S8,0.7311827956989247
legacy_6class_session_labels,subject_zscore,all_modalities,WESAD:S9,0.7311827956989247
legacy_6class_session_labels,subject_zscore,physiology_only,EPM-E4:1,0.5
legacy_6class_session_labels,subject_zscore,physiology_only,EPM-E4:103,0.15384615384615385
legacy_6class_session_labels,subject_zscore,physiology_only,EPM-E4:106,0.28
legacy_6class_session_labels,subject_zscore,physiology_only,EPM-E4:107,0.15384615384615385
legacy_6class_session_labels,subject_zscore,physiology_only,EPM-E4:117,0.11538461538461539
legacy_6class_session_labels,subject_zscore,physiology_only,EPM-E4:12,0.16
legacy_6class_session_labels,subject_zscore,physiology_only,EPM-E4:121,0.12
legacy_6class_session_labels,subject_zscore,physiology_only,EPM-E4:122,0.46153846153846156
legacy_6class_session_labels,subject_zscore,physiology_only,EPM-E4:128,0.07692307692307693
legacy_6class_session_labels,subject_zscore,physiology_only,EPM-E4:129,0.15384615384615385
legacy_6class_session_labels,subject_zscore,physiology_only,EPM-E4:138,0.23076923076923078
legacy_6class_session_labels,subject_zscore,physiology_only,EPM-E4:14,0.0
legacy_6class_session_labels,subject_zscore,physiology_only,EPM-E4:141,0.2692307692307692
legacy_6class_session_labels,subject_zscore,physiology_only,EPM-E4:15,0.3076923076923077
legacy_6class_session_labels,subject_zscore,physiology_only,EPM-E4:159,0.15384615384615385
legacy_6class_session_labels,subject_zscore,physiology_only,EPM-E4:16,0.07692307692307693
legacy_6class_session_labels,subject_zscore,physiology_only,EPM-E4:160,0.2692307692307692
legacy_6class_session_labels,subject_zscore,physiology_only,EPM-E4:2,0.46153846153846156
legacy_6class_session_labels,subject_zscore,physiology_only,EPM-E4:24,0.11538461538461539
legacy_6class_session_labels,subject_zscore,physiology_only,EPM-E4:25,0.5384615384615384
legacy_6class_session_labels,subject_zscore,physiology_only,EPM-E4:34,0.038461538461538464
legacy_6class_session_labels,subject_zscore,physiology_only,EPM-E4:36,0.2692307692307692
legacy_6class_session_labels,subject_zscore,physiology_only,EPM-E4:45,0.5
legacy_6class_session_labels,subject_zscore,physiology_only,EPM-E4:47,0.0
legacy_6class_session_labels,subject_zscore,physiology_only,EPM-E4:49,0.07692307692307693
legacy_6class_session_labels,subject_zscore,physiology_only,EPM-E4:55,0.038461538461538464
legacy_6class_session_labels,subject_zscore,physiology_only,EPM-E4:76,0.3076923076923077
legacy_6class_session_labels,subject_zscore,physiology_only,EPM-E4:77,0.11538461538461539
legacy_6class_session_labels,subject_zscore,physiology_only,EPM-E4:79,0.11538461538461539
legacy_6class_session_labels,subject_zscore,physiology_only,EPM-E4:81,0.46153846153846156
legacy_6class_session_labels,subject_zscore,physiology_only,EPM-E4:86,0.07692307692307693
legacy_6class_session_labels,subject_zscore,physiology_only,EPM-E4:91,0.15384615384615385
legacy_6class_session_labels,subject_zscore,physiology_only,EPM-E4:92,0.5384615384615384
legacy_6class_session_labels,subject_zscore,physiology_only,PhysioNet:S01,0.18840579710144928
legacy_6class_session_labels,subject_zscore,physiology_only,PhysioNet:S02,0.7209302325581395
legacy_6class_session_labels,subject_zscore,physiology_only,PhysioNet:S03,0.5135135135135135
legacy_6class_session_labels,subject_zscore,physiology_only,PhysioNet:S04,0.6592592592592592
legacy_6class_session_labels,subject_zscore,physiology_only,PhysioNet:S05,0.5590551181102362
legacy_6class_session_labels,subject_zscore,physiology_only,PhysioNet:S06,0.22580645161290322
legacy_6class_session_labels,subject_zscore,physiology_only,PhysioNet:S07,0.2966101694915254
legacy_6class_session_labels,subject_zscore,physiology_only,PhysioNet:S08,0.4418604651162791
legacy_6class_session_labels,subject_zscore,physiology_only,PhysioNet:S09,0.5546875
legacy_6class_session_labels,subject_zscore,physiology_only,PhysioNet:S10,0.5925925925925926
legacy_6class_session_labels,subject_zscore,physiology_only,PhysioNet:S11,0.392
legacy_6class_session_labels,subject_zscore,physiology_only,PhysioNet:S12,0.6060606060606061
legacy_6class_session_labels,subject_zscore,physiology_only,PhysioNet:S13,0.5223880597014925
legacy_6class_session_labels,subject_zscore,physiology_only,PhysioNet:S14,0.5
legacy_6class_session_labels,subject_zscore,physiology_only,PhysioNet:S15,0.6390977443609023
legacy_6class_session_labels,subject_zscore,physiology_only,PhysioNet:S16,0.3684210526315789
legacy_6class_session_labels,subject_zscore,physiology_only,PhysioNet:S17,0.732824427480916
legacy_6class_session_labels,subject_zscore,physiology_only,PhysioNet:S18,0.631578947368421
legacy_6class_session_labels,subject_zscore,physiology_only,PhysioNet:f01,0.33073929961089493
legacy_6class_session_labels,subject_zscore,physiology_only,PhysioNet:f02,0.42857142857142855
legacy_6class_session_labels,subject_zscore,physiology_only,PhysioNet:f03,0.5478927203065134
legacy_6class_session_labels,subject_zscore,physiology_only,PhysioNet:f04,0.5515463917525774
legacy_6class_session_labels,subject_zscore,physiology_only,PhysioNet:f05,0.3497942386831276
legacy_6class_session_labels,subject_zscore,physiology_only,PhysioNet:f06,0.5934579439252337
legacy_6class_session_labels,subject_zscore,physiology_only,PhysioNet:f07,0.24434389140271492
legacy_6class_session_labels,subject_zscore,physiology_only,PhysioNet:f08,0.32211538461538464
legacy_6class_session_labels,subject_zscore,physiology_only,PhysioNet:f09,0.5825242718446602
legacy_6class_session_labels,subject_zscore,physiology_only,PhysioNet:f10,0.4512820512820513
legacy_6class_session_labels,subject_zscore,physiology_only,PhysioNet:f11,0.5509259259259259
legacy_6class_session_labels,subject_zscore,physiology_only,PhysioNet:f12,0.365296803652968
legacy_6class_session_labels,subject_zscore,physiology_only,PhysioNet:f13,0.5140562248995983
legacy_6class_session_labels,subject_zscore,physiology_only,PhysioNet:f14,0.037037037037037035
legacy_6class_session_labels,subject_zscore,physiology_only,PhysioNet:f15,0.2033898305084746
legacy_6class_session_labels,subject_zscore,physiology_only,PhysioNet:f16,0.0967741935483871
legacy_6class_session_labels,subject_zscore,physiology_only,PhysioNet:f17,0.078125
legacy_6class_session_labels,subject_zscore,physiology_only,PhysioNet:f18,0.03636363636363636
legacy_6class_session_labels,subject_zscore,physiology_only,WESAD:S10,0.5208333333333334
legacy_6class_session_labels,subject_zscore,physiology_only,WESAD:S11,0.3617021276595745
legacy_6class_session_labels,subject_zscore,physiology_only,WESAD:S13,0.2872340425531915
legacy_6class_session_labels,subject_zscore,physiology_only,WESAD:S14,0.0425531914893617
legacy_6class_session_labels,subject_zscore,physiology_only,WESAD:S15,0.3829787234042553
legacy_6class_session_labels,subject_zscore,physiology_only,WESAD:S16,0.2872340425531915
legacy_6class_session_labels,subject_zscore,physiology_only,WESAD:S17,0.13829787234042554
legacy_6class_session_labels,subject_zscore,physiology_only,WESAD:S2,0.5888888888888889
legacy_6class_session_labels,subject_zscore,physiology_only,WESAD:S3,0.38461538461538464
legacy_6class_session_labels,subject_zscore,physiology_only,WESAD:S4,0.6956521739130435
legacy_6class_session_labels,subject_zscore,physiology_only,WESAD:S5,0.6774193548387096
legacy_6class_session_labels,subject_zscore,physiology_only,WESAD:S6,0.5806451612903226
legacy_6class_session_labels,subject_zscore,physiology_only,WESAD:S7,0.5913978494623656
legacy_6class_session_labels,subject_zscore,physiology_only,WESAD:S8,0.4838709677419355
legacy_6class_session_labels,subject_zscore,physiology_only,WESAD:S9,0.4731182795698925
harmonized_all_classes,subject_zscore,all_modalities,EPM-E4:1,0.2692307692307692
harmonized_all_classes,subject_zscore,all_modalities,EPM-E4:103,0.23076923076923078
harmonized_all_classes,subject_zscore,all_modalities,EPM-E4:106,0.16
harmonized_all_classes,subject_zscore,all_modalities,EPM-E4:107,0.46153846153846156
harmonized_all_classes,subject_zscore,all_modalities,EPM-E4:117,0.2692307692307692
harmonized_all_classes,subject_zscore,all_modalities,EPM-E4:12,0.24
harmonized_all_classes,subject_zscore,all_modalities,EPM-E4:121,0.12
harmonized_all_classes,subject_zscore,all_modalities,EPM-E4:122,0.46153846153846156
harmonized_all_classes,subject_zscore,all_modalities,EPM-E4:128,0.07692307692307693
harmonized_all_classes,subject_zscore,all_modalities,EPM-E4:129,0.2692307692307692
harmonized_all_classes,subject_zscore,all_modalities,EPM-E4:138,0.38461538461538464
harmonized_all_classes,subject_zscore,all_modalities,EPM-E4:14,0.15384615384615385
harmonized_all_classes,subject_zscore,all_modalities,EPM-E4:141,0.46153846153846156
harmonized_all_classes,subject_zscore,all_modalities,EPM-E4:15,0.3076923076923077
harmonized_all_classes,subject_zscore,all_modalities,EPM-E4:159,0.0
harmonized_all_classes,subject_zscore,all_modalities,EPM-E4:16,0.07692307692307693
harmonized_all_classes,subject_zscore,all_modalities,EPM-E4:160,0.46153846153846156
harmonized_all_classes,subject_zscore,all_modalities,EPM-E4:2,0.15384615384615385
harmonized_all_classes,subject_zscore,all_modalities,EPM-E4:24,0.038461538461538464
harmonized_all_classes,subject_zscore,all_modalities,EPM-E4:25,0.38461538461538464
harmonized_all_classes,subject_zscore,all_modalities,EPM-E4:34,0.15384615384615385
harmonized_all_classes,subject_zscore,all_modalities,EPM-E4:36,0.5769230769230769
harmonized_all_classes,subject_zscore,all_modalities,EPM-E4:45,0.6923076923076923
harmonized_all_classes,subject_zscore,all_modalities,EPM-E4:47,0.15384615384615385
harmonized_all_classes,subject_zscore,all_modalities,EPM-E4:49,0.15384615384615385
harmonized_all_classes,subject_zscore,all_modalities,EPM-E4:55,0.19230769230769232
harmonized_all_classes,subject_zscore,all_modalities,EPM-E4:76,0.23076923076923078
harmonized_all_classes,subject_zscore,all_modalities,EPM-E4:77,0.07692307692307693
harmonized_all_classes,subject_zscore,all_modalities,EPM-E4:79,0.3076923076923077
harmonized_all_classes,subject_zscore,all_modalities,EPM-E4:81,0.5384615384615384
harmonized_all_classes,subject_zscore,all_modalities,EPM-E4:86,0.07692307692307693
harmonized_all_classes,subject_zscore,all_modalities,EPM-E4:91,0.46153846153846156
harmonized_all_classes,subject_zscore,all_modalities,EPM-E4:92,0.23076923076923078
harmonized_all_classes,subject_zscore,all_modalities,PhysioNet:S01,0.2028985507246377
harmonized_all_classes,subject_zscore,all_modalities,PhysioNet:S02,0.7364341085271318
harmonized_all_classes,subject_zscore,all_modalities,PhysioNet:S03,0.25225225225225223
harmonized_all_classes,subject_zscore,all_modalities,PhysioNet:S04,0.8444444444444444
harmonized_all_classes,subject_zscore,all_modalities,PhysioNet:S05,0.6141732283464567
harmonized_all_classes,subject_zscore,all_modalities,PhysioNet:S06,0.45161290322580644
harmonized_all_classes,subject_zscore,all_modalities,PhysioNet:S07,0.8135593220338984
harmonized_all_classes,subject_zscore,all_modalities,PhysioNet:S08,0.751937984496124
harmonized_all_classes,subject_zscore,all_modalities,PhysioNet:S09,0.8359375
harmonized_all_classes,subject_zscore,all_modalities,PhysioNet:S10,0.6370370370370371
harmonized_all_classes,subject_zscore,all_modalities,PhysioNet:S11,0.728
harmonized_all_classes,subject_zscore,all_modalities,PhysioNet:S12,0.6818181818181818
harmonized_all_classes,subject_zscore,all_modalities,PhysioNet:S13,0.5298507462686567
harmonized_all_classes,subject_zscore,all_modalities,PhysioNet:S14,0.8115942028985508
harmonized_all_classes,subject_zscore,all_modalities,PhysioNet:S15,0.7819548872180451
harmonized_all_classes,subject_zscore,all_modalities,PhysioNet:S16,0.48872180451127817
harmonized_all_classes,subject_zscore,all_modalities,PhysioNet:S17,0.6106870229007634
harmonized_all_classes,subject_zscore,all_modalities,PhysioNet:S18,0.8646616541353384
harmonized_all_classes,subject_zscore,all_modalities,PhysioNet:f01,0.5486381322957199
harmonized_all_classes,subject_zscore,all_modalities,PhysioNet:f02,0.2222222222222222
harmonized_all_classes,subject_zscore,all_modalities,PhysioNet:f03,0.578544061302682
harmonized_all_classes,subject_zscore,all_modalities,PhysioNet:f04,0.6649484536082474
harmonized_all_classes,subject_zscore,all_modalities,PhysioNet:f05,0.37448559670781895
harmonized_all_classes,subject_zscore,all_modalities,PhysioNet:f06,0.7336448598130841
harmonized_all_classes,subject_zscore,all_modalities,PhysioNet:f07,0.5746606334841629
harmonized_all_classes,subject_zscore,all_modalities,PhysioNet:f08,0.7548076923076923
harmonized_all_classes,subject_zscore,all_modalities,PhysioNet:f09,0.7427184466019418
harmonized_all_classes,subject_zscore,all_modalities,PhysioNet:f10,0.5384615384615384
harmonized_all_classes,subject_zscore,all_modalities,PhysioNet:f11,0.25925925925925924
harmonized_all_classes,subject_zscore,all_modalities,PhysioNet:f12,0.5251141552511416
harmonized_all_classes,subject_zscore,all_modalities,PhysioNet:f13,0.3293172690763052
harmonized_all_classes,subject_zscore,all_modalities,PhysioNet:f14,0.14814814814814814
harmonized_all_classes,subject_zscore,all_modalities,PhysioNet:f15,0.1016949152542373
harmonized_all_classes,subject_zscore,all_modalities,PhysioNet:f16,0.20967741935483872
harmonized_all_classes,subject_zscore,all_modalities,PhysioNet:f17,0.21875
harmonized_all_classes,subject_zscore,all_modalities,PhysioNet:f18,0.16363636363636364
harmonized_all_classes,subject_zscore,all_modalities,WESAD:S10,0.59375
harmonized_all_classes,subject_zscore,all_modalities,WESAD:S11,0.24468085106382978
harmonized_all_classes,subject_zscore,all_modalities,WESAD:S13,0.46808510638297873
harmonized_all_classes,subject_zscore,all_modalities,WESAD:S14,0.2978723404255319
harmonized_all_classes,subject_zscore,all_modalities,WESAD:S15,0.5212765957446809
harmonized_all_classes,subject_zscore,all_modalities,WESAD:S16,0.26595744680851063
harmonized_all_classes,subject_zscore,all_modalities,WESAD:S17,0.14893617021276595
harmonized_all_classes,subject_zscore,all_modalities,WESAD:S2,0.6666666666666666
harmonized_all_classes,subject_zscore,all_modalities,WESAD:S3,0.6263736263736264
harmonized_all_classes,subject_zscore,all_modalities,WESAD:S4,0.2826086956521739
harmonized_all_classes,subject_zscore,all_modalities,WESAD:S5,0.5806451612903226
harmonized_all_classes,subject_zscore,all_modalities,WESAD:S6,0.46236559139784944
harmonized_all_classes,subject_zscore,all_modalities,WESAD:S7,0.6559139784946236
harmonized_all_classes,subject_zscore,all_modalities,WESAD:S8,0.7311827956989247
harmonized_all_classes,subject_zscore,all_modalities,WESAD:S9,0.7311827956989247
harmonized_all_classes,subject_zscore,physiology_only,EPM-E4:1,0.5
harmonized_all_classes,subject_zscore,physiology_only,EPM-E4:103,0.15384615384615385
harmonized_all_classes,subject_zscore,physiology_only,EPM-E4:106,0.28
harmonized_all_classes,subject_zscore,physiology_only,EPM-E4:107,0.15384615384615385
harmonized_all_classes,subject_zscore,physiology_only,EPM-E4:117,0.11538461538461539
harmonized_all_classes,subject_zscore,physiology_only,EPM-E4:12,0.16
harmonized_all_classes,subject_zscore,physiology_only,EPM-E4:121,0.12
harmonized_all_classes,subject_zscore,physiology_only,EPM-E4:122,0.46153846153846156
harmonized_all_classes,subject_zscore,physiology_only,EPM-E4:128,0.07692307692307693
harmonized_all_classes,subject_zscore,physiology_only,EPM-E4:129,0.15384615384615385
harmonized_all_classes,subject_zscore,physiology_only,EPM-E4:138,0.23076923076923078
harmonized_all_classes,subject_zscore,physiology_only,EPM-E4:14,0.0
harmonized_all_classes,subject_zscore,physiology_only,EPM-E4:141,0.2692307692307692
harmonized_all_classes,subject_zscore,physiology_only,EPM-E4:15,0.3076923076923077
harmonized_all_classes,subject_zscore,physiology_only,EPM-E4:159,0.15384615384615385
harmonized_all_classes,subject_zscore,physiology_only,EPM-E4:16,0.07692307692307693
harmonized_all_classes,subject_zscore,physiology_only,EPM-E4:160,0.2692307692307692
harmonized_all_classes,subject_zscore,physiology_only,EPM-E4:2,0.46153846153846156
harmonized_all_classes,subject_zscore,physiology_only,EPM-E4:24,0.11538461538461539
harmonized_all_classes,subject_zscore,physiology_only,EPM-E4:25,0.5384615384615384
harmonized_all_classes,subject_zscore,physiology_only,EPM-E4:34,0.038461538461538464
harmonized_all_classes,subject_zscore,physiology_only,EPM-E4:36,0.2692307692307692
harmonized_all_classes,subject_zscore,physiology_only,EPM-E4:45,0.5
harmonized_all_classes,subject_zscore,physiology_only,EPM-E4:47,0.0
harmonized_all_classes,subject_zscore,physiology_only,EPM-E4:49,0.07692307692307693
harmonized_all_classes,subject_zscore,physiology_only,EPM-E4:55,0.038461538461538464
harmonized_all_classes,subject_zscore,physiology_only,EPM-E4:76,0.3076923076923077
harmonized_all_classes,subject_zscore,physiology_only,EPM-E4:77,0.11538461538461539
harmonized_all_classes,subject_zscore,physiology_only,EPM-E4:79,0.11538461538461539
harmonized_all_classes,subject_zscore,physiology_only,EPM-E4:81,0.46153846153846156
harmonized_all_classes,subject_zscore,physiology_only,EPM-E4:86,0.07692307692307693
harmonized_all_classes,subject_zscore,physiology_only,EPM-E4:91,0.15384615384615385
harmonized_all_classes,subject_zscore,physiology_only,EPM-E4:92,0.5384615384615384
harmonized_all_classes,subject_zscore,physiology_only,PhysioNet:S01,0.18840579710144928
harmonized_all_classes,subject_zscore,physiology_only,PhysioNet:S02,0.7209302325581395
harmonized_all_classes,subject_zscore,physiology_only,PhysioNet:S03,0.5135135135135135
harmonized_all_classes,subject_zscore,physiology_only,PhysioNet:S04,0.6592592592592592
harmonized_all_classes,subject_zscore,physiology_only,PhysioNet:S05,0.5590551181102362
harmonized_all_classes,subject_zscore,physiology_only,PhysioNet:S06,0.22580645161290322
harmonized_all_classes,subject_zscore,physiology_only,PhysioNet:S07,0.2966101694915254
harmonized_all_classes,subject_zscore,physiology_only,PhysioNet:S08,0.4418604651162791
harmonized_all_classes,subject_zscore,physiology_only,PhysioNet:S09,0.5546875
harmonized_all_classes,subject_zscore,physiology_only,PhysioNet:S10,0.5925925925925926
harmonized_all_classes,subject_zscore,physiology_only,PhysioNet:S11,0.392
harmonized_all_classes,subject_zscore,physiology_only,PhysioNet:S12,0.6060606060606061
harmonized_all_classes,subject_zscore,physiology_only,PhysioNet:S13,0.5223880597014925
harmonized_all_classes,subject_zscore,physiology_only,PhysioNet:S14,0.5
harmonized_all_classes,subject_zscore,physiology_only,PhysioNet:S15,0.6390977443609023
harmonized_all_classes,subject_zscore,physiology_only,PhysioNet:S16,0.3684210526315789
harmonized_all_classes,subject_zscore,physiology_only,PhysioNet:S17,0.732824427480916
harmonized_all_classes,subject_zscore,physiology_only,PhysioNet:S18,0.631578947368421
harmonized_all_classes,subject_zscore,physiology_only,PhysioNet:f01,0.33073929961089493
harmonized_all_classes,subject_zscore,physiology_only,PhysioNet:f02,0.42857142857142855
harmonized_all_classes,subject_zscore,physiology_only,PhysioNet:f03,0.5478927203065134
harmonized_all_classes,subject_zscore,physiology_only,PhysioNet:f04,0.5515463917525774
harmonized_all_classes,subject_zscore,physiology_only,PhysioNet:f05,0.3497942386831276
harmonized_all_classes,subject_zscore,physiology_only,PhysioNet:f06,0.5934579439252337
harmonized_all_classes,subject_zscore,physiology_only,PhysioNet:f07,0.24434389140271492
harmonized_all_classes,subject_zscore,physiology_only,PhysioNet:f08,0.32211538461538464
harmonized_all_classes,subject_zscore,physiology_only,PhysioNet:f09,0.5825242718446602
harmonized_all_classes,subject_zscore,physiology_only,PhysioNet:f10,0.4512820512820513
harmonized_all_classes,subject_zscore,physiology_only,PhysioNet:f11,0.5509259259259259
harmonized_all_classes,subject_zscore,physiology_only,PhysioNet:f12,0.365296803652968
harmonized_all_classes,subject_zscore,physiology_only,PhysioNet:f13,0.5140562248995983
harmonized_all_classes,subject_zscore,physiology_only,PhysioNet:f14,0.037037037037037035
harmonized_all_classes,subject_zscore,physiology_only,PhysioNet:f15,0.2033898305084746
harmonized_all_classes,subject_zscore,physiology_only,PhysioNet:f16,0.0967741935483871
harmonized_all_classes,subject_zscore,physiology_only,PhysioNet:f17,0.078125
harmonized_all_classes,subject_zscore,physiology_only,PhysioNet:f18,0.03636363636363636
harmonized_all_classes,subject_zscore,physiology_only,WESAD:S10,0.5208333333333334
harmonized_all_classes,subject_zscore,physiology_only,WESAD:S11,0.3617021276595745
harmonized_all_classes,subject_zscore,physiology_only,WESAD:S13,0.2872340425531915
harmonized_all_classes,subject_zscore,physiology_only,WESAD:S14,0.0425531914893617
harmonized_all_classes,subject_zscore,physiology_only,WESAD:S15,0.3829787234042553
harmonized_all_classes,subject_zscore,physiology_only,WESAD:S16,0.2872340425531915
harmonized_all_classes,subject_zscore,physiology_only,WESAD:S17,0.13829787234042554
harmonized_all_classes,subject_zscore,physiology_only,WESAD:S2,0.5888888888888889
harmonized_all_classes,subject_zscore,physiology_only,WESAD:S3,0.38461538461538464
harmonized_all_classes,subject_zscore,physiology_only,WESAD:S4,0.6956521739130435
harmonized_all_classes,subject_zscore,physiology_only,WESAD:S5,0.6774193548387096
harmonized_all_classes,subject_zscore,physiology_only,WESAD:S6,0.5806451612903226
harmonized_all_classes,subject_zscore,physiology_only,WESAD:S7,0.5913978494623656
harmonized_all_classes,subject_zscore,physiology_only,WESAD:S8,0.4838709677419355
harmonized_all_classes,subject_zscore,physiology_only,WESAD:S9,0.4731182795698925
affective_only_no_exercise,subject_zscore,all_modalities,EPM-E4:1,0.5769230769230769
affective_only_no_exercise,subject_zscore,all_modalities,EPM-E4:103,0.5384615384615384
affective_only_no_exercise,subject_zscore,all_modalities,EPM-E4:106,0.04
affective_only_no_exercise,subject_zscore,all_modalities,EPM-E4:107,0.6538461538461539
affective_only_no_exercise,subject_zscore,all_modalities,EPM-E4:117,0.38461538461538464
affective_only_no_exercise,subject_zscore,all_modalities,EPM-E4:12,0.32
affective_only_no_exercise,subject_zscore,all_modalities,EPM-E4:121,0.2
affective_only_no_exercise,subject_zscore,all_modalities,EPM-E4:122,0.4230769230769231
affective_only_no_exercise,subject_zscore,all_modalities,EPM-E4:128,0.15384615384615385
affective_only_no_exercise,subject_zscore,all_modalities,EPM-E4:129,0.23076923076923078
affective_only_no_exercise,subject_zscore,all_modalities,EPM-E4:138,0.4230769230769231
affective_only_no_exercise,subject_zscore,all_modalities,EPM-E4:14,0.19230769230769232
affective_only_no_exercise,subject_zscore,all_modalities,EPM-E4:141,0.46153846153846156
affective_only_no_exercise,subject_zscore,all_modalities,EPM-E4:15,0.5
affective_only_no_exercise,subject_zscore,all_modalities,EPM-E4:159,0.19230769230769232
affective_only_no_exercise,subject_zscore,all_modalities,EPM-E4:16,0.07692307692307693
affective_only_no_exercise,subject_zscore,all_modalities,EPM-E4:160,0.7307692307692307
affective_only_no_exercise,subject_zscore,all_modalities,EPM-E4:2,0.3076923076923077
affective_only_no_exercise,subject_zscore,all_modalities,EPM-E4:24,0.038461538461538464
affective_only_no_exercise,subject_zscore,all_modalities,EPM-E4:25,0.4230769230769231
affective_only_no_exercise,subject_zscore,all_modalities,EPM-E4:34,0.19230769230769232
affective_only_no_exercise,subject_zscore,all_modalities,EPM-E4:36,0.6538461538461539
affective_only_no_exercise,subject_zscore,all_modalities,EPM-E4:45,0.7307692307692307
affective_only_no_exercise,subject_zscore,all_modalities,EPM-E4:47,0.2692307692307692
affective_only_no_exercise,subject_zscore,all_modalities,EPM-E4:49,0.38461538461538464
affective_only_no_exercise,subject_zscore,all_modalities,EPM-E4:55,0.15384615384615385
affective_only_no_exercise,subject_zscore,all_modalities,EPM-E4:76,0.5384615384615384
affective_only_no_exercise,subject_zscore,all_modalities,EPM-E4:77,0.19230769230769232
affective_only_no_exercise,subject_zscore,all_modalities,EPM-E4:79,0.34615384615384615
affective_only_no_exercise,subject_zscore,all_modalities,EPM-E4:81,0.6923076923076923
affective_only_no_exercise,subject_zscore,all_modalities,EPM-E4:86,0.23076923076923078
affective_only_no_exercise,subject_zscore,all_modalities,EPM-E4:91,0.5384615384615384
affective_only_no_exercise,subject_zscore,all_modalities,EPM-E4:92,0.34615384615384615
affective_only_no_exercise,subject_zscore,all_modalities,PhysioNet:S01,0.7058823529411765
affective_only_no_exercise,subject_zscore,all_modalities,PhysioNet:S02,0.5925925925925926
affective_only_no_exercise,subject_zscore,all_modalities,PhysioNet:S03,0.8
affective_only_no_exercise,subject_zscore,all_modalities,PhysioNet:S04,0.7419354838709677
affective_only_no_exercise,subject_zscore,all_modalities,PhysioNet:S05,0.7037037037037037
affective_only_no_exercise,subject_zscore,all_modalities,PhysioNet:S06,0.7
affective_only_no_exercise,subject_zscore,all_modalities,PhysioNet:S07,0.52
affective_only_no_exercise,subject_zscore,all_modalities,PhysioNet:S08,0.6
affective_only_no_exercise,subject_zscore,all_modalities,PhysioNet:S09,0.68
affective_only_no_exercise,subject_zscore,all_modalities,PhysioNet:S10,0.71875
affective_only_no_exercise,subject_zscore,all_modalities,PhysioNet:S11,0.5185185185185185
affective_only_no_exercise,subject_zscore,all_modalities,PhysioNet:S12,0.6333333333333333
affective_only_no_exercise,subject_zscore,all_modalities,PhysioNet:S13,0.6206896551724138
affective_only_no_exercise,subject_zscore,all_modalities,PhysioNet:S14,0.6129032258064516
affective_only_no_exercise,subject_zscore,all_modalities,PhysioNet:S15,0.6
affective_only_no_exercise,subject_zscore,all_modalities,PhysioNet:S16,0.5925925925925926
affective_only_no_exercise,subject_zscore,all_modalities,PhysioNet:S17,0.6666666666666666
affective_only_no_exercise,subject_zscore,all_modalities,PhysioNet:S18,0.5517241379310345
affective_only_no_exercise,subject_zscore,all_modalities,PhysioNet:f01,0.6265060240963856
affective_only_no_exercise,subject_zscore,all_modalities,PhysioNet:f02,0.6666666666666666
affective_only_no_exercise,subject_zscore,all_modalities,PhysioNet:f03,0.631578947368421
affective_only_no_exercise,subject_zscore,all_modalities,PhysioNet:f04,0.8307692307692308
affective_only_no_exercise,subject_zscore,all_modalities,PhysioNet:f05,0.09230769230769231
affective_only_no_exercise,subject_zscore,all_modalities,PhysioNet:f06,0.8507462686567164
affective_only_no_exercise,subject_zscore,all_modalities,PhysioNet:f07,0.8208955223880597
affective_only_no_exercise,subject_zscore,all_modalities,PhysioNet:f08,0.6612903225806451
affective_only_no_exercise,subject_zscore,all_modalities,PhysioNet:f09,0.8095238095238095
affective_only_no_exercise,subject_zscore,all_modalities,PhysioNet:f10,0.671875
affective_only_no_exercise,subject_zscore,all_modalities,PhysioNet:f11,0.796875
affective_only_no_exercise,subject_zscore,all_modalities,PhysioNet:f12,0.671875
affective_only_no_exercise,subject_zscore,all_modalities,PhysioNet:f13,0.7887323943661971
affective_only_no_exercise,subject_zscore,all_modalities,PhysioNet:f14,0.3148148148148148
affective_only_no_exercise,subject_zscore,all_modalities,PhysioNet:f15,0.4067796610169492
affective_only_no_exercise,subject_zscore,all_modalities,PhysioNet:f16,0.41935483870967744
affective_only_no_exercise,subject_zscore,all_modalities,PhysioNet:f17,0.46875
affective_only_no_exercise,subject_zscore,all_modalities,PhysioNet:f18,0.2909090909090909
affective_only_no_exercise,subject_zscore,all_modalities,WESAD:S10,0.6458333333333334
affective_only_no_exercise,subject_zscore,all_modalities,WESAD:S11,0.7446808510638298
affective_only_no_exercise,subject_zscore,all_modalities,WESAD:S13,0.6170212765957447
affective_only_no_exercise,subject_zscore,all_modalities,WESAD:S14,0.5425531914893617
affective_only_no_exercise,subject_zscore,all_modalities,WESAD:S15,0.6914893617021277
affective_only_no_exercise,subject_zscore,all_modalities,WESAD:S16,0.5425531914893617
affective_only_no_exercise,subject_zscore,all_modalities,WESAD:S17,0.48936170212765956
affective_only_no_exercise,subject_zscore,all_modalities,WESAD:S2,0.7666666666666667
affective_only_no_exercise,subject_zscore,all_modalities,WESAD:S3,0.7912087912087912
affective_only_no_exercise,subject_zscore,all_modalities,WESAD:S4,0.5652173913043478
affective_only_no_exercise,subject_zscore,all_modalities,WESAD:S5,0.7096774193548387
affective_only_no_exercise,subject_zscore,all_modalities,WESAD:S6,0.5913978494623656
affective_only_no_exercise,subject_zscore,all_modalities,WESAD:S7,0.7204301075268817
affective_only_no_exercise,subject_zscore,all_modalities,WESAD:S8,0.7741935483870968
affective_only_no_exercise,subject_zscore,all_modalities,WESAD:S9,0.7526881720430108
affective_only_no_exercise,subject_zscore,physiology_only,EPM-E4:1,0.7307692307692307
affective_only_no_exercise,subject_zscore,physiology_only,EPM-E4:103,0.23076923076923078
affective_only_no_exercise,subject_zscore,physiology_only,EPM-E4:106,0.08
affective_only_no_exercise,subject_zscore,physiology_only,EPM-E4:107,0.3076923076923077
affective_only_no_exercise,subject_zscore,physiology_only,EPM-E4:117,0.2692307692307692
affective_only_no_exercise,subject_zscore,physiology_only,EPM-E4:12,0.28
affective_only_no_exercise,subject_zscore,physiology_only,EPM-E4:121,0.28
affective_only_no_exercise,subject_zscore,physiology_only,EPM-E4:122,0.6153846153846154
affective_only_no_exercise,subject_zscore,physiology_only,EPM-E4:128,0.15384615384615385
affective_only_no_exercise,subject_zscore,physiology_only,EPM-E4:129,0.4230769230769231
affective_only_no_exercise,subject_zscore,physiology_only,EPM-E4:138,0.38461538461538464
affective_only_no_exercise,subject_zscore,physiology_only,EPM-E4:14,0.0
affective_only_no_exercise,subject_zscore,physiology_only,EPM-E4:141,0.19230769230769232
affective_only_no_exercise,subject_zscore,physiology_only,EPM-E4:15,0.34615384615384615
affective_only_no_exercise,subject_zscore,physiology_only,EPM-E4:159,0.19230769230769232
affective_only_no_exercise,subject_zscore,physiology_only,EPM-E4:16,0.2692307692307692
affective_only_no_exercise,subject_zscore,physiology_only,EPM-E4:160,0.3076923076923077
affective_only_no_exercise,subject_zscore,physiology_only,EPM-E4:2,0.46153846153846156
affective_only_no_exercise,subject_zscore,physiology_only,EPM-E4:24,0.15384615384615385
affective_only_no_exercise,subject_zscore,physiology_only,EPM-E4:25,0.6153846153846154
affective_only_no_exercise,subject_zscore,physiology_only,EPM-E4:34,0.15384615384615385
affective_only_no_exercise,subject_zscore,physiology_only,EPM-E4:36,0.3076923076923077
affective_only_no_exercise,subject_zscore,physiology_only,EPM-E4:45,0.5384615384615384
affective_only_no_exercise,subject_zscore,physiology_only,EPM-E4:47,0.0
affective_only_no_exercise,subject_zscore,physiology_only,EPM-E4:49,0.19230769230769232
affective_only_no_exercise,subject_zscore,physiology_only,EPM-E4:55,0.11538461538461539
affective_only_no_exercise,subject_zscore,physiology_only,EPM-E4:76,0.4230769230769231
affective_only_no_exercise,subject_zscore,physiology_only,EPM-E4:77,0.11538461538461539
affective_only_no_exercise,subject_zscore,physiology_only,EPM-E4:79,0.23076923076923078
affective_only_no_exercise,subject_zscore,physiology_only,EPM-E4:81,0.7307692307692307
affective_only_no_exercise,subject_zscore,physiology_only,EPM-E4:86,0.07692307692307693
affective_only_no_exercise,subject_zscore,physiology_only,EPM-E4:91,0.07692307692307693
affective_only_no_exercise,subject_zscore,physiology_only,EPM-E4:92,0.6538461538461539
affective_only_no_exercise,subject_zscore,physiology_only,PhysioNet:S01,0.6764705882352942
affective_only_no_exercise,subject_zscore,physiology_only,PhysioNet:S02,0.6296296296296297
affective_only_no_exercise,subject_zscore,physiology_only,PhysioNet:S03,0.68
affective_only_no_exercise,subject_zscore,physiology_only,PhysioNet:S04,0.5483870967741935
affective_only_no_exercise,subject_zscore,physiology_only,PhysioNet:S05,0.7037037037037037
affective_only_no_exercise,subject_zscore,physiology_only,PhysioNet:S06,0.6666666666666666
affective_only_no_exercise,subject_zscore,physiology_only,PhysioNet:S07,0.44
affective_only_no_exercise,subject_zscore,physiology_only,PhysioNet:S08,0.48
affective_only_no_exercise,subject_zscore,physiology_only,PhysioNet:S09,0.56
affective_only_no_exercise,subject_zscore,physiology_only,PhysioNet:S10,0.375
affective_only_no_exercise,subject_zscore,physiology_only,PhysioNet:S11,0.48148148148148145
affective_only_no_exercise,subject_zscore,physiology_only,PhysioNet:S12,0.7
affective_only_no_exercise,subject_zscore,physiology_only,PhysioNet:S13,0.5517241379310345
affective_only_no_exercise,subject_zscore,physiology_only,PhysioNet:S14,0.5806451612903226
affective_only_no_exercise,subject_zscore,physiology_only,PhysioNet:S15,0.4
affective_only_no_exercise,subject_zscore,physiology_only,PhysioNet:S16,0.5185185185185185
affective_only_no_exercise,subject_zscore,physiology_only,PhysioNet:S17,0.5555555555555556
affective_only_no_exercise,subject_zscore,physiology_only,PhysioNet:S18,0.6206896551724138
affective_only_no_exercise,subject_zscore,physiology_only,PhysioNet:f01,0.7108433734939759
affective_only_no_exercise,subject_zscore,physiology_only,PhysioNet:f02,0.6481481481481481
affective_only_no_exercise,subject_zscore,physiology_only,PhysioNet:f03,0.5526315789473685
affective_only_no_exercise,subject_zscore,physiology_only,PhysioNet:f04,0.9076923076923077
affective_only_no_exercise,subject_zscore,physiology_only,PhysioNet:f05,0.09230769230769231
affective_only_no_exercise,subject_zscore,physiology_only,PhysioNet:f06,0.835820895522388
affective_only_no_exercise,subject_zscore,physiology_only,PhysioNet:f07,0.8208955223880597
affective_only_no_exercise,subject_zscore,physiology_only,PhysioNet:f08,0.3870967741935484
affective_only_no_exercise,subject_zscore,physiology_only,PhysioNet:f09,0.7936507936507936
affective_only_no_exercise,subject_zscore,physiology_only,PhysioNet:f10,0.34375
affective_only_no_exercise,subject_zscore,physiology_only,PhysioNet:f11,0.796875
affective_only_no_exercise,subject_zscore,physiology_only,PhysioNet:f12,0.78125
affective_only_no_exercise,subject_zscore,physiology_only,PhysioNet:f13,0.5915492957746479
affective_only_no_exercise,subject_zscore,physiology_only,PhysioNet:f14,0.14814814814814814
affective_only_no_exercise,subject_zscore,physiology_only,PhysioNet:f15,0.3220338983050847
affective_only_no_exercise,subject_zscore,physiology_only,PhysioNet:f16,0.12903225806451613
affective_only_no_exercise,subject_zscore,physiology_only,PhysioNet:f17,0.15625
affective_only_no_exercise,subject_zscore,physiology_only,PhysioNet:f18,0.2
affective_only_no_exercise,subject_zscore,physiology_only,WESAD:S10,0.59375
affective_only_no_exercise,subject_zscore,physiology_only,WESAD:S11,0.6276595744680851
affective_only_no_exercise,subject_zscore,physiology_only,WESAD:S13,0.5851063829787234
affective_only_no_exercise,subject_zscore,physiology_only,WESAD:S14,0.2127659574468085
affective_only_no_exercise,subject_zscore,physiology_only,WESAD:S15,0.574468085106383
affective_only_no_exercise,subject_zscore,physiology_only,WESAD:S16,0.5212765957446809
affective_only_no_exercise,subject_zscore,physiology_only,WESAD:S17,0.5
affective_only_no_exercise,subject_zscore,physiology_only,WESAD:S2,0.7444444444444445
affective_only_no_exercise,subject_zscore,physiology_only,WESAD:S3,0.4945054945054945
affective_only_no_exercise,subject_zscore,physiology_only,WESAD:S4,0.7934782608695652
affective_only_no_exercise,subject_zscore,physiology_only,WESAD:S5,0.7204301075268817
affective_only_no_exercise,subject_zscore,physiology_only,WESAD:S6,0.7419354838709677
affective_only_no_exercise,subject_zscore,physiology_only,WESAD:S7,0.6989247311827957
affective_only_no_exercise,subject_zscore,physiology_only,WESAD:S8,0.6451612903225806
affective_only_no_exercise,subject_zscore,physiology_only,WESAD:S9,0.6559139784946236
within_WESAD,subject_zscore,all_modalities,WESAD:S10,0.7395833333333334
within_WESAD,subject_zscore,all_modalities,WESAD:S11,0.9148936170212766
within_WESAD,subject_zscore,all_modalities,WESAD:S13,0.776595744680851
within_WESAD,subject_zscore,all_modalities,WESAD:S14,0.6914893617021277
within_WESAD,subject_zscore,all_modalities,WESAD:S15,0.7021276595744681
within_WESAD,subject_zscore,all_modalities,WESAD:S16,0.6808510638297872
within_WESAD,subject_zscore,all_modalities,WESAD:S17,0.4787234042553192
within_WESAD,subject_zscore,all_modalities,WESAD:S2,0.8888888888888888
within_WESAD,subject_zscore,all_modalities,WESAD:S3,0.8351648351648352
within_WESAD,subject_zscore,all_modalities,WESAD:S4,0.782608695652174
within_WESAD,subject_zscore,all_modalities,WESAD:S5,0.8387096774193549
within_WESAD,subject_zscore,all_modalities,WESAD:S6,0.8387096774193549
within_WESAD,subject_zscore,all_modalities,WESAD:S7,0.7419354838709677
within_WESAD,subject_zscore,all_modalities,WESAD:S8,0.7849462365591398
within_WESAD,subject_zscore,all_modalities,WESAD:S9,0.8817204301075269
within_WESAD,subject_zscore,physiology_only,WESAD:S10,0.7395833333333334
within_WESAD,subject_zscore,physiology_only,WESAD:S11,0.8191489361702128
within_WESAD,subject_zscore,physiology_only,WESAD:S13,0.6914893617021277
within_WESAD,subject_zscore,physiology_only,WESAD:S14,0.6170212765957447
within_WESAD,subject_zscore,physiology_only,WESAD:S15,0.6595744680851063
within_WESAD,subject_zscore,physiology_only,WESAD:S16,0.6170212765957447
within_WESAD,subject_zscore,physiology_only,WESAD:S17,0.5638297872340425
within_WESAD,subject_zscore,physiology_only,WESAD:S2,0.8555555555555555
within_WESAD,subject_zscore,physiology_only,WESAD:S3,0.8021978021978022
within_WESAD,subject_zscore,physiology_only,WESAD:S4,0.8260869565217391
within_WESAD,subject_zscore,physiology_only,WESAD:S5,0.8172043010752689
within_WESAD,subject_zscore,physiology_only,WESAD:S6,0.8172043010752689
within_WESAD,subject_zscore,physiology_only,WESAD:S7,0.8172043010752689
within_WESAD,subject_zscore,physiology_only,WESAD:S8,0.7204301075268817
within_WESAD,subject_zscore,physiology_only,WESAD:S9,0.8279569892473119
within_PhysioNet_stress_session,subject_zscore,all_modalities,PhysioNet:S01,0.6470588235294118
within_PhysioNet_stress_session,subject_zscore,all_modalities,PhysioNet:S02,0.4444444444444444
within_PhysioNet_stress_session,subject_zscore,all_modalities,PhysioNet:S03,0.68
within_PhysioNet_stress_session,subject_zscore,all_modalities,PhysioNet:S04,0.6774193548387096
within_PhysioNet_stress_session,subject_zscore,all_modalities,PhysioNet:S05,0.5925925925925926
within_PhysioNet_stress_session,subject_zscore,all_modalities,PhysioNet:S06,0.5666666666666667
within_PhysioNet_stress_session,subject_zscore,all_modalities,PhysioNet:S07,0.64
within_PhysioNet_stress_session,subject_zscore,all_modalities,PhysioNet:S08,0.6
within_PhysioNet_stress_session,subject_zscore,all_modalities,PhysioNet:S09,0.68
within_PhysioNet_stress_session,subject_zscore,all_modalities,PhysioNet:S10,0.78125
within_PhysioNet_stress_session,subject_zscore,all_modalities,PhysioNet:S11,0.5555555555555556
within_PhysioNet_stress_session,subject_zscore,all_modalities,PhysioNet:S12,0.7
within_PhysioNet_stress_session,subject_zscore,all_modalities,PhysioNet:S13,0.6551724137931034
within_PhysioNet_stress_session,subject_zscore,all_modalities,PhysioNet:S14,0.6129032258064516
within_PhysioNet_stress_session,subject_zscore,all_modalities,PhysioNet:S15,0.5666666666666667
within_PhysioNet_stress_session,subject_zscore,all_modalities,PhysioNet:S16,0.5925925925925926
within_PhysioNet_stress_session,subject_zscore,all_modalities,PhysioNet:S17,0.6296296296296297
within_PhysioNet_stress_session,subject_zscore,all_modalities,PhysioNet:S18,0.6551724137931034
within_PhysioNet_stress_session,subject_zscore,all_modalities,PhysioNet:f01,0.7590361445783133
within_PhysioNet_stress_session,subject_zscore,all_modalities,PhysioNet:f02,0.7037037037037037
within_PhysioNet_stress_session,subject_zscore,all_modalities,PhysioNet:f03,0.8026315789473685
within_PhysioNet_stress_session,subject_zscore,all_modalities,PhysioNet:f04,0.8923076923076924
within_PhysioNet_stress_session,subject_zscore,all_modalities,PhysioNet:f05,0.9076923076923077
within_PhysioNet_stress_session,subject_zscore,all_modalities,PhysioNet:f06,0.8208955223880597
within_PhysioNet_stress_session,subject_zscore,all_modalities,PhysioNet:f07,0.8208955223880597
within_PhysioNet_stress_session,subject_zscore,all_modalities,PhysioNet:f08,0.7096774193548387
within_PhysioNet_stress_session,subject_zscore,all_modalities,PhysioNet:f09,0.8095238095238095
within_PhysioNet_stress_session,subject_zscore,all_modalities,PhysioNet:f10,0.71875
within_PhysioNet_stress_session,subject_zscore,all_modalities,PhysioNet:f11,0.796875
within_PhysioNet_stress_session,subject_zscore,all_modalities,PhysioNet:f12,0.6875
within_PhysioNet_stress_session,subject_zscore,all_modalities,PhysioNet:f13,0.8028169014084507
within_PhysioNet_stress_session,subject_zscore,all_modalities,PhysioNet:f14,0.7777777777777778
within_PhysioNet_stress_session,subject_zscore,all_modalities,PhysioNet:f15,0.6101694915254238
within_PhysioNet_stress_session,subject_zscore,all_modalities,PhysioNet:f16,0.7096774193548387
within_PhysioNet_stress_session,subject_zscore,all_modalities,PhysioNet:f17,0.703125
within_PhysioNet_stress_session,subject_zscore,all_modalities,PhysioNet:f18,0.7636363636363637
within_PhysioNet_stress_session,subject_zscore,physiology_only,PhysioNet:S01,0.5882352941176471
within_PhysioNet_stress_session,subject_zscore,physiology_only,PhysioNet:S02,0.6296296296296297
within_PhysioNet_stress_session,subject_zscore,physiology_only,PhysioNet:S03,0.64
within_PhysioNet_stress_session,subject_zscore,physiology_only,PhysioNet:S04,0.5161290322580645
within_PhysioNet_stress_session,subject_zscore,physiology_only,PhysioNet:S05,0.6296296296296297
within_PhysioNet_stress_session,subject_zscore,physiology_only,PhysioNet:S06,0.6666666666666666
within_PhysioNet_stress_session,subject_zscore,physiology_only,PhysioNet:S07,0.64
within_PhysioNet_stress_session,subject_zscore,physiology_only,PhysioNet:S08,0.6
within_PhysioNet_stress_session,subject_zscore,physiology_only,PhysioNet:S09,0.68
within_PhysioNet_stress_session,subject_zscore,physiology_only,PhysioNet:S10,0.75
within_PhysioNet_stress_session,subject_zscore,physiology_only,PhysioNet:S11,0.5185185185185185
within_PhysioNet_stress_session,subject_zscore,physiology_only,PhysioNet:S12,0.6
within_PhysioNet_stress_session,subject_zscore,physiology_only,PhysioNet:S13,0.7241379310344828
within_PhysioNet_stress_session,subject_zscore,physiology_only,PhysioNet:S14,0.5806451612903226
within_PhysioNet_stress_session,subject_zscore,physiology_only,PhysioNet:S15,0.5666666666666667
within_PhysioNet_stress_session,subject_zscore,physiology_only,PhysioNet:S16,0.5925925925925926
within_PhysioNet_stress_session,subject_zscore,physiology_only,PhysioNet:S17,0.5555555555555556
within_PhysioNet_stress_session,subject_zscore,physiology_only,PhysioNet:S18,0.5862068965517241
within_PhysioNet_stress_session,subject_zscore,physiology_only,PhysioNet:f01,0.7710843373493976
within_PhysioNet_stress_session,subject_zscore,physiology_only,PhysioNet:f02,0.6666666666666666
within_PhysioNet_stress_session,subject_zscore,physiology_only,PhysioNet:f03,0.6973684210526315
within_PhysioNet_stress_session,subject_zscore,physiology_only,PhysioNet:f04,0.8615384615384616
within_PhysioNet_stress_session,subject_zscore,physiology_only,PhysioNet:f05,0.8769230769230769
within_PhysioNet_stress_session,subject_zscore,physiology_only,PhysioNet:f06,0.8656716417910447
within_PhysioNet_stress_session,subject_zscore,physiology_only,PhysioNet:f07,0.8208955223880597
within_PhysioNet_stress_session,subject_zscore,physiology_only,PhysioNet:f08,0.8387096774193549
within_PhysioNet_stress_session,subject_zscore,physiology_only,PhysioNet:f09,0.9206349206349206
within_PhysioNet_stress_session,subject_zscore,physiology_only,PhysioNet:f10,0.734375
within_PhysioNet_stress_session,subject_zscore,physiology_only,PhysioNet:f11,0.796875
within_PhysioNet_stress_session,subject_zscore,physiology_only,PhysioNet:f12,0.734375
within_PhysioNet_stress_session,subject_zscore,physiology_only,PhysioNet:f13,0.676056338028169
within_PhysioNet_stress_session,subject_zscore,physiology_only,PhysioNet:f14,0.8148148148148148
within_PhysioNet_stress_session,subject_zscore,physiology_only,PhysioNet:f15,0.5932203389830508
within_PhysioNet_stress_session,subject_zscore,physiology_only,PhysioNet:f16,0.7419354838709677
within_PhysioNet_stress_session,subject_zscore,physiology_only,PhysioNet:f17,0.59375
within_PhysioNet_stress_session,subject_zscore,physiology_only,PhysioNet:f18,0.7818181818181819
within_EPM_emotions,subject_zscore,all_modalities,EPM-E4:1,0.7692307692307693
within_EPM_emotions,subject_zscore,all_modalities,EPM-E4:103,0.7307692307692307
within_EPM_emotions,subject_zscore,all_modalities,EPM-E4:106,0.04
within_EPM_emotions,subject_zscore,all_modalities,EPM-E4:107,0.7307692307692307
within_EPM_emotions,subject_zscore,all_modalities,EPM-E4:117,0.5
within_EPM_emotions,subject_zscore,all_modalities,EPM-E4:12,0.48
within_EPM_emotions,subject_zscore,all_modalities,EPM-E4:121,0.28
within_EPM_emotions,subject_zscore,all_modalities,EPM-E4:122,0.4230769230769231
within_EPM_emotions,subject_zscore,all_modalities,EPM-E4:128,0.07692307692307693
within_EPM_emotions,subject_zscore,all_modalities,EPM-E4:129,0.38461538461538464
within_EPM_emotions,subject_zscore,all_modalities,EPM-E4:138,0.46153846153846156
within_EPM_emotions,subject_zscore,all_modalities,EPM-E4:14,0.2692307692307692
within_EPM_emotions,subject_zscore,all_modalities,EPM-E4:141,0.6923076923076923
within_EPM_emotions,subject_zscore,all_modalities,EPM-E4:15,0.8076923076923077
within_EPM_emotions,subject_zscore,all_modalities,EPM-E4:159,0.5
within_EPM_emotions,subject_zscore,all_modalities,EPM-E4:16,0.11538461538461539
within_EPM_emotions,subject_zscore,all_modalities,EPM-E4:160,0.6538461538461539
within_EPM_emotions,subject_zscore,all_modalities,EPM-E4:2,0.34615384615384615
within_EPM_emotions,subject_zscore,all_modalities,EPM-E4:24,0.11538461538461539
within_EPM_emotions,subject_zscore,all_modalities,EPM-E4:25,0.6153846153846154
within_EPM_emotions,subject_zscore,all_modalities,EPM-E4:34,0.6153846153846154
within_EPM_emotions,subject_zscore,all_modalities,EPM-E4:36,0.8846153846153846
within_EPM_emotions,subject_zscore,all_modalities,EPM-E4:45,0.7692307692307693
within_EPM_emotions,subject_zscore,all_modalities,EPM-E4:47,0.6153846153846154
within_EPM_emotions,subject_zscore,all_modalities,EPM-E4:49,0.6923076923076923
within_EPM_emotions,subject_zscore,all_modalities,EPM-E4:55,0.5384615384615384
within_EPM_emotions,subject_zscore,all_modalities,EPM-E4:76,0.8461538461538461
within_EPM_emotions,subject_zscore,all_modalities,EPM-E4:77,0.19230769230769232
within_EPM_emotions,subject_zscore,all_modalities,EPM-E4:79,0.4230769230769231
within_EPM_emotions,subject_zscore,all_modalities,EPM-E4:81,0.7307692307692307
within_EPM_emotions,subject_zscore,all_modalities,EPM-E4:86,0.19230769230769232
within_EPM_emotions,subject_zscore,all_modalities,EPM-E4:91,0.4230769230769231
within_EPM_emotions,subject_zscore,all_modalities,EPM-E4:92,0.46153846153846156
within_EPM_emotions,subject_zscore,physiology_only,EPM-E4:1,0.8461538461538461
within_EPM_emotions,subject_zscore,physiology_only,EPM-E4:103,0.4230769230769231
within_EPM_emotions,subject_zscore,physiology_only,EPM-E4:106,0.16
within_EPM_emotions,subject_zscore,physiology_only,EPM-E4:107,0.46153846153846156
within_EPM_emotions,subject_zscore,physiology_only,EPM-E4:117,0.038461538461538464
within_EPM_emotions,subject_zscore,physiology_only,EPM-E4:12,0.32
within_EPM_emotions,subject_zscore,physiology_only,EPM-E4:121,0.44
within_EPM_emotions,subject_zscore,physiology_only,EPM-E4:122,0.7692307692307693
within_EPM_emotions,subject_zscore,physiology_only,EPM-E4:128,0.3076923076923077
within_EPM_emotions,subject_zscore,physiology_only,EPM-E4:129,0.5
within_EPM_emotions,subject_zscore,physiology_only,EPM-E4:138,0.5
within_EPM_emotions,subject_zscore,physiology_only,EPM-E4:14,0.38461538461538464
within_EPM_emotions,subject_zscore,physiology_only,EPM-E4:141,0.6153846153846154
within_EPM_emotions,subject_zscore,physiology_only,EPM-E4:15,0.5384615384615384
within_EPM_emotions,subject_zscore,physiology_only,EPM-E4:159,0.5769230769230769
within_EPM_emotions,subject_zscore,physiology_only,EPM-E4:16,0.38461538461538464
within_EPM_emotions,subject_zscore,physiology_only,EPM-E4:160,0.5
within_EPM_emotions,subject_zscore,physiology_only,EPM-E4:2,0.5769230769230769
within_EPM_emotions,subject_zscore,physiology_only,EPM-E4:24,0.23076923076923078
within_EPM_emotions,subject_zscore,physiology_only,EPM-E4:25,0.6538461538461539
within_EPM_emotions,subject_zscore,physiology_only,EPM-E4:34,0.5
within_EPM_emotions,subject_zscore,physiology_only,EPM-E4:36,0.8461538461538461
within_EPM_emotions,subject_zscore,physiology_only,EPM-E4:45,0.6923076923076923
within_EPM_emotions,subject_zscore,physiology_only,EPM-E4:47,0.11538461538461539
within_EPM_emotions,subject_zscore,physiology_only,EPM-E4:49,0.3076923076923077
within_EPM_emotions,subject_zscore,physiology_only,EPM-E4:55,0.5769230769230769
within_EPM_emotions,subject_zscore,physiology_only,EPM-E4:76,0.6153846153846154
within_EPM_emotions,subject_zscore,physiology_only,EPM-E4:77,0.11538461538461539
within_EPM_emotions,subject_zscore,physiology_only,EPM-E4:79,0.34615384615384615
within_EPM_emotions,subject_zscore,physiology_only,EPM-E4:81,0.8461538461538461
within_EPM_emotions,subject_zscore,physiology_only,EPM-E4:86,0.2692307692307692
within_EPM_emotions,subject_zscore,physiology_only,EPM-E4:91,0.2692307692307692
within_EPM_emotions,subject_zscore,physiology_only,EPM-E4:92,0.6538461538461539
shared_Baseline_vs_Stress_pooled,subject_zscore,all_modalities,PhysioNet:S01,0.5833333333333334
shared_Baseline_vs_Stress_pooled,subject_zscore,all_modalities,PhysioNet:S02,0.4
shared_Baseline_vs_Stress_pooled,subject_zscore,all_modalities,PhysioNet:S03,0.5
shared_Baseline_vs_Stress_pooled,subject_zscore,all_modalities,PhysioNet:S04,1.0
shared_Baseline_vs_Stress_pooled,subject_zscore,all_modalities,PhysioNet:S05,0.9090909090909091
shared_Baseline_vs_Stress_pooled,subject_zscore,all_modalities,PhysioNet:S06,0.7272727272727273
shared_Baseline_vs_Stress_pooled,subject_zscore,all_modalities,PhysioNet:S07,0.7777777777777778
shared_Baseline_vs_Stress_pooled,subject_zscore,all_modalities,PhysioNet:S08,0.5
shared_Baseline_vs_Stress_pooled,subject_zscore,all_modalities,PhysioNet:S09,0.5
shared_Baseline_vs_Stress_pooled,subject_zscore,all_modalities,PhysioNet:S10,0.5
shared_Baseline_vs_Stress_pooled,subject_zscore,all_modalities,PhysioNet:S11,0.3333333333333333
shared_Baseline_vs_Stress_pooled,subject_zscore,all_modalities,PhysioNet:S12,0.8
shared_Baseline_vs_Stress_pooled,subject_zscore,all_modalities,PhysioNet:S13,0.7
shared_Baseline_vs_Stress_pooled,subject_zscore,all_modalities,PhysioNet:S14,0.8181818181818182
shared_Baseline_vs_Stress_pooled,subject_zscore,all_modalities,PhysioNet:S15,0.36363636363636365
shared_Baseline_vs_Stress_pooled,subject_zscore,all_modalities,PhysioNet:S16,0.45454545454545453
shared_Baseline_vs_Stress_pooled,subject_zscore,all_modalities,PhysioNet:S17,0.8
shared_Baseline_vs_Stress_pooled,subject_zscore,all_modalities,PhysioNet:S18,0.6363636363636364
shared_Baseline_vs_Stress_pooled,subject_zscore,all_modalities,PhysioNet:f01,0.2631578947368421
shared_Baseline_vs_Stress_pooled,subject_zscore,all_modalities,PhysioNet:f02,0.25
shared_Baseline_vs_Stress_pooled,subject_zscore,all_modalities,PhysioNet:f03,0.4166666666666667
shared_Baseline_vs_Stress_pooled,subject_zscore,all_modalities,PhysioNet:f04,0.8333333333333334
shared_Baseline_vs_Stress_pooled,subject_zscore,all_modalities,PhysioNet:f05,0.6666666666666666
shared_Baseline_vs_Stress_pooled,subject_zscore,all_modalities,PhysioNet:f06,0.9166666666666666
shared_Baseline_vs_Stress_pooled,subject_zscore,all_modalities,PhysioNet:f07,0.4166666666666667
shared_Baseline_vs_Stress_pooled,subject_zscore,all_modalities,PhysioNet:f08,1.0
shared_Baseline_vs_Stress_pooled,subject_zscore,all_modalities,PhysioNet:f09,0.4166666666666667
shared_Baseline_vs_Stress_pooled,subject_zscore,all_modalities,PhysioNet:f10,0.5833333333333334
shared_Baseline_vs_Stress_pooled,subject_zscore,all_modalities,PhysioNet:f11,0.38461538461538464
shared_Baseline_vs_Stress_pooled,subject_zscore,all_modalities,PhysioNet:f12,0.5
shared_Baseline_vs_Stress_pooled,subject_zscore,all_modalities,PhysioNet:f13,0.9090909090909091
shared_Baseline_vs_Stress_pooled,subject_zscore,all_modalities,PhysioNet:f14,0.6666666666666666
shared_Baseline_vs_Stress_pooled,subject_zscore,all_modalities,PhysioNet:f15,0.6923076923076923
shared_Baseline_vs_Stress_pooled,subject_zscore,all_modalities,PhysioNet:f16,0.4166666666666667
shared_Baseline_vs_Stress_pooled,subject_zscore,all_modalities,PhysioNet:f17,0.4166666666666667
shared_Baseline_vs_Stress_pooled,subject_zscore,all_modalities,PhysioNet:f18,0.5454545454545454
shared_Baseline_vs_Stress_pooled,subject_zscore,all_modalities,WESAD:S10,1.0
shared_Baseline_vs_Stress_pooled,subject_zscore,all_modalities,WESAD:S11,0.9661016949152542
shared_Baseline_vs_Stress_pooled,subject_zscore,all_modalities,WESAD:S13,1.0
shared_Baseline_vs_Stress_pooled,subject_zscore,all_modalities,WESAD:S14,0.864406779661017
shared_Baseline_vs_Stress_pooled,subject_zscore,all_modalities,WESAD:S15,0.9661016949152542
shared_Baseline_vs_Stress_pooled,subject_zscore,all_modalities,WESAD:S16,1.0
shared_Baseline_vs_Stress_pooled,subject_zscore,all_modalities,WESAD:S17,0.8360655737704918
shared_Baseline_vs_Stress_pooled,subject_zscore,all_modalities,WESAD:S2,0.9285714285714286
shared_Baseline_vs_Stress_pooled,subject_zscore,all_modalities,WESAD:S3,0.8947368421052632
shared_Baseline_vs_Stress_pooled,subject_zscore,all_modalities,WESAD:S4,1.0
shared_Baseline_vs_Stress_pooled,subject_zscore,all_modalities,WESAD:S5,0.9310344827586207
shared_Baseline_vs_Stress_pooled,subject_zscore,all_modalities,WESAD:S6,1.0
shared_Baseline_vs_Stress_pooled,subject_zscore,all_modalities,WESAD:S7,1.0
shared_Baseline_vs_Stress_pooled,subject_zscore,all_modalities,WESAD:S8,1.0
shared_Baseline_vs_Stress_pooled,subject_zscore,all_modalities,WESAD:S9,1.0
shared_Baseline_vs_Stress_pooled,subject_zscore,physiology_only,PhysioNet:S01,0.5833333333333334
shared_Baseline_vs_Stress_pooled,subject_zscore,physiology_only,PhysioNet:S02,0.8
shared_Baseline_vs_Stress_pooled,subject_zscore,physiology_only,PhysioNet:S03,0.6
shared_Baseline_vs_Stress_pooled,subject_zscore,physiology_only,PhysioNet:S04,0.5
shared_Baseline_vs_Stress_pooled,subject_zscore,physiology_only,PhysioNet:S05,0.6363636363636364
shared_Baseline_vs_Stress_pooled,subject_zscore,physiology_only,PhysioNet:S06,0.6363636363636364
shared_Baseline_vs_Stress_pooled,subject_zscore,physiology_only,PhysioNet:S07,1.0
shared_Baseline_vs_Stress_pooled,subject_zscore,physiology_only,PhysioNet:S08,0.4
shared_Baseline_vs_Stress_pooled,subject_zscore,physiology_only,PhysioNet:S09,0.3
shared_Baseline_vs_Stress_pooled,subject_zscore,physiology_only,PhysioNet:S10,0.5
shared_Baseline_vs_Stress_pooled,subject_zscore,physiology_only,PhysioNet:S11,0.3333333333333333
shared_Baseline_vs_Stress_pooled,subject_zscore,physiology_only,PhysioNet:S12,0.5
shared_Baseline_vs_Stress_pooled,subject_zscore,physiology_only,PhysioNet:S13,0.3
shared_Baseline_vs_Stress_pooled,subject_zscore,physiology_only,PhysioNet:S14,0.45454545454545453
shared_Baseline_vs_Stress_pooled,subject_zscore,physiology_only,PhysioNet:S15,0.36363636363636365
shared_Baseline_vs_Stress_pooled,subject_zscore,physiology_only,PhysioNet:S16,0.2727272727272727
shared_Baseline_vs_Stress_pooled,subject_zscore,physiology_only,PhysioNet:S17,0.4
shared_Baseline_vs_Stress_pooled,subject_zscore,physiology_only,PhysioNet:S18,0.45454545454545453
shared_Baseline_vs_Stress_pooled,subject_zscore,physiology_only,PhysioNet:f01,0.2631578947368421
shared_Baseline_vs_Stress_pooled,subject_zscore,physiology_only,PhysioNet:f02,0.5
shared_Baseline_vs_Stress_pooled,subject_zscore,physiology_only,PhysioNet:f03,0.6666666666666666
shared_Baseline_vs_Stress_pooled,subject_zscore,physiology_only,PhysioNet:f04,0.5833333333333334
shared_Baseline_vs_Stress_pooled,subject_zscore,physiology_only,PhysioNet:f05,0.75
shared_Baseline_vs_Stress_pooled,subject_zscore,physiology_only,PhysioNet:f06,0.75
shared_Baseline_vs_Stress_pooled,subject_zscore,physiology_only,PhysioNet:f07,0.4166666666666667
shared_Baseline_vs_Stress_pooled,subject_zscore,physiology_only,PhysioNet:f08,0.5384615384615384
shared_Baseline_vs_Stress_pooled,subject_zscore,physiology_only,PhysioNet:f09,0.4166666666666667
shared_Baseline_vs_Stress_pooled,subject_zscore,physiology_only,PhysioNet:f10,0.25
shared_Baseline_vs_Stress_pooled,subject_zscore,physiology_only,PhysioNet:f11,0.46153846153846156
shared_Baseline_vs_Stress_pooled,subject_zscore,physiology_only,PhysioNet:f12,0.5
shared_Baseline_vs_Stress_pooled,subject_zscore,physiology_only,PhysioNet:f13,0.18181818181818182
shared_Baseline_vs_Stress_pooled,subject_zscore,physiology_only,PhysioNet:f14,0.25
shared_Baseline_vs_Stress_pooled,subject_zscore,physiology_only,PhysioNet:f15,0.6153846153846154
shared_Baseline_vs_Stress_pooled,subject_zscore,physiology_only,PhysioNet:f16,0.5833333333333334
shared_Baseline_vs_Stress_pooled,subject_zscore,physiology_only,PhysioNet:f17,0.4166666666666667
shared_Baseline_vs_Stress_pooled,subject_zscore,physiology_only,PhysioNet:f18,0.5454545454545454
shared_Baseline_vs_Stress_pooled,subject_zscore,physiology_only,WESAD:S10,0.9672131147540983
shared_Baseline_vs_Stress_pooled,subject_zscore,physiology_only,WESAD:S11,0.9830508474576272
shared_Baseline_vs_Stress_pooled,subject_zscore,physiology_only,WESAD:S13,0.9661016949152542
shared_Baseline_vs_Stress_pooled,subject_zscore,physiology_only,WESAD:S14,0.8983050847457628
shared_Baseline_vs_Stress_pooled,subject_zscore,physiology_only,WESAD:S15,0.9661016949152542
shared_Baseline_vs_Stress_pooled,subject_zscore,physiology_only,WESAD:S16,0.8983050847457628
shared_Baseline_vs_Stress_pooled,subject_zscore,physiology_only,WESAD:S17,0.9344262295081968
shared_Baseline_vs_Stress_pooled,subject_zscore,physiology_only,WESAD:S2,0.9285714285714286
shared_Baseline_vs_Stress_pooled,subject_zscore,physiology_only,WESAD:S3,0.7894736842105263
shared_Baseline_vs_Stress_pooled,subject_zscore,physiology_only,WESAD:S4,1.0
shared_Baseline_vs_Stress_pooled,subject_zscore,physiology_only,WESAD:S5,0.9482758620689655
shared_Baseline_vs_Stress_pooled,subject_zscore,physiology_only,WESAD:S6,1.0
shared_Baseline_vs_Stress_pooled,subject_zscore,physiology_only,WESAD:S7,0.896551724137931
shared_Baseline_vs_Stress_pooled,subject_zscore,physiology_only,WESAD:S8,1.0
shared_Baseline_vs_Stress_pooled,subject_zscore,physiology_only,WESAD:S9,1.0
