split,accuracy,balanced_accuracy,macro_f1,inner_cv_balanced_accuracy,best_params,task,normalisation,modality,model
0,0.848605577689243,0.8384026687598116,0.8420860927152318,0.7902785629992298,"{""n_estimators"": 550, ""max_depth"": 6, ""learning_rate"": 0.11156052900799124, ""subsample"": 0.7083338992284194, ""colsample_bytree"": 0.8322630423037144, ""min_child_weight"": 4, ""gamma"": 0.5102838178446429, ""reg_lambda"": 0.09026333081421123}",shared_Baseline_vs_Stress_pooled,none,all_modalities,xgboost
1,0.8911290322580645,0.8844594594594595,0.8863215795460333,0.7941322550066928,"{""n_estimators"": 450, ""max_depth"": 7, ""learning_rate"": 0.028606686494301998, ""subsample"": 0.6106708040585431, ""colsample_bytree"": 0.5836702097803345, ""min_child_weight"": 1, ""gamma"": 0.902599068739319, ""reg_lambda"": 0.1483735016145254}",shared_Baseline_vs_Stress_pooled,none,all_modalities,xgboost
2,0.828125,0.81950945515821,0.8223904131188899,0.7819441801584658,"{""n_estimators"": 300, ""max_depth"": 4, ""learning_rate"": 0.08866715350720436, ""subsample"": 0.6858361846825385, ""colsample_bytree"": 0.5381688728055547, ""min_child_weight"": 1, ""gamma"": 0.6468966864932961, ""reg_lambda"": 0.03657746858967279}",shared_Baseline_vs_Stress_pooled,none,all_modalities,xgboost
3,0.7837837837837838,0.7942342892007321,0.7832376853180296,0.8575199610256085,"{""n_estimators"": 250, ""max_depth"": 4, ""learning_rate"": 0.02175013347672115, ""subsample"": 0.7335491703860679, ""colsample_bytree"": 0.720278952761505, ""min_child_weight"": 1, ""gamma"": 1.43071024418501, ""reg_lambda"": 0.049249538502986544}",shared_Baseline_vs_Stress_pooled,none,all_modalities,xgboost
4,0.8181818181818182,0.8170995039393055,0.815803244374673,0.842407559149884,"{""n_estimators"": 100, ""max_depth"": 6, ""learning_rate"": 0.20757509682382613, ""subsample"": 0.6473257789930638, ""colsample_bytree"": 0.9347387170182854, ""min_child_weight"": 10, ""gamma"": 0.2950935775943324, ""reg_lambda"": 0.21213742491757112}",shared_Baseline_vs_Stress_pooled,none,all_modalities,xgboost
5,0.8223938223938224,0.8254504504504505,0.820723486216444,0.8175241481244369,"{""n_estimators"": 450, ""max_depth"": 4, ""learning_rate"": 0.029927343887152763, ""subsample"": 0.67606746198414, ""colsample_bytree"": 0.636180215307896, ""min_child_weight"": 1, ""gamma"": 0.12119200046066264, ""reg_lambda"": 1.070731512572986}",shared_Baseline_vs_Stress_pooled,none,all_modalities,xgboost
6,0.7489878542510121,0.7571428571428571,0.7463897721250663,0.8567308990205272,"{""n_estimators"": 550, ""max_depth"": 3, ""learning_rate"": 0.02080167322507463, ""subsample"": 0.9718264008144739, ""colsample_bytree"": 0.93432148572423, ""min_child_weight"": 9, ""gamma"": 2.9500277493913503, ""reg_lambda"": 0.6663023565258693}",shared_Baseline_vs_Stress_pooled,none,all_modalities,xgboost
7,0.806949806949807,0.800091519219036,0.8014778023056168,0.8205295429733429,"{""n_estimators"": 250, ""max_depth"": 6, ""learning_rate"": 0.1547229582757542, ""subsample"": 0.7927171308804174, ""colsample_bytree"": 0.9582384219907444, ""min_child_weight"": 7, ""gamma"": 0.4613339164444239, ""reg_lambda"": 0.016285656456504278}",shared_Baseline_vs_Stress_pooled,none,all_modalities,xgboost
8,0.7372549019607844,0.7231624147511998,0.7258548482854896,0.8502240863518429,"{""n_estimators"": 450, ""max_depth"": 8, ""learning_rate"": 0.192027637804483, ""subsample"": 0.8788412766657804, ""colsample_bytree"": 0.7290472187924992, ""min_child_weight"": 1, ""gamma"": 0.3852969690062473, ""reg_lambda"": 0.010600735723085907}",shared_Baseline_vs_Stress_pooled,none,all_modalities,xgboost
9,0.8773946360153256,0.8792792792792793,0.8756402620607504,0.8156065825708684,"{""n_estimators"": 550, ""max_depth"": 2, ""learning_rate"": 0.11437731981746863, ""subsample"": 0.6747365832940951, ""colsample_bytree"": 0.8339898178911718, ""min_child_weight"": 4, ""gamma"": 1.1768769040309583, ""reg_lambda"": 0.023855887922019377}",shared_Baseline_vs_Stress_pooled,none,all_modalities,xgboost
10,0.9105058365758755,0.9139563862928348,0.9089115929299,0.8054772352637931,"{""n_estimators"": 550, ""max_depth"": 4, ""learning_rate"": 0.020639725008489748, ""subsample"": 0.9160283517579094, ""colsample_bytree"": 0.7290772551083163, ""min_child_weight"": 1, ""gamma"": 1.9002413793213786, ""reg_lambda"": 0.9885703123639036}",shared_Baseline_vs_Stress_pooled,none,all_modalities,xgboost
11,0.7509578544061303,0.745296021093001,0.7455644375121857,0.8150000604041461,"{""n_estimators"": 350, ""max_depth"": 2, ""learning_rate"": 0.038677070150728, ""subsample"": 0.988887123673367, ""colsample_bytree"": 0.5434947550529109, ""min_child_weight"": 5, ""gamma"": 0.5540046965098412, ""reg_lambda"": 0.15805352200114947}",shared_Baseline_vs_Stress_pooled,none,all_modalities,xgboost
12,0.8221343873517787,0.8313706563706563,0.8207792207792208,0.8368651122217267,"{""n_estimators"": 500, ""max_depth"": 2, ""learning_rate"": 0.04195164141822059, ""subsample"": 0.6967384884427992, ""colsample_bytree"": 0.9737793357984585, ""min_child_weight"": 7, ""gamma"": 0.3728181757888062, ""reg_lambda"": 0.06487085713676785}",shared_Baseline_vs_Stress_pooled,none,all_modalities,xgboost
13,0.8156862745098039,0.819047619047619,0.8127373009796721,0.8490215958036158,"{""n_estimators"": 600, ""max_depth"": 2, ""learning_rate"": 0.2889883851596274, ""subsample"": 0.96344019642718, ""colsample_bytree"": 0.5310326223488795, ""min_child_weight"": 3, ""gamma"": 1.4779984446706305, ""reg_lambda"": 0.06418370040787157}",shared_Baseline_vs_Stress_pooled,none,all_modalities,xgboost
14,0.8046875,0.8150912626230948,0.8037171072808685,0.8457800499817681,"{""n_estimators"": 350, ""max_depth"": 6, ""learning_rate"": 0.24797515937678638, ""subsample"": 0.7961088838719439, ""colsample_bytree"": 0.5216258930533508, ""min_child_weight"": 8, ""gamma"": 1.6467154972916402, ""reg_lambda"": 0.056309348209510605}",shared_Baseline_vs_Stress_pooled,none,all_modalities,xgboost
15,0.8326848249027238,0.8327740492170023,0.8297042824341608,0.8191183857686012,"{""n_estimators"": 400, ""max_depth"": 4, ""learning_rate"": 0.013484878946601865, ""subsample"": 0.6629614334918321, ""colsample_bytree"": 0.5959143018404878, ""min_child_weight"": 5, ""gamma"": 1.8587428866524724, ""reg_lambda"": 0.06352800571242596}",shared_Baseline_vs_Stress_pooled,none,all_modalities,xgboost
16,0.7689243027888446,0.7358447488584474,0.7420623671155209,0.8578188469174952,"{""n_estimators"": 600, ""max_depth"": 5, ""learning_rate"": 0.014561965910002026, ""subsample"": 0.9000601954479938, ""colsample_bytree"": 0.6737230552577316, ""min_child_weight"": 1, ""gamma"": 1.3908793835090147, ""reg_lambda"": 0.259918045321083}",shared_Baseline_vs_Stress_pooled,none,all_modalities,xgboost
17,0.8235294117647058,0.8321995464852607,0.8226457087216581,0.8485541413774773,"{""n_estimators"": 450, ""max_depth"": 3, ""learning_rate"": 0.031718293213985005, ""subsample"": 0.6195996998069782, ""colsample_bytree"": 0.9712297679038464, ""min_child_weight"": 7, ""gamma"": 2.006965537450972, ""reg_lambda"": 0.027850404895803118}",shared_Baseline_vs_Stress_pooled,none,all_modalities,xgboost
18,0.84251968503937,0.8289719025268437,0.8338566195709053,0.8294652708003619,"{""n_estimators"": 450, ""max_depth"": 2, ""learning_rate"": 0.17371086422879717, ""subsample"": 0.8576302275628217, ""colsample_bytree"": 0.9431187500841225, ""min_child_weight"": 1, ""gamma"": 1.906000716795814, ""reg_lambda"": 0.02907396036720724}",shared_Baseline_vs_Stress_pooled,none,all_modalities,xgboost
19,0.8695652173913043,0.8522333461686561,0.8612316130640738,0.7291088248339075,"{""n_estimators"": 400, ""max_depth"": 8, ""learning_rate"": 0.028178626811643168, ""subsample"": 0.9616469404116367, ""colsample_bytree"": 0.8554756486513032, ""min_child_weight"": 4, ""gamma"": 0.4384612401449721, ""reg_lambda"": 0.07931107445217395}",shared_Baseline_vs_Stress_pooled,none,all_modalities,xgboost
0,0.848605577689243,0.8398090005232862,0.8426072607260726,0.7942616887912927,"{""n_estimators"": 300, ""max_depth"": 20, ""min_samples_leaf"": 3, ""max_features"": ""sqrt""}",shared_Baseline_vs_Stress_pooled,none,all_modalities,random_forest
1,0.8548387096774194,0.845945945945946,0.8481632653061224,0.7916860139683198,"{""n_estimators"": 400, ""max_depth"": 9, ""min_samples_leaf"": 1, ""max_features"": ""log2""}",shared_Baseline_vs_Stress_pooled,none,all_modalities,random_forest
2,0.8203125,0.8067777569743494,0.8119450654742894,0.7900618693475835,"{""n_estimators"": 500, ""max_depth"": 12, ""min_samples_leaf"": 2, ""max_features"": ""log2""}",shared_Baseline_vs_Stress_pooled,none,all_modalities,random_forest
3,0.7644787644787645,0.7703172666259914,0.7630659408227232,0.8572225561859969,"{""n_estimators"": 400, ""max_depth"": 18, ""min_samples_leaf"": 1, ""max_features"": 0.5}",shared_Baseline_vs_Stress_pooled,none,all_modalities,random_forest
4,0.8636363636363636,0.8603443244820543,0.8610526315789473,0.7588987471961249,"{""n_estimators"": 600, ""max_depth"": 16, ""min_samples_leaf"": 2, ""max_features"": 0.5}",shared_Baseline_vs_Stress_pooled,none,all_modalities,random_forest
5,0.752895752895753,0.7691441441441441,0.7528920691711389,0.8268304360273637,"{""n_estimators"": 200, ""max_depth"": 15, ""min_samples_leaf"": 4, ""max_features"": 0.5}",shared_Baseline_vs_Stress_pooled,none,all_modalities,random_forest
6,0.805668016194332,0.7935714285714286,0.7962886597938144,0.8574225674665987,"{""n_estimators"": 600, ""max_depth"": 14, ""min_samples_leaf"": 3, ""max_features"": 0.5}",shared_Baseline_vs_Stress_pooled,none,all_modalities,random_forest
7,0.7644787644787645,0.7726967663209274,0.763576505798728,0.7874047399971983,"{""n_estimators"": 400, ""max_depth"": 17, ""min_samples_leaf"": 4, ""max_features"": ""log2""}",shared_Baseline_vs_Stress_pooled,none,all_modalities,random_forest
8,0.7568627450980392,0.7491159383682748,0.7497467392680764,0.8495949549101516,"{""n_estimators"": 200, ""max_depth"": 15, ""min_samples_leaf"": 2, ""max_features"": 0.5}",shared_Baseline_vs_Stress_pooled,none,all_modalities,random_forest
9,0.8697318007662835,0.8796396396396396,0.8691767897157683,0.8204591271709498,"{""n_estimators"": 200, ""max_depth"": 15, ""min_samples_leaf"": 3, ""max_features"": ""log2""}",shared_Baseline_vs_Stress_pooled,none,all_modalities,random_forest
10,0.8249027237354085,0.8433021806853582,0.824732893839509,0.8024870512593859,"{""n_estimators"": 200, ""max_depth"": 15, ""min_samples_leaf"": 8, ""max_features"": 0.5}",shared_Baseline_vs_Stress_pooled,none,all_modalities,random_forest
11,0.8544061302681992,0.8403343720038351,0.8471143174250833,0.8050116024770029,"{""n_estimators"": 500, ""max_depth"": 11, ""min_samples_leaf"": 1, ""max_features"": ""sqrt""}",shared_Baseline_vs_Stress_pooled,none,all_modalities,random_forest
12,0.8260869565217391,0.8043114543114543,0.8129704301075269,0.7965616429708611,"{""n_estimators"": 300, ""max_depth"": 20, ""min_samples_leaf"": 8, ""max_features"": ""log2""}",shared_Baseline_vs_Stress_pooled,none,all_modalities,random_forest
13,0.8666666666666667,0.8595238095238096,0.8615546755237609,0.7917763904063998,"{""n_estimators"": 200, ""max_depth"": 19, ""min_samples_leaf"": 1, ""max_features"": ""sqrt""}",shared_Baseline_vs_Stress_pooled,none,all_modalities,random_forest
14,0.86328125,0.8601580630997929,0.8596820922402317,0.8161346172866047,"{""n_estimators"": 200, ""max_depth"": 19, ""min_samples_leaf"": 1, ""max_features"": ""sqrt""}",shared_Baseline_vs_Stress_pooled,none,all_modalities,random_forest
15,0.8132295719844358,0.8108998260004971,0.8092764378478665,0.7855319682311785,"{""n_estimators"": 200, ""max_depth"": 15, ""min_samples_leaf"": 1, ""max_features"": ""log2""}",shared_Baseline_vs_Stress_pooled,none,all_modalities,random_forest
16,0.7689243027888446,0.7411937377690803,0.7475724788458871,0.8158913253479723,"{""n_estimators"": 400, ""max_depth"": 17, ""min_samples_leaf"": 1, ""max_features"": ""log2""}",shared_Baseline_vs_Stress_pooled,none,all_modalities,random_forest
17,0.8235294117647058,0.8321995464852607,0.8226457087216581,0.8201292008913371,"{""n_estimators"": 500, ""max_depth"": 20, ""min_samples_leaf"": 5, ""max_features"": ""log2""}",shared_Baseline_vs_Stress_pooled,none,all_modalities,random_forest
18,0.7677165354330708,0.7429113354336784,0.7492092711906954,0.8338231352912561,"{""n_estimators"": 200, ""max_depth"": 15, ""min_samples_leaf"": 4, ""max_features"": ""sqrt""}",shared_Baseline_vs_Stress_pooled,none,all_modalities,random_forest
19,0.8695652173913043,0.8601270696958029,0.8642637662781056,0.7450530129084688,"{""n_estimators"": 400, ""max_depth"": 16, ""min_samples_leaf"": 1, ""max_features"": 0.5}",shared_Baseline_vs_Stress_pooled,none,all_modalities,random_forest
0,0.8645418326693227,0.8576334379905808,0.859619686800895,0.817787143478717,"{""layers"": ""64"", ""alpha"": 0.0007502616518429519, ""learning_rate_init"": 0.007408683168561952}",shared_Baseline_vs_Stress_pooled,none,all_modalities,mlp
1,0.8387096774193549,0.8372972972972973,0.8339471041178439,0.816652173161744,"{""layers"": ""32"", ""alpha"": 0.0033598026913398897, ""learning_rate_init"": 0.008246354989847323}",shared_Baseline_vs_Stress_pooled,none,all_modalities,mlp
2,0.87890625,0.8732135055857205,0.8753905820654136,0.791251962323391,"{""layers"": ""64-32"", ""alpha"": 0.018086651656759725, ""learning_rate_init"": 0.0019729921740925895}",shared_Baseline_vs_Stress_pooled,none,all_modalities,mlp
3,0.8185328185328186,0.8208663819402073,0.8163868651673529,0.8287524638323441,"{""layers"": ""64-32"", ""alpha"": 0.0009096817170300809, ""learning_rate_init"": 0.0026350570740338673}",shared_Baseline_vs_Stress_pooled,none,all_modalities,mlp
4,0.821969696969697,0.8085497519696527,0.8138920970136941,0.8354703278458869,"{""layers"": ""128-64"", ""alpha"": 0.00035527361985188957, ""learning_rate_init"": 0.0010581129227667091}",shared_Baseline_vs_Stress_pooled,none,all_modalities,mlp
5,0.8301158301158301,0.8367117117117118,0.8291966426858512,0.8084003361521032,"{""layers"": ""128-64"", ""alpha"": 0.026356283502188365, ""learning_rate_init"": 0.0008335636721977345}",shared_Baseline_vs_Stress_pooled,none,all_modalities,mlp
6,0.7975708502024291,0.801156462585034,0.7938918558077437,0.8249209363152611,"{""layers"": ""128-64"", ""alpha"": 0.004066559915018805, ""learning_rate_init"": 0.0012291066641524871}",shared_Baseline_vs_Stress_pooled,none,all_modalities,mlp
7,0.7760617760617761,0.7708663819402074,0.7708663819402074,0.8339310053414476,"{""layers"": ""64"", ""alpha"": 0.0012401510731928848, ""learning_rate_init"": 0.007185106760111559}",shared_Baseline_vs_Stress_pooled,none,all_modalities,mlp
8,0.7176470588235294,0.7010924475877747,0.7038709677419355,0.8339516461220681,"{""layers"": ""128-64"", ""alpha"": 0.012435136193653627, ""learning_rate_init"": 0.007354399597852749}",shared_Baseline_vs_Stress_pooled,none,all_modalities,mlp
9,0.7471264367816092,0.739009009009009,0.7400712216320618,0.8381917696880752,"{""layers"": ""128-64"", ""alpha"": 0.0026662878228458095, ""learning_rate_init"": 0.007681901433971117}",shared_Baseline_vs_Stress_pooled,none,all_modalities,mlp
10,0.8404669260700389,0.8459190031152648,0.8385505247835747,0.8091344836456779,"{""layers"": ""32"", ""alpha"": 7.155795567922497e-05, ""learning_rate_init"": 0.002842718189664576}",shared_Baseline_vs_Stress_pooled,none,all_modalities,mlp
11,0.842911877394636,0.8291586768935761,0.8353312302839118,0.8308192245481062,"{""layers"": ""64-32"", ""alpha"": 0.00012142308789843642, ""learning_rate_init"": 0.0012825491628787183}",shared_Baseline_vs_Stress_pooled,none,all_modalities,mlp
12,0.8656126482213439,0.8712998712998713,0.8638234549138805,0.8203828802433685,"{""layers"": ""64-32"", ""alpha"": 0.028652892996112393, ""learning_rate_init"": 0.00661371480914229}",shared_Baseline_vs_Stress_pooled,none,all_modalities,mlp
13,0.8313725490196079,0.8338095238095238,0.8283204684588767,0.7949390828864712,"{""layers"": ""64-32"", ""alpha"": 0.04386646985057672, ""learning_rate_init"": 0.009199240838432063}",shared_Baseline_vs_Stress_pooled,none,all_modalities,mlp
14,0.86328125,0.8654268330928934,0.8609710304591369,0.830127325634295,"{""layers"": ""32"", ""alpha"": 0.0003604995826792388, ""learning_rate_init"": 0.0042792869322259165}",shared_Baseline_vs_Stress_pooled,none,all_modalities,mlp
15,0.8287937743190662,0.8332401193139448,0.8268830373545621,0.8002563602213638,"{""layers"": ""64-32"", ""alpha"": 0.00014805155728434956, ""learning_rate_init"": 0.00942752902959509}",shared_Baseline_vs_Stress_pooled,none,all_modalities,mlp
16,0.7768924302788844,0.7493803000652316,0.7562768761270634,0.8502826955685848,"{""layers"": ""64-32"", ""alpha"": 0.0002715672080889836, ""learning_rate_init"": 0.004773281649689649}",shared_Baseline_vs_Stress_pooled,none,all_modalities,mlp
17,0.803921568627451,0.8139644746787604,0.8032407407407407,0.7978140235557838,"{""layers"": ""64-32"", ""alpha"": 0.007648904845973135, ""learning_rate_init"": 0.00552616879060234}",shared_Baseline_vs_Stress_pooled,none,all_modalities,mlp
18,0.8267716535433071,0.815726869414261,0.8185714285714285,0.8560468776012881,"{""layers"": ""128-64"", ""alpha"": 0.007577445555648496, ""learning_rate_init"": 0.002843758641395092}",shared_Baseline_vs_Stress_pooled,none,all_modalities,mlp
19,0.8181818181818182,0.7988063149788217,0.8061625582944704,0.8036689731304753,"{""layers"": ""128-64"", ""alpha"": 0.0812674258120072, ""learning_rate_init"": 0.001136347106160173}",shared_Baseline_vs_Stress_pooled,none,all_modalities,mlp
0,0.8725099601593626,0.8574045002616432,0.8650537634408602,0.7807661799242643,"{""n_estimators"": 500, ""max_depth"": 8, ""learning_rate"": 0.2823418280628457, ""subsample"": 0.6639365043635572, ""colsample_bytree"": 0.5874303480461804, ""min_child_weight"": 3, ""gamma"": 0.20972806231046717, ""reg_lambda"": 0.011282468741943816}",shared_Baseline_vs_Stress_pooled,none,physiology_only,xgboost
1,0.8669354838709677,0.8609459459459459,0.8615298715801227,0.7791132147315971,"{""n_estimators"": 350, ""max_depth"": 2, ""learning_rate"": 0.021138534608787462, ""subsample"": 0.6246791479972903, ""colsample_bytree"": 0.6199927613942663, ""min_child_weight"": 1, ""gamma"": 0.7116406974432689, ""reg_lambda"": 0.02889889605282166}",shared_Baseline_vs_Stress_pooled,none,physiology_only,xgboost
2,0.82421875,0.8149222991949073,0.8180870718650812,0.7835786105428962,"{""n_estimators"": 150, ""max_depth"": 7, ""learning_rate"": 0.13510359505672007, ""subsample"": 0.8458445802353359, ""colsample_bytree"": 0.8521037574607668, ""min_child_weight"": 1, ""gamma"": 0.2953446369432502, ""reg_lambda"": 4.1186472978808135}",shared_Baseline_vs_Stress_pooled,none,physiology_only,xgboost
3,0.7644787644787645,0.7715070164734594,0.7633356801533921,0.8311536372538509,"{""n_estimators"": 550, ""max_depth"": 7, ""learning_rate"": 0.06258938423971411, ""subsample"": 0.9807367325217528, ""colsample_bytree"": 0.5864625537206388, ""min_child_weight"": 6, ""gamma"": 0.014851734901904737, ""reg_lambda"": 1.8170070356581365}",shared_Baseline_vs_Stress_pooled,none,physiology_only,xgboost
4,0.75,0.7557046979865771,0.7492949640287769,0.7901308992676309,"{""n_estimators"": 550, ""max_depth"": 7, ""learning_rate"": 0.10156382582377797, ""subsample"": 0.6600044871375927, ""colsample_bytree"": 0.8838160080362518, ""min_child_weight"": 3, ""gamma"": 3.8498305928437606, ""reg_lambda"": 9.82928050630278}",shared_Baseline_vs_Stress_pooled,none,physiology_only,xgboost
5,0.7915057915057915,0.7972972972972974,0.7903776978417266,0.8013876041804527,"{""n_estimators"": 500, ""max_depth"": 3, ""learning_rate"": 0.09162345727361718, ""subsample"": 0.8930158454386085, ""colsample_bytree"": 0.9405139251948506, ""min_child_weight"": 3, ""gamma"": 1.545768016713228, ""reg_lambda"": 0.05018041090582203}",shared_Baseline_vs_Stress_pooled,none,physiology_only,xgboost
6,0.7813765182186235,0.7603741496598639,0.7661640953716691,0.8236726792450862,"{""n_estimators"": 450, ""max_depth"": 7, ""learning_rate"": 0.02652653878069871, ""subsample"": 0.8780504178146953, ""colsample_bytree"": 0.5557846612961843, ""min_child_weight"": 1, ""gamma"": 2.283063804503516, ""reg_lambda"": 0.012520521278493145}",shared_Baseline_vs_Stress_pooled,none,physiology_only,xgboost
7,0.8262548262548263,0.8251982916412447,0.8232081911262799,0.7535680585898135,"{""n_estimators"": 300, ""max_depth"": 7, ""learning_rate"": 0.026773553869461498, ""subsample"": 0.9305819685127211, ""colsample_bytree"": 0.9989820755397183, ""min_child_weight"": 3, ""gamma"": 2.6419430255379575, ""reg_lambda"": 0.01047099325462745}",shared_Baseline_vs_Stress_pooled,none,physiology_only,xgboost
8,0.7137254901960784,0.7041866632988127,0.704940639414161,0.8440177491891299,"{""n_estimators"": 200, ""max_depth"": 7, ""learning_rate"": 0.2889597447073555, ""subsample"": 0.8159206434897455, ""colsample_bytree"": 0.8479744155906332, ""min_child_weight"": 6, ""gamma"": 1.6559055006827221, ""reg_lambda"": 0.1357077552921473}",shared_Baseline_vs_Stress_pooled,none,physiology_only,xgboost
9,0.8659003831417624,0.8681081081081081,0.8641049671977508,0.7855609360535469,"{""n_estimators"": 400, ""max_depth"": 4, ""learning_rate"": 0.02099935832588013, ""subsample"": 0.7400901289699897, ""colsample_bytree"": 0.933459177267303, ""min_child_weight"": 2, ""gamma"": 3.3730646542695384, ""reg_lambda"": 5.278922161657299}",shared_Baseline_vs_Stress_pooled,none,physiology_only,xgboost
10,0.8910505836575876,0.8986292834890965,0.8898346601347213,0.7722138676205362,"{""n_estimators"": 100, ""max_depth"": 2, ""learning_rate"": 0.17977737395813873, ""subsample"": 0.891536016106468, ""colsample_bytree"": 0.820125896699641, ""min_child_weight"": 2, ""gamma"": 1.1462939309680273, ""reg_lambda"": 0.5885539020743176}",shared_Baseline_vs_Stress_pooled,none,physiology_only,xgboost
11,0.7662835249042146,0.7620445829338447,0.7617508417508418,0.7823989307893,"{""n_estimators"": 100, ""max_depth"": 2, ""learning_rate"": 0.2072813683015105, ""subsample"": 0.8112723746270969, ""colsample_bytree"": 0.5621361141948129, ""min_child_weight"": 7, ""gamma"": 2.146697197229737, ""reg_lambda"": 5.350651311707347}",shared_Baseline_vs_Stress_pooled,none,physiology_only,xgboost
12,0.8181818181818182,0.8362934362934362,0.8179514453760481,0.7812568116121047,"{""n_estimators"": 150, ""max_depth"": 7, ""learning_rate"": 0.015076425952590556, ""subsample"": 0.6099006500134014, ""colsample_bytree"": 0.5064770057038046, ""min_child_weight"": 9, ""gamma"": 3.2144450532064424, ""reg_lambda"": 0.2120365271201079}",shared_Baseline_vs_Stress_pooled,none,physiology_only,xgboost
13,0.788235294117647,0.7942857142857143,0.7858342665173572,0.799497646444463,"{""n_estimators"": 600, ""max_depth"": 2, ""learning_rate"": 0.14347130468344016, ""subsample"": 0.9602404097597214, ""colsample_bytree"": 0.5851219712746247, ""min_child_weight"": 2, ""gamma"": 1.2958160241552157, ""reg_lambda"": 0.05098460882645227}",shared_Baseline_vs_Stress_pooled,none,physiology_only,xgboost
14,0.74609375,0.7608041146584708,0.7457795431976166,0.8126742879334182,"{""n_estimators"": 200, ""max_depth"": 4, ""learning_rate"": 0.06169552452241029, ""subsample"": 0.7946132899406783, ""colsample_bytree"": 0.5014492034161181, ""min_child_weight"": 7, ""gamma"": 3.365482409880374, ""reg_lambda"": 0.09668797267286791}",shared_Baseline_vs_Stress_pooled,none,physiology_only,xgboost
15,0.7315175097276264,0.7366082525478499,0.7295355753832076,0.8256808655902338,"{""n_estimators"": 450, ""max_depth"": 4, ""learning_rate"": 0.08024984149580575, ""subsample"": 0.703244721095573, ""colsample_bytree"": 0.5192104322937489, ""min_child_weight"": 8, ""gamma"": 2.6370806462503946, ""reg_lambda"": 0.6258154725803579}",shared_Baseline_vs_Stress_pooled,none,physiology_only,xgboost
16,0.7410358565737052,0.7065231572080888,0.7100947100947101,0.8216104811968631,"{""n_estimators"": 150, ""max_depth"": 4, ""learning_rate"": 0.03792851414882029, ""subsample"": 0.6017175476063131, ""colsample_bytree"": 0.6897202001684198, ""min_child_weight"": 1, ""gamma"": 3.6678045315656966, ""reg_lambda"": 0.016808184388246696}",shared_Baseline_vs_Stress_pooled,none,physiology_only,xgboost
17,0.7803921568627451,0.7923280423280423,0.7799827437446074,0.8287984021200581,"{""n_estimators"": 450, ""max_depth"": 2, ""learning_rate"": 0.12624379354314627, ""subsample"": 0.8268523192545201, ""colsample_bytree"": 0.8407115654459995, ""min_child_weight"": 10, ""gamma"": 1.6076017699455427, ""reg_lambda"": 0.018296689508828616}",shared_Baseline_vs_Stress_pooled,none,physiology_only,xgboost
18,0.8188976377952756,0.8214492380891146,0.8151850680164505,0.8024604082310218,"{""n_estimators"": 200, ""max_depth"": 3, ""learning_rate"": 0.2389898341036078, ""subsample"": 0.8179372323008152, ""colsample_bytree"": 0.7791189426898397, ""min_child_weight"": 3, ""gamma"": 1.0120200697047828, ""reg_lambda"": 0.04051686340948441}",shared_Baseline_vs_Stress_pooled,none,physiology_only,xgboost
19,0.8537549407114624,0.8373122834039276,0.8450396464103032,0.7130423059331893,"{""n_estimators"": 450, ""max_depth"": 7, ""learning_rate"": 0.012070161454002975, ""subsample"": 0.9203260673962715, ""colsample_bytree"": 0.7295988269876451, ""min_child_weight"": 3, ""gamma"": 0.9486117064045078, ""reg_lambda"": 0.7512590787142429}",shared_Baseline_vs_Stress_pooled,none,physiology_only,xgboost
0,0.8247011952191236,0.8137755102040816,0.8171523178807947,0.7703186907225682,"{""n_estimators"": 200, ""max_depth"": 17, ""min_samples_leaf"": 1, ""max_features"": ""log2""}",shared_Baseline_vs_Stress_pooled,none,physiology_only,random_forest
1,0.8508064516129032,0.8441891891891893,0.8447456135898347,0.7306100463409532,"{""n_estimators"": 400, ""max_depth"": 6, ""min_samples_leaf"": 1, ""max_features"": ""log2""}",shared_Baseline_vs_Stress_pooled,none,physiology_only,random_forest
2,0.7578125,0.7511701928477813,0.7517517517517518,0.7968292752221323,"{""n_estimators"": 400, ""max_depth"": 16, ""min_samples_leaf"": 1, ""max_features"": 0.5}",shared_Baseline_vs_Stress_pooled,none,physiology_only,random_forest
3,0.7374517374517374,0.7527760829774253,0.7374165076335878,0.8159304435734941,"{""n_estimators"": 300, ""max_depth"": 5, ""min_samples_leaf"": 3, ""max_features"": ""sqrt""}",shared_Baseline_vs_Stress_pooled,none,physiology_only,random_forest
4,0.821969696969697,0.820455208637292,0.819480613952135,0.7362843349219087,"{""n_estimators"": 400, ""max_depth"": 11, ""min_samples_leaf"": 3, ""max_features"": 0.5}",shared_Baseline_vs_Stress_pooled,none,physiology_only,random_forest
5,0.7799227799227799,0.795045045045045,0.7799096560669082,0.7953875061447953,"{""n_estimators"": 200, ""max_depth"": 5, ""min_samples_leaf"": 3, ""max_features"": ""sqrt""}",shared_Baseline_vs_Stress_pooled,none,physiology_only,random_forest
6,0.7773279352226721,0.7617687074829933,0.7652618665007862,0.8412757513197827,"{""n_estimators"": 300, ""max_depth"": 12, ""min_samples_leaf"": 8, ""max_features"": ""log2""}",shared_Baseline_vs_Stress_pooled,none,physiology_only,random_forest
7,0.749034749034749,0.7592739475289811,0.7484948533695863,0.7506442272577153,"{""n_estimators"": 400, ""max_depth"": 4, ""min_samples_leaf"": 9, ""max_features"": ""sqrt""}",shared_Baseline_vs_Stress_pooled,none,physiology_only,random_forest
8,0.7098039215686275,0.703397322556201,0.7028533635676493,0.8502815463805398,"{""n_estimators"": 200, ""max_depth"": 16, ""min_samples_leaf"": 1, ""max_features"": 0.5}",shared_Baseline_vs_Stress_pooled,none,physiology_only,random_forest
9,0.8659003831417624,0.8704504504504504,0.8645563051375195,0.7703596440049642,"{""n_estimators"": 600, ""max_depth"": 18, ""min_samples_leaf"": 9, ""max_features"": ""sqrt""}",shared_Baseline_vs_Stress_pooled,none,physiology_only,random_forest
10,0.867704280155642,0.8799688473520249,0.8669772256728778,0.7673864679284982,"{""n_estimators"": 600, ""max_depth"": 20, ""min_samples_leaf"": 7, ""max_features"": 0.5}",shared_Baseline_vs_Stress_pooled,none,physiology_only,random_forest
11,0.8390804597701149,0.8280201342281879,0.8326923076923077,0.7933874526109109,"{""n_estimators"": 600, ""max_depth"": 18, ""min_samples_leaf"": 2, ""max_features"": ""sqrt""}",shared_Baseline_vs_Stress_pooled,none,physiology_only,random_forest
12,0.782608695652174,0.762998712998713,0.7687193551067897,0.7697866427755523,"{""n_estimators"": 400, ""max_depth"": 3, ""min_samples_leaf"": 2, ""max_features"": ""log2""}",shared_Baseline_vs_Stress_pooled,none,physiology_only,random_forest
13,0.807843137254902,0.8038095238095238,0.8024849433300137,0.7790369601468717,"{""n_estimators"": 400, ""max_depth"": 11, ""min_samples_leaf"": 1, ""max_features"": ""log2""}",shared_Baseline_vs_Stress_pooled,none,physiology_only,random_forest
14,0.8203125,0.8232453114219407,0.8178105080759948,0.8098538920292659,"{""n_estimators"": 500, ""max_depth"": 19, ""min_samples_leaf"": 2, ""max_features"": ""sqrt""}",shared_Baseline_vs_Stress_pooled,none,physiology_only,random_forest
15,0.708171206225681,0.7113783246333583,0.7056038366960427,0.7915612643717452,"{""n_estimators"": 200, ""max_depth"": 12, ""min_samples_leaf"": 2, ""max_features"": ""sqrt""}",shared_Baseline_vs_Stress_pooled,none,physiology_only,random_forest
16,0.7689243027888446,0.7492172211350294,0.7544197031039137,0.8008453718314122,"{""n_estimators"": 600, ""max_depth"": 7, ""min_samples_leaf"": 9, ""max_features"": ""sqrt""}",shared_Baseline_vs_Stress_pooled,none,physiology_only,random_forest
17,0.8,0.8142479213907785,0.799802958698296,0.8049785743808765,"{""n_estimators"": 400, ""max_depth"": 7, ""min_samples_leaf"": 1, ""max_features"": ""sqrt""}",shared_Baseline_vs_Stress_pooled,none,physiology_only,random_forest
18,0.7992125984251969,0.7956342827750273,0.7932883335726937,0.8095946312928576,"{""n_estimators"": 600, ""max_depth"": 15, ""min_samples_leaf"": 1, ""max_features"": 0.5}",shared_Baseline_vs_Stress_pooled,none,physiology_only,random_forest
19,0.8735177865612648,0.8622128096521628,0.8677124183006536,0.7351233661106122,"{""n_estimators"": 200, ""max_depth"": 14, ""min_samples_leaf"": 1, ""max_features"": 0.5}",shared_Baseline_vs_Stress_pooled,none,physiology_only,random_forest
0,0.8924302788844621,0.8842556253270539,0.8879853225566519,0.7864921384088136,"{""layers"": ""128-64"", ""alpha"": 0.0434004609803768, ""learning_rate_init"": 0.0021913664766444376}",shared_Baseline_vs_Stress_pooled,none,physiology_only,mlp
1,0.7943548387096774,0.7936486486486487,0.7891402564059817,0.7924516749455838,"{""layers"": ""128-64"", ""alpha"": 0.00047509237210306113, ""learning_rate_init"": 0.002346599645859088}",shared_Baseline_vs_Stress_pooled,none,physiology_only,mlp
2,0.828125,0.8076515009673595,0.8158875449493298,0.8049459138744854,"{""layers"": ""64-32"", ""alpha"": 0.061398200653012186, ""learning_rate_init"": 0.004777896297660267}",shared_Baseline_vs_Stress_pooled,none,physiology_only,mlp
3,0.749034749034749,0.7473764490543013,0.7451443450353483,0.8152591333130413,"{""layers"": ""32"", ""alpha"": 0.012633546248734983, ""learning_rate_init"": 0.009233561060506776}",shared_Baseline_vs_Stress_pooled,none,physiology_only,mlp
4,0.7878787878787878,0.7743799241318938,0.7786163522012579,0.8024806852693726,"{""layers"": ""128-64"", ""alpha"": 1.5177015613440395e-05, ""learning_rate_init"": 0.0012012134341810793}",shared_Baseline_vs_Stress_pooled,none,physiology_only,mlp
5,0.7567567567567568,0.7657657657657657,0.7562334732659068,0.8218712776124546,"{""layers"": ""128-64"", ""alpha"": 1.2351860260855013e-05, ""learning_rate_init"": 0.0014299660158045495}",shared_Baseline_vs_Stress_pooled,none,physiology_only,mlp
6,0.8380566801619433,0.8319727891156463,0.8319727891156463,0.792877411238468,"{""layers"": ""128-64"", ""alpha"": 0.0005656733313644111, ""learning_rate_init"": 0.0029632221591749585}",shared_Baseline_vs_Stress_pooled,none,physiology_only,mlp
7,0.803088803088803,0.7979255643685175,0.7982773628991615,0.7961523878855278,"{""layers"": ""128-64"", ""alpha"": 7.137422643361827e-05, ""learning_rate_init"": 0.0008021358442025313}",shared_Baseline_vs_Stress_pooled,none,physiology_only,mlp
8,0.7137254901960784,0.7015976256630462,0.7032094513799205,0.8452869282806962,"{""layers"": ""128-64"", ""alpha"": 3.7576622001713814e-05, ""learning_rate_init"": 0.008428311484045345}",shared_Baseline_vs_Stress_pooled,none,physiology_only,mlp
9,0.8275862068965517,0.8218918918918918,0.8230028482300284,0.8272848172170834,"{""layers"": ""64-32"", ""alpha"": 0.01472949920934133, ""learning_rate_init"": 0.0033315972643002487}",shared_Baseline_vs_Stress_pooled,none,physiology_only,mlp
10,0.8404669260700389,0.8405607476635514,0.8372739486973577,0.7816864651066644,"{""layers"": ""32"", ""alpha"": 0.00019637228786388954, ""learning_rate_init"": 0.008338191111196784}",shared_Baseline_vs_Stress_pooled,none,physiology_only,mlp
11,0.8390804597701149,0.8224772291466922,0.8297826086956521,0.7929436165785355,"{""layers"": ""32"", ""alpha"": 0.006575731496493722, ""learning_rate_init"": 0.005613193438550062}",shared_Baseline_vs_Stress_pooled,none,physiology_only,mlp
12,0.6956521739130435,0.7121943371943372,0.6954809060072218,0.7813088365735426,"{""layers"": ""64"", ""alpha"": 0.03579180690905979, ""learning_rate_init"": 0.0076795833104922745}",shared_Baseline_vs_Stress_pooled,none,physiology_only,mlp
13,0.8627450980392157,0.8590476190476191,0.8585331832807621,0.8099710033732507,"{""layers"": ""32"", ""alpha"": 0.0004347860149886914, ""learning_rate_init"": 0.008678288249158145}",shared_Baseline_vs_Stress_pooled,none,physiology_only,mlp
14,0.83203125,0.8214576930314245,0.82508937792961,0.8112125063495329,"{""layers"": ""128-64"", ""alpha"": 0.0347793495262161, ""learning_rate_init"": 0.0020903921922040716}",shared_Baseline_vs_Stress_pooled,none,physiology_only,mlp
15,0.7782101167315175,0.7819724086502611,0.7759166628424579,0.8147789685388392,"{""layers"": ""64"", ""alpha"": 0.00014892662546680095, ""learning_rate_init"": 0.0028476122268052697}",shared_Baseline_vs_Stress_pooled,none,physiology_only,mlp
16,0.7928286852589641,0.7924983692106979,0.7891846491794805,0.8119716473150572,"{""layers"": ""64-32"", ""alpha"": 0.06565445795376663, ""learning_rate_init"": 0.007520957911362779}",shared_Baseline_vs_Stress_pooled,none,physiology_only,mlp
17,0.7529411764705882,0.7709750566893423,0.7529411764705882,0.789175326287645,"{""layers"": ""64-32"", ""alpha"": 1.3756979825919072e-05, ""learning_rate_init"": 0.0052632501852814696}",shared_Baseline_vs_Stress_pooled,none,physiology_only,mlp
18,0.7322834645669292,0.7084806789686877,0.7128989361702127,0.8126884959878726,"{""layers"": ""64-32"", ""alpha"": 0.00042530548109291394, ""learning_rate_init"": 0.003135594968754523}",shared_Baseline_vs_Stress_pooled,none,physiology_only,mlp
19,0.857707509881423,0.8380824027724296,0.8476515455640306,0.7762041165678388,"{""layers"": ""32"", ""alpha"": 0.00017313444668462193, ""learning_rate_init"": 0.008365673952564455}",shared_Baseline_vs_Stress_pooled,none,physiology_only,mlp
0,0.8326693227091634,0.8276098901098901,0.8276098901098901,0.7225604991472618,"{""n_estimators"": 600, ""max_depth"": 6, ""learning_rate"": 0.16064346118594372, ""subsample"": 0.7327608329426609, ""colsample_bytree"": 0.8574924866480413, ""min_child_weight"": 1, ""gamma"": 2.2393511642836863, ""reg_lambda"": 0.26265458771675043}",shared_Baseline_vs_Stress_pooled,none,acc_only,xgboost
1,0.6854838709677419,0.6878378378378378,0.6808131476470201,0.722331696989782,"{""n_estimators"": 600, ""max_depth"": 6, ""learning_rate"": 0.09581820639328964, ""subsample"": 0.8365631058845976, ""colsample_bytree"": 0.9313589735794833, ""min_child_weight"": 4, ""gamma"": 0.06813332929906862, ""reg_lambda"": 7.351081041162651}",shared_Baseline_vs_Stress_pooled,none,acc_only,xgboost
2,0.7578125,0.7404980340760157,0.7447082287846619,0.7052406257763401,"{""n_estimators"": 250, ""max_depth"": 4, ""learning_rate"": 0.28567970923543323, ""subsample"": 0.9141008325076468, ""colsample_bytree"": 0.6080146390853697, ""min_child_weight"": 5, ""gamma"": 0.13907028775600916, ""reg_lambda"": 0.8377046273208631}",shared_Baseline_vs_Stress_pooled,none,acc_only,xgboost
3,0.6872586872586872,0.6817876754118365,0.6810975146309949,0.7583415326957509,"{""n_estimators"": 450, ""max_depth"": 7, ""learning_rate"": 0.1049126951254897, ""subsample"": 0.8756721655019657, ""colsample_bytree"": 0.6868000620744641, ""min_child_weight"": 7, ""gamma"": 1.6992433197840895, ""reg_lambda"": 0.522855414299136}",shared_Baseline_vs_Stress_pooled,none,acc_only,xgboost
4,0.7689393939393939,0.77347534286548,0.7679772933565778,0.7310563451478568,"{""n_estimators"": 600, ""max_depth"": 6, ""learning_rate"": 0.2132664185469497, ""subsample"": 0.939451263309655, ""colsample_bytree"": 0.8790389088197671, ""min_child_weight"": 1, ""gamma"": 4.074391141144721, ""reg_lambda"": 0.2619354263436578}",shared_Baseline_vs_Stress_pooled,none,acc_only,xgboost
5,0.667953667953668,0.6599099099099099,0.6602501525320317,0.7464622122877492,"{""n_estimators"": 250, ""max_depth"": 5, ""learning_rate"": 0.13626781937256166, ""subsample"": 0.7767633573420095, ""colsample_bytree"": 0.5534386645647981, ""min_child_weight"": 1, ""gamma"": 0.8406642045445879, ""reg_lambda"": 0.012976090044976258}",shared_Baseline_vs_Stress_pooled,none,acc_only,xgboost
6,0.7206477732793523,0.7397278911564626,0.7201891346106486,0.7664774565508421,"{""n_estimators"": 350, ""max_depth"": 4, ""learning_rate"": 0.08331170661632406, ""subsample"": 0.9292136145374296, ""colsample_bytree"": 0.9202573769922042, ""min_child_weight"": 5, ""gamma"": 0.04385801663690503, ""reg_lambda"": 0.017067685813932466}",shared_Baseline_vs_Stress_pooled,none,acc_only,xgboost
7,0.5637065637065637,0.5922513727882855,0.5592651155786461,0.7273990915216441,"{""n_estimators"": 200, ""max_depth"": 6, ""learning_rate"": 0.12984390345892083, ""subsample"": 0.9847604528677986, ""colsample_bytree"": 0.6566134265680481, ""min_child_weight"": 2, ""gamma"": 0.2030457304681338, ""reg_lambda"": 1.0971347479783742}",shared_Baseline_vs_Stress_pooled,none,acc_only,xgboost
8,0.7686274509803922,0.7631346299570598,0.7627906976744186,0.732258897976779,"{""n_estimators"": 200, ""max_depth"": 6, ""learning_rate"": 0.07641410275051386, ""subsample"": 0.6161147531363154, ""colsample_bytree"": 0.5478546640295405, ""min_child_weight"": 8, ""gamma"": 0.308790523609497, ""reg_lambda"": 0.08399798969871072}",shared_Baseline_vs_Stress_pooled,none,acc_only,xgboost
9,0.7509578544061303,0.7353153153153154,0.7389397553281527,0.771292608823397,"{""n_estimators"": 250, ""max_depth"": 6, ""learning_rate"": 0.026131711331443017, ""subsample"": 0.6207721265735412, ""colsample_bytree"": 0.7497592386655598, ""min_child_weight"": 1, ""gamma"": 1.0495928526882903, ""reg_lambda"": 0.014041478474273589}",shared_Baseline_vs_Stress_pooled,none,acc_only,xgboost
10,0.8326848249027238,0.827196261682243,0.8276324614352784,0.7397795264555743,"{""n_estimators"": 250, ""max_depth"": 5, ""learning_rate"": 0.023507272911458838, ""subsample"": 0.8829827795085943, ""colsample_bytree"": 0.9278905562030569, ""min_child_weight"": 1, ""gamma"": 0.19957082058992864, ""reg_lambda"": 1.7027470025478149}",shared_Baseline_vs_Stress_pooled,none,acc_only,xgboost
11,0.8314176245210728,0.831285953978907,0.8290053603335319,0.689291221375834,"{""n_estimators"": 250, ""max_depth"": 7, ""learning_rate"": 0.12490551309929833, ""subsample"": 0.939072407323518, ""colsample_bytree"": 0.6163072025472257, ""min_child_weight"": 10, ""gamma"": 2.064891822255768, ""reg_lambda"": 3.258206078095793}",shared_Baseline_vs_Stress_pooled,none,acc_only,xgboost
12,0.7865612648221344,0.7705276705276706,0.7751481237656352,0.7344991922572301,"{""n_estimators"": 200, ""max_depth"": 8, ""learning_rate"": 0.1105711424884931, ""subsample"": 0.6408119926393925, ""colsample_bytree"": 0.5265893583346701, ""min_child_weight"": 7, ""gamma"": 0.16863295816162516, ""reg_lambda"": 0.79363423144151}",shared_Baseline_vs_Stress_pooled,none,acc_only,xgboost
13,0.7725490196078432,0.7723809523809524,0.7681818181818182,0.7128671072406235,"{""n_estimators"": 550, ""max_depth"": 3, ""learning_rate"": 0.15937591880117066, ""subsample"": 0.9384172709942807, ""colsample_bytree"": 0.594250203826581, ""min_child_weight"": 10, ""gamma"": 1.3236767016025244, ""reg_lambda"": 0.8279873599648891}",shared_Baseline_vs_Stress_pooled,none,acc_only,xgboost
14,0.78515625,0.7864580066486859,0.7819589624467673,0.7200077602736311,"{""n_estimators"": 400, ""max_depth"": 5, ""learning_rate"": 0.0419929302316829, ""subsample"": 0.6197699536566793, ""colsample_bytree"": 0.6067554456914365, ""min_child_weight"": 3, ""gamma"": 0.6961508236975638, ""reg_lambda"": 0.7384949205813048}",shared_Baseline_vs_Stress_pooled,none,acc_only,xgboost
15,0.7354085603112841,0.7437857320407656,0.7342457420924574,0.707999796791972,"{""n_estimators"": 500, ""max_depth"": 7, ""learning_rate"": 0.09004495683111156, ""subsample"": 0.7240632831347218, ""colsample_bytree"": 0.5362430138898799, ""min_child_weight"": 4, ""gamma"": 0.6005946931501718, ""reg_lambda"": 8.657076959766355}",shared_Baseline_vs_Stress_pooled,none,acc_only,xgboost
16,0.8127490039840638,0.8069471624266145,0.8073550304554435,0.6925047880024313,"{""n_estimators"": 100, ""max_depth"": 6, ""learning_rate"": 0.045173436415172574, ""subsample"": 0.7871984589519844, ""colsample_bytree"": 0.8305296673824798, ""min_child_weight"": 7, ""gamma"": 1.316647422227819, ""reg_lambda"": 0.010825221745732572}",shared_Baseline_vs_Stress_pooled,none,acc_only,xgboost
17,0.6078431372549019,0.624244142101285,0.6077888519748984,0.7745720760019751,"{""n_estimators"": 400, ""max_depth"": 6, ""learning_rate"": 0.05178815131230349, ""subsample"": 0.7131952643427965, ""colsample_bytree"": 0.6488628591508858, ""min_child_weight"": 6, ""gamma"": 1.9802371802351326, ""reg_lambda"": 2.3232830772238438}",shared_Baseline_vs_Stress_pooled,none,acc_only,xgboost
18,0.7834645669291339,0.7715874750851925,0.7736075323707197,0.7360449249890765,"{""n_estimators"": 150, ""max_depth"": 8, ""learning_rate"": 0.014161010175966545, ""subsample"": 0.7184926981951875, ""colsample_bytree"": 0.5882376446934231, ""min_child_weight"": 2, ""gamma"": 4.901923500129253, ""reg_lambda"": 0.19406813580825238}",shared_Baseline_vs_Stress_pooled,none,acc_only,xgboost
19,0.7984189723320159,0.7883776151970221,0.7908921481241391,0.7085700501146888,"{""n_estimators"": 600, ""max_depth"": 7, ""learning_rate"": 0.025814840276064982, ""subsample"": 0.833656552478883, ""colsample_bytree"": 0.7747597007657114, ""min_child_weight"": 1, ""gamma"": 0.0458616578751167, ""reg_lambda"": 1.8134757686165797}",shared_Baseline_vs_Stress_pooled,none,acc_only,xgboost
0,0.8565737051792829,0.8480180533751962,0.8508910891089109,0.7009352461567407,"{""n_estimators"": 200, ""max_depth"": 11, ""min_samples_leaf"": 1, ""max_features"": ""log2""}",shared_Baseline_vs_Stress_pooled,none,acc_only,random_forest
1,0.7096774193548387,0.7081081081081081,0.7034281158650013,0.7303246597559463,"{""n_estimators"": 400, ""max_depth"": 13, ""min_samples_leaf"": 2, ""max_features"": ""log2""}",shared_Baseline_vs_Stress_pooled,none,acc_only,random_forest
2,0.79296875,0.7782250514884853,0.7829502007646654,0.6799996630353773,"{""n_estimators"": 300, ""max_depth"": 15, ""min_samples_leaf"": 3, ""max_features"": 0.5}",shared_Baseline_vs_Stress_pooled,none,acc_only,random_forest
3,0.7606177606177607,0.762202562538133,0.7579877019532192,0.7634608244657767,"{""n_estimators"": 500, ""max_depth"": 16, ""min_samples_leaf"": 2, ""max_features"": ""log2""}",shared_Baseline_vs_Stress_pooled,none,acc_only,random_forest
4,0.7840909090909091,0.7878902830463963,0.7829667556068364,0.722094296037076,"{""n_estimators"": 600, ""max_depth"": 13, ""min_samples_leaf"": 1, ""max_features"": ""sqrt""}",shared_Baseline_vs_Stress_pooled,none,acc_only,random_forest
5,0.7644787644787645,0.7623873873873874,0.7608277699562499,0.7424778626041215,"{""n_estimators"": 400, ""max_depth"": 15, ""min_samples_leaf"": 2, ""max_features"": ""sqrt""}",shared_Baseline_vs_Stress_pooled,none,acc_only,random_forest
6,0.7327935222672065,0.746734693877551,0.7315217391304347,0.7624830735691793,"{""n_estimators"": 500, ""max_depth"": 12, ""min_samples_leaf"": 1, ""max_features"": ""log2""}",shared_Baseline_vs_Stress_pooled,none,acc_only,random_forest
7,0.5752895752895753,0.6011287370347773,0.5724789915966386,0.7123956637190864,"{""n_estimators"": 500, ""max_depth"": 16, ""min_samples_leaf"": 1, ""max_features"": ""log2""}",shared_Baseline_vs_Stress_pooled,none,acc_only,random_forest
8,0.8235294117647058,0.8220825966153069,0.8199406863437367,0.6983208457321594,"{""n_estimators"": 600, ""max_depth"": 9, ""min_samples_leaf"": 1, ""max_features"": 0.5}",shared_Baseline_vs_Stress_pooled,none,acc_only,random_forest
9,0.7471264367816092,0.7319819819819819,0.735375445495883,0.7631396051038908,"{""n_estimators"": 600, ""max_depth"": 11, ""min_samples_leaf"": 1, ""max_features"": ""log2""}",shared_Baseline_vs_Stress_pooled,none,acc_only,random_forest
10,0.8599221789883269,0.8572274143302181,0.8562639821029083,0.7591122893515548,"{""n_estimators"": 500, ""max_depth"": 14, ""min_samples_leaf"": 3, ""max_features"": ""log2""}",shared_Baseline_vs_Stress_pooled,none,acc_only,random_forest
11,0.8352490421455939,0.8346416586768937,0.8327346975274603,0.6939485481560373,"{""n_estimators"": 400, ""max_depth"": 10, ""min_samples_leaf"": 7, ""max_features"": ""sqrt""}",shared_Baseline_vs_Stress_pooled,none,acc_only,random_forest
12,0.7944664031620553,0.7883526383526384,0.7883526383526384,0.7352025742816123,"{""n_estimators"": 200, ""max_depth"": 15, ""min_samples_leaf"": 3, ""max_features"": 0.5}",shared_Baseline_vs_Stress_pooled,none,acc_only,random_forest
13,0.8,0.8042857142857143,0.7971929824561403,0.6996755678876655,"{""n_estimators"": 300, ""max_depth"": 20, ""min_samples_leaf"": 3, ""max_features"": ""sqrt""}",shared_Baseline_vs_Stress_pooled,none,acc_only,random_forest
14,0.78515625,0.7917267766417864,0.783407940683311,0.6740099763204301,"{""n_estimators"": 400, ""max_depth"": 17, ""min_samples_leaf"": 2, ""max_features"": ""sqrt""}",shared_Baseline_vs_Stress_pooled,none,acc_only,random_forest
15,0.7626459143968871,0.7596321153368133,0.7578953870863125,0.6951778687466051,"{""n_estimators"": 200, ""max_depth"": 13, ""min_samples_leaf"": 10, ""max_features"": ""sqrt""}",shared_Baseline_vs_Stress_pooled,none,acc_only,random_forest
16,0.8167330677290837,0.8130463144161775,0.812199089134678,0.7147445797068365,"{""n_estimators"": 300, ""max_depth"": 11, ""min_samples_leaf"": 4, ""max_features"": ""log2""}",shared_Baseline_vs_Stress_pooled,none,acc_only,random_forest
17,0.6313725490196078,0.6507936507936508,0.6310945579906426,0.7686021400306093,"{""n_estimators"": 200, ""max_depth"": 9, ""min_samples_leaf"": 8, ""max_features"": ""log2""}",shared_Baseline_vs_Stress_pooled,none,acc_only,random_forest
18,0.7992125984251969,0.7802031762360959,0.7860505062183097,0.7489682785344339,"{""n_estimators"": 600, ""max_depth"": 11, ""min_samples_leaf"": 5, ""max_features"": ""log2""}",shared_Baseline_vs_Stress_pooled,none,acc_only,random_forest
19,0.8102766798418972,0.8012129380053907,0.8034951456310679,0.7080474189118497,"{""n_estimators"": 500, ""max_depth"": 13, ""min_samples_leaf"": 1, ""max_features"": 0.5}",shared_Baseline_vs_Stress_pooled,none,acc_only,random_forest
0,0.8366533864541833,0.8324175824175823,0.831948005290919,0.7583173527452226,"{""layers"": ""64-32"", ""alpha"": 0.0003463687579284789, ""learning_rate_init"": 0.008344299391984646}",shared_Baseline_vs_Stress_pooled,none,acc_only,mlp
1,0.8306451612903226,0.8240540540540541,0.8240540540540541,0.7421253967431115,"{""layers"": ""128-64"", ""alpha"": 1.18104924906602e-05, ""learning_rate_init"": 0.00175111618411561}",shared_Baseline_vs_Stress_pooled,none,acc_only,mlp
2,0.796875,0.7922985708044685,0.7922985708044685,0.7211279064850494,"{""layers"": ""64"", ""alpha"": 0.009059295929604047, ""learning_rate_init"": 0.007165750711558391}",shared_Baseline_vs_Stress_pooled,none,acc_only,mlp
3,0.7606177606177607,0.761012812690665,0.7575785024154589,0.7451333704291154,"{""layers"": ""32"", ""alpha"": 0.0006851551441903428, ""learning_rate_init"": 0.00640696024073407}",shared_Baseline_vs_Stress_pooled,none,acc_only,mlp
4,0.803030303030303,0.7967318354245696,0.7984022556390977,0.7483890420468916,"{""layers"": ""64-32"", ""alpha"": 0.0002407596381154782, ""learning_rate_init"": 0.0065610987276050045}",shared_Baseline_vs_Stress_pooled,none,acc_only,mlp
5,0.7644787644787645,0.7635135135135136,0.761275894894305,0.7820221703104971,"{""layers"": ""128-64"", ""alpha"": 0.07821571010233876, ""learning_rate_init"": 0.005103973904782772}",shared_Baseline_vs_Stress_pooled,none,acc_only,mlp
6,0.7125506072874493,0.7153401360544218,0.708246685188574,0.7753476826862346,"{""layers"": ""128-64"", ""alpha"": 0.0993655016400517, ""learning_rate_init"": 0.0032698455756669954}",shared_Baseline_vs_Stress_pooled,none,acc_only,mlp
7,0.5637065637065637,0.5993898718730933,0.5541082011670246,0.7970771674542524,"{""layers"": ""128-64"", ""alpha"": 1.5458483479883028e-05, ""learning_rate_init"": 0.0043587283646512286}",shared_Baseline_vs_Stress_pooled,none,acc_only,mlp
8,0.8156862745098039,0.8166203586764335,0.8127373009796721,0.7243086680107295,"{""layers"": ""64-32"", ""alpha"": 2.490929546342466e-05, ""learning_rate_init"": 0.0025825820469672378}",shared_Baseline_vs_Stress_pooled,none,acc_only,mlp
9,0.7624521072796935,0.7347747747747748,0.7398057627990737,0.790245356039691,"{""layers"": ""64-32"", ""alpha"": 7.781263596088906e-05, ""learning_rate_init"": 0.008638126559831613}",shared_Baseline_vs_Stress_pooled,none,acc_only,mlp
10,0.8521400778210116,0.8478816199376946,0.8478816199376946,0.7715644877885968,"{""layers"": ""128-64"", ""alpha"": 0.003662044189871394, ""learning_rate_init"": 0.008863195862468223}",shared_Baseline_vs_Stress_pooled,none,acc_only,mlp
11,0.8505747126436781,0.8436301534036433,0.8462038226184181,0.7293054178401253,"{""layers"": ""64-32"", ""alpha"": 0.00011517613638701863, ""learning_rate_init"": 0.0021079237224914805}",shared_Baseline_vs_Stress_pooled,none,acc_only,mlp
12,0.7707509881422925,0.7487129987129988,0.7545497122976048,0.7686070651284309,"{""layers"": ""64"", ""alpha"": 0.0003019930380272075, ""learning_rate_init"": 0.0035676015401601723}",shared_Baseline_vs_Stress_pooled,none,acc_only,mlp
13,0.8156862745098039,0.8076190476190477,0.8089156741761132,0.7744430786823643,"{""layers"": ""64-32"", ""alpha"": 1.9523701285851644e-05, ""learning_rate_init"": 0.00835197504840533}",shared_Baseline_vs_Stress_pooled,none,acc_only,mlp
14,0.82421875,0.8186978611302766,0.8191153610626972,0.7499769459036217,"{""layers"": ""128-64"", ""alpha"": 0.0075547901976328, ""learning_rate_init"": 0.002238470759828241}",shared_Baseline_vs_Stress_pooled,none,acc_only,mlp
15,0.77431906614786,0.7735210042257021,0.7705357142857143,0.7213197744200975,"{""layers"": ""64"", ""alpha"": 0.00313691753648509, ""learning_rate_init"": 0.008675088043836576}",shared_Baseline_vs_Stress_pooled,none,acc_only,mlp
16,0.7888446215139442,0.7770384866275277,0.7801193368704649,0.7085905613936747,"{""layers"": ""64"", ""alpha"": 0.01216683970856545, ""learning_rate_init"": 0.004288294989323937}",shared_Baseline_vs_Stress_pooled,none,acc_only,mlp
17,0.6,0.628495842781557,0.5967191763830315,0.8064340613986714,"{""layers"": ""128-64"", ""alpha"": 2.0813761868450792e-05, ""learning_rate_init"": 0.005348237256447644}",shared_Baseline_vs_Stress_pooled,none,acc_only,mlp
18,0.8031496062992126,0.777341991898669,0.7859502460729455,0.7902013288458637,"{""layers"": ""64-32"", ""alpha"": 1.541812126142343e-05, ""learning_rate_init"": 0.005409293162188133}",shared_Baseline_vs_Stress_pooled,none,acc_only,mlp
19,0.7786561264822134,0.781895777178796,0.7761061946902654,0.7330211619063768,"{""layers"": ""64-32"", ""alpha"": 0.0005683034964417118, ""learning_rate_init"": 0.006307584962622656}",shared_Baseline_vs_Stress_pooled,none,acc_only,mlp
0,0.6334519572953736,0.5248436186997307,0.519006601037851,0.6441970110534654,"{""n_estimators"": 400, ""max_depth"": 5, ""learning_rate"": 0.16758534926915414, ""subsample"": 0.879175185633404, ""colsample_bytree"": 0.8199018784289319, ""min_child_weight"": 10, ""gamma"": 0.15443565134295908, ""reg_lambda"": 0.03120400732274426}",within_WESAD,none,all_modalities,xgboost
1,0.7653429602888087,0.7129493237245949,0.6898321360282654,0.5987200674354959,"{""n_estimators"": 250, ""max_depth"": 2, ""learning_rate"": 0.019108175279247564, ""subsample"": 0.8884366629827792, ""colsample_bytree"": 0.5924971393353601, ""min_child_weight"": 1, ""gamma"": 4.606445874986428, ""reg_lambda"": 0.017571233757900487}",within_WESAD,none,all_modalities,xgboost
2,0.6702898550724637,0.5858025506517792,0.587783502027688,0.5877765529715623,"{""n_estimators"": 300, ""max_depth"": 3, ""learning_rate"": 0.02305401966101514, ""subsample"": 0.9956391979672284, ""colsample_bytree"": 0.5963496309284476, ""min_child_weight"": 10, ""gamma"": 3.8071723190423024, ""reg_lambda"": 0.01438657986274931}",within_WESAD,none,all_modalities,xgboost
3,0.658273381294964,0.5842680119781889,0.5966515250803778,0.5771280333405066,"{""n_estimators"": 450, ""max_depth"": 6, ""learning_rate"": 0.013633465316538324, ""subsample"": 0.6804432192480737, ""colsample_bytree"": 0.5099568909575782, ""min_child_weight"": 9, ""gamma"": 4.54265807221641, ""reg_lambda"": 0.05820556825470497}",within_WESAD,none,all_modalities,xgboost
4,0.725,0.659688995215311,0.6244322455571549,0.6056225178296898,"{""n_estimators"": 500, ""max_depth"": 6, ""learning_rate"": 0.05883953459216822, ""subsample"": 0.6618217863472868, ""colsample_bytree"": 0.7936292758035705, ""min_child_weight"": 1, ""gamma"": 4.461477753539948, ""reg_lambda"": 9.842567748003368}",within_WESAD,none,all_modalities,xgboost
5,0.6389891696750902,0.5653302626161907,0.5778561184261793,0.6234809288333082,"{""n_estimators"": 200, ""max_depth"": 3, ""learning_rate"": 0.08002611040193644, ""subsample"": 0.6470703324775756, ""colsample_bytree"": 0.9425838979320631, ""min_child_weight"": 5, ""gamma"": 1.7476711092559158, ""reg_lambda"": 0.154348585932089}",within_WESAD,none,all_modalities,xgboost
6,0.6330935251798561,0.640014446670853,0.6003492574970003,0.5993637638864028,"{""n_estimators"": 500, ""max_depth"": 3, ""learning_rate"": 0.023740298973222437, ""subsample"": 0.9596047064650586, ""colsample_bytree"": 0.5504558932584649, ""min_child_weight"": 3, ""gamma"": 4.684630243847234, ""reg_lambda"": 8.212965328000665}",within_WESAD,none,all_modalities,xgboost
7,0.6583629893238434,0.5700686375028481,0.573648561057817,0.639786061773803,"{""n_estimators"": 300, ""max_depth"": 7, ""learning_rate"": 0.25943087079689764, ""subsample"": 0.9192872775031409, ""colsample_bytree"": 0.5799591789080324, ""min_child_weight"": 2, ""gamma"": 2.6395104527617743, ""reg_lambda"": 0.016126467912193822}",within_WESAD,none,all_modalities,xgboost
8,0.6690647482014388,0.628956157406126,0.6191648913859331,0.5977927286249202,"{""n_estimators"": 150, ""max_depth"": 4, ""learning_rate"": 0.06539659255818621, ""subsample"": 0.9814371983429061, ""colsample_bytree"": 0.7036469604999153, ""min_child_weight"": 10, ""gamma"": 3.202843748821475, ""reg_lambda"": 0.08817333901415772}",within_WESAD,none,all_modalities,xgboost
9,0.6521739130434783,0.5834303167489787,0.5678297932622288,0.5603447200959853,"{""n_estimators"": 500, ""max_depth"": 7, ""learning_rate"": 0.2640301900690472, ""subsample"": 0.6183118690931133, ""colsample_bytree"": 0.7278608087737365, ""min_child_weight"": 10, ""gamma"": 3.9350803539701653, ""reg_lambda"": 1.6059993569533166}",within_WESAD,none,all_modalities,xgboost
10,0.7870036101083032,0.6739305840405803,0.6585148720270091,0.5742148854656289,"{""n_estimators"": 600, ""max_depth"": 5, ""learning_rate"": 0.21612235905066102, ""subsample"": 0.7574584685296157, ""colsample_bytree"": 0.8183577480213431, ""min_child_weight"": 8, ""gamma"": 3.805231380640383, ""reg_lambda"": 1.0124152959350328}",within_WESAD,none,all_modalities,xgboost
11,0.6334519572953736,0.5620692355889725,0.5150705048393567,0.6175662512601618,"{""n_estimators"": 150, ""max_depth"": 2, ""learning_rate"": 0.013703874180236084, ""subsample"": 0.7214571944373174, ""colsample_bytree"": 0.7271887228095457, ""min_child_weight"": 8, ""gamma"": 2.9971490438837165, ""reg_lambda"": 0.053900458012036634}",within_WESAD,none,all_modalities,xgboost
12,0.6134751773049646,0.5256142979827191,0.5252153891859774,0.5932920729020503,"{""n_estimators"": 300, ""max_depth"": 4, ""learning_rate"": 0.1509403846547762, ""subsample"": 0.7780803302241308, ""colsample_bytree"": 0.9682159214691617, ""min_child_weight"": 2, ""gamma"": 1.2888274670260906, ""reg_lambda"": 0.1602421055475447}",within_WESAD,none,all_modalities,xgboost
13,0.6917562724014337,0.5916935535652691,0.5655215816165176,0.6185326948788799,"{""n_estimators"": 200, ""max_depth"": 5, ""learning_rate"": 0.016398723345246106, ""subsample"": 0.8217120591801508, ""colsample_bytree"": 0.5242131281925849, ""min_child_weight"": 2, ""gamma"": 0.6804215332014857, ""reg_lambda"": 1.324667574505526}",within_WESAD,none,all_modalities,xgboost
14,0.7644927536231884,0.6446916930721966,0.6358503987592286,0.6057704391623551,"{""n_estimators"": 400, ""max_depth"": 6, ""learning_rate"": 0.11185427978677284, ""subsample"": 0.6712105209010988, ""colsample_bytree"": 0.7260058830236008, ""min_child_weight"": 6, ""gamma"": 0.4076806637596198, ""reg_lambda"": 0.6868295393129557}",within_WESAD,none,all_modalities,xgboost
15,0.6408450704225352,0.528358038923632,0.5416887458376674,0.587387341829035,"{""n_estimators"": 500, ""max_depth"": 3, ""learning_rate"": 0.024777261089920937, ""subsample"": 0.740899438657622, ""colsample_bytree"": 0.6319357572368225, ""min_child_weight"": 3, ""gamma"": 1.2745300797108037, ""reg_lambda"": 0.03157674451474252}",within_WESAD,none,all_modalities,xgboost
16,0.7067137809187279,0.6122977899293689,0.5932728668437279,0.6089373310014524,"{""n_estimators"": 100, ""max_depth"": 4, ""learning_rate"": 0.02220022518541811, ""subsample"": 0.6652435172145829, ""colsample_bytree"": 0.6100785535906353, ""min_child_weight"": 1, ""gamma"": 0.7804417816317248, ""reg_lambda"": 0.026958290595372397}",within_WESAD,none,all_modalities,xgboost
17,0.6702508960573477,0.5858531586407693,0.5888207404578938,0.5965204143079439,"{""n_estimators"": 550, ""max_depth"": 2, ""learning_rate"": 0.021754641212490884, ""subsample"": 0.8527496929425425, ""colsample_bytree"": 0.8984922391371803, ""min_child_weight"": 8, ""gamma"": 3.85362225435524, ""reg_lambda"": 0.012158480555743928}",within_WESAD,none,all_modalities,xgboost
18,0.6690909090909091,0.6100378787878789,0.5942761713631759,0.5395132463500372,"{""n_estimators"": 500, ""max_depth"": 5, ""learning_rate"": 0.15745781796040081, ""subsample"": 0.6492296940794813, ""colsample_bytree"": 0.922651868613697, ""min_child_weight"": 10, ""gamma"": 3.607382503468537, ""reg_lambda"": 5.8677328454377085}",within_WESAD,none,all_modalities,xgboost
19,0.6798561151079137,0.6107028903627041,0.6063227963411459,0.5779939764011518,"{""n_estimators"": 150, ""max_depth"": 7, ""learning_rate"": 0.015780956232446942, ""subsample"": 0.6501934792697864, ""colsample_bytree"": 0.9696405723713808, ""min_child_weight"": 1, ""gamma"": 4.667365816627141, ""reg_lambda"": 0.04434664882466331}",within_WESAD,none,all_modalities,xgboost
0,0.6441281138790036,0.5426415041758844,0.546481625426437,0.6374679552014875,"{""n_estimators"": 400, ""max_depth"": 5, ""min_samples_leaf"": 5, ""max_features"": ""sqrt""}",within_WESAD,none,all_modalities,random_forest
1,0.6642599277978339,0.6077244305198313,0.5597163378956908,0.6042634000239124,"{""n_estimators"": 200, ""max_depth"": 9, ""min_samples_leaf"": 10, ""max_features"": ""log2""}",within_WESAD,none,all_modalities,random_forest
2,0.6413043478260869,0.5381432791145274,0.5381180936821783,0.600079504142161,"{""n_estimators"": 600, ""max_depth"": 15, ""min_samples_leaf"": 4, ""max_features"": ""sqrt""}",within_WESAD,none,all_modalities,random_forest
3,0.6510791366906474,0.5774962009475284,0.5838508160392292,0.6029096259950986,"{""n_estimators"": 400, ""max_depth"": 6, ""min_samples_leaf"": 1, ""max_features"": ""log2""}",within_WESAD,none,all_modalities,random_forest
4,0.5214285714285715,0.5144371345029239,0.4078149001536098,0.5926271686913375,"{""n_estimators"": 200, ""max_depth"": 3, ""min_samples_leaf"": 9, ""max_features"": ""log2""}",within_WESAD,none,all_modalities,random_forest
5,0.6642599277978339,0.5630152327210785,0.5645087456869866,0.6101132934950732,"{""n_estimators"": 500, ""max_depth"": 6, ""min_samples_leaf"": 9, ""max_features"": ""log2""}",within_WESAD,none,all_modalities,random_forest
6,0.6546762589928058,0.6010006623704199,0.5605103657654876,0.6150506341754394,"{""n_estimators"": 600, ""max_depth"": 15, ""min_samples_leaf"": 1, ""max_features"": ""log2""}",within_WESAD,none,all_modalities,random_forest
7,0.6441281138790036,0.5471437827523353,0.5415621392668539,0.6337412698041701,"{""n_estimators"": 200, ""max_depth"": 10, ""min_samples_leaf"": 1, ""max_features"": ""log2""}",within_WESAD,none,all_modalities,random_forest
8,0.5755395683453237,0.533710335641464,0.521552759656208,0.587519731974503,"{""n_estimators"": 200, ""max_depth"": 6, ""min_samples_leaf"": 6, ""max_features"": ""log2""}",within_WESAD,none,all_modalities,random_forest
9,0.7137681159420289,0.5976903085177733,0.5993933172483727,0.5518992382985585,"{""n_estimators"": 300, ""max_depth"": 20, ""min_samples_leaf"": 7, ""max_features"": ""sqrt""}",within_WESAD,none,all_modalities,random_forest
10,0.7328519855595668,0.6408731620077126,0.6340141934758247,0.5682487549979908,"{""n_estimators"": 300, ""max_depth"": 16, ""min_samples_leaf"": 8, ""max_features"": 0.5}",within_WESAD,none,all_modalities,random_forest
11,0.6476868327402135,0.5509124373433584,0.514328231292517,0.6209002234384012,"{""n_estimators"": 300, ""max_depth"": 16, ""min_samples_leaf"": 1, ""max_features"": ""sqrt""}",within_WESAD,none,all_modalities,random_forest
12,0.6205673758865248,0.536786897313213,0.5265022320299951,0.6175038795643099,"{""n_estimators"": 200, ""max_depth"": 13, ""min_samples_leaf"": 5, ""max_features"": 0.5}",within_WESAD,none,all_modalities,random_forest
13,0.43727598566308246,0.4339743575685203,0.3867564853328106,0.6078715128956497,"{""n_estimators"": 400, ""max_depth"": 3, ""min_samples_leaf"": 5, ""max_features"": 0.5}",within_WESAD,none,all_modalities,random_forest
14,0.7463768115942029,0.6239742430292058,0.6203274432302566,0.6164694959615473,"{""n_estimators"": 600, ""max_depth"": 14, ""min_samples_leaf"": 2, ""max_features"": ""sqrt""}",within_WESAD,none,all_modalities,random_forest
15,0.6725352112676056,0.5686405634166829,0.5617041172890513,0.6003641792150697,"{""n_estimators"": 200, ""max_depth"": 8, ""min_samples_leaf"": 4, ""max_features"": ""sqrt""}",within_WESAD,none,all_modalities,random_forest
16,0.7031802120141343,0.6063169286853497,0.5664468041768655,0.6087107818967449,"{""n_estimators"": 400, ""max_depth"": 15, ""min_samples_leaf"": 1, ""max_features"": ""log2""}",within_WESAD,none,all_modalities,random_forest
17,0.7168458781362007,0.6126897929995275,0.6014932791519038,0.6152873744099167,"{""n_estimators"": 300, ""max_depth"": 19, ""min_samples_leaf"": 1, ""max_features"": ""log2""}",within_WESAD,none,all_modalities,random_forest
18,0.6327272727272727,0.5737959956709956,0.542148714539007,0.5624730917035814,"{""n_estimators"": 600, ""max_depth"": 3, ""min_samples_leaf"": 4, ""max_features"": ""sqrt""}",within_WESAD,none,all_modalities,random_forest
19,0.6870503597122302,0.6093076051617623,0.6220609091326438,0.5600503796567536,"{""n_estimators"": 200, ""max_depth"": 9, ""min_samples_leaf"": 2, ""max_features"": 0.5}",within_WESAD,none,all_modalities,random_forest
0,0.6263345195729537,0.5147565425048448,0.5084079192959243,0.671564498652731,"{""layers"": ""128-64"", ""alpha"": 3.5807955145631774e-05, ""learning_rate_init"": 0.001015518813872778}",within_WESAD,none,all_modalities,mlp
1,0.6750902527075813,0.6368988400772022,0.6328434247919175,0.5572422991177461,"{""layers"": ""64-32"", ""alpha"": 0.0022990020679981523, ""learning_rate_init"": 0.0007725059236791382}",within_WESAD,none,all_modalities,mlp
2,0.7282608695652174,0.6236125594251472,0.6284788852989068,0.5626455255356185,"{""layers"": ""128-64"", ""alpha"": 0.0006230916539909925, ""learning_rate_init"": 0.0004463547183783297}",within_WESAD,none,all_modalities,mlp
3,0.7302158273381295,0.6329238178242603,0.6427819625488258,0.558171953389128,"{""layers"": ""64"", ""alpha"": 0.004652801049762858, ""learning_rate_init"": 0.0010134331948435727}",within_WESAD,none,all_modalities,mlp
4,0.725,0.6583961378234459,0.6407493200217829,0.6063314543774706,"{""layers"": ""128-64"", ""alpha"": 0.01276161052236229, ""learning_rate_init"": 0.0005828215560411058}",within_WESAD,none,all_modalities,mlp
5,0.7111913357400722,0.5902107199377548,0.5835921657640216,0.5884285169462231,"{""layers"": ""64"", ""alpha"": 0.08637875726771099, ""learning_rate_init"": 0.0005036575937048434}",within_WESAD,none,all_modalities,mlp
6,0.7338129496402878,0.6096911510532134,0.5785765141975759,0.5749899873852719,"{""layers"": ""32"", ""alpha"": 0.00023634744746460135, ""learning_rate_init"": 0.0011700600315149902}",within_WESAD,none,all_modalities,mlp
7,0.6690391459074733,0.5322135238664844,0.5113789129619671,0.5821358528202639,"{""layers"": ""64"", ""alpha"": 0.0009470046343812065, ""learning_rate_init"": 0.0002692179395597188}",within_WESAD,none,all_modalities,mlp
8,0.737410071942446,0.6270822756903758,0.6085887234951823,0.5684777266657648,"{""layers"": ""64-32"", ""alpha"": 0.0013163509063847494, ""learning_rate_init"": 0.0005453077319860308}",within_WESAD,none,all_modalities,mlp
9,0.6739130434782609,0.5710330162794952,0.5657442557442558,0.5463467004883519,"{""layers"": ""32"", ""alpha"": 0.005958947151994131, ""learning_rate_init"": 0.0011092047162344176}",within_WESAD,none,all_modalities,mlp
10,0.7364620938628159,0.6431527351289286,0.6589674679387598,0.59500648256636,"{""layers"": ""128-64"", ""alpha"": 0.09452679750177806, ""learning_rate_init"": 0.00056903425250955}",within_WESAD,none,all_modalities,mlp
11,0.6227758007117438,0.5434190946115288,0.49092636796253786,0.5947541519293035,"{""layers"": ""64"", ""alpha"": 0.08923754473622562, ""learning_rate_init"": 0.0007742207330724306}",within_WESAD,none,all_modalities,mlp
12,0.7056737588652482,0.6246687523003313,0.6075400811710927,0.5879787805384425,"{""layers"": ""64"", ""alpha"": 8.730343087540839e-05, ""learning_rate_init"": 0.002735408634644774}",within_WESAD,none,all_modalities,mlp
13,0.5017921146953405,0.4632015920991568,0.43100233994399473,0.6194356378031949,"{""layers"": ""64-32"", ""alpha"": 3.2313478843035265e-05, ""learning_rate_init"": 0.001967588512032253}",within_WESAD,none,all_modalities,mlp
14,0.5942028985507246,0.4499597043195216,0.4413451353629736,0.6052133280840459,"{""layers"": ""128-64"", ""alpha"": 0.0029881841208021257, ""learning_rate_init"": 0.0018506750539084484}",within_WESAD,none,all_modalities,mlp
15,0.7323943661971831,0.6058953353533086,0.5796869721878167,0.5613695477546303,"{""layers"": ""64"", ""alpha"": 1.4288860093226164e-05, ""learning_rate_init"": 0.0012243596751548161}",within_WESAD,none,all_modalities,mlp
16,0.6678445229681979,0.5883059922533607,0.5455816078925336,0.5556745217027018,"{""layers"": ""32"", ""alpha"": 0.0026239042932125743, ""learning_rate_init"": 0.0009642180983059757}",within_WESAD,none,all_modalities,mlp
17,0.7204301075268817,0.5942056468605141,0.5853621893153766,0.5102160379646007,"{""layers"": ""64"", ""alpha"": 0.022572455517887332, ""learning_rate_init"": 0.0019473589108407908}",within_WESAD,none,all_modalities,mlp
18,0.6472727272727272,0.5845508658008658,0.5957378190058306,0.5206055769808365,"{""layers"": ""128-64"", ""alpha"": 0.0006678030504064277, ""learning_rate_init"": 0.0003441103025279893}",within_WESAD,none,all_modalities,mlp
19,0.6223021582733813,0.5607186311908597,0.5700618655866057,0.6236054755717374,"{""layers"": ""128-64"", ""alpha"": 0.012865648217962555, ""learning_rate_init"": 0.0016446315075413494}",within_WESAD,none,all_modalities,mlp
0,0.5160142348754448,0.43968279998628046,0.44903377171474224,0.5756105107066556,"{""n_estimators"": 250, ""max_depth"": 5, ""learning_rate"": 0.12555102088600717, ""subsample"": 0.6544941532014292, ""colsample_bytree"": 0.9382903660392873, ""min_child_weight"": 7, ""gamma"": 0.03980199263680495, ""reg_lambda"": 0.01571532669418297}",within_WESAD,none,physiology_only,xgboost
1,0.516245487364621,0.45854730150816403,0.4276025666754144,0.5470082780241519,"{""n_estimators"": 600, ""max_depth"": 5, ""learning_rate"": 0.11158855146960864, ""subsample"": 0.608592786372659, ""colsample_bytree"": 0.8456572325124838, ""min_child_weight"": 10, ""gamma"": 0.4722472147285628, ""reg_lambda"": 0.9452315503296179}",within_WESAD,none,physiology_only,xgboost
2,0.5108695652173914,0.4546517064048621,0.45730428704566634,0.5157248466180998,"{""n_estimators"": 500, ""max_depth"": 5, ""learning_rate"": 0.18826598079074275, ""subsample"": 0.6553714522523115, ""colsample_bytree"": 0.8147116769135665, ""min_child_weight"": 1, ""gamma"": 2.962777948876521, ""reg_lambda"": 0.08103437019038189}",within_WESAD,none,physiology_only,xgboost
3,0.6474820143884892,0.6351507329936533,0.6217846670629776,0.49842523555212054,"{""n_estimators"": 450, ""max_depth"": 7, ""learning_rate"": 0.10822747204590251, ""subsample"": 0.8628392732740017, ""colsample_bytree"": 0.5382897019961902, ""min_child_weight"": 9, ""gamma"": 0.7440466834917012, ""reg_lambda"": 4.746772914340263}",within_WESAD,none,physiology_only,xgboost
4,0.5535714285714286,0.4964498849582974,0.4595438175270108,0.5618751588103943,"{""n_estimators"": 250, ""max_depth"": 7, ""learning_rate"": 0.2674976514570462, ""subsample"": 0.6346907879439231, ""colsample_bytree"": 0.9800783811056625, ""min_child_weight"": 9, ""gamma"": 1.1082034871830384, ""reg_lambda"": 0.5761861983787006}",within_WESAD,none,physiology_only,xgboost
5,0.4729241877256318,0.40052288118628643,0.4155765176884151,0.5677784404756753,"{""n_estimators"": 550, ""max_depth"": 4, ""learning_rate"": 0.04437802667670976, ""subsample"": 0.6092331709062648, ""colsample_bytree"": 0.6687056685703434, ""min_child_weight"": 7, ""gamma"": 0.396214830303751, ""reg_lambda"": 0.1441108563301303}",within_WESAD,none,physiology_only,xgboost
6,0.564748201438849,0.5476078045335452,0.5142327387817176,0.5435744012652912,"{""n_estimators"": 150, ""max_depth"": 3, ""learning_rate"": 0.2227836841818741, ""subsample"": 0.635045930071774, ""colsample_bytree"": 0.6328500355853696, ""min_child_weight"": 4, ""gamma"": 0.009471880830872026, ""reg_lambda"": 0.6645795195277469}",within_WESAD,none,physiology_only,xgboost
7,0.49466192170818507,0.4319588032581454,0.43520668472435653,0.5637000878924687,"{""n_estimators"": 200, ""max_depth"": 7, ""learning_rate"": 0.14828502842563704, ""subsample"": 0.6230494691601333, ""colsample_bytree"": 0.8652614060549016, ""min_child_weight"": 1, ""gamma"": 1.120659671854902, ""reg_lambda"": 0.14761533639820773}",within_WESAD,none,physiology_only,xgboost
8,0.49280575539568344,0.46832670094838497,0.45319483827226215,0.5719473361767189,"{""n_estimators"": 300, ""max_depth"": 6, ""learning_rate"": 0.06377975292685435, ""subsample"": 0.7185946709930939, ""colsample_bytree"": 0.6272890060144055, ""min_child_weight"": 5, ""gamma"": 0.010934454833994148, ""reg_lambda"": 0.029617754272277242}",within_WESAD,none,physiology_only,xgboost
9,0.5362318840579711,0.4580210429242119,0.4227728928953797,0.5002213845995295,"{""n_estimators"": 600, ""max_depth"": 6, ""learning_rate"": 0.12943870572233288, ""subsample"": 0.6714613753133667, ""colsample_bytree"": 0.9047343216189454, ""min_child_weight"": 10, ""gamma"": 1.0545251250692966, ""reg_lambda"": 2.2385855452767096}",within_WESAD,none,physiology_only,xgboost
10,0.6678700361010831,0.5482046408242969,0.5268000988503889,0.5240833697804413,"{""n_estimators"": 600, ""max_depth"": 3, ""learning_rate"": 0.03994545340340883, ""subsample"": 0.6068673536117104, ""colsample_bytree"": 0.8118836636294806, ""min_child_weight"": 9, ""gamma"": 0.3530717923153012, ""reg_lambda"": 3.102660897109077}",within_WESAD,none,physiology_only,xgboost
11,0.5231316725978647,0.5046049071542492,0.4703564737465215,0.5659302030892045,"{""n_estimators"": 400, ""max_depth"": 2, ""learning_rate"": 0.015742266127920533, ""subsample"": 0.9447774343901179, ""colsample_bytree"": 0.6033954256530896, ""min_child_weight"": 1, ""gamma"": 1.8094772922386955, ""reg_lambda"": 0.014869848785886434}",within_WESAD,none,physiology_only,xgboost
12,0.5212765957446809,0.4857962213225371,0.4772932557205941,0.5204253449132931,"{""n_estimators"": 350, ""max_depth"": 5, ""learning_rate"": 0.05306577688079616, ""subsample"": 0.9243499664729672, ""colsample_bytree"": 0.6700880435919259, ""min_child_weight"": 8, ""gamma"": 0.6963895610298623, ""reg_lambda"": 1.6141234617819364}",within_WESAD,none,physiology_only,xgboost
13,0.5161290322580645,0.4895436860472866,0.44016713623455195,0.5519575241922957,"{""n_estimators"": 200, ""max_depth"": 3, ""learning_rate"": 0.036799990630768935, ""subsample"": 0.9039675531596495, ""colsample_bytree"": 0.712262792974219, ""min_child_weight"": 2, ""gamma"": 0.7190297988030323, ""reg_lambda"": 0.18160180031939022}",within_WESAD,none,physiology_only,xgboost
14,0.7137681159420289,0.6318827624559873,0.656578947368421,0.566730588106392,"{""n_estimators"": 450, ""max_depth"": 5, ""learning_rate"": 0.09048479504173937, ""subsample"": 0.6612676047637577, ""colsample_bytree"": 0.6623598812829288, ""min_child_weight"": 9, ""gamma"": 1.0512177184531497, ""reg_lambda"": 0.18065069771132616}",within_WESAD,none,physiology_only,xgboost
15,0.40492957746478875,0.36979286751478424,0.40562266231773225,0.552896755482611,"{""n_estimators"": 450, ""max_depth"": 3, ""learning_rate"": 0.09154618598899217, ""subsample"": 0.9563098326074054, ""colsample_bytree"": 0.7459316941655864, ""min_child_weight"": 5, ""gamma"": 3.728851383001439, ""reg_lambda"": 0.21382050731255298}",within_WESAD,none,physiology_only,xgboost
16,0.6113074204946997,0.5423274094326727,0.530166260052408,0.5213686196820472,"{""n_estimators"": 450, ""max_depth"": 7, ""learning_rate"": 0.010257055282207795, ""subsample"": 0.9661894374891468, ""colsample_bytree"": 0.7224637184251488, ""min_child_weight"": 3, ""gamma"": 0.7977672803514271, ""reg_lambda"": 0.029582813992566466}",within_WESAD,none,physiology_only,xgboost
17,0.5161290322580645,0.5456403478527372,0.5199467937591997,0.528014872311344,"{""n_estimators"": 300, ""max_depth"": 3, ""learning_rate"": 0.055842947690244435, ""subsample"": 0.8786368932751085, ""colsample_bytree"": 0.9862200199391729, ""min_child_weight"": 8, ""gamma"": 1.08355586426805, ""reg_lambda"": 0.014001117227611371}",within_WESAD,none,physiology_only,xgboost
18,0.48363636363636364,0.4344832251082251,0.4160136285382706,0.4971917188249799,"{""n_estimators"": 450, ""max_depth"": 2, ""learning_rate"": 0.2943008340657638, ""subsample"": 0.6344254611170684, ""colsample_bytree"": 0.671994138681498, ""min_child_weight"": 9, ""gamma"": 3.472169989924417, ""reg_lambda"": 0.7295604970930827}",within_WESAD,none,physiology_only,xgboost
19,0.6258992805755396,0.5447565648042705,0.5362031333059574,0.49441454403294416,"{""n_estimators"": 600, ""max_depth"": 4, ""learning_rate"": 0.020112640046014554, ""subsample"": 0.8175240555213561, ""colsample_bytree"": 0.7096590421218122, ""min_child_weight"": 3, ""gamma"": 2.1471405717334218, ""reg_lambda"": 0.23557598430562066}",within_WESAD,none,physiology_only,xgboost
0,0.4697508896797153,0.40155266587779326,0.40438264000873175,0.5592039536922647,"{""n_estimators"": 600, ""max_depth"": 10, ""min_samples_leaf"": 10, ""max_features"": 0.5}",within_WESAD,none,physiology_only,random_forest
1,0.4729241877256318,0.44637708255432296,0.38456321739214383,0.5299434990760842,"{""n_estimators"": 600, ""max_depth"": 20, ""min_samples_leaf"": 9, ""max_features"": ""log2""}",within_WESAD,none,physiology_only,random_forest
2,0.5217391304347826,0.4719035931343084,0.4518235328062785,0.5106211896302084,"{""n_estimators"": 300, ""max_depth"": 11, ""min_samples_leaf"": 5, ""max_features"": ""sqrt""}",within_WESAD,none,physiology_only,random_forest
3,0.6294964028776978,0.5701310673102709,0.5325554515091744,0.4887469705437919,"{""n_estimators"": 600, ""max_depth"": 13, ""min_samples_leaf"": 1, ""max_features"": ""log2""}",within_WESAD,none,physiology_only,random_forest
4,0.5321428571428571,0.4967105263157895,0.4255319789859263,0.5454208718205409,"{""n_estimators"": 600, ""max_depth"": 13, ""min_samples_leaf"": 9, ""max_features"": ""log2""}",within_WESAD,none,physiology_only,random_forest
5,0.48014440433212996,0.3973378619801404,0.3853579000408811,0.5452476613424108,"{""n_estimators"": 300, ""max_depth"": 7, ""min_samples_leaf"": 10, ""max_features"": ""sqrt""}",within_WESAD,none,physiology_only,random_forest
6,0.5935251798561151,0.5605684448508611,0.5216278608061684,0.5142370952899603,"{""n_estimators"": 500, ""max_depth"": 12, ""min_samples_leaf"": 2, ""max_features"": ""sqrt""}",within_WESAD,none,physiology_only,random_forest
7,0.5088967971530249,0.4528019266917293,0.42178035379254886,0.5571844242201026,"{""n_estimators"": 600, ""max_depth"": 9, ""min_samples_leaf"": 2, ""max_features"": ""log2""}",within_WESAD,none,physiology_only,random_forest
8,0.4892086330935252,0.4587107025077369,0.43301204673447613,0.5397239253505729,"{""n_estimators"": 300, ""max_depth"": 18, ""min_samples_leaf"": 3, ""max_features"": ""sqrt""}",within_WESAD,none,physiology_only,random_forest
9,0.5434782608695652,0.4624853286384977,0.45845800813821624,0.4973548452134009,"{""n_estimators"": 500, ""max_depth"": 11, ""min_samples_leaf"": 3, ""max_features"": 0.5}",within_WESAD,none,physiology_only,random_forest
10,0.6678700361010831,0.5579936848228011,0.5252549727389791,0.49422847938623865,"{""n_estimators"": 200, ""max_depth"": 20, ""min_samples_leaf"": 10, ""max_features"": ""log2""}",within_WESAD,none,physiology_only,random_forest
11,0.5373665480427047,0.4735183128275234,0.4455888605442177,0.5796019578130874,"{""n_estimators"": 200, ""max_depth"": 11, ""min_samples_leaf"": 7, ""max_features"": 0.5}",within_WESAD,none,physiology_only,random_forest
12,0.6347517730496454,0.570724012829276,0.5333382253358427,0.4962098856701019,"{""n_estimators"": 400, ""max_depth"": 13, ""min_samples_leaf"": 2, ""max_features"": ""sqrt""}",within_WESAD,none,physiology_only,random_forest
13,0.6272401433691757,0.557745044214891,0.5362451317108442,0.5186594350792127,"{""n_estimators"": 200, ""max_depth"": 16, ""min_samples_leaf"": 3, ""max_features"": ""log2""}",within_WESAD,none,physiology_only,random_forest
14,0.6811594202898551,0.5602388894639775,0.5475027828616429,0.5422650269506448,"{""n_estimators"": 300, ""max_depth"": 8, ""min_samples_leaf"": 5, ""max_features"": ""sqrt""}",within_WESAD,none,physiology_only,random_forest
15,0.47183098591549294,0.4210797516178506,0.4060107630036306,0.5283875547338966,"{""n_estimators"": 200, ""max_depth"": 12, ""min_samples_leaf"": 3, ""max_features"": ""sqrt""}",within_WESAD,none,physiology_only,random_forest
16,0.5795053003533569,0.5104807473228525,0.4858235106721886,0.5068958963710992,"{""n_estimators"": 200, ""max_depth"": 6, ""min_samples_leaf"": 4, ""max_features"": ""sqrt""}",within_WESAD,none,physiology_only,random_forest
17,0.5913978494623656,0.557771456665262,0.5081443791981676,0.5122882018406006,"{""n_estimators"": 500, ""max_depth"": 15, ""min_samples_leaf"": 1, ""max_features"": 0.5}",within_WESAD,none,physiology_only,random_forest
18,0.5381818181818182,0.44821428571428573,0.43965719612559495,0.4593091597926044,"{""n_estimators"": 500, ""max_depth"": 3, ""min_samples_leaf"": 8, ""max_features"": 0.5}",within_WESAD,none,physiology_only,random_forest
19,0.6366906474820144,0.557500243395859,0.5127260418337375,0.4528602447768278,"{""n_estimators"": 600, ""max_depth"": 3, ""min_samples_leaf"": 8, ""max_features"": ""sqrt""}",within_WESAD,none,physiology_only,random_forest
0,0.5658362989323843,0.4634326070552726,0.4306701960238108,0.5551221133527818,"{""layers"": ""64"", ""alpha"": 2.433929349985906e-05, ""learning_rate_init"": 0.0011354138802112206}",within_WESAD,none,physiology_only,mlp
1,0.6028880866425993,0.5260584153890897,0.4859690581337254,0.4915621836595481,"{""layers"": ""64-32"", ""alpha"": 0.02569120125440735, ""learning_rate_init"": 0.001984975071830469}",within_WESAD,none,physiology_only,mlp
2,0.5579710144927537,0.4213187904895478,0.38364693169348685,0.49496025778456604,"{""layers"": ""64"", ""alpha"": 0.0058026347185480285, ""learning_rate_init"": 0.0012533249486550067}",within_WESAD,none,physiology_only,mlp
3,0.6151079136690647,0.5343719272369715,0.4903959109906247,0.4640229765553379,"{""layers"": ""64-32"", ""alpha"": 0.00011837018831833698, ""learning_rate_init"": 0.0012006108243082791}",within_WESAD,none,physiology_only,mlp
4,0.525,0.43236206979196623,0.3770562770562771,0.5454260813155059,"{""layers"": ""64-32"", ""alpha"": 0.018845285415345712, ""learning_rate_init"": 0.0035609883473546418}",within_WESAD,none,physiology_only,mlp
5,0.5270758122743683,0.4242554077481785,0.4081138558411286,0.5565579286129756,"{""layers"": ""32"", ""alpha"": 6.586027379683907e-05, ""learning_rate_init"": 0.0020229707714011303}",within_WESAD,none,physiology_only,mlp
6,0.5035971223021583,0.4573831538048545,0.4830190818996789,0.5254836569342991,"{""layers"": ""128-64"", ""alpha"": 0.0004361784688932866, ""learning_rate_init"": 0.003803247304500467}",within_WESAD,none,physiology_only,mlp
7,0.4306049822064057,0.35329730576441104,0.364743357009089,0.5439907763531097,"{""layers"": ""128-64"", ""alpha"": 0.005790945110344249, ""learning_rate_init"": 0.0009732569529241837}",within_WESAD,none,physiology_only,mlp
8,0.5431654676258992,0.45788122870047177,0.4460357624831309,0.5158800064145539,"{""layers"": ""128-64"", ""alpha"": 0.056913547056578494, ""learning_rate_init"": 0.00043589269707901594}",within_WESAD,none,physiology_only,mlp
9,0.6014492753623188,0.4840228873239437,0.43075717676730213,0.49915811914532165,"{""layers"": ""64"", ""alpha"": 1.0138182479819832e-05, ""learning_rate_init"": 0.008296233451805067}",within_WESAD,none,physiology_only,mlp
10,0.6137184115523465,0.48505910091819354,0.4825496342737722,0.5074076037965808,"{""layers"": ""64-32"", ""alpha"": 1.29212375567163e-05, ""learning_rate_init"": 0.004963322419546422}",within_WESAD,none,physiology_only,mlp
11,0.6156583629893239,0.5390722901002507,0.4923516124375733,0.5091921930328805,"{""layers"": ""64-32"", ""alpha"": 0.00024049408209573112, ""learning_rate_init"": 0.0006313600110329424}",within_WESAD,none,physiology_only,mlp
12,0.6276595744680851,0.544144013880856,0.5100228138196441,0.49733983862843784,"{""layers"": ""64"", ""alpha"": 0.00013438258541005455, ""learning_rate_init"": 0.00534511382442087}",within_WESAD,none,physiology_only,mlp
13,0.5878136200716846,0.5116343938595892,0.4707666494579246,0.5090520839370741,"{""layers"": ""64-32"", ""alpha"": 0.014108079444014505, ""learning_rate_init"": 0.002994791071475465}",within_WESAD,none,physiology_only,mlp
14,0.6123188405797102,0.4746190507376039,0.47095841959972395,0.5312810068715039,"{""layers"": ""128-64"", ""alpha"": 0.0003598947882488114, ""learning_rate_init"": 0.000526329504718928}",within_WESAD,none,physiology_only,mlp
15,0.5070422535211268,0.39723936707440244,0.37775735294117646,0.5346110823630943,"{""layers"": ""64-32"", ""alpha"": 0.003861139482121433, ""learning_rate_init"": 0.000808579057290399}",within_WESAD,none,physiology_only,mlp
16,0.6113074204946997,0.5236215538847118,0.4990276118412319,0.5028920258781749,"{""layers"": ""64"", ""alpha"": 0.006954355310890575, ""learning_rate_init"": 0.0014842559691773945}",within_WESAD,none,physiology_only,mlp
17,0.6344086021505376,0.5394121365360304,0.52456906729634,0.49641341746925,"{""layers"": ""64"", ""alpha"": 4.798923563294515e-05, ""learning_rate_init"": 0.00746993234433806}",within_WESAD,none,physiology_only,mlp
18,0.56,0.450297619047619,0.4261356439328627,0.49089447089271027,"{""layers"": ""32"", ""alpha"": 0.001089760623699537, ""learning_rate_init"": 0.005435258776389543}",within_WESAD,none,physiology_only,mlp
19,0.60431654676259,0.5209431995196988,0.49291065830721004,0.4687681041673509,"{""layers"": ""32"", ""alpha"": 0.0013784184497703607, ""learning_rate_init"": 0.0021988606145938103}",within_WESAD,none,physiology_only,mlp
0,0.6263345195729537,0.5696786412512219,0.5793217089336616,0.62205763526243,"{""n_estimators"": 200, ""max_depth"": 2, ""learning_rate"": 0.02039811667490116, ""subsample"": 0.7455672608304714, ""colsample_bytree"": 0.9184599018700567, ""min_child_weight"": 1, ""gamma"": 3.5902936708556554, ""reg_lambda"": 4.36880287697749}",within_WESAD,none,acc_only,xgboost
1,0.6606498194945848,0.6033681102436556,0.5840881941802141,0.5871733395954802,"{""n_estimators"": 250, ""max_depth"": 2, ""learning_rate"": 0.014657928567188006, ""subsample"": 0.7790017053861743, ""colsample_bytree"": 0.5318681927145326, ""min_child_weight"": 1, ""gamma"": 2.003186002366818, ""reg_lambda"": 0.02426061302725265}",within_WESAD,none,acc_only,xgboost
2,0.5253623188405797,0.4709628847076252,0.4690506204227498,0.5459596398344712,"{""n_estimators"": 200, ""max_depth"": 7, ""learning_rate"": 0.02412457287087021, ""subsample"": 0.7368229227139729, ""colsample_bytree"": 0.7606732381803406, ""min_child_weight"": 9, ""gamma"": 4.908799382482315, ""reg_lambda"": 0.059473604700737634}",within_WESAD,none,acc_only,xgboost
3,0.6366906474820144,0.5428566639849826,0.5518887234452744,0.5242914753217219,"{""n_estimators"": 250, ""max_depth"": 8, ""learning_rate"": 0.01001489110384077, ""subsample"": 0.6508065430550943, ""colsample_bytree"": 0.5832858384443906, ""min_child_weight"": 10, ""gamma"": 1.419841335605952, ""reg_lambda"": 0.17315445106655747}",within_WESAD,none,acc_only,xgboost
4,0.6071428571428571,0.5682665198141902,0.5475516546446779,0.5253868687144408,"{""n_estimators"": 400, ""max_depth"": 3, ""learning_rate"": 0.011756265488381306, ""subsample"": 0.6216076638122182, ""colsample_bytree"": 0.6996538004692762, ""min_child_weight"": 9, ""gamma"": 4.580428668361929, ""reg_lambda"": 1.1997310144981512}",within_WESAD,none,acc_only,xgboost
5,0.6498194945848376,0.5795277025521323,0.593230433814147,0.5970059639965827,"{""n_estimators"": 100, ""max_depth"": 7, ""learning_rate"": 0.17874792159711134, ""subsample"": 0.9615079709464828, ""colsample_bytree"": 0.5601157276223578, ""min_child_weight"": 6, ""gamma"": 4.299367264081516, ""reg_lambda"": 1.0746236236981546}",within_WESAD,none,acc_only,xgboost
6,0.7122302158273381,0.6587110038437471,0.6575624620049921,0.5257483415875469,"{""n_estimators"": 450, ""max_depth"": 7, ""learning_rate"": 0.2136253597362819, ""subsample"": 0.888219005850586, ""colsample_bytree"": 0.90579036591562, ""min_child_weight"": 3, ""gamma"": 4.963571830234105, ""reg_lambda"": 0.22325455221498725}",within_WESAD,none,acc_only,xgboost
7,0.6334519572953736,0.5543046180792891,0.5568821904699768,0.5794670085803878,"{""n_estimators"": 300, ""max_depth"": 8, ""learning_rate"": 0.013522581293684114, ""subsample"": 0.761705447618275, ""colsample_bytree"": 0.6746644107312989, ""min_child_weight"": 10, ""gamma"": 1.535954191143604, ""reg_lambda"": 0.15621388009415174}",within_WESAD,none,acc_only,xgboost
8,0.6474820143884892,0.5973993422660472,0.6034965816075439,0.5220205686990437,"{""n_estimators"": 150, ""max_depth"": 2, ""learning_rate"": 0.010403470878499785, ""subsample"": 0.6910708414428026, ""colsample_bytree"": 0.5925934349172318, ""min_child_weight"": 6, ""gamma"": 2.3844905067413356, ""reg_lambda"": 0.6811770943526484}",within_WESAD,none,acc_only,xgboost
9,0.5869565217391305,0.5323726449606732,0.5390296448414448,0.5061184329155646,"{""n_estimators"": 550, ""max_depth"": 6, ""learning_rate"": 0.015805637955010596, ""subsample"": 0.9518442057910037, ""colsample_bytree"": 0.8048573457371244, ""min_child_weight"": 10, ""gamma"": 4.865275815475022, ""reg_lambda"": 0.01514418058357954}",within_WESAD,none,acc_only,xgboost
10,0.7364620938628159,0.6909093741855801,0.6875981562946508,0.5276554202555642,"{""n_estimators"": 150, ""max_depth"": 2, ""learning_rate"": 0.09189630463605514, ""subsample"": 0.6459949522389636, ""colsample_bytree"": 0.5669809097010102, ""min_child_weight"": 5, ""gamma"": 4.415138195292398, ""reg_lambda"": 0.4001814454325709}",within_WESAD,none,acc_only,xgboost
11,0.5622775800711743,0.507129329004329,0.4824164448388051,0.5508463008794072,"{""n_estimators"": 100, ""max_depth"": 2, ""learning_rate"": 0.02933005519631837, ""subsample"": 0.6631649226699747, ""colsample_bytree"": 0.8794897940802526, ""min_child_weight"": 9, ""gamma"": 1.723122454796087, ""reg_lambda"": 0.09044746319458893}",within_WESAD,none,acc_only,xgboost
12,0.5354609929078015,0.4964399635452267,0.5043690415234194,0.5853598400401483,"{""n_estimators"": 150, ""max_depth"": 5, ""learning_rate"": 0.04610308444808937, ""subsample"": 0.6267422075931928, ""colsample_bytree"": 0.8825734668155714, ""min_child_weight"": 10, ""gamma"": 0.6575323549420742, ""reg_lambda"": 0.08074482270874116}",within_WESAD,none,acc_only,xgboost
13,0.6236559139784946,0.5496877927571137,0.5169576014646438,0.5513043829987355,"{""n_estimators"": 600, ""max_depth"": 8, ""learning_rate"": 0.012239774016062091, ""subsample"": 0.7846962335816151, ""colsample_bytree"": 0.5293258276138885, ""min_child_weight"": 10, ""gamma"": 0.7719475013700616, ""reg_lambda"": 0.32031225126324464}",within_WESAD,none,acc_only,xgboost
14,0.7427536231884058,0.6806256518160008,0.6733248214876815,0.5310448550839094,"{""n_estimators"": 200, ""max_depth"": 7, ""learning_rate"": 0.017706323756394273, ""subsample"": 0.606486505474429, ""colsample_bytree"": 0.6406445446028772, ""min_child_weight"": 10, ""gamma"": 2.983013958429077, ""reg_lambda"": 5.221577684383311}",within_WESAD,none,acc_only,xgboost
15,0.6056338028169014,0.5057502133896478,0.5183737080518236,0.5880190749028547,"{""n_estimators"": 500, ""max_depth"": 6, ""learning_rate"": 0.018483701823584265, ""subsample"": 0.8654034247705882, ""colsample_bytree"": 0.8739451312931689, ""min_child_weight"": 8, ""gamma"": 4.515230146034133, ""reg_lambda"": 0.013439340174461625}",within_WESAD,none,acc_only,xgboost
16,0.5795053003533569,0.5129186602870813,0.49787667388187606,0.5623349601275994,"{""n_estimators"": 400, ""max_depth"": 2, ""learning_rate"": 0.010224951879513474, ""subsample"": 0.7556941865254614, ""colsample_bytree"": 0.9309020804451789, ""min_child_weight"": 1, ""gamma"": 2.6839872255623796, ""reg_lambda"": 3.0026690246835703}",within_WESAD,none,acc_only,xgboost
17,0.5842293906810035,0.5102536106960885,0.5088220646621134,0.5285344989069388,"{""n_estimators"": 250, ""max_depth"": 8, ""learning_rate"": 0.022699054970464722, ""subsample"": 0.6082680038064588, ""colsample_bytree"": 0.7983312585390407, ""min_child_weight"": 6, ""gamma"": 4.300958901194594, ""reg_lambda"": 0.2996869508024153}",within_WESAD,none,acc_only,xgboost
18,0.6581818181818182,0.590232683982684,0.5897062158124105,0.5419807684502245,"{""n_estimators"": 100, ""max_depth"": 5, ""learning_rate"": 0.024612177789168955, ""subsample"": 0.6331784926504103, ""colsample_bytree"": 0.5223489107742442, ""min_child_weight"": 1, ""gamma"": 4.643880063604824, ""reg_lambda"": 0.012634142022412427}",within_WESAD,none,acc_only,xgboost
19,0.42805755395683454,0.3940733538572589,0.4153353218142899,0.5711630325480218,"{""n_estimators"": 150, ""max_depth"": 8, ""learning_rate"": 0.019929636110163438, ""subsample"": 0.6410325214502349, ""colsample_bytree"": 0.7355211350179969, ""min_child_weight"": 1, ""gamma"": 2.581117966627697, ""reg_lambda"": 0.5089100745141871}",within_WESAD,none,acc_only,xgboost
0,0.608540925266904,0.5313705818799197,0.5455777185113158,0.5845086864315072,"{""n_estimators"": 600, ""max_depth"": 6, ""min_samples_leaf"": 9, ""max_features"": ""log2""}",within_WESAD,none,acc_only,random_forest
1,0.6425992779783394,0.6102975725093387,0.5879964252766761,0.5484728178768549,"{""n_estimators"": 400, ""max_depth"": 8, ""min_samples_leaf"": 7, ""max_features"": ""sqrt""}",within_WESAD,none,acc_only,random_forest
2,0.4782608695652174,0.4294576829201654,0.41830012386296767,0.5393962233263748,"{""n_estimators"": 300, ""max_depth"": 3, ""min_samples_leaf"": 7, ""max_features"": ""log2""}",within_WESAD,none,acc_only,random_forest
3,0.60431654676259,0.5075494994189684,0.5260155590620528,0.5445991329065443,"{""n_estimators"": 400, ""max_depth"": 15, ""min_samples_leaf"": 5, ""max_features"": ""sqrt""}",within_WESAD,none,acc_only,random_forest
4,0.6785714285714286,0.6238784523404886,0.595579133510168,0.5268945923491822,"{""n_estimators"": 600, ""max_depth"": 16, ""min_samples_leaf"": 1, ""max_features"": ""sqrt""}",within_WESAD,none,acc_only,random_forest
5,0.6642599277978339,0.5778897034661711,0.594978288633461,0.6019069081350951,"{""n_estimators"": 600, ""max_depth"": 20, ""min_samples_leaf"": 2, ""max_features"": ""sqrt""}",within_WESAD,none,acc_only,random_forest
6,0.6115107913669064,0.5441078736577005,0.546133241600734,0.5452330473368445,"{""n_estimators"": 400, ""max_depth"": 4, ""min_samples_leaf"": 9, ""max_features"": ""sqrt""}",within_WESAD,none,acc_only,random_forest
7,0.5800711743772242,0.49943306419457734,0.5077698561601001,0.5475341341774119,"{""n_estimators"": 300, ""max_depth"": 12, ""min_samples_leaf"": 7, ""max_features"": ""log2""}",within_WESAD,none,acc_only,random_forest
8,0.658273381294964,0.5957589856385941,0.6101813097992488,0.5272893799950307,"{""n_estimators"": 600, ""max_depth"": 5, ""min_samples_leaf"": 8, ""max_features"": ""sqrt""}",within_WESAD,none,acc_only,random_forest
9,0.5471014492753623,0.49381954606426437,0.49560214441689415,0.4976994678844034,"{""n_estimators"": 600, ""max_depth"": 3, ""min_samples_leaf"": 3, ""max_features"": ""log2""}",within_WESAD,none,acc_only,random_forest
10,0.7436823104693141,0.719869249015142,0.7052942688844763,0.5311416144657929,"{""n_estimators"": 300, ""max_depth"": 13, ""min_samples_leaf"": 10, ""max_features"": ""log2""}",within_WESAD,none,acc_only,random_forest
11,0.5622775800711743,0.5141862112668034,0.4866632828842131,0.5562580116559256,"{""n_estimators"": 500, ""max_depth"": 15, ""min_samples_leaf"": 8, ""max_features"": ""sqrt""}",within_WESAD,none,acc_only,random_forest
12,0.5283687943262412,0.4880448498869551,0.5017704906548404,0.6009562900596155,"{""n_estimators"": 300, ""max_depth"": 15, ""min_samples_leaf"": 5, ""max_features"": ""sqrt""}",within_WESAD,none,acc_only,random_forest
13,0.5949820788530465,0.49990501099661055,0.5030290254337295,0.5604523825693463,"{""n_estimators"": 500, ""max_depth"": 3, ""min_samples_leaf"": 6, ""max_features"": ""sqrt""}",within_WESAD,none,acc_only,random_forest
14,0.7210144927536232,0.6695142995731136,0.6683014930075044,0.5280808752935754,"{""n_estimators"": 200, ""max_depth"": 9, ""min_samples_leaf"": 8, ""max_features"": ""sqrt""}",within_WESAD,none,acc_only,random_forest
15,0.6197183098591549,0.5115475255302435,0.5123188405797101,0.568587198226595,"{""n_estimators"": 400, ""max_depth"": 10, ""min_samples_leaf"": 4, ""max_features"": ""sqrt""}",within_WESAD,none,acc_only,random_forest
16,0.6254416961130742,0.5427717019822282,0.5170972443031266,0.5309377924302249,"{""n_estimators"": 300, ""max_depth"": 17, ""min_samples_leaf"": 3, ""max_features"": ""log2""}",within_WESAD,none,acc_only,random_forest
17,0.5949820788530465,0.5040841410310437,0.4991432762054109,0.5269762420722355,"{""n_estimators"": 300, ""max_depth"": 14, ""min_samples_leaf"": 3, ""max_features"": ""sqrt""}",within_WESAD,none,acc_only,random_forest
18,0.6290909090909091,0.5520156926406926,0.559171734889071,0.5331308962680295,"{""n_estimators"": 300, ""max_depth"": 5, ""min_samples_leaf"": 9, ""max_features"": ""log2""}",within_WESAD,none,acc_only,random_forest
19,0.48201438848920863,0.4735292866682008,0.4746555228550728,0.5864395779594227,"{""n_estimators"": 300, ""max_depth"": 10, ""min_samples_leaf"": 1, ""max_features"": ""log2""}",within_WESAD,none,acc_only,random_forest
0,0.6548042704626335,0.5310436710054707,0.5082589210641375,0.6038175387716084,"{""layers"": ""64-32"", ""alpha"": 0.037934690524366294, ""learning_rate_init"": 0.0013975941847053281}",within_WESAD,none,acc_only,mlp
1,0.6714801444043321,0.6129231678620934,0.5781391037398695,0.564281988745846,"{""layers"": ""64"", ""alpha"": 0.00037028340725391804, ""learning_rate_init"": 0.008555878404316564}",within_WESAD,none,acc_only,mlp
2,0.5833333333333334,0.5096872286782875,0.48139263997472953,0.5074005433315439,"{""layers"": ""64-32"", ""alpha"": 0.004232801293653824, ""learning_rate_init"": 0.0003572197916992546}",within_WESAD,none,acc_only,mlp
3,0.6510791366906474,0.5083824975417895,0.5041611818048852,0.5277733688167722,"{""layers"": ""64"", ""alpha"": 0.00318211650831523, ""learning_rate_init"": 0.0030387099425069016}",within_WESAD,none,acc_only,mlp
4,0.6535714285714286,0.5701275045537341,0.5248148148148148,0.5693034138898944,"{""layers"": ""128-64"", ""alpha"": 0.005221169930846965, ""learning_rate_init"": 0.0007142419423090183}",within_WESAD,none,acc_only,mlp
5,0.6462093862815884,0.5341045063623899,0.5546123477854139,0.5618005624282539,"{""layers"": ""32"", ""alpha"": 0.0009749489506107366, ""learning_rate_init"": 0.009334267514577435}",within_WESAD,none,acc_only,mlp
6,0.6906474820143885,0.600489865399446,0.6025861279091075,0.5313776888228423,"{""layers"": ""64"", ""alpha"": 0.02381846026676384, ""learning_rate_init"": 0.0016984316281142546}",within_WESAD,none,acc_only,mlp
7,0.6476868327402135,0.5397996055479608,0.5424457336494661,0.5813845666329353,"{""layers"": ""32"", ""alpha"": 0.001091664261381032, ""learning_rate_init"": 0.009120760092562371}",within_WESAD,none,acc_only,mlp
8,0.6474820143884892,0.5291385626978176,0.5009064379200566,0.4922196405446428,"{""layers"": ""128-64"", ""alpha"": 5.0733496692755614e-05, ""learning_rate_init"": 0.0002889718342403719}",within_WESAD,none,acc_only,mlp
9,0.7355072463768116,0.6215806200841412,0.5998868747444459,0.5093285582402106,"{""layers"": ""64"", ""alpha"": 1.0013355443403054e-05, ""learning_rate_init"": 0.0041679385979614385}",within_WESAD,none,acc_only,mlp
10,0.6173285198555957,0.5196012222436254,0.5122757367409774,0.5722571369391757,"{""layers"": ""64"", ""alpha"": 0.002162635323496981, ""learning_rate_init"": 0.00437645826004641}",within_WESAD,none,acc_only,mlp
11,0.6548042704626335,0.5547070802005012,0.5220009562758143,0.546154417823401,"{""layers"": ""32"", ""alpha"": 0.0003968807115349946, ""learning_rate_init"": 0.005868584442022605}",within_WESAD,none,acc_only,mlp
12,0.5319148936170213,0.48401335506598664,0.48782910127747464,0.5655162686672507,"{""layers"": ""64"", ""alpha"": 0.0004004299099291033, ""learning_rate_init"": 0.009778591878098536}",within_WESAD,none,acc_only,mlp
13,0.6129032258064516,0.5409442811594086,0.5113539074166251,0.590567278146854,"{""layers"": ""64-32"", ""alpha"": 8.925564392746053e-05, ""learning_rate_init"": 0.001373316079752968}",within_WESAD,none,acc_only,mlp
14,0.7572463768115942,0.6607570549769567,0.6606967603799733,0.5584385117564565,"{""layers"": ""128-64"", ""alpha"": 0.06123137993881024, ""learning_rate_init"": 0.0037455483610244543}",within_WESAD,none,acc_only,mlp
15,0.6901408450704225,0.5622386189353982,0.5399330463892875,0.5580143306341548,"{""layers"": ""64"", ""alpha"": 0.0003756014169322772, ""learning_rate_init"": 0.008328882829664782}",within_WESAD,none,acc_only,mlp
16,0.6360424028268551,0.538049669628617,0.5102420511299016,0.5624155435140008,"{""layers"": ""128-64"", ""alpha"": 0.0004470044830177188, ""learning_rate_init"": 0.00041633046534061925}",within_WESAD,none,acc_only,mlp
17,0.6845878136200717,0.5539577187807276,0.5443407601131803,0.43605254596518134,"{""layers"": ""128-64"", ""alpha"": 0.00019039330926203622, ""learning_rate_init"": 0.0019010615313391774}",within_WESAD,none,acc_only,mlp
18,0.7454545454545455,0.6491883116883117,0.6407888046239563,0.5328478728335843,"{""layers"": ""64"", ""alpha"": 0.00011169163771367569, ""learning_rate_init"": 0.002927501349198394}",within_WESAD,none,acc_only,mlp
19,0.4748201438848921,0.4682304174509422,0.4608576602638918,0.5935560140590352,"{""layers"": ""64"", ""alpha"": 0.0012993903109098865, ""learning_rate_init"": 0.009880460276633876}",within_WESAD,none,acc_only,mlp
0,0.60790273556231,0.5093246753246753,0.4549516806722689,0.5385315955259902,"{""n_estimators"": 100, ""max_depth"": 6, ""learning_rate"": 0.18913692371667667, ""subsample"": 0.6027723753496005, ""colsample_bytree"": 0.9743762856957608, ""min_child_weight"": 3, ""gamma"": 4.449933212295467, ""reg_lambda"": 0.011909387487325562}",within_PhysioNet_stress_session,none,all_modalities,xgboost
1,0.6505576208178439,0.4954822954822955,0.46988882304694707,0.5259667555035116,"{""n_estimators"": 150, ""max_depth"": 3, ""learning_rate"": 0.010772816145000317, ""subsample"": 0.9944412866249241, ""colsample_bytree"": 0.6681198911595438, ""min_child_weight"": 3, ""gamma"": 3.7122023162747864, ""reg_lambda"": 0.01752620780370157}",within_PhysioNet_stress_session,none,all_modalities,xgboost
2,0.6765578635014837,0.5054509054509054,0.4802379395664269,0.48387899565876197,"{""n_estimators"": 500, ""max_depth"": 5, ""learning_rate"": 0.24434426366557943, ""subsample"": 0.6072780063598552, ""colsample_bytree"": 0.8440335817600368, ""min_child_weight"": 2, ""gamma"": 3.6120493560541718, ""reg_lambda"": 0.384493731238279}",within_PhysioNet_stress_session,none,all_modalities,xgboost
3,0.5763688760806917,0.44845577308263884,0.40673260874195943,0.5404734502805962,"{""n_estimators"": 550, ""max_depth"": 3, ""learning_rate"": 0.02983511904180069, ""subsample"": 0.637958904795788, ""colsample_bytree"": 0.9402085024434204, ""min_child_weight"": 10, ""gamma"": 4.803568506937157, ""reg_lambda"": 0.4674486321281766}",within_PhysioNet_stress_session,none,all_modalities,xgboost
4,0.6373937677053825,0.467103095920016,0.45157458625652097,0.5020555944360265,"{""n_estimators"": 200, ""max_depth"": 5, ""learning_rate"": 0.14165864369496045, ""subsample"": 0.6790740298401012, ""colsample_bytree"": 0.9314966177996111, ""min_child_weight"": 10, ""gamma"": 0.8192112070234936, ""reg_lambda"": 0.6194436878055187}",within_PhysioNet_stress_session,none,all_modalities,xgboost
5,0.6059782608695652,0.503921568627451,0.44628927762552156,0.5288777565939556,"{""n_estimators"": 300, ""max_depth"": 3, ""learning_rate"": 0.14943096656599741, ""subsample"": 0.7408379743065474, ""colsample_bytree"": 0.8194388410301827, ""min_child_weight"": 5, ""gamma"": 2.9174987186002825, ""reg_lambda"": 6.575034801749786}",within_PhysioNet_stress_session,none,all_modalities,xgboost
6,0.3642611683848797,0.48690476190476195,0.34852940135736676,0.5368492540341117,"{""n_estimators"": 250, ""max_depth"": 4, ""learning_rate"": 0.038072680684319966, ""subsample"": 0.8492683685494542, ""colsample_bytree"": 0.9919535853224665, ""min_child_weight"": 8, ""gamma"": 4.912083814478094, ""reg_lambda"": 3.3394492347540177}",within_PhysioNet_stress_session,none,all_modalities,xgboost
7,0.6296296296296297,0.43988948626045393,0.45129835718071015,0.5539279452712499,"{""n_estimators"": 450, ""max_depth"": 2, ""learning_rate"": 0.10446965981712157, ""subsample"": 0.7421545940266425, ""colsample_bytree"": 0.6625512256039215, ""min_child_weight"": 8, ""gamma"": 4.3569088529256295, ""reg_lambda"": 6.636545895396001}",within_PhysioNet_stress_session,none,all_modalities,xgboost
8,0.6786786786786787,0.5445092749440575,0.509235811885408,0.49656096468430166,"{""n_estimators"": 200, ""max_depth"": 2, ""learning_rate"": 0.01637207933076171, ""subsample"": 0.6129968288441571, ""colsample_bytree"": 0.5858715913853165, ""min_child_weight"": 9, ""gamma"": 3.0978763204717885, ""reg_lambda"": 1.009965190102071}",within_PhysioNet_stress_session,none,all_modalities,xgboost
9,0.6901840490797546,0.48129629629629633,0.45279001905358496,0.49552636885549345,"{""n_estimators"": 450, ""max_depth"": 7, ""learning_rate"": 0.07584146314573785, ""subsample"": 0.6119186945568632, ""colsample_bytree"": 0.648932140373694, ""min_child_weight"": 10, ""gamma"": 4.036696853886943, ""reg_lambda"": 0.06790557944851189}",within_PhysioNet_stress_session,none,all_modalities,xgboost
10,0.676056338028169,0.6204765443895879,0.5472271146637764,0.45420061749627316,"{""n_estimators"": 350, ""max_depth"": 6, ""learning_rate"": 0.018068703803769976, ""subsample"": 0.9466437294815702, ""colsample_bytree"": 0.8548703119222221, ""min_child_weight"": 10, ""gamma"": 2.3385513063202574, ""reg_lambda"": 1.3309121460621949}",within_PhysioNet_stress_session,none,all_modalities,xgboost
11,0.6341463414634146,0.5292061038338803,0.5113288851820962,0.5307508077579638,"{""n_estimators"": 200, ""max_depth"": 2, ""learning_rate"": 0.14969913410500715, ""subsample"": 0.6883512922605886, ""colsample_bytree"": 0.6654687279560066, ""min_child_weight"": 7, ""gamma"": 4.446695937044136, ""reg_lambda"": 0.04141604470413203}",within_PhysioNet_stress_session,none,all_modalities,xgboost
12,0.5065359477124183,0.4425215019928676,0.42145719756961836,0.5171092646380601,"{""n_estimators"": 200, ""max_depth"": 2, ""learning_rate"": 0.011875741983413398, ""subsample"": 0.9167126553474381, ""colsample_bytree"": 0.5209179276529075, ""min_child_weight"": 4, ""gamma"": 1.6194291983340314, ""reg_lambda"": 0.3510831677859956}",within_PhysioNet_stress_session,none,all_modalities,xgboost
13,0.6231884057971014,0.47888888888888886,0.46816992703498267,0.5138184314108395,"{""n_estimators"": 150, ""max_depth"": 3, ""learning_rate"": 0.05305605745997635, ""subsample"": 0.8848097496999013, ""colsample_bytree"": 0.992469228850504, ""min_child_weight"": 9, ""gamma"": 2.49520841950447, ""reg_lambda"": 0.02090932350455345}",within_PhysioNet_stress_session,none,all_modalities,xgboost
14,0.6037735849056604,0.5415231340763255,0.5181067634123786,0.5443106834000311,"{""n_estimators"": 450, ""max_depth"": 2, ""learning_rate"": 0.1109835442240358, ""subsample"": 0.6913465810587833, ""colsample_bytree"": 0.5810589644586259, ""min_child_weight"": 2, ""gamma"": 2.509556189129695, ""reg_lambda"": 0.04888098576766654}",within_PhysioNet_stress_session,none,all_modalities,xgboost
15,0.6517571884984026,0.5416070577014783,0.4813884804383617,0.48280545119590634,"{""n_estimators"": 300, ""max_depth"": 2, ""learning_rate"": 0.013312736253252274, ""subsample"": 0.6183571116865638, ""colsample_bytree"": 0.6856437409107081, ""min_child_weight"": 2, ""gamma"": 0.3203539976709602, ""reg_lambda"": 0.043395551581840254}",within_PhysioNet_stress_session,none,all_modalities,xgboost
16,0.6341463414634146,0.5032467532467533,0.49211586782344857,0.4875664103967103,"{""n_estimators"": 400, ""max_depth"": 6, ""learning_rate"": 0.13263103003416588, ""subsample"": 0.6984296622791643, ""colsample_bytree"": 0.6698983947573899, ""min_child_weight"": 3, ""gamma"": 4.64465668389205, ""reg_lambda"": 2.62321812793878}",within_PhysioNet_stress_session,none,all_modalities,xgboost
17,0.5558823529411765,0.5045005510878884,0.43261035007610354,0.525334983528219,"{""n_estimators"": 400, ""max_depth"": 2, ""learning_rate"": 0.2070175507866162, ""subsample"": 0.9121635265124453, ""colsample_bytree"": 0.5653717658103539, ""min_child_weight"": 10, ""gamma"": 4.684038720883973, ""reg_lambda"": 0.01705103511685551}",within_PhysioNet_stress_session,none,all_modalities,xgboost
18,0.462406015037594,0.4329361795630607,0.39977592763901737,0.5400402626405465,"{""n_estimators"": 100, ""max_depth"": 2, ""learning_rate"": 0.02142280131036979, ""subsample"": 0.8294450399390406, ""colsample_bytree"": 0.747487215494595, ""min_child_weight"": 7, ""gamma"": 4.00163162199981, ""reg_lambda"": 3.4071362890582346}",within_PhysioNet_stress_session,none,all_modalities,xgboost
19,0.7185430463576159,0.497983697983698,0.5035353535353536,0.5147966292953778,"{""n_estimators"": 400, ""max_depth"": 4, ""learning_rate"": 0.2813380674000149, ""subsample"": 0.6311718393897676, ""colsample_bytree"": 0.7249029368015982, ""min_child_weight"": 4, ""gamma"": 4.220187299177458, ""reg_lambda"": 2.5272629374335307}",within_PhysioNet_stress_session,none,all_modalities,xgboost
0,0.5683890577507599,0.4935411255411255,0.4423476905074788,0.5079793866897541,"{""n_estimators"": 200, ""max_depth"": 20, ""min_samples_leaf"": 9, ""max_features"": 0.5}",within_PhysioNet_stress_session,none,all_modalities,random_forest
1,0.6505576208178439,0.5091575091575091,0.47340456593577906,0.5179288515973831,"{""n_estimators"": 400, ""max_depth"": 5, ""min_samples_leaf"": 10, ""max_features"": 0.5}",within_PhysioNet_stress_session,none,all_modalities,random_forest
2,0.7329376854599406,0.4980746980746981,0.4811554033857775,0.45004257548133525,"{""n_estimators"": 200, ""max_depth"": 18, ""min_samples_leaf"": 4, ""max_features"": 0.5}",within_PhysioNet_stress_session,none,all_modalities,random_forest
3,0.3919308357348703,0.4370420624151967,0.3421319373016501,0.5284860026156981,"{""n_estimators"": 600, ""max_depth"": 3, ""min_samples_leaf"": 5, ""max_features"": 0.5}",within_PhysioNet_stress_session,none,all_modalities,random_forest
4,0.6118980169971672,0.4462153400686117,0.43167625962985917,0.47642563140962196,"{""n_estimators"": 600, ""max_depth"": 10, ""min_samples_leaf"": 10, ""max_features"": 0.5}",within_PhysioNet_stress_session,none,all_modalities,random_forest
5,0.592391304347826,0.5414071510957323,0.4570199893083929,0.49187844283413984,"{""n_estimators"": 500, ""max_depth"": 4, ""min_samples_leaf"": 6, ""max_features"": ""log2""}",within_PhysioNet_stress_session,none,all_modalities,random_forest
6,0.35738831615120276,0.4522318604861299,0.3298657068772011,0.5654422068964388,"{""n_estimators"": 200, ""max_depth"": 4, ""min_samples_leaf"": 9, ""max_features"": 0.5}",within_PhysioNet_stress_session,none,all_modalities,random_forest
7,0.5370370370370371,0.4221176821983274,0.4285070069802322,0.5282852645193977,"{""n_estimators"": 200, ""max_depth"": 6, ""min_samples_leaf"": 10, ""max_features"": 0.5}",within_PhysioNet_stress_session,none,all_modalities,random_forest
8,0.6036036036036037,0.4644498818411862,0.43310730594560587,0.5062593513901549,"{""n_estimators"": 300, ""max_depth"": 13, ""min_samples_leaf"": 8, ""max_features"": 0.5}",within_PhysioNet_stress_session,none,all_modalities,random_forest
9,0.6779141104294478,0.5206481481481481,0.45321838249469826,0.5065041514873156,"{""n_estimators"": 500, ""max_depth"": 4, ""min_samples_leaf"": 9, ""max_features"": ""sqrt""}",within_PhysioNet_stress_session,none,all_modalities,random_forest
10,0.6647887323943662,0.6196183044009131,0.5393147646797901,0.4552012936341028,"{""n_estimators"": 500, ""max_depth"": 12, ""min_samples_leaf"": 8, ""max_features"": 0.5}",within_PhysioNet_stress_session,none,all_modalities,random_forest
11,0.5853658536585366,0.5255516683390737,0.49486915824573874,0.5219031695662343,"{""n_estimators"": 300, ""max_depth"": 4, ""min_samples_leaf"": 10, ""max_features"": ""log2""}",within_PhysioNet_stress_session,none,all_modalities,random_forest
12,0.4934640522875817,0.41637774853633885,0.40547442397722483,0.523002312609315,"{""n_estimators"": 600, ""max_depth"": 3, ""min_samples_leaf"": 9, ""max_features"": 0.5}",within_PhysioNet_stress_session,none,all_modalities,random_forest
13,0.6521739130434783,0.5653703703703704,0.5323752726350129,0.4846100886681051,"{""n_estimators"": 300, ""max_depth"": 3, ""min_samples_leaf"": 1, ""max_features"": 0.5}",within_PhysioNet_stress_session,none,all_modalities,random_forest
14,0.6339622641509434,0.5060283687943262,0.4784627137568314,0.5026132592126243,"{""n_estimators"": 500, ""max_depth"": 12, ""min_samples_leaf"": 9, ""max_features"": ""sqrt""}",within_PhysioNet_stress_session,none,all_modalities,random_forest
15,0.6293929712460063,0.5315927515498331,0.4666850051959166,0.4836670551353537,"{""n_estimators"": 200, ""max_depth"": 3, ""min_samples_leaf"": 6, ""max_features"": 0.5}",within_PhysioNet_stress_session,none,all_modalities,random_forest
16,0.554006968641115,0.4453102453102453,0.42817732099821076,0.5089795872048452,"{""n_estimators"": 400, ""max_depth"": 5, ""min_samples_leaf"": 9, ""max_features"": 0.5}",within_PhysioNet_stress_session,none,all_modalities,random_forest
17,0.5764705882352941,0.4981902545889973,0.43573872679563735,0.5110849996615283,"{""n_estimators"": 500, ""max_depth"": 14, ""min_samples_leaf"": 7, ""max_features"": 0.5}",within_PhysioNet_stress_session,none,all_modalities,random_forest
18,0.4924812030075188,0.45523546379799623,0.4145727098077126,0.5334766492323647,"{""n_estimators"": 300, ""max_depth"": 8, ""min_samples_leaf"": 10, ""max_features"": 0.5}",within_PhysioNet_stress_session,none,all_modalities,random_forest
19,0.695364238410596,0.5714857714857714,0.5495905058362162,0.5111039565825054,"{""n_estimators"": 500, ""max_depth"": 4, ""min_samples_leaf"": 5, ""max_features"": 0.5}",within_PhysioNet_stress_session,none,all_modalities,random_forest
0,0.7659574468085106,0.5103896103896104,0.5462307807135393,0.4638077487247854,"{""layers"": ""128-64"", ""alpha"": 1.091848985508541e-05, ""learning_rate_init"": 0.002570670618183831}",within_PhysioNet_stress_session,none,all_modalities,mlp
1,0.6282527881040892,0.39926739926739924,0.3976973616941715,0.4664075741285612,"{""layers"": ""128-64"", ""alpha"": 0.00012290357585905762, ""learning_rate_init"": 0.00739107628830029}",within_PhysioNet_stress_session,none,all_modalities,mlp
2,0.7240356083086054,0.4364364364364364,0.407537982197634,0.4613864457530956,"{""layers"": ""128-64"", ""alpha"": 1.9146022759801347e-05, ""learning_rate_init"": 0.007281148448791043}",within_PhysioNet_stress_session,none,all_modalities,mlp
3,0.6368876080691642,0.40735930735930737,0.3896789571925688,0.48728185840519994,"{""layers"": ""128-64"", ""alpha"": 0.039435104265090316, ""learning_rate_init"": 0.007989056413845189}",within_PhysioNet_stress_session,none,all_modalities,mlp
4,0.7393767705382436,0.4368803701255783,0.4236879432624114,0.4873869022567882,"{""layers"": ""64-32"", ""alpha"": 0.005256974485946234, ""learning_rate_init"": 0.0028652789435497255}",within_PhysioNet_stress_session,none,all_modalities,mlp
5,0.7010869565217391,0.4649750096116878,0.4438188038496215,0.46191530894585203,"{""layers"": ""128-64"", ""alpha"": 4.015345414821038e-05, ""learning_rate_init"": 0.0011158099945946715}",within_PhysioNet_stress_session,none,all_modalities,mlp
6,0.5326460481099656,0.41005240805999826,0.400635599512905,0.4160636373755977,"{""layers"": ""64-32"", ""alpha"": 0.0003808494374584713, ""learning_rate_init"": 0.009478983312357936}",within_PhysioNet_stress_session,none,all_modalities,mlp
7,0.5888888888888889,0.3542413381123059,0.3723134589136043,0.48939272373240095,"{""layers"": ""64-32"", ""alpha"": 0.08638644059267615, ""learning_rate_init"": 0.008810048517634455}",within_PhysioNet_stress_session,none,all_modalities,mlp
8,0.7417417417417418,0.4252420687203296,0.44649793877627636,0.49060974221362313,"{""layers"": ""128-64"", ""alpha"": 0.000269524683872903, ""learning_rate_init"": 0.004069943372882396}",within_PhysioNet_stress_session,none,all_modalities,mlp
9,0.7423312883435583,0.5283333333333333,0.5394039189127878,0.43878295083925906,"{""layers"": ""128-64"", ""alpha"": 0.005847127845693205, ""learning_rate_init"": 0.007490686923915103}",within_PhysioNet_stress_session,none,all_modalities,mlp
10,0.7690140845070422,0.3875617136486702,0.37834725021595167,0.4266461746570154,"{""layers"": ""32"", ""alpha"": 0.011411941317679055, ""learning_rate_init"": 0.0024995466272577176}",within_PhysioNet_stress_session,none,all_modalities,mlp
11,0.6707317073170732,0.4361253491714805,0.4425690350052693,0.4764410950613127,"{""layers"": ""64-32"", ""alpha"": 0.00011483567863379112, ""learning_rate_init"": 0.002952972158331754}",within_PhysioNet_stress_session,none,all_modalities,mlp
12,0.7483660130718954,0.48479413391307663,0.4827581288424662,0.4423185391830264,"{""layers"": ""64"", ""alpha"": 0.026040802062430358, ""learning_rate_init"": 0.003950490182429713}",within_PhysioNet_stress_session,none,all_modalities,mlp
13,0.75,0.4735185185185185,0.48363234333383587,0.47558460824938703,"{""layers"": ""128-64"", ""alpha"": 1.9414434486671123e-05, ""learning_rate_init"": 0.0038146411687498805}",within_PhysioNet_stress_session,none,all_modalities,mlp
14,0.6754716981132075,0.48238770685579196,0.49828544111665707,0.46171916806937024,"{""layers"": ""128-64"", ""alpha"": 0.041956501133822315, ""learning_rate_init"": 0.005074057216200634}",within_PhysioNet_stress_session,none,all_modalities,mlp
15,0.7156549520766773,0.47745336050057086,0.45601319129429313,0.4310961365041019,"{""layers"": ""64"", ""alpha"": 0.0001722750344997161, ""learning_rate_init"": 0.006517322923819216}",within_PhysioNet_stress_session,none,all_modalities,mlp
16,0.7247386759581882,0.4874458874458874,0.5028632771151034,0.4500173404782017,"{""layers"": ""128-64"", ""alpha"": 0.003046343003472914, ""learning_rate_init"": 0.0018533067362891218}",within_PhysioNet_stress_session,none,all_modalities,mlp
17,0.49411764705882355,0.40099808139772214,0.33214757323416066,0.48595322279864533,"{""layers"": ""128-64"", ""alpha"": 0.001057587991033226, ""learning_rate_init"": 0.007254862389361861}",within_PhysioNet_stress_session,none,all_modalities,mlp
18,0.6691729323308271,0.5151030636240808,0.5062135904069798,0.48324465174220615,"{""layers"": ""64-32"", ""alpha"": 0.027432234519866122, ""learning_rate_init"": 0.00929536784530334}",within_PhysioNet_stress_session,none,all_modalities,mlp
19,0.7615894039735099,0.4575575575575575,0.4465846994535519,0.45322920915453957,"{""layers"": ""128-64"", ""alpha"": 7.823483962531528e-05, ""learning_rate_init"": 0.0014684012638511593}",within_PhysioNet_stress_session,none,all_modalities,mlp
0,0.5075987841945289,0.42317748917748915,0.38080129833577625,0.5185382280747701,"{""n_estimators"": 600, ""max_depth"": 3, ""learning_rate"": 0.06289782768887947, ""subsample"": 0.6109988591980396, ""colsample_bytree"": 0.641747979218015, ""min_child_weight"": 3, ""gamma"": 3.4334310251042646, ""reg_lambda"": 0.010306726420661222}",within_PhysioNet_stress_session,none,physiology_only,xgboost
1,0.6096654275092936,0.4766788766788766,0.4517263950253641,0.5237865771885347,"{""n_estimators"": 150, ""max_depth"": 2, ""learning_rate"": 0.01007230018851686, ""subsample"": 0.9314351221926788, ""colsample_bytree"": 0.5564654189703513, ""min_child_weight"": 2, ""gamma"": 1.8692162035690691, ""reg_lambda"": 0.017153463230853573}",within_PhysioNet_stress_session,none,physiology_only,xgboost
2,0.6973293768545994,0.48997828997829,0.4755722281577998,0.4911344995777202,"{""n_estimators"": 400, ""max_depth"": 2, ""learning_rate"": 0.2930034893740205, ""subsample"": 0.9658071549344864, ""colsample_bytree"": 0.6653354842226473, ""min_child_weight"": 4, ""gamma"": 3.692306833372761, ""reg_lambda"": 0.06152140855090944}",within_PhysioNet_stress_session,none,physiology_only,xgboost
3,0.42939481268011526,0.41814305097887194,0.3786118031867858,0.5316717327713593,"{""n_estimators"": 300, ""max_depth"": 2, ""learning_rate"": 0.010837402204623717, ""subsample"": 0.943714018994344, ""colsample_bytree"": 0.9136490717678472, ""min_child_weight"": 5, ""gamma"": 4.48587015212914, ""reg_lambda"": 1.1959613678187953}",within_PhysioNet_stress_session,none,physiology_only,xgboost
4,0.5835694050991501,0.4751077959273597,0.4452565338641288,0.4837118918450393,"{""n_estimators"": 150, ""max_depth"": 2, ""learning_rate"": 0.10681998436500008, ""subsample"": 0.8322480287376454, ""colsample_bytree"": 0.8619138118161012, ""min_child_weight"": 1, ""gamma"": 1.9902844241217323, ""reg_lambda"": 8.321393595000941}",within_PhysioNet_stress_session,none,physiology_only,xgboost
5,0.5597826086956522,0.48577470203767775,0.40837785983460567,0.5170771924321206,"{""n_estimators"": 400, ""max_depth"": 2, ""learning_rate"": 0.01993587729014649, ""subsample"": 0.963856512389575, ""colsample_bytree"": 0.8731353240541864, ""min_child_weight"": 5, ""gamma"": 2.3037314659307304, ""reg_lambda"": 0.19991509470386043}",within_PhysioNet_stress_session,none,physiology_only,xgboost
6,0.36082474226804123,0.3911222553537544,0.31291577854647196,0.5026497782050957,"{""n_estimators"": 200, ""max_depth"": 5, ""learning_rate"": 0.10939540251858211, ""subsample"": 0.7855821946273632, ""colsample_bytree"": 0.9942409670779473, ""min_child_weight"": 9, ""gamma"": 3.671491437152803, ""reg_lambda"": 0.020388539370595704}",within_PhysioNet_stress_session,none,physiology_only,xgboost
7,0.5370370370370371,0.40666069295101553,0.40336264279534584,0.5270438071028744,"{""n_estimators"": 500, ""max_depth"": 2, ""learning_rate"": 0.12862073704913074, ""subsample"": 0.9425944668932549, ""colsample_bytree"": 0.9489346163896215, ""min_child_weight"": 8, ""gamma"": 4.847102885879463, ""reg_lambda"": 0.03383671929133447}",within_PhysioNet_stress_session,none,physiology_only,xgboost
8,0.6846846846846847,0.4592508940335027,0.4517436977682321,0.4906457442928609,"{""n_estimators"": 550, ""max_depth"": 8, ""learning_rate"": 0.029986300584389437, ""subsample"": 0.6329386504298353, ""colsample_bytree"": 0.603727422574632, ""min_child_weight"": 8, ""gamma"": 1.271202582680278, ""reg_lambda"": 0.2470225854082274}",within_PhysioNet_stress_session,none,physiology_only,xgboost
9,0.6717791411042945,0.4965740740740741,0.4727060627971691,0.500135716806019,"{""n_estimators"": 450, ""max_depth"": 3, ""learning_rate"": 0.020918828529187555, ""subsample"": 0.6173144599010931, ""colsample_bytree"": 0.8836440824143197, ""min_child_weight"": 5, ""gamma"": 2.8239399065168707, ""reg_lambda"": 0.13705731437057433}",within_PhysioNet_stress_session,none,physiology_only,xgboost
10,0.543661971830986,0.5751535099361186,0.46106243483292664,0.4801072032276507,"{""n_estimators"": 550, ""max_depth"": 2, ""learning_rate"": 0.10418968309413702, ""subsample"": 0.7490518076308078, ""colsample_bytree"": 0.5484840591976121, ""min_child_weight"": 10, ""gamma"": 1.2452752412063797, ""reg_lambda"": 1.3354410521799835}",within_PhysioNet_stress_session,none,physiology_only,xgboost
11,0.5426829268292683,0.4907294406928285,0.4468678678917854,0.526684314289278,"{""n_estimators"": 150, ""max_depth"": 2, ""learning_rate"": 0.13238693930245707, ""subsample"": 0.8604381363184489, ""colsample_bytree"": 0.6488059200344068, ""min_child_weight"": 3, ""gamma"": 4.603199991396213, ""reg_lambda"": 0.047835918730546545}",within_PhysioNet_stress_session,none,physiology_only,xgboost
12,0.5588235294117647,0.559048000457692,0.4890814777327935,0.4783472528190762,"{""n_estimators"": 250, ""max_depth"": 2, ""learning_rate"": 0.01627641492635008, ""subsample"": 0.9950970341512139, ""colsample_bytree"": 0.8530250455418281, ""min_child_weight"": 3, ""gamma"": 4.15718802952178, ""reg_lambda"": 0.01695467585352647}",within_PhysioNet_stress_session,none,physiology_only,xgboost
13,0.6268115942028986,0.5224074074074073,0.48391514777056943,0.5100206461102693,"{""n_estimators"": 200, ""max_depth"": 2, ""learning_rate"": 0.011890805577490535, ""subsample"": 0.9796473280958645, ""colsample_bytree"": 0.8761929865218722, ""min_child_weight"": 6, ""gamma"": 3.8222337925618945, ""reg_lambda"": 0.021351417792702897}",within_PhysioNet_stress_session,none,physiology_only,xgboost
14,0.5283018867924528,0.48476865923674434,0.4519585192339705,0.5283851325592334,"{""n_estimators"": 550, ""max_depth"": 2, ""learning_rate"": 0.15638361774066672, ""subsample"": 0.8656133284678547, ""colsample_bytree"": 0.8920131204282272, ""min_child_weight"": 2, ""gamma"": 1.8579553594279807, ""reg_lambda"": 0.6599942974132527}",within_PhysioNet_stress_session,none,physiology_only,xgboost
15,0.597444089456869,0.504996315082152,0.4439943141435679,0.47776711493088975,"{""n_estimators"": 150, ""max_depth"": 2, ""learning_rate"": 0.02393332787379722, ""subsample"": 0.8842420433349993, ""colsample_bytree"": 0.5125192332828072, ""min_child_weight"": 7, ""gamma"": 0.4889005612424748, ""reg_lambda"": 0.018102564302306924}",within_PhysioNet_stress_session,none,physiology_only,xgboost
16,0.5923344947735192,0.44668109668109673,0.43277308553793375,0.5112327080744317,"{""n_estimators"": 150, ""max_depth"": 8, ""learning_rate"": 0.10990868063076586, ""subsample"": 0.6166555234830855, ""colsample_bytree"": 0.9075316830787724, ""min_child_weight"": 2, ""gamma"": 4.740868377174375, ""reg_lambda"": 1.534316175118614}",within_PhysioNet_stress_session,none,physiology_only,xgboost
17,0.5529411764705883,0.5180634363391436,0.43880152387499644,0.5095369590888436,"{""n_estimators"": 550, ""max_depth"": 3, ""learning_rate"": 0.010154050365764567, ""subsample"": 0.8081613589187233, ""colsample_bytree"": 0.8857088404836433, ""min_child_weight"": 10, ""gamma"": 0.6078342406998373, ""reg_lambda"": 0.1398754873918332}",within_PhysioNet_stress_session,none,physiology_only,xgboost
18,0.45864661654135336,0.4348833784485056,0.3945090924257591,0.5313675272829326,"{""n_estimators"": 100, ""max_depth"": 2, ""learning_rate"": 0.013976480401122237, ""subsample"": 0.7718537754121956, ""colsample_bytree"": 0.9152391006539072, ""min_child_weight"": 9, ""gamma"": 4.387613873691443, ""reg_lambda"": 0.5850197198723733}",within_PhysioNet_stress_session,none,physiology_only,xgboost
19,0.652317880794702,0.47474617474617475,0.4674451231828281,0.4858075075805583,"{""n_estimators"": 100, ""max_depth"": 3, ""learning_rate"": 0.022427753354531947, ""subsample"": 0.9763570143791266, ""colsample_bytree"": 0.7917430310109084, ""min_child_weight"": 3, ""gamma"": 4.396076409607808, ""reg_lambda"": 4.095856938512364}",within_PhysioNet_stress_session,none,physiology_only,xgboost
0,0.547112462006079,0.4736709956709957,0.41944664759936234,0.5095466374162342,"{""n_estimators"": 600, ""max_depth"": 7, ""min_samples_leaf"": 1, ""max_features"": 0.5}",within_PhysioNet_stress_session,none,physiology_only,random_forest
1,0.6654275092936803,0.48376068376068376,0.42599742599742596,0.5004162568992959,"{""n_estimators"": 200, ""max_depth"": 3, ""min_samples_leaf"": 7, ""max_features"": ""sqrt""}",within_PhysioNet_stress_session,none,physiology_only,random_forest
2,0.6261127596439169,0.48283868283868286,0.47247314503753474,0.4937650722019376,"{""n_estimators"": 300, ""max_depth"": 20, ""min_samples_leaf"": 10, ""max_features"": 0.5}",within_PhysioNet_stress_session,none,physiology_only,random_forest
3,0.4812680115273775,0.4444272145764683,0.39477201362404096,0.5265840492662203,"{""n_estimators"": 200, ""max_depth"": 5, ""min_samples_leaf"": 1, ""max_features"": 0.5}",within_PhysioNet_stress_session,none,physiology_only,random_forest
4,0.6147308781869688,0.47918882908968835,0.4510370345096879,0.47918009655835414,"{""n_estimators"": 300, ""max_depth"": 4, ""min_samples_leaf"": 5, ""max_features"": 0.5}",within_PhysioNet_stress_session,none,physiology_only,random_forest
5,0.6413043478260869,0.5400743303857491,0.4770321452385804,0.47424274687435825,"{""n_estimators"": 300, ""max_depth"": 5, ""min_samples_leaf"": 9, ""max_features"": ""log2""}",within_PhysioNet_stress_session,none,physiology_only,random_forest
6,0.32646048109965636,0.34948721424053497,0.287948742251009,0.5553243860262073,"{""n_estimators"": 200, ""max_depth"": 5, ""min_samples_leaf"": 10, ""max_features"": ""log2""}",within_PhysioNet_stress_session,none,physiology_only,random_forest
7,0.4962962962962963,0.4413082437275985,0.41741667769855834,0.517234341922979,"{""n_estimators"": 600, ""max_depth"": 3, ""min_samples_leaf"": 2, ""max_features"": 0.5}",within_PhysioNet_stress_session,none,physiology_only,random_forest
8,0.4624624624624625,0.43561076604554866,0.3850494743351886,0.5164820097600532,"{""n_estimators"": 500, ""max_depth"": 4, ""min_samples_leaf"": 7, ""max_features"": 0.5}",within_PhysioNet_stress_session,none,physiology_only,random_forest
9,0.6012269938650306,0.4487962962962963,0.42341529487112917,0.493240354745339,"{""n_estimators"": 200, ""max_depth"": 6, ""min_samples_leaf"": 8, ""max_features"": 0.5}",within_PhysioNet_stress_session,none,physiology_only,random_forest
10,0.5915492957746479,0.5677832634354374,0.47664436106451497,0.4749313567196247,"{""n_estimators"": 300, ""max_depth"": 5, ""min_samples_leaf"": 3, ""max_features"": ""log2""}",within_PhysioNet_stress_session,none,physiology_only,random_forest
11,0.5670731707317073,0.5093767797575461,0.47759884174184203,0.534312101692536,"{""n_estimators"": 600, ""max_depth"": 3, ""min_samples_leaf"": 1, ""max_features"": 0.5}",within_PhysioNet_stress_session,none,physiology_only,random_forest
12,0.5294117647058824,0.4772298186395103,0.4425670753603858,0.5023331264741963,"{""n_estimators"": 600, ""max_depth"": 3, ""min_samples_leaf"": 10, ""max_features"": 0.5}",within_PhysioNet_stress_session,none,physiology_only,random_forest
13,0.6739130434782609,0.562037037037037,0.5346788529623536,0.4997870250994507,"{""n_estimators"": 200, ""max_depth"": 5, ""min_samples_leaf"": 3, ""max_features"": 0.5}",within_PhysioNet_stress_session,none,physiology_only,random_forest
14,0.5584905660377358,0.474113475177305,0.4611210450265655,0.503388452767958,"{""n_estimators"": 600, ""max_depth"": 7, ""min_samples_leaf"": 5, ""max_features"": 0.5}",within_PhysioNet_stress_session,none,physiology_only,random_forest
15,0.5814696485623003,0.49784323925954826,0.436055730983985,0.4806356531558546,"{""n_estimators"": 300, ""max_depth"": 3, ""min_samples_leaf"": 1, ""max_features"": 0.5}",within_PhysioNet_stress_session,none,physiology_only,random_forest
16,0.5853658536585366,0.44004329004329007,0.42962475798110983,0.5004603693119484,"{""n_estimators"": 200, ""max_depth"": 13, ""min_samples_leaf"": 4, ""max_features"": 0.5}",within_PhysioNet_stress_session,none,physiology_only,random_forest
17,0.4676470588235294,0.48524309099073354,0.3822077327842599,0.5322725165158287,"{""n_estimators"": 300, ""max_depth"": 3, ""min_samples_leaf"": 8, ""max_features"": 0.5}",within_PhysioNet_stress_session,none,physiology_only,random_forest
18,0.4924812030075188,0.4905363329078949,0.4366766888506019,0.5082185917463095,"{""n_estimators"": 400, ""max_depth"": 14, ""min_samples_leaf"": 9, ""max_features"": 0.5}",within_PhysioNet_stress_session,none,physiology_only,random_forest
19,0.5860927152317881,0.5164736164736164,0.469773976023976,0.49992886185089064,"{""n_estimators"": 400, ""max_depth"": 4, ""min_samples_leaf"": 7, ""max_features"": 0.5}",within_PhysioNet_stress_session,none,physiology_only,random_forest
0,0.6838905775075987,0.3830995670995671,0.37411953813687915,0.4706254949371082,"{""layers"": ""64-32"", ""alpha"": 5.9261600663817066e-05, ""learning_rate_init"": 0.004701559785681414}",within_PhysioNet_stress_session,none,physiology_only,mlp
1,0.6691449814126395,0.461050061050061,0.4436722943403389,0.44958945432550096,"{""layers"": ""128-64"", ""alpha"": 0.00021062257039761962, ""learning_rate_init"": 0.008180243400178632}",within_PhysioNet_stress_session,none,physiology_only,mlp
2,0.7893175074183977,0.4157872157872158,0.419948371505465,0.4105978881465567,"{""layers"": ""64"", ""alpha"": 0.0001865635118442506, ""learning_rate_init"": 0.00011258202142092256}",within_PhysioNet_stress_session,none,physiology_only,mlp
3,0.7780979827089337,0.4595367319247916,0.4840133289759983,0.46647793277265054,"{""layers"": ""64-32"", ""alpha"": 0.0001766758511830735, ""learning_rate_init"": 0.007815595371870782}",within_PhysioNet_stress_session,none,physiology_only,mlp
4,0.7648725212464589,0.4193791374227594,0.4334222039648115,0.4588697683945681,"{""layers"": ""64-32"", ""alpha"": 0.04592400057618093, ""learning_rate_init"": 0.0035580516527438247}",within_PhysioNet_stress_session,none,physiology_only,mlp
5,0.6847826086956522,0.42053056516724335,0.40188790622110543,0.4396908310768886,"{""layers"": ""64"", ""alpha"": 3.972108080319036e-05, ""learning_rate_init"": 0.004905840224312522}",within_PhysioNet_stress_session,none,physiology_only,mlp
6,0.570446735395189,0.3477681395138701,0.34625256800942905,0.4779823437205417,"{""layers"": ""64-32"", ""alpha"": 0.08386782700397157, ""learning_rate_init"": 0.008522885435473642}",within_PhysioNet_stress_session,none,physiology_only,mlp
7,0.6074074074074074,0.33512544802867383,0.33207207207207207,0.46588252469599317,"{""layers"": ""64"", ""alpha"": 6.183245582709459e-05, ""learning_rate_init"": 0.00650921456629797}",within_PhysioNet_stress_session,none,physiology_only,mlp
8,0.7687687687687688,0.49614153961980056,0.5167464114832535,0.46746200568873686,"{""layers"": ""128-64"", ""alpha"": 0.04106779727761693, ""learning_rate_init"": 0.009383166642223731}",within_PhysioNet_stress_session,none,physiology_only,mlp
9,0.7392638036809815,0.44555555555555554,0.4327121305208546,0.40354668448354697,"{""layers"": ""32"", ""alpha"": 0.000361528833136986, ""learning_rate_init"": 0.00012014945320154372}",within_PhysioNet_stress_session,none,physiology_only,mlp
10,0.7915492957746478,0.5319008688573906,0.5035531056467815,0.42945381925788007,"{""layers"": ""64"", ""alpha"": 0.0031823637294800147, ""learning_rate_init"": 0.003233162934760724}",within_PhysioNet_stress_session,none,physiology_only,mlp
11,0.7530487804878049,0.42437103933320675,0.4359756355842461,0.41752445979938296,"{""layers"": ""64"", ""alpha"": 0.012159559134402165, ""learning_rate_init"": 0.0030903084327347174}",within_PhysioNet_stress_session,none,physiology_only,mlp
12,0.6372549019607843,0.43291950340408486,0.4316753278891364,0.46430350783477703,"{""layers"": ""64-32"", ""alpha"": 7.610101835683025e-05, ""learning_rate_init"": 0.007902015145499397}",within_PhysioNet_stress_session,none,physiology_only,mlp
13,0.7318840579710145,0.42333333333333334,0.4112324284617183,0.45900163893874996,"{""layers"": ""64-32"", ""alpha"": 2.1867309626062703e-05, ""learning_rate_init"": 0.008583172016183263}",within_PhysioNet_stress_session,none,physiology_only,mlp
14,0.7283018867924528,0.48414387031408307,0.5003944158873735,0.4373136965805305,"{""layers"": ""64-32"", ""alpha"": 5.474307030928457e-05, ""learning_rate_init"": 0.009671911842880819}",within_PhysioNet_stress_session,none,physiology_only,mlp
15,0.7731629392971247,0.41548893802112685,0.41776501359044055,0.4330034358833886,"{""layers"": ""64"", ""alpha"": 0.0010554351737245096, ""learning_rate_init"": 0.008359561162217328}",within_PhysioNet_stress_session,none,physiology_only,mlp
16,0.7386759581881533,0.4203463203463203,0.4161167643128791,0.4363301926203891,"{""layers"": ""32"", ""alpha"": 0.0031440798063021276, ""learning_rate_init"": 0.0059787414050600386}",within_PhysioNet_stress_session,none,physiology_only,mlp
17,0.5970588235294118,0.42254153569824876,0.3860470740266137,0.4622649371430727,"{""layers"": ""64-32"", ""alpha"": 0.009728493163280345, ""learning_rate_init"": 0.009742895908402866}",within_PhysioNet_stress_session,none,physiology_only,mlp
18,0.7406015037593985,0.452761142045003,0.45517943026267105,0.44509729954091437,"{""layers"": ""64"", ""alpha"": 0.006347362379528299, ""learning_rate_init"": 0.009932515290073234}",within_PhysioNet_stress_session,none,physiology_only,mlp
19,0.7251655629139073,0.4688974688974689,0.4569468442474998,0.4312507924911421,"{""layers"": ""128-64"", ""alpha"": 0.04453287334150975, ""learning_rate_init"": 0.0069496910583954265}",within_PhysioNet_stress_session,none,physiology_only,mlp
0,0.547112462006079,0.5216623376623377,0.45283227136201937,0.42468423923531295,"{""n_estimators"": 350, ""max_depth"": 5, ""learning_rate"": 0.14239936290406904, ""subsample"": 0.7278058347335208, ""colsample_bytree"": 0.7689614275281663, ""min_child_weight"": 3, ""gamma"": 3.6808350113823076, ""reg_lambda"": 0.12908008603344434}",within_PhysioNet_stress_session,none,acc_only,xgboost
1,0.3345724907063197,0.38437118437118434,0.28372301401400235,0.41252481484301556,"{""n_estimators"": 250, ""max_depth"": 2, ""learning_rate"": 0.01308739726652304, ""subsample"": 0.7835980755236949, ""colsample_bytree"": 0.8196116756486569, ""min_child_weight"": 10, ""gamma"": 1.6501696891033482, ""reg_lambda"": 0.12051205112707991}",within_PhysioNet_stress_session,none,acc_only,xgboost
2,0.516320474777448,0.45700765700765705,0.3889633110415729,0.4251214087720652,"{""n_estimators"": 500, ""max_depth"": 4, ""learning_rate"": 0.06707933417367613, ""subsample"": 0.6801671854155575, ""colsample_bytree"": 0.8047077210736145, ""min_child_weight"": 2, ""gamma"": 3.8551484170095867, ""reg_lambda"": 0.030293116505475944}",within_PhysioNet_stress_session,none,acc_only,xgboost
3,0.5302593659942363,0.4270950442592234,0.349547557198911,0.4313716900411757,"{""n_estimators"": 150, ""max_depth"": 4, ""learning_rate"": 0.015341653246571536, ""subsample"": 0.7785513032436377, ""colsample_bytree"": 0.7248641508912939, ""min_child_weight"": 6, ""gamma"": 4.876589276896918, ""reg_lambda"": 0.31975969706891183}",within_PhysioNet_stress_session,none,acc_only,xgboost
4,0.603399433427762,0.42523106620925527,0.3887810555890026,0.46708094164672986,"{""n_estimators"": 450, ""max_depth"": 7, ""learning_rate"": 0.01572704859806649, ""subsample"": 0.6102039412311548, ""colsample_bytree"": 0.55346863098945, ""min_child_weight"": 9, ""gamma"": 0.6605125236070384, ""reg_lambda"": 9.305881888906795}",within_PhysioNet_stress_session,none,acc_only,xgboost
5,0.5570652173913043,0.4077021658336537,0.35371919803570956,0.46876133170435014,"{""n_estimators"": 250, ""max_depth"": 3, ""learning_rate"": 0.03610149655144039, ""subsample"": 0.6457164996381833, ""colsample_bytree"": 0.9148915907484919, ""min_child_weight"": 1, ""gamma"": 1.3579073198655425, ""reg_lambda"": 7.102758263261729}",within_PhysioNet_stress_session,none,acc_only,xgboost
6,0.45017182130584193,0.45916463359537363,0.3723130661753416,0.44281681213285146,"{""n_estimators"": 600, ""max_depth"": 6, ""learning_rate"": 0.033528903005321235, ""subsample"": 0.9412663525963482, ""colsample_bytree"": 0.6089567127577907, ""min_child_weight"": 5, ""gamma"": 3.540925276100852, ""reg_lambda"": 0.02064425753367779}",within_PhysioNet_stress_session,none,acc_only,xgboost
7,0.5777777777777777,0.4382467144563919,0.41902839219843435,0.43496919795871464,"{""n_estimators"": 600, ""max_depth"": 3, ""learning_rate"": 0.10746050540201127, ""subsample"": 0.9019477791482295, ""colsample_bytree"": 0.9300281337628092, ""min_child_weight"": 4, ""gamma"": 1.9629831486481804, ""reg_lambda"": 0.01897579766126967}",within_PhysioNet_stress_session,none,acc_only,xgboost
8,0.6006006006006006,0.4467197858502206,0.41594533441940446,0.4470049617558463,"{""n_estimators"": 200, ""max_depth"": 6, ""learning_rate"": 0.011920930550605755, ""subsample"": 0.8954279178065935, ""colsample_bytree"": 0.7228703244039907, ""min_child_weight"": 2, ""gamma"": 2.7337047319502936, ""reg_lambda"": 0.02278010585090894}",within_PhysioNet_stress_session,none,acc_only,xgboost
9,0.4723926380368098,0.4640740740740741,0.38877167378991623,0.4550961557517816,"{""n_estimators"": 100, ""max_depth"": 3, ""learning_rate"": 0.03770177057280355, ""subsample"": 0.9945613200204569, ""colsample_bytree"": 0.8261151789384045, ""min_child_weight"": 9, ""gamma"": 0.9223832435824002, ""reg_lambda"": 0.199047103384912}",within_PhysioNet_stress_session,none,acc_only,xgboost
10,0.49577464788732395,0.466015466015466,0.39273648648648646,0.39431816858636887,"{""n_estimators"": 250, ""max_depth"": 2, ""learning_rate"": 0.07938515816442063, ""subsample"": 0.9561206649784733, ""colsample_bytree"": 0.5757425343122045, ""min_child_weight"": 5, ""gamma"": 3.9986101158969563, ""reg_lambda"": 0.31830329052956896}",within_PhysioNet_stress_session,none,acc_only,xgboost
11,0.551829268292683,0.40794754969761077,0.3769302629360072,0.45047547541996086,"{""n_estimators"": 400, ""max_depth"": 6, ""learning_rate"": 0.010894932952833758, ""subsample"": 0.9173111849964856, ""colsample_bytree"": 0.9101595924986432, ""min_child_weight"": 1, ""gamma"": 3.0706842338660962, ""reg_lambda"": 1.7386044656880775}",within_PhysioNet_stress_session,none,acc_only,xgboost
12,0.4803921568627451,0.47742147720121286,0.4056679614953804,0.47767178806630434,"{""n_estimators"": 300, ""max_depth"": 8, ""learning_rate"": 0.010861567215859286, ""subsample"": 0.815227309580523, ""colsample_bytree"": 0.509977723672894, ""min_child_weight"": 7, ""gamma"": 4.331056226590183, ""reg_lambda"": 0.0244082848376688}",within_PhysioNet_stress_session,none,acc_only,xgboost
13,0.38405797101449274,0.37833333333333335,0.3270449037007629,0.46491951025244455,"{""n_estimators"": 150, ""max_depth"": 3, ""learning_rate"": 0.06227920026025873, ""subsample"": 0.9009531809058604, ""colsample_bytree"": 0.5014523082368132, ""min_child_weight"": 9, ""gamma"": 4.792940494126282, ""reg_lambda"": 0.272778503157253}",within_PhysioNet_stress_session,none,acc_only,xgboost
14,0.4981132075471698,0.49804120229652143,0.4342362959849299,0.48907861939877395,"{""n_estimators"": 450, ""max_depth"": 4, ""learning_rate"": 0.036577542845552605, ""subsample"": 0.8537101688908715, ""colsample_bytree"": 0.8080284195772486, ""min_child_weight"": 6, ""gamma"": 3.8033348452665456, ""reg_lambda"": 0.011048542316429334}",within_PhysioNet_stress_session,none,acc_only,xgboost
15,0.5686900958466453,0.44464314099507235,0.41020490156689426,0.46244804975432635,"{""n_estimators"": 500, ""max_depth"": 3, ""learning_rate"": 0.021286122559030705, ""subsample"": 0.6774088599918996, ""colsample_bytree"": 0.6262174523235301, ""min_child_weight"": 1, ""gamma"": 3.6564810923771356, ""reg_lambda"": 0.39078176402018777}",within_PhysioNet_stress_session,none,acc_only,xgboost
16,0.6341463414634146,0.49314574314574317,0.4696381734356418,0.39904887887823376,"{""n_estimators"": 100, ""max_depth"": 8, ""learning_rate"": 0.0979381911684139, ""subsample"": 0.6854635620575533, ""colsample_bytree"": 0.7636607552553933, ""min_child_weight"": 8, ""gamma"": 2.505818205760576, ""reg_lambda"": 0.02970340792413305}",within_PhysioNet_stress_session,none,acc_only,xgboost
17,0.5088235294117647,0.4715373311017676,0.3973262314530414,0.4590604086323305,"{""n_estimators"": 450, ""max_depth"": 4, ""learning_rate"": 0.27517746884934186, ""subsample"": 0.9647321779767069, ""colsample_bytree"": 0.9961613523384399, ""min_child_weight"": 7, ""gamma"": 2.8586556131262473, ""reg_lambda"": 0.4156034861530888}",within_PhysioNet_stress_session,none,acc_only,xgboost
18,0.5488721804511278,0.49102956095690925,0.44687412391365294,0.44064659829862624,"{""n_estimators"": 500, ""max_depth"": 8, ""learning_rate"": 0.031712088960002986, ""subsample"": 0.669997813984334, ""colsample_bytree"": 0.6244790721135071, ""min_child_weight"": 9, ""gamma"": 2.9572678015926006, ""reg_lambda"": 8.847837730530793}",within_PhysioNet_stress_session,none,acc_only,xgboost
19,0.5695364238410596,0.5055198055198055,0.4523739522888459,0.46023672595608206,"{""n_estimators"": 100, ""max_depth"": 2, ""learning_rate"": 0.13287516072759845, ""subsample"": 0.9944324876984258, ""colsample_bytree"": 0.8799151313693769, ""min_child_weight"": 4, ""gamma"": 3.8243187578171716, ""reg_lambda"": 0.04219554554505207}",within_PhysioNet_stress_session,none,acc_only,xgboost
0,0.5501519756838906,0.47735064935064936,0.43584251451550027,0.416758645250592,"{""n_estimators"": 300, ""max_depth"": 14, ""min_samples_leaf"": 8, ""max_features"": ""log2""}",within_PhysioNet_stress_session,none,acc_only,random_forest
1,0.5055762081784386,0.4503052503052503,0.3895095115655159,0.40670235974763586,"{""n_estimators"": 200, ""max_depth"": 9, ""min_samples_leaf"": 4, ""max_features"": 0.5}",within_PhysioNet_stress_session,none,acc_only,random_forest
2,0.5281899109792285,0.4499148499148499,0.3893494654482215,0.44020543158404085,"{""n_estimators"": 200, ""max_depth"": 8, ""min_samples_leaf"": 1, ""max_features"": 0.5}",within_PhysioNet_stress_session,none,acc_only,random_forest
3,0.4668587896253602,0.39973186017962137,0.31634643972583115,0.4355410615232304,"{""n_estimators"": 300, ""max_depth"": 4, ""min_samples_leaf"": 8, ""max_features"": ""sqrt""}",within_PhysioNet_stress_session,none,acc_only,random_forest
4,0.6940509915014165,0.4569057585581049,0.42559943989721827,0.43290662978913846,"{""n_estimators"": 600, ""max_depth"": 16, ""min_samples_leaf"": 2, ""max_features"": 0.5}",within_PhysioNet_stress_session,none,acc_only,random_forest
5,0.5353260869565217,0.4556965269768038,0.37449915574915577,0.47300257429882325,"{""n_estimators"": 300, ""max_depth"": 8, ""min_samples_leaf"": 8, ""max_features"": 0.5}",within_PhysioNet_stress_session,none,acc_only,random_forest
6,0.30584192439862545,0.4407585614891118,0.27979214083595333,0.4384298839045265,"{""n_estimators"": 200, ""max_depth"": 4, ""min_samples_leaf"": 5, ""max_features"": ""sqrt""}",within_PhysioNet_stress_session,none,acc_only,random_forest
7,0.5962962962962963,0.421968339307049,0.4149630710197891,0.4122470243437215,"{""n_estimators"": 500, ""max_depth"": 9, ""min_samples_leaf"": 7, ""max_features"": 0.5}",within_PhysioNet_stress_session,none,acc_only,random_forest
8,0.6486486486486487,0.37221908526256353,0.373938680530578,0.4253822142996954,"{""n_estimators"": 600, ""max_depth"": 15, ""min_samples_leaf"": 4, ""max_features"": ""sqrt""}",within_PhysioNet_stress_session,none,acc_only,random_forest
9,0.5797546012269938,0.45509259259259255,0.39688296199924106,0.45062512007351035,"{""n_estimators"": 200, ""max_depth"": 9, ""min_samples_leaf"": 3, ""max_features"": 0.5}",within_PhysioNet_stress_session,none,acc_only,random_forest
10,0.27605633802816903,0.41095538921625874,0.2679366782464934,0.38102533063016447,"{""n_estimators"": 500, ""max_depth"": 3, ""min_samples_leaf"": 7, ""max_features"": ""sqrt""}",within_PhysioNet_stress_session,none,acc_only,random_forest
11,0.6097560975609756,0.39514007539391965,0.37358221977315514,0.46900622024610056,"{""n_estimators"": 200, ""max_depth"": 18, ""min_samples_leaf"": 5, ""max_features"": 0.5}",within_PhysioNet_stress_session,none,acc_only,random_forest
12,0.5522875816993464,0.5058308064915994,0.451765450191801,0.47537987083809424,"{""n_estimators"": 600, ""max_depth"": 20, ""min_samples_leaf"": 6, ""max_features"": ""sqrt""}",within_PhysioNet_stress_session,none,acc_only,random_forest
13,0.36594202898550726,0.3605555555555555,0.3050833978088548,0.45120481373361376,"{""n_estimators"": 500, ""max_depth"": 4, ""min_samples_leaf"": 5, ""max_features"": ""sqrt""}",within_PhysioNet_stress_session,none,acc_only,random_forest
14,0.5509433962264151,0.5121242823370483,0.46257732220655673,0.47874659842570105,"{""n_estimators"": 200, ""max_depth"": 10, ""min_samples_leaf"": 3, ""max_features"": 0.5}",within_PhysioNet_stress_session,none,acc_only,random_forest
15,0.5399361022364217,0.3837011025852228,0.3598780687987751,0.4649215976229064,"{""n_estimators"": 300, ""max_depth"": 11, ""min_samples_leaf"": 10, ""max_features"": ""log2""}",within_PhysioNet_stress_session,none,acc_only,random_forest
16,0.6411149825783972,0.4783549783549783,0.45688017722581736,0.380985044656466,"{""n_estimators"": 400, ""max_depth"": 10, ""min_samples_leaf"": 3, ""max_features"": 0.5}",within_PhysioNet_stress_session,none,acc_only,random_forest
17,0.5205882352941177,0.39984147718768287,0.3441248842368245,0.441401257575566,"{""n_estimators"": 200, ""max_depth"": 6, ""min_samples_leaf"": 2, ""max_features"": ""log2""}",within_PhysioNet_stress_session,none,acc_only,random_forest
18,0.48872180451127817,0.43371692917619226,0.3936460341257943,0.4379001511818326,"{""n_estimators"": 300, ""max_depth"": 16, ""min_samples_leaf"": 10, ""max_features"": ""log2""}",within_PhysioNet_stress_session,none,acc_only,random_forest
19,0.5728476821192053,0.507021307021307,0.4500777933925038,0.42175761288408786,"{""n_estimators"": 300, ""max_depth"": 3, ""min_samples_leaf"": 10, ""max_features"": ""sqrt""}",within_PhysioNet_stress_session,none,acc_only,random_forest
0,0.668693009118541,0.3245454545454545,0.313459526942673,0.3682685337927789,"{""layers"": ""64"", ""alpha"": 0.0007497713006216263, ""learning_rate_init"": 0.00012542180041688486}",within_PhysioNet_stress_session,none,acc_only,mlp
1,0.6877323420074349,0.3162393162393162,0.27165932452276065,0.37985792984970224,"{""layers"": ""64"", ""alpha"": 0.014352222623014912, ""learning_rate_init"": 0.00011387265949167077}",within_PhysioNet_stress_session,none,acc_only,mlp
2,0.6083086053412463,0.36910936910936903,0.37263822373232297,0.4158044440199098,"{""layers"": ""64-32"", ""alpha"": 0.008600333816339565, ""learning_rate_init"": 0.007229272028210569}",within_PhysioNet_stress_session,none,acc_only,mlp
3,0.46397694524495675,0.3663403760418686,0.3206426408421917,0.37584780139146207,"{""layers"": ""128-64"", ""alpha"": 0.07657555436839437, ""learning_rate_init"": 0.008996855873772134}",within_PhysioNet_stress_session,none,acc_only,mlp
4,0.7563739376770539,0.3333333333333333,0.2870967741935484,0.4003855138746199,"{""layers"": ""128-64"", ""alpha"": 0.0013641583752330394, ""learning_rate_init"": 0.009556267582123603}",within_PhysioNet_stress_session,none,acc_only,mlp
5,0.6684782608695652,0.3900551070101243,0.36716027874564455,0.42265909986019495,"{""layers"": ""128-64"", ""alpha"": 0.015857663827197048, ""learning_rate_init"": 0.009938546121513611}",within_PhysioNet_stress_session,none,acc_only,mlp
6,0.7560137457044673,0.4059139784946237,0.4032576328346429,0.41369197640981686,"{""layers"": ""64-32"", ""alpha"": 0.019833903269193306, ""learning_rate_init"": 0.009399014365818551}",within_PhysioNet_stress_session,none,acc_only,mlp
7,0.6259259259259259,0.375,0.3636711647047564,0.40099257681240896,"{""layers"": ""128-64"", ""alpha"": 0.00014507775187697463, ""learning_rate_init"": 0.005611761158690495}",within_PhysioNet_stress_session,none,acc_only,mlp
8,0.7477477477477478,0.32806324110671936,0.2852233676975945,0.3618570346139844,"{""layers"": ""32"", ""alpha"": 0.0003441458805046204, ""learning_rate_init"": 0.007011561239620059}",within_PhysioNet_stress_session,none,acc_only,mlp
9,0.7300613496932515,0.40972222222222227,0.4060309000348974,0.3890210290719227,"{""layers"": ""128-64"", ""alpha"": 0.011129461026746579, ""learning_rate_init"": 0.009489574756508544}",within_PhysioNet_stress_session,none,acc_only,mlp
10,0.6873239436619718,0.39635646157385285,0.4045710174294818,0.3899293861322302,"{""layers"": ""64-32"", ""alpha"": 5.491160049293119e-05, ""learning_rate_init"": 0.00799156380263313}",within_PhysioNet_stress_session,none,acc_only,mlp
11,0.7317073170731707,0.33710302931684427,0.29385333507830563,0.3695318552297604,"{""layers"": ""64"", ""alpha"": 4.709392144502632e-05, ""learning_rate_init"": 0.0002197937102421011}",within_PhysioNet_stress_session,none,acc_only,mlp
12,0.6013071895424836,0.41818849285809634,0.41383685381186486,0.4163265279260222,"{""layers"": ""128-64"", ""alpha"": 0.013665049398531397, ""learning_rate_init"": 0.009577297930454379}",within_PhysioNet_stress_session,none,acc_only,mlp
13,0.717391304347826,0.3433333333333333,0.30699969164353996,0.3631210884913936,"{""layers"": ""64-32"", ""alpha"": 2.5749160592765594e-05, ""learning_rate_init"": 0.009937407088309166}",within_PhysioNet_stress_session,none,acc_only,mlp
14,0.6867924528301886,0.37200270178993583,0.3500941360150618,0.3737820961718021,"{""layers"": ""64-32"", ""alpha"": 0.00010086373020606587, ""learning_rate_init"": 0.007889020035987243}",within_PhysioNet_stress_session,none,acc_only,mlp
15,0.7380191693290735,0.3366172454155287,0.29876543209876544,0.36221137235021605,"{""layers"": ""64"", ""alpha"": 0.00011279699226912957, ""learning_rate_init"": 0.00010145224875631828}",within_PhysioNet_stress_session,none,acc_only,mlp
16,0.6550522648083623,0.3942279942279942,0.37195301711430745,0.4210662791960396,"{""layers"": ""64-32"", ""alpha"": 1.4510153928446856e-05, ""learning_rate_init"": 0.009248586505122879}",within_PhysioNet_stress_session,none,acc_only,mlp
17,0.7205882352941176,0.38734674994216983,0.3884931863271213,0.3767561702665889,"{""layers"": ""64"", ""alpha"": 0.0005446814925045691, ""learning_rate_init"": 0.009892873623266235}",within_PhysioNet_stress_session,none,acc_only,mlp
18,0.6090225563909775,0.3961825084035775,0.36854256854256856,0.3969675606199665,"{""layers"": ""64-32"", ""alpha"": 0.0750107841300253, ""learning_rate_init"": 0.006615583309470311}",within_PhysioNet_stress_session,none,acc_only,mlp
19,0.7284768211920529,0.3303303303303303,0.280970625798212,0.35754654772539896,"{""layers"": ""32"", ""alpha"": 0.005586395326631825, ""learning_rate_init"": 0.0016135062932938454}",within_PhysioNet_stress_session,none,acc_only,mlp
0,0.35968379446640314,0.2961369711097011,0.2813835347790168,0.34814367144006786,"{""n_estimators"": 200, ""max_depth"": 7, ""learning_rate"": 0.015735321355210406, ""subsample"": 0.9830693656611368, ""colsample_bytree"": 0.762666661638414, ""min_child_weight"": 6, ""gamma"": 3.840218686019066, ""reg_lambda"": 0.5660282697474006}",affective_only_no_exercise,none,all_modalities,xgboost
1,0.5006060606060606,0.3334897260037792,0.3377037810955599,0.3373161541612857,"{""n_estimators"": 500, ""max_depth"": 3, ""learning_rate"": 0.019096986299003835, ""subsample"": 0.9246054529868323, ""colsample_bytree"": 0.6323802277779335, ""min_child_weight"": 8, ""gamma"": 2.00661017713399, ""reg_lambda"": 4.633043504139114}",affective_only_no_exercise,none,all_modalities,xgboost
2,0.4076827757125155,0.3250632184652721,0.30758990430150973,0.33590775340774903,"{""n_estimators"": 250, ""max_depth"": 7, ""learning_rate"": 0.255105428731427, ""subsample"": 0.6357464157880938, ""colsample_bytree"": 0.6679852814596883, ""min_child_weight"": 2, ""gamma"": 4.8014716301017675, ""reg_lambda"": 0.03430086637659043}",affective_only_no_exercise,none,all_modalities,xgboost
3,0.43886743886743884,0.3457643826613799,0.3270340321537445,0.34565531999129534,"{""n_estimators"": 600, ""max_depth"": 6, ""learning_rate"": 0.044731297165273555, ""subsample"": 0.6604938317254411, ""colsample_bytree"": 0.6597221907054682, ""min_child_weight"": 5, ""gamma"": 4.330881230090283, ""reg_lambda"": 0.6142178196933612}",affective_only_no_exercise,none,all_modalities,xgboost
4,0.376502002670227,0.323036315589625,0.30367055249383024,0.3485707491027856,"{""n_estimators"": 100, ""max_depth"": 2, ""learning_rate"": 0.053939906408438, ""subsample"": 0.7242175721079374, ""colsample_bytree"": 0.8836653606165358, ""min_child_weight"": 7, ""gamma"": 2.023759067250451, ""reg_lambda"": 9.414591443342506}",affective_only_no_exercise,none,all_modalities,xgboost
5,0.4563106796116505,0.3502159950254144,0.33775780145896594,0.35505330704626775,"{""n_estimators"": 200, ""max_depth"": 3, ""learning_rate"": 0.01804979316614682, ""subsample"": 0.8014164402432689, ""colsample_bytree"": 0.6348371084328047, ""min_child_weight"": 2, ""gamma"": 3.516122500891486, ""reg_lambda"": 3.275348919666646}",affective_only_no_exercise,none,all_modalities,xgboost
6,0.45157232704402517,0.32126064648490665,0.3144679161853449,0.3550653483680497,"{""n_estimators"": 450, ""max_depth"": 2, ""learning_rate"": 0.07446990857967842, ""subsample"": 0.6054515439863837, ""colsample_bytree"": 0.9839545202463723, ""min_child_weight"": 8, ""gamma"": 4.732866983805644, ""reg_lambda"": 0.062341254264594685}",affective_only_no_exercise,none,all_modalities,xgboost
7,0.4162621359223301,0.30674214823156887,0.2882292693047556,0.3608460330998467,"{""n_estimators"": 450, ""max_depth"": 8, ""learning_rate"": 0.04903982275083685, ""subsample"": 0.6888275694443204, ""colsample_bytree"": 0.7142219015473099, ""min_child_weight"": 3, ""gamma"": 1.3399208161936718, ""reg_lambda"": 0.06413686692944644}",affective_only_no_exercise,none,all_modalities,xgboost
8,0.3793103448275862,0.30471405802593393,0.28407113030065795,0.3576518698195876,"{""n_estimators"": 200, ""max_depth"": 4, ""learning_rate"": 0.13183230142181257, ""subsample"": 0.8989884389605831, ""colsample_bytree"": 0.790159987926738, ""min_child_weight"": 4, ""gamma"": 3.802382223912181, ""reg_lambda"": 0.5439241212144864}",affective_only_no_exercise,none,all_modalities,xgboost
9,0.42934782608695654,0.3465398425493503,0.34213492603961915,0.3537737146419832,"{""n_estimators"": 150, ""max_depth"": 2, ""learning_rate"": 0.04838235924560098, ""subsample"": 0.7861583999376903, ""colsample_bytree"": 0.629359700163696, ""min_child_weight"": 8, ""gamma"": 4.499548652489033, ""reg_lambda"": 0.6160545872354019}",affective_only_no_exercise,none,all_modalities,xgboost
10,0.4544303797468354,0.3330028667221042,0.3308246492253947,0.3161833761781003,"{""n_estimators"": 250, ""max_depth"": 3, ""learning_rate"": 0.02880847984846985, ""subsample"": 0.6032395450382083, ""colsample_bytree"": 0.9344234323982166, ""min_child_weight"": 2, ""gamma"": 1.2640338650265384, ""reg_lambda"": 2.9508732470271664}",affective_only_no_exercise,none,all_modalities,xgboost
11,0.3643312101910828,0.28715829742453747,0.2865476134489009,0.35703156808150743,"{""n_estimators"": 100, ""max_depth"": 3, ""learning_rate"": 0.011156361325021508, ""subsample"": 0.7672182884159087, ""colsample_bytree"": 0.5489773219087275, ""min_child_weight"": 2, ""gamma"": 4.688871585592156, ""reg_lambda"": 1.0655819552315402}",affective_only_no_exercise,none,all_modalities,xgboost
12,0.4566831683168317,0.3536226077780762,0.3447275448524598,0.3675564256208597,"{""n_estimators"": 150, ""max_depth"": 4, ""learning_rate"": 0.029506551865612636, ""subsample"": 0.633598141177195, ""colsample_bytree"": 0.8221955135821647, ""min_child_weight"": 9, ""gamma"": 1.5943241961371257, ""reg_lambda"": 0.0232926442009768}",affective_only_no_exercise,none,all_modalities,xgboost
13,0.47451868629671573,0.33907726380146885,0.3354737551571365,0.3562344804631774,"{""n_estimators"": 400, ""max_depth"": 2, ""learning_rate"": 0.11060689063912864, ""subsample"": 0.7633547636380371, ""colsample_bytree"": 0.5971172368363625, ""min_child_weight"": 2, ""gamma"": 2.9792430259249834, ""reg_lambda"": 0.014028737709369259}",affective_only_no_exercise,none,all_modalities,xgboost
14,0.423728813559322,0.32216703704625105,0.3093581965728491,0.32497598459515675,"{""n_estimators"": 200, ""max_depth"": 7, ""learning_rate"": 0.05324450943656355, ""subsample"": 0.7112805182139856, ""colsample_bytree"": 0.6744097068436946, ""min_child_weight"": 7, ""gamma"": 4.464968626597351, ""reg_lambda"": 0.09987389453476204}",affective_only_no_exercise,none,all_modalities,xgboost
15,0.3897364771151179,0.3376699378829927,0.30805195186463896,0.32707078246042237,"{""n_estimators"": 250, ""max_depth"": 2, ""learning_rate"": 0.01191006459389571, ""subsample"": 0.794627800044407, ""colsample_bytree"": 0.5843101690074063, ""min_child_weight"": 1, ""gamma"": 4.052087305171981, ""reg_lambda"": 1.4699985995094793}",affective_only_no_exercise,none,all_modalities,xgboost
16,0.4669312169312169,0.368840130658288,0.3577728875528034,0.3340132724960921,"{""n_estimators"": 200, ""max_depth"": 6, ""learning_rate"": 0.06129951115036226, ""subsample"": 0.6708968310302865, ""colsample_bytree"": 0.617651896298084, ""min_child_weight"": 2, ""gamma"": 3.9069656652986007, ""reg_lambda"": 0.020526972415027392}",affective_only_no_exercise,none,all_modalities,xgboost
17,0.3688029020556227,0.25467041982850547,0.24359957920014055,0.35562317513923647,"{""n_estimators"": 150, ""max_depth"": 4, ""learning_rate"": 0.02049693974452459, ""subsample"": 0.6209443158243034, ""colsample_bytree"": 0.5741409249340893, ""min_child_weight"": 2, ""gamma"": 2.3357917412537836, ""reg_lambda"": 0.08056350757197923}",affective_only_no_exercise,none,all_modalities,xgboost
18,0.37275064267352187,0.2709149592683729,0.2521885807425613,0.36349134552916135,"{""n_estimators"": 200, ""max_depth"": 6, ""learning_rate"": 0.08636437647787443, ""subsample"": 0.6122658178150445, ""colsample_bytree"": 0.9571605426285409, ""min_child_weight"": 8, ""gamma"": 4.0228834330555365, ""reg_lambda"": 0.178994967962419}",affective_only_no_exercise,none,all_modalities,xgboost
19,0.459727385377943,0.3319958982288355,0.31886298011616665,0.33375990972304503,"{""n_estimators"": 500, ""max_depth"": 6, ""learning_rate"": 0.026750982538787875, ""subsample"": 0.798657056710966, ""colsample_bytree"": 0.8280404215434379, ""min_child_weight"": 1, ""gamma"": 3.05139904843838, ""reg_lambda"": 1.560320976378852}",affective_only_no_exercise,none,all_modalities,xgboost
0,0.3926218708827404,0.35224913824022297,0.3210312698277198,0.33013022449826696,"{""n_estimators"": 500, ""max_depth"": 14, ""min_samples_leaf"": 10, ""max_features"": ""sqrt""}",affective_only_no_exercise,none,all_modalities,random_forest
1,0.4690909090909091,0.3419477974285425,0.34773726321957965,0.3362673003199106,"{""n_estimators"": 400, ""max_depth"": 18, ""min_samples_leaf"": 10, ""max_features"": ""log2""}",affective_only_no_exercise,none,all_modalities,random_forest
2,0.4312267657992565,0.3262722146882917,0.31155371539557797,0.34433795985067706,"{""n_estimators"": 600, ""max_depth"": 11, ""min_samples_leaf"": 8, ""max_features"": 0.5}",affective_only_no_exercise,none,all_modalities,random_forest
3,0.44144144144144143,0.38964204235023786,0.3544696318891037,0.3441512870198898,"{""n_estimators"": 600, ""max_depth"": 6, ""min_samples_leaf"": 7, ""max_features"": 0.5}",affective_only_no_exercise,none,all_modalities,random_forest
4,0.40720961281708945,0.3120087222572039,0.3033144861014937,0.3522456856586833,"{""n_estimators"": 200, ""max_depth"": 16, ""min_samples_leaf"": 9, ""max_features"": ""sqrt""}",affective_only_no_exercise,none,all_modalities,random_forest
5,0.4672330097087379,0.34210490200516513,0.3357103042027194,0.3621795444162698,"{""n_estimators"": 200, ""max_depth"": 11, ""min_samples_leaf"": 8, ""max_features"": ""log2""}",affective_only_no_exercise,none,all_modalities,random_forest
6,0.5333333333333333,0.37103191520174933,0.3619275092233469,0.33959827827616046,"{""n_estimators"": 200, ""max_depth"": 14, ""min_samples_leaf"": 4, ""max_features"": ""log2""}",affective_only_no_exercise,none,all_modalities,random_forest
7,0.3907766990291262,0.30163707124491435,0.27571931284008233,0.37391000641160116,"{""n_estimators"": 300, ""max_depth"": 13, ""min_samples_leaf"": 1, ""max_features"": ""sqrt""}",affective_only_no_exercise,none,all_modalities,random_forest
8,0.33379310344827584,0.2672005876841398,0.25428687940158945,0.3677258652093687,"{""n_estimators"": 200, ""max_depth"": 8, ""min_samples_leaf"": 1, ""max_features"": ""sqrt""}",affective_only_no_exercise,none,all_modalities,random_forest
9,0.4470108695652174,0.3298578425222586,0.3326399836122771,0.3546726924220267,"{""n_estimators"": 600, ""max_depth"": 17, ""min_samples_leaf"": 9, ""max_features"": ""log2""}",affective_only_no_exercise,none,all_modalities,random_forest
10,0.4620253164556962,0.3443623580734345,0.33735387542306144,0.31773503766188954,"{""n_estimators"": 400, ""max_depth"": 7, ""min_samples_leaf"": 10, ""max_features"": 0.5}",affective_only_no_exercise,none,all_modalities,random_forest
11,0.3796178343949045,0.2878908168052861,0.2769004302269925,0.3579632332938971,"{""n_estimators"": 200, ""max_depth"": 18, ""min_samples_leaf"": 10, ""max_features"": ""sqrt""}",affective_only_no_exercise,none,all_modalities,random_forest
12,0.43564356435643564,0.35885840646414835,0.33699670542281873,0.38451111223857376,"{""n_estimators"": 600, ""max_depth"": 7, ""min_samples_leaf"": 3, ""max_features"": ""sqrt""}",affective_only_no_exercise,none,all_modalities,random_forest
13,0.4178935447338618,0.34574034932027575,0.32900545221914745,0.33189679768890046,"{""n_estimators"": 600, ""max_depth"": 4, ""min_samples_leaf"": 9, ""max_features"": 0.5}",affective_only_no_exercise,none,all_modalities,random_forest
14,0.45883777239709445,0.35901336761792657,0.33779448244408833,0.2858078930039442,"{""n_estimators"": 500, ""max_depth"": 7, ""min_samples_leaf"": 8, ""max_features"": ""sqrt""}",affective_only_no_exercise,none,all_modalities,random_forest
15,0.44244105409153955,0.33683415587806675,0.3309685829974378,0.34598940252229343,"{""n_estimators"": 500, ""max_depth"": 10, ""min_samples_leaf"": 10, ""max_features"": 0.5}",affective_only_no_exercise,none,all_modalities,random_forest
16,0.421957671957672,0.32380850773553316,0.31283346001619505,0.33878974597798034,"{""n_estimators"": 300, ""max_depth"": 8, ""min_samples_leaf"": 10, ""max_features"": ""sqrt""}",affective_only_no_exercise,none,all_modalities,random_forest
17,0.39298669891172916,0.2913247491109022,0.2921906719422045,0.3545217607577047,"{""n_estimators"": 600, ""max_depth"": 9, ""min_samples_leaf"": 10, ""max_features"": ""sqrt""}",affective_only_no_exercise,none,all_modalities,random_forest
18,0.43958868894601544,0.29868666163846885,0.2910161565085049,0.34230203089801003,"{""n_estimators"": 200, ""max_depth"": 9, ""min_samples_leaf"": 10, ""max_features"": ""log2""}",affective_only_no_exercise,none,all_modalities,random_forest
19,0.48203221809169766,0.3343817613569013,0.32871252863965383,0.362198617662632,"{""n_estimators"": 500, ""max_depth"": 11, ""min_samples_leaf"": 1, ""max_features"": ""sqrt""}",affective_only_no_exercise,none,all_modalities,random_forest
0,0.39789196310935443,0.2899088302202786,0.28828826754244424,0.3201450501525204,"{""layers"": ""64"", ""alpha"": 5.9008583321750184e-05, ""learning_rate_init"": 0.0007133514857924172}",affective_only_no_exercise,none,all_modalities,mlp
1,0.4193939393939394,0.287014960246775,0.2808143583871105,0.319743731617584,"{""layers"": ""128-64"", ""alpha"": 5.508552438581272e-05, ""learning_rate_init"": 0.0005553040065491651}",affective_only_no_exercise,none,all_modalities,mlp
2,0.4163568773234201,0.3020118898434544,0.2906509906688354,0.32028919659149857,"{""layers"": ""64-32"", ""alpha"": 5.234370456035038e-05, ""learning_rate_init"": 0.0010568271386316413}",affective_only_no_exercise,none,all_modalities,mlp
3,0.39253539253539255,0.3011329917464713,0.2903336280802837,0.3133993423808948,"{""layers"": ""32"", ""alpha"": 5.520125156683577e-05, ""learning_rate_init"": 0.005841496307524777}",affective_only_no_exercise,none,all_modalities,mlp
4,0.4819759679572764,0.3370062428348105,0.3305168472664104,0.35994254605283066,"{""layers"": ""64"", ""alpha"": 0.002221751594172286, ""learning_rate_init"": 0.003008770615431874}",affective_only_no_exercise,none,all_modalities,mlp
5,0.4696601941747573,0.32206898330731176,0.3202791342505312,0.3412172323090625,"{""layers"": ""32"", ""alpha"": 1.313313054126765e-05, ""learning_rate_init"": 0.006911967524958668}",affective_only_no_exercise,none,all_modalities,mlp
6,0.5006289308176101,0.32690581866392254,0.30686486490484965,0.32125158882340793,"{""layers"": ""64"", ""alpha"": 0.0005116943707161365, ""learning_rate_init"": 0.0028289247691428722}",affective_only_no_exercise,none,all_modalities,mlp
7,0.4429611650485437,0.3028714802282987,0.29473016580356526,0.31962507513105853,"{""layers"": ""128-64"", ""alpha"": 0.09066699725328538, ""learning_rate_init"": 0.0002320873027765929}",affective_only_no_exercise,none,all_modalities,mlp
8,0.44,0.33820144779950145,0.3188300898292249,0.34161759413237,"{""layers"": ""128-64"", ""alpha"": 2.3711710445153164e-05, ""learning_rate_init"": 0.00018053126143708273}",affective_only_no_exercise,none,all_modalities,mlp
9,0.4361413043478261,0.28700225744057495,0.29375504866491414,0.29622851305927245,"{""layers"": ""128-64"", ""alpha"": 0.003287079234869581, ""learning_rate_init"": 0.005310031924957254}",affective_only_no_exercise,none,all_modalities,mlp
10,0.44556962025316454,0.2658401193378785,0.25863381716423844,0.31630081751785916,"{""layers"": ""128-64"", ""alpha"": 0.002740174703764188, ""learning_rate_init"": 0.00011940984215716705}",affective_only_no_exercise,none,all_modalities,mlp
11,0.4624203821656051,0.31873758665695745,0.3043818812923468,0.30603837746838086,"{""layers"": ""64"", ""alpha"": 0.07362629093201377, ""learning_rate_init"": 0.0006871158755589487}",affective_only_no_exercise,none,all_modalities,mlp
12,0.45792079207920794,0.3391449062826976,0.3383511938759051,0.32607485451666346,"{""layers"": ""64-32"", ""alpha"": 0.0007947279799768043, ""learning_rate_init"": 0.0020235700362002166}",affective_only_no_exercise,none,all_modalities,mlp
13,0.4360135900339751,0.28438554533081895,0.2713204086349355,0.31526435912408385,"{""layers"": ""64"", ""alpha"": 0.001115552023182531, ""learning_rate_init"": 0.005283757685216181}",affective_only_no_exercise,none,all_modalities,mlp
14,0.4491525423728814,0.3231508996742823,0.31404727255789233,0.3110154821372712,"{""layers"": ""32"", ""alpha"": 0.0008876783268955754, ""learning_rate_init"": 0.0017584152513187695}",affective_only_no_exercise,none,all_modalities,mlp
15,0.42718446601941745,0.32466823007225293,0.3125051606789095,0.30377331359090626,"{""layers"": ""64"", ""alpha"": 0.0007083989976068815, ""learning_rate_init"": 0.0010185085873943359}",affective_only_no_exercise,none,all_modalities,mlp
16,0.5092592592592593,0.349035535575969,0.3369423214825679,0.29915480236537945,"{""layers"": ""64-32"", ""alpha"": 0.003874718700428744, ""learning_rate_init"": 0.0002862442365942429}",affective_only_no_exercise,none,all_modalities,mlp
17,0.37726723095526,0.21576896208870627,0.21119631762892416,0.3283871449656458,"{""layers"": ""64-32"", ""alpha"": 1.3562344791659055e-05, ""learning_rate_init"": 0.0007547992594820615}",affective_only_no_exercise,none,all_modalities,mlp
18,0.4524421593830334,0.29819964875185756,0.301517716570631,0.32884100455825266,"{""layers"": ""64-32"", ""alpha"": 9.986879878795535e-05, ""learning_rate_init"": 0.00043942601974251755}",affective_only_no_exercise,none,all_modalities,mlp
19,0.43742255266418834,0.30667065927061093,0.29710983020374293,0.31348751984150564,"{""layers"": ""64"", ""alpha"": 0.00915046679533632, ""learning_rate_init"": 0.006347245472929317}",affective_only_no_exercise,none,all_modalities,mlp
0,0.28063241106719367,0.2196036840449432,0.20326329115816302,0.24240506208025359,"{""n_estimators"": 100, ""max_depth"": 5, ""learning_rate"": 0.03784963444241813, ""subsample"": 0.9050822331510575, ""colsample_bytree"": 0.9638868511936142, ""min_child_weight"": 7, ""gamma"": 4.576709577545464, ""reg_lambda"": 5.780535437667758}",affective_only_no_exercise,none,physiology_only,xgboost
1,0.3890909090909091,0.25217238817373056,0.2537998692939775,0.250914785574222,"{""n_estimators"": 600, ""max_depth"": 7, ""learning_rate"": 0.017603443835970137, ""subsample"": 0.6395990826833643, ""colsample_bytree"": 0.6652042491593598, ""min_child_weight"": 7, ""gamma"": 1.0455141902041234, ""reg_lambda"": 0.016065704747086088}",affective_only_no_exercise,none,physiology_only,xgboost
2,0.3159851301115242,0.2757977936427443,0.2468367650539891,0.23908083697255178,"{""n_estimators"": 100, ""max_depth"": 2, ""learning_rate"": 0.054116180797218735, ""subsample"": 0.6515447219013715, ""colsample_bytree"": 0.7659047479079221, ""min_child_weight"": 3, ""gamma"": 1.2022396415836298, ""reg_lambda"": 9.361343964434855}",affective_only_no_exercise,none,physiology_only,xgboost
3,0.26640926640926643,0.19507630653926775,0.19376959396694204,0.26354083221251196,"{""n_estimators"": 100, ""max_depth"": 4, ""learning_rate"": 0.012278926405014353, ""subsample"": 0.7926241236415721, ""colsample_bytree"": 0.7736554011123183, ""min_child_weight"": 1, ""gamma"": 3.2796911342203585, ""reg_lambda"": 0.4496404529012125}",affective_only_no_exercise,none,physiology_only,xgboost
4,0.2416555407209613,0.20623057576996487,0.1830551412902757,0.2727086762738146,"{""n_estimators"": 500, ""max_depth"": 5, ""learning_rate"": 0.0848823139413689, ""subsample"": 0.7103501859569744, ""colsample_bytree"": 0.9000555013317847, ""min_child_weight"": 2, ""gamma"": 3.29125937203572, ""reg_lambda"": 0.19772679062874676}",affective_only_no_exercise,none,physiology_only,xgboost
5,0.41140776699029125,0.2877559252680776,0.2762543181835286,0.2565065213404139,"{""n_estimators"": 250, ""max_depth"": 3, ""learning_rate"": 0.11906123280275505, ""subsample"": 0.7322217348779202, ""colsample_bytree"": 0.8546116607531212, ""min_child_weight"": 4, ""gamma"": 2.9449256224906755, ""reg_lambda"": 8.711526688988277}",affective_only_no_exercise,none,physiology_only,xgboost
6,0.3371069182389937,0.25503718072086784,0.23440471387914485,0.2553853624604178,"{""n_estimators"": 500, ""max_depth"": 3, ""learning_rate"": 0.2205670812426014, ""subsample"": 0.8237850652339521, ""colsample_bytree"": 0.837593011580255, ""min_child_weight"": 8, ""gamma"": 4.669797897029289, ""reg_lambda"": 0.07221796070793877}",affective_only_no_exercise,none,physiology_only,xgboost
7,0.2912621359223301,0.2227088675451919,0.21325723247452957,0.27848521835615947,"{""n_estimators"": 500, ""max_depth"": 4, ""learning_rate"": 0.16148878673592637, ""subsample"": 0.7135254233901369, ""colsample_bytree"": 0.7485403592150014, ""min_child_weight"": 10, ""gamma"": 2.3092978513593625, ""reg_lambda"": 0.7826627940817201}",affective_only_no_exercise,none,physiology_only,xgboost
8,0.3062068965517241,0.24885969883097628,0.21687096073985065,0.29266807236843456,"{""n_estimators"": 150, ""max_depth"": 6, ""learning_rate"": 0.06265682084838813, ""subsample"": 0.6407562542452855, ""colsample_bytree"": 0.7541182462310678, ""min_child_weight"": 8, ""gamma"": 4.1900953706348, ""reg_lambda"": 0.20820358264986152}",affective_only_no_exercise,none,physiology_only,xgboost
9,0.34646739130434784,0.2948946250609208,0.27621084806992063,0.2654471209250922,"{""n_estimators"": 600, ""max_depth"": 7, ""learning_rate"": 0.2834920252912139, ""subsample"": 0.6678545030335068, ""colsample_bytree"": 0.7605423557298987, ""min_child_weight"": 10, ""gamma"": 3.247702315802381, ""reg_lambda"": 3.8238052899418586}",affective_only_no_exercise,none,physiology_only,xgboost
10,0.31265822784810127,0.24143626301028032,0.24085482479809295,0.271061452298692,"{""n_estimators"": 350, ""max_depth"": 2, ""learning_rate"": 0.07528548077794138, ""subsample"": 0.6337632535639237, ""colsample_bytree"": 0.8544484524851749, ""min_child_weight"": 2, ""gamma"": 3.244731570067705, ""reg_lambda"": 0.4990486588544862}",affective_only_no_exercise,none,physiology_only,xgboost
11,0.32993630573248406,0.2608556967274527,0.24506097528033743,0.25976645366591894,"{""n_estimators"": 600, ""max_depth"": 7, ""learning_rate"": 0.13238580849862674, ""subsample"": 0.6086812975305266, ""colsample_bytree"": 0.9719706823755766, ""min_child_weight"": 9, ""gamma"": 0.09287774721288772, ""reg_lambda"": 6.992553674255313}",affective_only_no_exercise,none,physiology_only,xgboost
12,0.35767326732673266,0.26883700087776696,0.26032168342956624,0.2875545993067093,"{""n_estimators"": 600, ""max_depth"": 4, ""learning_rate"": 0.01866749663887969, ""subsample"": 0.6579903284562427, ""colsample_bytree"": 0.8635480893115239, ""min_child_weight"": 10, ""gamma"": 1.720779628039764, ""reg_lambda"": 0.34016620836434125}",affective_only_no_exercise,none,physiology_only,xgboost
13,0.37712344280860705,0.24104994631708884,0.2432982428941336,0.2869951475576789,"{""n_estimators"": 400, ""max_depth"": 7, ""learning_rate"": 0.03076182212613341, ""subsample"": 0.7456611230593777, ""colsample_bytree"": 0.8056128695118621, ""min_child_weight"": 2, ""gamma"": 4.843918181318679, ""reg_lambda"": 0.02535763554271872}",affective_only_no_exercise,none,physiology_only,xgboost
14,0.28329297820823246,0.22898028475293872,0.22820408763634756,0.27654163036173013,"{""n_estimators"": 150, ""max_depth"": 7, ""learning_rate"": 0.0185802806180684, ""subsample"": 0.6310781547997683, ""colsample_bytree"": 0.8846443980395637, ""min_child_weight"": 10, ""gamma"": 0.7335494386343787, ""reg_lambda"": 0.01702480822308218}",affective_only_no_exercise,none,physiology_only,xgboost
15,0.2621359223300971,0.2294441529099586,0.2056811137849009,0.2660353856508865,"{""n_estimators"": 150, ""max_depth"": 2, ""learning_rate"": 0.22693984324001948, ""subsample"": 0.8546264856911495, ""colsample_bytree"": 0.6098810186685674, ""min_child_weight"": 6, ""gamma"": 4.603998351736, ""reg_lambda"": 4.236408456124887}",affective_only_no_exercise,none,physiology_only,xgboost
16,0.2923280423280423,0.24638627894358742,0.23547511645409813,0.27242133887102016,"{""n_estimators"": 150, ""max_depth"": 2, ""learning_rate"": 0.10997815036766494, ""subsample"": 0.6906733927199458, ""colsample_bytree"": 0.5476150244354876, ""min_child_weight"": 4, ""gamma"": 4.1899990702631635, ""reg_lambda"": 1.2142391996647623}",affective_only_no_exercise,none,physiology_only,xgboost
17,0.27327690447400244,0.20668682110374176,0.1971819744845599,0.28472497002585867,"{""n_estimators"": 100, ""max_depth"": 4, ""learning_rate"": 0.012316670675175194, ""subsample"": 0.7055566917250818, ""colsample_bytree"": 0.6017884535550792, ""min_child_weight"": 1, ""gamma"": 2.6032475052648545, ""reg_lambda"": 0.05299633378276856}",affective_only_no_exercise,none,physiology_only,xgboost
18,0.3393316195372751,0.2784864827033502,0.2525781157479527,0.26901392175140953,"{""n_estimators"": 550, ""max_depth"": 7, ""learning_rate"": 0.10115156922756095, ""subsample"": 0.7398232708806457, ""colsample_bytree"": 0.9868398200164538, ""min_child_weight"": 9, ""gamma"": 3.805673241272588, ""reg_lambda"": 0.027487843944979412}",affective_only_no_exercise,none,physiology_only,xgboost
19,0.3506815365551425,0.27491359301800505,0.27916545382044267,0.24635518077428062,"{""n_estimators"": 500, ""max_depth"": 4, ""learning_rate"": 0.04725439388967312, ""subsample"": 0.6437827076906948, ""colsample_bytree"": 0.976123874019561, ""min_child_weight"": 3, ""gamma"": 4.46812579473915, ""reg_lambda"": 9.084503416297474}",affective_only_no_exercise,none,physiology_only,xgboost
0,0.25823451910408435,0.2205372190939581,0.18912489752878317,0.2531179526368295,"{""n_estimators"": 500, ""max_depth"": 3, ""min_samples_leaf"": 9, ""max_features"": ""sqrt""}",affective_only_no_exercise,none,physiology_only,random_forest
1,0.3490909090909091,0.23994401780919106,0.24744759014034953,0.25355793219616984,"{""n_estimators"": 400, ""max_depth"": 11, ""min_samples_leaf"": 2, ""max_features"": 0.5}",affective_only_no_exercise,none,physiology_only,random_forest
2,0.19454770755885997,0.18712044600229025,0.13394400633220427,0.20698324601419746,"{""n_estimators"": 400, ""max_depth"": 3, ""min_samples_leaf"": 1, ""max_features"": ""log2""}",affective_only_no_exercise,none,physiology_only,random_forest
3,0.24195624195624196,0.21656949362781674,0.1877236531404895,0.24670476937362726,"{""n_estimators"": 600, ""max_depth"": 4, ""min_samples_leaf"": 5, ""max_features"": ""log2""}",affective_only_no_exercise,none,physiology_only,random_forest
4,0.3097463284379172,0.24570394783964852,0.22544694959876033,0.2756801885327626,"{""n_estimators"": 200, ""max_depth"": 20, ""min_samples_leaf"": 5, ""max_features"": 0.5}",affective_only_no_exercise,none,physiology_only,random_forest
5,0.33980582524271846,0.23921402065891245,0.23775403081544175,0.25597096154930243,"{""n_estimators"": 500, ""max_depth"": 20, ""min_samples_leaf"": 9, ""max_features"": ""sqrt""}",affective_only_no_exercise,none,physiology_only,random_forest
6,0.27672955974842767,0.2297385585109397,0.21281264392935353,0.25565362194586255,"{""n_estimators"": 500, ""max_depth"": 4, ""min_samples_leaf"": 6, ""max_features"": 0.5}",affective_only_no_exercise,none,physiology_only,random_forest
7,0.316747572815534,0.22614651932947044,0.22254011635848364,0.24780207760092743,"{""n_estimators"": 600, ""max_depth"": 20, ""min_samples_leaf"": 1, ""max_features"": ""log2""}",affective_only_no_exercise,none,physiology_only,random_forest
8,0.2786206896551724,0.22375083617586192,0.17885384074200025,0.26691593111908785,"{""n_estimators"": 400, ""max_depth"": 10, ""min_samples_leaf"": 6, ""max_features"": ""log2""}",affective_only_no_exercise,none,physiology_only,random_forest
9,0.29483695652173914,0.2445929751291074,0.22042845744180264,0.24170515999376296,"{""n_estimators"": 500, ""max_depth"": 13, ""min_samples_leaf"": 4, ""max_features"": ""log2""}",affective_only_no_exercise,none,physiology_only,random_forest
10,0.3189873417721519,0.22379747067680272,0.22288047224606367,0.2494925834811116,"{""n_estimators"": 600, ""max_depth"": 20, ""min_samples_leaf"": 3, ""max_features"": 0.5}",affective_only_no_exercise,none,physiology_only,random_forest
11,0.3159235668789809,0.28183896878173365,0.26789128955778924,0.24041486854613567,"{""n_estimators"": 600, ""max_depth"": 10, ""min_samples_leaf"": 10, ""max_features"": ""sqrt""}",affective_only_no_exercise,none,physiology_only,random_forest
12,0.400990099009901,0.29092930455015964,0.27068870753307794,0.2629503410740482,"{""n_estimators"": 400, ""max_depth"": 15, ""min_samples_leaf"": 1, ""max_features"": ""log2""}",affective_only_no_exercise,none,physiology_only,random_forest
13,0.3827859569648924,0.2605099444489451,0.25817855489346786,0.25755295418343255,"{""n_estimators"": 400, ""max_depth"": 10, ""min_samples_leaf"": 7, ""max_features"": ""sqrt""}",affective_only_no_exercise,none,physiology_only,random_forest
14,0.2397094430992736,0.1804195418426512,0.17925578295337813,0.2604536217560387,"{""n_estimators"": 600, ""max_depth"": 20, ""min_samples_leaf"": 1, ""max_features"": 0.5}",affective_only_no_exercise,none,physiology_only,random_forest
15,0.2510402219140083,0.19914280525859063,0.18838836557835995,0.2454566735686082,"{""n_estimators"": 600, ""max_depth"": 16, ""min_samples_leaf"": 10, ""max_features"": 0.5}",affective_only_no_exercise,none,physiology_only,random_forest
16,0.3412698412698413,0.25248841737394295,0.24137818302313846,0.23646963579214866,"{""n_estimators"": 600, ""max_depth"": 17, ""min_samples_leaf"": 1, ""max_features"": ""sqrt""}",affective_only_no_exercise,none,physiology_only,random_forest
17,0.2623941958887545,0.19888608425182566,0.18831163720126728,0.27150707477603236,"{""n_estimators"": 300, ""max_depth"": 19, ""min_samples_leaf"": 6, ""max_features"": ""log2""}",affective_only_no_exercise,none,physiology_only,random_forest
18,0.2686375321336761,0.24607247036965912,0.20397406477432922,0.2458731917517656,"{""n_estimators"": 600, ""max_depth"": 4, ""min_samples_leaf"": 4, ""max_features"": ""log2""}",affective_only_no_exercise,none,physiology_only,random_forest
19,0.34572490706319703,0.23832236512010635,0.24120859111292559,0.25239247591635566,"{""n_estimators"": 600, ""max_depth"": 15, ""min_samples_leaf"": 6, ""max_features"": ""sqrt""}",affective_only_no_exercise,none,physiology_only,random_forest
0,0.3333333333333333,0.23416058633910067,0.2213633565512202,0.2259285527890386,"{""layers"": ""64"", ""alpha"": 0.00438426752213437, ""learning_rate_init"": 0.009850556428874096}",affective_only_no_exercise,none,physiology_only,mlp
1,0.3503030303030303,0.20095471221824102,0.1904901763561446,0.25427962409406385,"{""layers"": ""128-64"", ""alpha"": 0.07993645204789136, ""learning_rate_init"": 0.0020432250129187074}",affective_only_no_exercise,none,physiology_only,mlp
2,0.36059479553903345,0.23649645945163222,0.2303522225100105,0.19895970891686385,"{""layers"": ""64-32"", ""alpha"": 0.00883925575848589, ""learning_rate_init"": 0.0023585007665770474}",affective_only_no_exercise,none,physiology_only,mlp
3,0.35263835263835264,0.2098025290119691,0.20051666700755966,0.24173941018611686,"{""layers"": ""64"", ""alpha"": 2.0120834611893256e-05, ""learning_rate_init"": 0.006847774964683741}",affective_only_no_exercise,none,physiology_only,mlp
4,0.369826435246996,0.24569405573860953,0.23820198377095567,0.2461603956068511,"{""layers"": ""64"", ""alpha"": 6.43294313861836e-05, ""learning_rate_init"": 0.0032903400059406417}",affective_only_no_exercise,none,physiology_only,mlp
5,0.4393203883495146,0.2700248880503127,0.2693457560685065,0.22355152958057167,"{""layers"": ""128-64"", ""alpha"": 4.521760264447161e-05, ""learning_rate_init"": 0.004567785181076475}",affective_only_no_exercise,none,physiology_only,mlp
6,0.39622641509433965,0.2627697297125008,0.25296722301317043,0.22879880740531278,"{""layers"": ""128-64"", ""alpha"": 0.004747183043565741, ""learning_rate_init"": 0.009489225326122026}",affective_only_no_exercise,none,physiology_only,mlp
7,0.35072815533980584,0.21180869066379204,0.21369801687274106,0.23794135767071145,"{""layers"": ""128-64"", ""alpha"": 0.0006065970987101725, ""learning_rate_init"": 0.002923690143545604}",affective_only_no_exercise,none,physiology_only,mlp
8,0.32689655172413795,0.22340545431156547,0.2045481278555813,0.2458180650413625,"{""layers"": ""64"", ""alpha"": 2.7749552014549554e-05, ""learning_rate_init"": 0.007153838532300999}",affective_only_no_exercise,none,physiology_only,mlp
9,0.32472826086956524,0.20975489975677744,0.20517205698202876,0.24773476241812886,"{""layers"": ""32"", ""alpha"": 0.0023804653157158363, ""learning_rate_init"": 0.0033676076002419576}",affective_only_no_exercise,none,physiology_only,mlp
10,0.33164556962025316,0.21234254593807547,0.2049962813217014,0.23949326414704739,"{""layers"": ""32"", ""alpha"": 0.0011151603240400953, ""learning_rate_init"": 0.009513081606743669}",affective_only_no_exercise,none,physiology_only,mlp
11,0.38598726114649684,0.26954535048709494,0.25257197081407745,0.22041656079557245,"{""layers"": ""64-32"", ""alpha"": 0.03968908565583252, ""learning_rate_init"": 0.0021290700336009786}",affective_only_no_exercise,none,physiology_only,mlp
12,0.40965346534653463,0.27194837033734887,0.272413226529703,0.23708090045850572,"{""layers"": ""64-32"", ""alpha"": 5.537289242376491e-05, ""learning_rate_init"": 0.0008535831224634242}",affective_only_no_exercise,none,physiology_only,mlp
13,0.37032842582106457,0.22441720945938984,0.22419821663955009,0.24054490821429445,"{""layers"": ""128-64"", ""alpha"": 0.0005165664546406485, ""learning_rate_init"": 0.004891874491605003}",affective_only_no_exercise,none,physiology_only,mlp
14,0.34261501210653755,0.23399491984007204,0.22645819123084798,0.23325503372475295,"{""layers"": ""64"", ""alpha"": 0.0002549798659102783, ""learning_rate_init"": 0.002689201425844556}",affective_only_no_exercise,none,physiology_only,mlp
15,0.3120665742024965,0.2024142111560914,0.19081373053677117,0.25062428973886225,"{""layers"": ""64"", ""alpha"": 0.0009392762371883886, ""learning_rate_init"": 0.005609309181639629}",affective_only_no_exercise,none,physiology_only,mlp
16,0.35185185185185186,0.23132815442888757,0.22806340334104133,0.23295345543783882,"{""layers"": ""128-64"", ""alpha"": 0.0371440447440608, ""learning_rate_init"": 0.0050809605658780335}",affective_only_no_exercise,none,physiology_only,mlp
17,0.3083434099153567,0.19586067540363503,0.18120500125863884,0.232348572980311,"{""layers"": ""64"", ""alpha"": 2.28419755916667e-05, ""learning_rate_init"": 0.009101511982338767}",affective_only_no_exercise,none,physiology_only,mlp
18,0.36118251928020567,0.22200521829035885,0.21761381511291497,0.248877672447162,"{""layers"": ""64"", ""alpha"": 2.6745618813047396e-05, ""learning_rate_init"": 0.0024595081830620104}",affective_only_no_exercise,none,physiology_only,mlp
19,0.33209417596034696,0.20560905971263446,0.20481078728268293,0.2513299441102575,"{""layers"": ""128-64"", ""alpha"": 0.00014038540449705527, ""learning_rate_init"": 0.002622721132943956}",affective_only_no_exercise,none,physiology_only,mlp
0,0.37417654808959155,0.3038315642746244,0.28903005687048045,0.35256975717816436,"{""n_estimators"": 150, ""max_depth"": 7, ""learning_rate"": 0.014903950513533812, ""subsample"": 0.9401156934424096, ""colsample_bytree"": 0.7315634732723851, ""min_child_weight"": 2, ""gamma"": 0.8570158368094416, ""reg_lambda"": 5.685379903462635}",affective_only_no_exercise,none,acc_only,xgboost
1,0.4993939393939394,0.34572708725322193,0.3400780316534231,0.32500260206296977,"{""n_estimators"": 200, ""max_depth"": 8, ""learning_rate"": 0.010586815146520382, ""subsample"": 0.7567876219245152, ""colsample_bytree"": 0.5185931627355796, ""min_child_weight"": 2, ""gamma"": 1.2141260652580956, ""reg_lambda"": 0.016797915072648266}",affective_only_no_exercise,none,acc_only,xgboost
2,0.4510532837670384,0.30970923535407613,0.31818194821186,0.33414408182961014,"{""n_estimators"": 150, ""max_depth"": 5, ""learning_rate"": 0.017598909288762225, ""subsample"": 0.9713893355880712, ""colsample_bytree"": 0.6152010563630889, ""min_child_weight"": 4, ""gamma"": 0.8962497391311065, ""reg_lambda"": 0.016401606831047515}",affective_only_no_exercise,none,acc_only,xgboost
3,0.40540540540540543,0.30266959578173613,0.30049295821173094,0.33829465825278615,"{""n_estimators"": 100, ""max_depth"": 5, ""learning_rate"": 0.023493845831232645, ""subsample"": 0.6074293490168253, ""colsample_bytree"": 0.7021515385704014, ""min_child_weight"": 2, ""gamma"": 1.2213462763974716, ""reg_lambda"": 0.3238895400487861}",affective_only_no_exercise,none,acc_only,xgboost
4,0.40720961281708945,0.31014130564602704,0.3022611085904201,0.32746793511038674,"{""n_estimators"": 500, ""max_depth"": 4, ""learning_rate"": 0.17748359366297853, ""subsample"": 0.7044258893444745, ""colsample_bytree"": 0.7173502726734985, ""min_child_weight"": 8, ""gamma"": 2.976309765266721, ""reg_lambda"": 0.013878970423207527}",affective_only_no_exercise,none,acc_only,xgboost
5,0.4563106796116505,0.3403281410804503,0.3302700677354864,0.3154325413802943,"{""n_estimators"": 400, ""max_depth"": 8, ""learning_rate"": 0.10250080922196374, ""subsample"": 0.8724507850259046, ""colsample_bytree"": 0.7897025799270422, ""min_child_weight"": 9, ""gamma"": 4.383819762484068, ""reg_lambda"": 5.185131247886768}",affective_only_no_exercise,none,acc_only,xgboost
6,0.410062893081761,0.3066583804841897,0.29514598102462375,0.34418514512186565,"{""n_estimators"": 350, ""max_depth"": 7, ""learning_rate"": 0.27492856323620585, ""subsample"": 0.6314798710387558, ""colsample_bytree"": 0.5635012910615388, ""min_child_weight"": 1, ""gamma"": 2.1233191362449952, ""reg_lambda"": 8.253169180442727}",affective_only_no_exercise,none,acc_only,xgboost
7,0.41019417475728154,0.2718759773636809,0.26941824650634244,0.3545279500447401,"{""n_estimators"": 150, ""max_depth"": 6, ""learning_rate"": 0.059500693253195305, ""subsample"": 0.8784641854067876, ""colsample_bytree"": 0.977734161501463, ""min_child_weight"": 7, ""gamma"": 0.2656434533647878, ""reg_lambda"": 0.08444191126273491}",affective_only_no_exercise,none,acc_only,xgboost
8,0.3489655172413793,0.2892070038195032,0.2848455320137125,0.34204478495767976,"{""n_estimators"": 100, ""max_depth"": 7, ""learning_rate"": 0.011191346169057068, ""subsample"": 0.9523615205353536, ""colsample_bytree"": 0.5176729510783783, ""min_child_weight"": 2, ""gamma"": 1.0639137410952155, ""reg_lambda"": 0.07771268889951143}",affective_only_no_exercise,none,acc_only,xgboost
9,0.4782608695652174,0.3377774376909716,0.3371304009103448,0.31911366231704014,"{""n_estimators"": 150, ""max_depth"": 7, ""learning_rate"": 0.010706905163082156, ""subsample"": 0.6764208012443866, ""colsample_bytree"": 0.565094058091269, ""min_child_weight"": 3, ""gamma"": 2.6577601591809996, ""reg_lambda"": 0.05546251743131023}",affective_only_no_exercise,none,acc_only,xgboost
10,0.5025316455696203,0.38314078008861036,0.38046367421944255,0.31898323176359394,"{""n_estimators"": 500, ""max_depth"": 5, ""learning_rate"": 0.05969222294597778, ""subsample"": 0.8549917775121016, ""colsample_bytree"": 0.8811717374502765, ""min_child_weight"": 2, ""gamma"": 1.6102918811299713, ""reg_lambda"": 0.6248881069470618}",affective_only_no_exercise,none,acc_only,xgboost
11,0.41273885350318473,0.30243745888532947,0.2906980780822823,0.3132682349800189,"{""n_estimators"": 500, ""max_depth"": 7, ""learning_rate"": 0.03597780765234679, ""subsample"": 0.6708165489520003, ""colsample_bytree"": 0.7674280106445903, ""min_child_weight"": 7, ""gamma"": 1.5003132745619499, ""reg_lambda"": 0.3736725280710034}",affective_only_no_exercise,none,acc_only,xgboost
12,0.42698019801980197,0.38329869175145304,0.3520381989087208,0.3053103289720804,"{""n_estimators"": 400, ""max_depth"": 8, ""learning_rate"": 0.012549085834741848, ""subsample"": 0.9666800334769031, ""colsample_bytree"": 0.5837471029243639, ""min_child_weight"": 7, ""gamma"": 2.366318934792933, ""reg_lambda"": 0.14444813596948722}",affective_only_no_exercise,none,acc_only,xgboost
13,0.49263873159682897,0.3493269854182681,0.3437599039522916,0.3357218381362568,"{""n_estimators"": 100, ""max_depth"": 7, ""learning_rate"": 0.01499028721744498, ""subsample"": 0.9439101853212508, ""colsample_bytree"": 0.5174119887529096, ""min_child_weight"": 1, ""gamma"": 0.6193161299428793, ""reg_lambda"": 0.2183646431474846}",affective_only_no_exercise,none,acc_only,xgboost
14,0.40799031476997577,0.3174450219981526,0.30106760056451803,0.32379328407127383,"{""n_estimators"": 200, ""max_depth"": 8, ""learning_rate"": 0.1643319889875827, ""subsample"": 0.6588489505921797, ""colsample_bytree"": 0.6271917258594926, ""min_child_weight"": 3, ""gamma"": 4.2713874316621325, ""reg_lambda"": 0.6212577726774672}",affective_only_no_exercise,none,acc_only,xgboost
15,0.37447988904299584,0.31235569278356573,0.2972742349068556,0.3183198233075637,"{""n_estimators"": 150, ""max_depth"": 3, ""learning_rate"": 0.015525784757149778, ""subsample"": 0.8654897477676947, ""colsample_bytree"": 0.5760478226091609, ""min_child_weight"": 6, ""gamma"": 0.2723033487096512, ""reg_lambda"": 0.03121977493327283}",affective_only_no_exercise,none,acc_only,xgboost
16,0.43915343915343913,0.3186388570211537,0.3148194386398326,0.3226745233063227,"{""n_estimators"": 600, ""max_depth"": 8, ""learning_rate"": 0.010795600830920352, ""subsample"": 0.6415350024901222, ""colsample_bytree"": 0.5335835516370244, ""min_child_weight"": 6, ""gamma"": 1.4014608963721005, ""reg_lambda"": 0.06029464845628618}",affective_only_no_exercise,none,acc_only,xgboost
17,0.34945586457073763,0.3028184123516216,0.28811568657805653,0.3525188941440067,"{""n_estimators"": 550, ""max_depth"": 8, ""learning_rate"": 0.17749957315892292, ""subsample"": 0.6821259993535063, ""colsample_bytree"": 0.6540401190159304, ""min_child_weight"": 3, ""gamma"": 3.335393790786731, ""reg_lambda"": 0.1530045298658063}",affective_only_no_exercise,none,acc_only,xgboost
18,0.39203084832904883,0.24996774324083562,0.2506782244785547,0.3556409028903922,"{""n_estimators"": 200, ""max_depth"": 8, ""learning_rate"": 0.050582065560694195, ""subsample"": 0.8666401391926256, ""colsample_bytree"": 0.6056560186257001, ""min_child_weight"": 9, ""gamma"": 1.5984306027871624, ""reg_lambda"": 0.0761742039031437}",affective_only_no_exercise,none,acc_only,xgboost
19,0.45229244114002476,0.31152268519107595,0.31040030875511804,0.3442050127029894,"{""n_estimators"": 300, ""max_depth"": 8, ""learning_rate"": 0.02563438421940292, ""subsample"": 0.9332538589318614, ""colsample_bytree"": 0.6563780706163151, ""min_child_weight"": 8, ""gamma"": 1.102113077356227, ""reg_lambda"": 1.9664684408646373}",affective_only_no_exercise,none,acc_only,xgboost
0,0.37417654808959155,0.31215916015000444,0.2944568750545546,0.34471766409249316,"{""n_estimators"": 200, ""max_depth"": 15, ""min_samples_leaf"": 6, ""max_features"": ""sqrt""}",affective_only_no_exercise,none,acc_only,random_forest
1,0.49696969696969695,0.36181001505273674,0.35695242961004187,0.3347859256745693,"{""n_estimators"": 300, ""max_depth"": 18, ""min_samples_leaf"": 4, ""max_features"": ""log2""}",affective_only_no_exercise,none,acc_only,random_forest
2,0.4138785625774473,0.2997244203250495,0.3011028500045351,0.3309328522585874,"{""n_estimators"": 300, ""max_depth"": 7, ""min_samples_leaf"": 1, ""max_features"": ""log2""}",affective_only_no_exercise,none,acc_only,random_forest
3,0.43243243243243246,0.33032038104193634,0.3237132287261961,0.3344856526913555,"{""n_estimators"": 200, ""max_depth"": 17, ""min_samples_leaf"": 10, ""max_features"": ""sqrt""}",affective_only_no_exercise,none,acc_only,random_forest
4,0.40720961281708945,0.3086079500208152,0.300197139628832,0.34466834603715607,"{""n_estimators"": 200, ""max_depth"": 20, ""min_samples_leaf"": 5, ""max_features"": ""sqrt""}",affective_only_no_exercise,none,acc_only,random_forest
5,0.5133495145631068,0.39961370430047644,0.38092370106488943,0.3422241571574836,"{""n_estimators"": 400, ""max_depth"": 15, ""min_samples_leaf"": 4, ""max_features"": ""log2""}",affective_only_no_exercise,none,acc_only,random_forest
6,0.46037735849056605,0.3298157866296492,0.3318595448955101,0.33594291655144254,"{""n_estimators"": 500, ""max_depth"": 15, ""min_samples_leaf"": 2, ""max_features"": ""sqrt""}",affective_only_no_exercise,none,acc_only,random_forest
7,0.4878640776699029,0.36436949814179237,0.35551275639218594,0.3516503615014847,"{""n_estimators"": 400, ""max_depth"": 20, ""min_samples_leaf"": 1, ""max_features"": ""log2""}",affective_only_no_exercise,none,acc_only,random_forest
8,0.4206896551724138,0.31935166113634356,0.3087770003883335,0.3461531713744903,"{""n_estimators"": 500, ""max_depth"": 20, ""min_samples_leaf"": 1, ""max_features"": ""sqrt""}",affective_only_no_exercise,none,acc_only,random_forest
9,0.5040760869565217,0.35435804170918167,0.35487587199431864,0.3279450501303288,"{""n_estimators"": 400, ""max_depth"": 15, ""min_samples_leaf"": 4, ""max_features"": ""log2""}",affective_only_no_exercise,none,acc_only,random_forest
10,0.5240506329113924,0.3433617688714375,0.34794508617588654,0.3205212064815891,"{""n_estimators"": 300, ""max_depth"": 18, ""min_samples_leaf"": 1, ""max_features"": ""log2""}",affective_only_no_exercise,none,acc_only,random_forest
11,0.2917197452229299,0.20581759072938657,0.23072467594495677,0.3422184313166867,"{""n_estimators"": 500, ""max_depth"": 4, ""min_samples_leaf"": 1, ""max_features"": ""sqrt""}",affective_only_no_exercise,none,acc_only,random_forest
12,0.3341584158415842,0.3192654489301254,0.269907889508344,0.313715870946112,"{""n_estimators"": 200, ""max_depth"": 3, ""min_samples_leaf"": 2, ""max_features"": ""log2""}",affective_only_no_exercise,none,acc_only,random_forest
13,0.4609286523216308,0.33118295936812053,0.3218202282292099,0.336479490939189,"{""n_estimators"": 200, ""max_depth"": 7, ""min_samples_leaf"": 8, ""max_features"": 0.5}",affective_only_no_exercise,none,acc_only,random_forest
14,0.4612590799031477,0.34165833569399984,0.3362014196049476,0.3273860614999838,"{""n_estimators"": 200, ""max_depth"": 15, ""min_samples_leaf"": 10, ""max_features"": ""sqrt""}",affective_only_no_exercise,none,acc_only,random_forest
15,0.420249653259362,0.35024893256171913,0.3348103569163572,0.3419182561154017,"{""n_estimators"": 500, ""max_depth"": 10, ""min_samples_leaf"": 8, ""max_features"": ""log2""}",affective_only_no_exercise,none,acc_only,random_forest
16,0.40476190476190477,0.30047960571214544,0.3009259300381602,0.34340531451990824,"{""n_estimators"": 300, ""max_depth"": 10, ""min_samples_leaf"": 6, ""max_features"": ""sqrt""}",affective_only_no_exercise,none,acc_only,random_forest
17,0.4280532043530834,0.2831206713348183,0.277185943824439,0.34758918266693356,"{""n_estimators"": 400, ""max_depth"": 20, ""min_samples_leaf"": 1, ""max_features"": ""log2""}",affective_only_no_exercise,none,acc_only,random_forest
18,0.41259640102827766,0.27711739498888094,0.27587873526643863,0.34334726601289023,"{""n_estimators"": 500, ""max_depth"": 16, ""min_samples_leaf"": 7, ""max_features"": ""log2""}",affective_only_no_exercise,none,acc_only,random_forest
19,0.5427509293680297,0.372498137328809,0.3611933573943571,0.3532032529562455,"{""n_estimators"": 400, ""max_depth"": 20, ""min_samples_leaf"": 2, ""max_features"": 0.5}",affective_only_no_exercise,none,acc_only,random_forest
0,0.48484848484848486,0.31494125811562934,0.30385879885062894,0.3274107711051671,"{""layers"": ""128-64"", ""alpha"": 0.003202184691583107, ""learning_rate_init"": 0.009766121011633237}",affective_only_no_exercise,none,acc_only,mlp
1,0.5248484848484849,0.3367607287084592,0.32462004758565555,0.359673317068052,"{""layers"": ""32"", ""alpha"": 0.0028003587167368172, ""learning_rate_init"": 0.005895445103985974}",affective_only_no_exercise,none,acc_only,mlp
2,0.5353159851301115,0.34376758068402874,0.3286414583468285,0.32830109327842555,"{""layers"": ""32"", ""alpha"": 0.0001714030755100335, ""learning_rate_init"": 0.0026682945640425925}",affective_only_no_exercise,none,acc_only,mlp
3,0.5160875160875161,0.36051611720389487,0.34931687393637373,0.317893329001623,"{""layers"": ""32"", ""alpha"": 0.0008569229623848078, ""learning_rate_init"": 0.002971367768436253}",affective_only_no_exercise,none,acc_only,mlp
4,0.4993324432576769,0.34013827201861957,0.3143374271016588,0.36796822819666425,"{""layers"": ""64"", ""alpha"": 1.3152486744820934e-05, ""learning_rate_init"": 0.002693897726927766}",affective_only_no_exercise,none,acc_only,mlp
5,0.5400485436893204,0.3666535403842208,0.34445030471618815,0.3416615017029938,"{""layers"": ""32"", ""alpha"": 0.007529477329208085, ""learning_rate_init"": 0.008008397057605088}",affective_only_no_exercise,none,acc_only,mlp
6,0.48930817610062893,0.2981521634563863,0.282502271818818,0.3468827205113425,"{""layers"": ""128-64"", ""alpha"": 0.0013450854919577337, ""learning_rate_init"": 0.0007729445688087267}",affective_only_no_exercise,none,acc_only,mlp
7,0.4538834951456311,0.2921474745308799,0.29351697625965034,0.34867594017478815,"{""layers"": ""128-64"", ""alpha"": 1.1632575529234535e-05, ""learning_rate_init"": 0.008944063534192645}",affective_only_no_exercise,none,acc_only,mlp
8,0.4289655172413793,0.30527553407189134,0.2900296339656823,0.35000248812335705,"{""layers"": ""64-32"", ""alpha"": 0.09748229456207785, ""learning_rate_init"": 0.0031924013769701726}",affective_only_no_exercise,none,acc_only,mlp
9,0.5366847826086957,0.3540132054224741,0.33933529843128674,0.3130415094097667,"{""layers"": ""32"", ""alpha"": 1.2825519081022936e-05, ""learning_rate_init"": 0.005251761633577256}",affective_only_no_exercise,none,acc_only,mlp
10,0.5582278481012658,0.35208352908000007,0.34102996923957307,0.3227227006200035,"{""layers"": ""64"", ""alpha"": 4.438824268505837e-05, ""learning_rate_init"": 0.008281289293047925}",affective_only_no_exercise,none,acc_only,mlp
11,0.4152866242038217,0.277805681975552,0.25717891482725297,0.32531316048642694,"{""layers"": ""64-32"", ""alpha"": 0.04817976174926162, ""learning_rate_init"": 0.0005264535805369027}",affective_only_no_exercise,none,acc_only,mlp
12,0.4566831683168317,0.33190734604706024,0.2973993126186125,0.33270470748371556,"{""layers"": ""32"", ""alpha"": 0.0065091080440820934, ""learning_rate_init"": 0.002896582785320899}",affective_only_no_exercise,none,acc_only,mlp
13,0.5469988674971688,0.34607473915282694,0.33467428422069095,0.3465458321342752,"{""layers"": ""32"", ""alpha"": 1.7841618458262908e-05, ""learning_rate_init"": 0.007823070766566563}",affective_only_no_exercise,none,acc_only,mlp
14,0.48668280871670705,0.32377800441687726,0.31091205692642127,0.3001310288361716,"{""layers"": ""64"", ""alpha"": 0.05164545159262812, ""learning_rate_init"": 0.0044449376468314915}",affective_only_no_exercise,none,acc_only,mlp
15,0.521497919556172,0.38044827521363744,0.37513911511473425,0.324253920213652,"{""layers"": ""128-64"", ""alpha"": 0.020409655781774866, ""learning_rate_init"": 0.0008784231972895187}",affective_only_no_exercise,none,acc_only,mlp
16,0.44312169312169314,0.3011117640959721,0.29558392174451686,0.33443193336303895,"{""layers"": ""64"", ""alpha"": 4.255017636738023e-05, ""learning_rate_init"": 0.006170539856798542}",affective_only_no_exercise,none,acc_only,mlp
17,0.45102781136638453,0.2861235464858787,0.28011089109349235,0.3822192631827062,"{""layers"": ""128-64"", ""alpha"": 0.0034667797218432433, ""learning_rate_init"": 0.0044391935324778605}",affective_only_no_exercise,none,acc_only,mlp
18,0.4717223650385604,0.30330291786115077,0.30548529530815505,0.3646748444895645,"{""layers"": ""128-64"", ""alpha"": 0.010479584213641532, ""learning_rate_init"": 0.006058177884964406}",affective_only_no_exercise,none,acc_only,mlp
19,0.5254027261462205,0.3201034943956479,0.31398105084757266,0.3460884288456198,"{""layers"": ""64-32"", ""alpha"": 0.04906171915736566, ""learning_rate_init"": 0.0008093206712080084}",affective_only_no_exercise,none,acc_only,mlp
0,0.5689655172413793,0.5897988505747127,0.5673249660497774,0.8801755420928105,"{""n_estimators"": 350, ""max_depth"": 7, ""learning_rate"": 0.2874501875461862, ""subsample"": 0.8256175728467596, ""colsample_bytree"": 0.526864600856226, ""min_child_weight"": 6, ""gamma"": 0.8319939279829013, ""reg_lambda"": 0.019057684226322893}",cross_dataset_WESAD_to_PhysioNet,none,all_modalities,xgboost
1,0.5369458128078818,0.5581896551724138,0.5347328895715993,0.9160425666251609,"{""n_estimators"": 500, ""max_depth"": 2, ""learning_rate"": 0.023144843282507276, ""subsample"": 0.6228145563920789, ""colsample_bytree"": 0.5464231896464279, ""min_child_weight"": 1, ""gamma"": 1.2912707606485, ""reg_lambda"": 0.015190718825279132}",cross_dataset_WESAD_to_PhysioNet,none,all_modalities,xgboost
2,0.5394088669950738,0.5625,0.5363457040434328,0.933988424429601,"{""n_estimators"": 550, ""max_depth"": 2, ""learning_rate"": 0.1030739698362006, ""subsample"": 0.8000515713034906, ""colsample_bytree"": 0.7132785588219075, ""min_child_weight"": 2, ""gamma"": 1.2312539029047456, ""reg_lambda"": 0.6548661489823556}",cross_dataset_WESAD_to_PhysioNet,none,all_modalities,xgboost
3,0.5541871921182266,0.5775862068965517,0.5512223124698468,0.8810603731703023,"{""n_estimators"": 600, ""max_depth"": 2, ""learning_rate"": 0.16100133185979676, ""subsample"": 0.7181309682036804, ""colsample_bytree"": 0.5746725385212913, ""min_child_weight"": 2, ""gamma"": 0.05833728874377804, ""reg_lambda"": 0.02275762149098169}",cross_dataset_WESAD_to_PhysioNet,none,all_modalities,xgboost
4,0.5591133004926109,0.5775862068965517,0.5581456148350814,0.9206985362375573,"{""n_estimators"": 400, ""max_depth"": 4, ""learning_rate"": 0.15313934742093094, ""subsample"": 0.8213024577634587, ""colsample_bytree"": 0.7046496807751066, ""min_child_weight"": 1, ""gamma"": 0.6942680839913713, ""reg_lambda"": 0.013521787421871939}",cross_dataset_WESAD_to_PhysioNet,none,all_modalities,xgboost
0,0.5246305418719212,0.5431034482758621,0.5233553331913988,0.9177681185092638,"{""n_estimators"": 400, ""max_depth"": 19, ""min_samples_leaf"": 1, ""max_features"": 0.5}",cross_dataset_WESAD_to_PhysioNet,none,all_modalities,random_forest
1,0.5443349753694581,0.5660919540229885,0.541998231653404,0.8968083942076902,"{""n_estimators"": 300, ""max_depth"": 13, ""min_samples_leaf"": 1, ""max_features"": ""log2""}",cross_dataset_WESAD_to_PhysioNet,none,all_modalities,random_forest
2,0.5443349753694581,0.5660919540229885,0.541998231653404,0.9061080985100594,"{""n_estimators"": 600, ""max_depth"": 10, ""min_samples_leaf"": 1, ""max_features"": ""log2""}",cross_dataset_WESAD_to_PhysioNet,none,all_modalities,random_forest
3,0.5270935960591133,0.5495689655172413,0.5241374258296095,0.9165163125321657,"{""n_estimators"": 400, ""max_depth"": 11, ""min_samples_leaf"": 1, ""max_features"": ""sqrt""}",cross_dataset_WESAD_to_PhysioNet,none,all_modalities,random_forest
4,0.5344827586206896,0.5574712643678161,0.5313868345679615,0.9035705298990361,"{""n_estimators"": 600, ""max_depth"": 20, ""min_samples_leaf"": 2, ""max_features"": ""sqrt""}",cross_dataset_WESAD_to_PhysioNet,none,all_modalities,random_forest
0,0.6576354679802956,0.6551724137931034,0.6533772288113211,0.8595977378463816,"{""layers"": ""32"", ""alpha"": 0.03734858866026995, ""learning_rate_init"": 0.004973906856762234}",cross_dataset_WESAD_to_PhysioNet,none,all_modalities,mlp
1,0.6354679802955665,0.6343390804597702,0.6318949251390624,0.8666223901614968,"{""layers"": ""64"", ""alpha"": 0.08785488307819517, ""learning_rate_init"": 0.00965582799496217}",cross_dataset_WESAD_to_PhysioNet,none,all_modalities,mlp
2,0.6182266009852216,0.6084770114942528,0.6088072755754754,0.8576133972410568,"{""layers"": ""128-64"", ""alpha"": 0.00011106811556709259, ""learning_rate_init"": 0.0092118802009351}",cross_dataset_WESAD_to_PhysioNet,none,all_modalities,mlp
3,0.6403940886699507,0.6300287356321839,0.6306331006979062,0.8242240504130366,"{""layers"": ""128-64"", ""alpha"": 0.005009242877945213, ""learning_rate_init"": 0.008008825518388595}",cross_dataset_WESAD_to_PhysioNet,none,all_modalities,mlp
4,0.625615763546798,0.6300287356321839,0.6243029343723365,0.8897761968845365,"{""layers"": ""64-32"", ""alpha"": 0.0028820215518662205, ""learning_rate_init"": 0.0012167548308279015}",cross_dataset_WESAD_to_PhysioNet,none,all_modalities,mlp
0,0.5517241379310345,0.5668103448275862,0.5514520202020202,0.8719901310386629,"{""n_estimators"": 300, ""max_depth"": 2, ""learning_rate"": 0.047411723408245246, ""subsample"": 0.7106767182454934, ""colsample_bytree"": 0.5669982654967529, ""min_child_weight"": 1, ""gamma"": 1.0511638027479928, ""reg_lambda"": 0.013916860492212083}",cross_dataset_WESAD_to_PhysioNet,none,physiology_only,xgboost
1,0.5615763546798029,0.5732758620689655,0.5615763546798029,0.9029996797019889,"{""n_estimators"": 350, ""max_depth"": 3, ""learning_rate"": 0.025531802423073516, ""subsample"": 0.6921037093516587, ""colsample_bytree"": 0.5360123710533462, ""min_child_weight"": 1, ""gamma"": 3.696878313618604, ""reg_lambda"": 0.035856155896849616}",cross_dataset_WESAD_to_PhysioNet,none,physiology_only,xgboost
2,0.5467980295566502,0.5632183908045977,0.5462585034013605,0.9321370692303107,"{""n_estimators"": 350, ""max_depth"": 7, ""learning_rate"": 0.04117530273929202, ""subsample"": 0.8079595024049828, ""colsample_bytree"": 0.5171560371487917, ""min_child_weight"": 1, ""gamma"": 0.1574739388024738, ""reg_lambda"": 0.013064326521934273}",cross_dataset_WESAD_to_PhysioNet,none,physiology_only,xgboost
3,0.5517241379310345,0.5675287356321839,0.5513321837126272,0.880167289986856,"{""n_estimators"": 300, ""max_depth"": 4, ""learning_rate"": 0.1087461616704217, ""subsample"": 0.6677317018908798, ""colsample_bytree"": 0.5854745689670027, ""min_child_weight"": 1, ""gamma"": 1.456446123728869, ""reg_lambda"": 0.07237652321519122}",cross_dataset_WESAD_to_PhysioNet,none,physiology_only,xgboost
4,0.5640394088669951,0.5761494252873564,0.5640367640367641,0.8846715794203526,"{""n_estimators"": 450, ""max_depth"": 3, ""learning_rate"": 0.1358908816301896, ""subsample"": 0.8461365044093617, ""colsample_bytree"": 0.7954424183047943, ""min_child_weight"": 1, ""gamma"": 1.9600520398365497, ""reg_lambda"": 0.4312339986068786}",cross_dataset_WESAD_to_PhysioNet,none,physiology_only,xgboost
0,0.5714285714285714,0.5704022988505747,0.5680322856793445,0.918380218663291,"{""n_estimators"": 400, ""max_depth"": 7, ""min_samples_leaf"": 3, ""max_features"": 0.5}",cross_dataset_WESAD_to_PhysioNet,none,physiology_only,random_forest
1,0.5862068965517241,0.5854885057471264,0.5829277241041947,0.910178915291711,"{""n_estimators"": 300, ""max_depth"": 12, ""min_samples_leaf"": 3, ""max_features"": 0.5}",cross_dataset_WESAD_to_PhysioNet,none,physiology_only,random_forest
2,0.5985221674876847,0.6070402298850575,0.5982272409920165,0.9194712700501185,"{""n_estimators"": 200, ""max_depth"": 16, ""min_samples_leaf"": 1, ""max_features"": ""log2""}",cross_dataset_WESAD_to_PhysioNet,none,physiology_only,random_forest
3,0.5911330049261084,0.5962643678160919,0.5901384125130751,0.9169242149790753,"{""n_estimators"": 300, ""max_depth"": 13, ""min_samples_leaf"": 2, ""max_features"": ""sqrt""}",cross_dataset_WESAD_to_PhysioNet,none,physiology_only,random_forest
4,0.5788177339901478,0.5826149425287357,0.5774617027880735,0.915809673752805,"{""n_estimators"": 400, ""max_depth"": 6, ""min_samples_leaf"": 2, ""max_features"": ""sqrt""}",cross_dataset_WESAD_to_PhysioNet,none,physiology_only,random_forest
0,0.603448275862069,0.6027298850574713,0.6001272428074167,0.8634114298303309,"{""layers"": ""64-32"", ""alpha"": 8.526602800132563e-05, ""learning_rate_init"": 0.0005393481922877673}",cross_dataset_WESAD_to_PhysioNet,none,physiology_only,mlp
1,0.6133004926108374,0.6127873563218391,0.6100619696941891,0.8912180825181565,"{""layers"": ""64-32"", ""alpha"": 0.00014359572070451836, ""learning_rate_init"": 0.005213684308403574}",cross_dataset_WESAD_to_PhysioNet,none,physiology_only,mlp
2,0.6280788177339901,0.6300287356321839,0.6258977879481312,0.8753224039206517,"{""layers"": ""64"", ""alpha"": 0.0010292256848198303, ""learning_rate_init"": 0.0098405670315467}",cross_dataset_WESAD_to_PhysioNet,none,physiology_only,mlp
3,0.6206896551724138,0.6271551724137931,0.6199426181676717,0.8584392179615374,"{""layers"": ""128-64"", ""alpha"": 0.00041607676057289127, ""learning_rate_init"": 0.009559022010858306}",cross_dataset_WESAD_to_PhysioNet,none,physiology_only,mlp
4,0.6305418719211823,0.6314655172413793,0.6279325513196481,0.8854585786956807,"{""layers"": ""64"", ""alpha"": 0.003400812532014832, ""learning_rate_init"": 0.008544188773552872}",cross_dataset_WESAD_to_PhysioNet,none,physiology_only,mlp
0,0.45320197044334976,0.5122126436781609,0.38177677787532927,0.8234972061152229,"{""n_estimators"": 600, ""max_depth"": 4, ""learning_rate"": 0.09191162809518116, ""subsample"": 0.7954617352863763, ""colsample_bytree"": 0.988017953506086, ""min_child_weight"": 1, ""gamma"": 0.5298163645092187, ""reg_lambda"": 0.01003030544568088}",cross_dataset_WESAD_to_PhysioNet,none,acc_only,xgboost
1,0.4408866995073892,0.5035919540229885,0.3538612542503593,0.788333938435058,"{""n_estimators"": 300, ""max_depth"": 8, ""learning_rate"": 0.013900244006752998, ""subsample"": 0.7709520970605609, ""colsample_bytree"": 0.5743142797535948, ""min_child_weight"": 1, ""gamma"": 0.9513758173401247, ""reg_lambda"": 0.06794073781999053}",cross_dataset_WESAD_to_PhysioNet,none,acc_only,xgboost
2,0.4408866995073892,0.5028735632183908,0.35653193881041984,0.791636986369986,"{""n_estimators"": 300, ""max_depth"": 7, ""learning_rate"": 0.07169980451235138, ""subsample"": 0.625319143859163, ""colsample_bytree"": 0.5990869417722964, ""min_child_weight"": 2, ""gamma"": 1.7699175780565621, ""reg_lambda"": 0.34109952536975935}",cross_dataset_WESAD_to_PhysioNet,none,acc_only,xgboost
3,0.46551724137931033,0.5265804597701149,0.38982041319509375,0.8116510191395464,"{""n_estimators"": 500, ""max_depth"": 7, ""learning_rate"": 0.025217377892333616, ""subsample"": 0.6588027516899296, ""colsample_bytree"": 0.729067097580294, ""min_child_weight"": 4, ""gamma"": 2.2479292334553853, ""reg_lambda"": 0.14850494536773673}",cross_dataset_WESAD_to_PhysioNet,none,acc_only,xgboost
4,0.4729064039408867,0.5280172413793104,0.4167293233082707,0.8061477460192522,"{""n_estimators"": 150, ""max_depth"": 2, ""learning_rate"": 0.07715602450742827, ""subsample"": 0.6671888734873616, ""colsample_bytree"": 0.8666900837552849, ""min_child_weight"": 5, ""gamma"": 2.639544117089602, ""reg_lambda"": 6.49702820077229}",cross_dataset_WESAD_to_PhysioNet,none,acc_only,xgboost
0,0.43596059113300495,0.5,0.3426007763722627,0.7626876216451938,"{""n_estimators"": 200, ""max_depth"": 10, ""min_samples_leaf"": 3, ""max_features"": ""log2""}",cross_dataset_WESAD_to_PhysioNet,none,acc_only,random_forest
1,0.43842364532019706,0.5007183908045977,0.3523633615985224,0.7883501337760395,"{""n_estimators"": 400, ""max_depth"": 15, ""min_samples_leaf"": 1, ""max_features"": ""sqrt""}",cross_dataset_WESAD_to_PhysioNet,none,acc_only,random_forest
2,0.43349753694581283,0.4978448275862069,0.3382936507936508,0.7689101163287647,"{""n_estimators"": 600, ""max_depth"": 5, ""min_samples_leaf"": 5, ""max_features"": ""log2""}",cross_dataset_WESAD_to_PhysioNet,none,acc_only,random_forest
3,0.4433497536945813,0.5064655172413793,0.35535633992805754,0.7946246550387143,"{""n_estimators"": 400, ""max_depth"": 17, ""min_samples_leaf"": 2, ""max_features"": ""sqrt""}",cross_dataset_WESAD_to_PhysioNet,none,acc_only,random_forest
4,0.43596059113300495,0.5,0.3426007763722627,0.7935368778349031,"{""n_estimators"": 300, ""max_depth"": 11, ""min_samples_leaf"": 9, ""max_features"": ""sqrt""}",cross_dataset_WESAD_to_PhysioNet,none,acc_only,random_forest
0,0.49261083743842365,0.5474137931034483,0.44041215040813597,0.79920718313242,"{""layers"": ""32"", ""alpha"": 0.00019391306697132186, ""learning_rate_init"": 0.00890758050221103}",cross_dataset_WESAD_to_PhysioNet,none,acc_only,mlp
1,0.4408866995073892,0.5028735632183908,0.35653193881041984,0.8247075047421347,"{""layers"": ""64"", ""alpha"": 7.963416953705661e-05, ""learning_rate_init"": 0.006021551175915884}",cross_dataset_WESAD_to_PhysioNet,none,acc_only,mlp
2,0.5467980295566502,0.5919540229885057,0.5211282051282051,0.7716961525472165,"{""layers"": ""64"", ""alpha"": 0.0005347990889646711, ""learning_rate_init"": 0.008360186284731392}",cross_dataset_WESAD_to_PhysioNet,none,acc_only,mlp
3,0.5295566502463054,0.5732758620689655,0.5046724793203666,0.8048908922240171,"{""layers"": ""64-32"", ""alpha"": 1.3530271098471862e-05, ""learning_rate_init"": 0.0026745777618832475}",cross_dataset_WESAD_to_PhysioNet,none,acc_only,mlp
4,0.5295566502463054,0.5754310344827587,0.5010776763368012,0.800442416343825,"{""layers"": ""64-32"", ""alpha"": 1.3033989911469816e-05, ""learning_rate_init"": 0.0042249295152722004}",cross_dataset_WESAD_to_PhysioNet,none,acc_only,mlp
0,0.6647662485746865,0.6077312442480088,0.6106342494714587,0.6806185974744224,"{""n_estimators"": 550, ""max_depth"": 3, ""learning_rate"": 0.03843437328978018, ""subsample"": 0.7234468608224762, ""colsample_bytree"": 0.9301997388640564, ""min_child_weight"": 4, ""gamma"": 0.582373623521713, ""reg_lambda"": 0.13745790149865472}",cross_dataset_PhysioNet_to_WESAD,none,all_modalities,xgboost
1,0.6738882554161916,0.6097281083476305,0.6125271886895052,0.6620169867831255,"{""n_estimators"": 200, ""max_depth"": 6, ""learning_rate"": 0.07786053681740111, ""subsample"": 0.8648706791966049, ""colsample_bytree"": 0.7293942010265878, ""min_child_weight"": 7, ""gamma"": 0.3842231190214346, ""reg_lambda"": 0.38420846607827314}",cross_dataset_PhysioNet_to_WESAD,none,all_modalities,xgboost
2,0.6750285062713797,0.6207520479929101,0.6243942023758537,0.6218423423326579,"{""n_estimators"": 250, ""max_depth"": 3, ""learning_rate"": 0.13489413369818815, ""subsample"": 0.8614309415839301, ""colsample_bytree"": 0.6435229219301338, ""min_child_weight"": 6, ""gamma"": 0.9457307609716332, ""reg_lambda"": 0.9238307702501287}",cross_dataset_PhysioNet_to_WESAD,none,all_modalities,xgboost
3,0.677309007981756,0.6022377376069444,0.6027221403200428,0.7206149976277095,"{""n_estimators"": 600, ""max_depth"": 7, ""learning_rate"": 0.058839134237446224, ""subsample"": 0.6200003507806832, ""colsample_bytree"": 0.7528773218147156, ""min_child_weight"": 4, ""gamma"": 1.8317066878175998, ""reg_lambda"": 0.048750945280824}",cross_dataset_PhysioNet_to_WESAD,none,all_modalities,xgboost
4,0.6636259977194983,0.5945343301557724,0.5954600964147052,0.6936682847501561,"{""n_estimators"": 600, ""max_depth"": 6, ""learning_rate"": 0.1754345686360955, ""subsample"": 0.6727252718800122, ""colsample_bytree"": 0.8453326461099826, ""min_child_weight"": 3, ""gamma"": 0.9169650652675019, ""reg_lambda"": 0.5826531526703994}",cross_dataset_PhysioNet_to_WESAD,none,all_modalities,xgboost
0,0.6681870011402509,0.613278720189063,0.616486711899556,0.6205698336324811,"{""n_estimators"": 300, ""max_depth"": 9, ""min_samples_leaf"": 2, ""max_features"": ""log2""}",cross_dataset_PhysioNet_to_WESAD,none,all_modalities,random_forest
1,0.6624857468643102,0.6095860838739732,0.6124937304449593,0.6286207120929729,"{""n_estimators"": 600, ""max_depth"": 17, ""min_samples_leaf"": 1, ""max_features"": ""log2""}",cross_dataset_PhysioNet_to_WESAD,none,all_modalities,random_forest
2,0.6978335233751425,0.6340739436219649,0.6390178514568672,0.5967045010401352,"{""n_estimators"": 200, ""max_depth"": 3, ""min_samples_leaf"": 9, ""max_features"": ""sqrt""}",cross_dataset_PhysioNet_to_WESAD,none,all_modalities,random_forest
3,0.6784492588369442,0.6168833013304853,0.620381285687972,0.7037431491880645,"{""n_estimators"": 400, ""max_depth"": 17, ""min_samples_leaf"": 6, ""max_features"": ""sqrt""}",cross_dataset_PhysioNet_to_WESAD,none,all_modalities,random_forest
4,0.6921322690992018,0.6325542817538318,0.6372968899345637,0.6299408640051914,"{""n_estimators"": 500, ""max_depth"": 6, ""min_samples_leaf"": 4, ""max_features"": ""log2""}",cross_dataset_PhysioNet_to_WESAD,none,all_modalities,random_forest
0,0.7023945267958951,0.6223966913978617,0.624222455341972,0.6602108829452747,"{""layers"": ""64-32"", ""alpha"": 0.00035288784197493197, ""learning_rate_init"": 0.0035303865780829586}",cross_dataset_PhysioNet_to_WESAD,none,all_modalities,mlp
1,0.7514253135689852,0.6792150023292014,0.6897580194986435,0.6559196954445635,"{""layers"": ""64-32"", ""alpha"": 0.0061541259180493205, ""learning_rate_init"": 0.0033975693735077846}",cross_dataset_PhysioNet_to_WESAD,none,all_modalities,mlp
2,0.7206385404789054,0.6495688136979765,0.6560668705950901,0.6319178111136101,"{""layers"": ""64"", ""alpha"": 0.003002955474849452, ""learning_rate_init"": 0.0098405670315467}",cross_dataset_PhysioNet_to_WESAD,none,all_modalities,mlp
3,0.7400228050171037,0.672554054514674,0.681854053434823,0.713226122442224,"{""layers"": ""128-64"", ""alpha"": 1.6309420570525846e-05, ""learning_rate_init"": 0.00312113266741721}",cross_dataset_PhysioNet_to_WESAD,none,all_modalities,mlp
4,0.7115165336374002,0.6461232999670503,0.6522704655335887,0.691533401328723,"{""layers"": ""128-64"", ""alpha"": 0.00027461487275491864, ""learning_rate_init"": 0.008349008026292388}",cross_dataset_PhysioNet_to_WESAD,none,all_modalities,mlp
0,0.5838084378563284,0.5689131151079954,0.563311956280038,0.6655135173296511,"{""n_estimators"": 550, ""max_depth"": 3, ""learning_rate"": 0.12903733856334945, ""subsample"": 0.6335913632459101, ""colsample_bytree"": 0.7559824757479631, ""min_child_weight"": 5, ""gamma"": 0.6583009155625589, ""reg_lambda"": 0.017432939237567877}",cross_dataset_PhysioNet_to_WESAD,none,physiology_only,xgboost
1,0.6921322690992018,0.6709434969834002,0.6683167484703825,0.6164033697839385,"{""n_estimators"": 550, ""max_depth"": 6, ""learning_rate"": 0.033180764570086604, ""subsample"": 0.67437866904149, ""colsample_bytree"": 0.6474901659775947, ""min_child_weight"": 10, ""gamma"": 0.16145366589913268, ""reg_lambda"": 3.6849327849943445}",cross_dataset_PhysioNet_to_WESAD,none,physiology_only,xgboost
2,0.6180159635119726,0.6106257030211446,0.601604187430927,0.5974737967694143,"{""n_estimators"": 250, ""max_depth"": 5, ""learning_rate"": 0.12282738175955595, ""subsample"": 0.8847353925566879, ""colsample_bytree"": 0.7285792498022178, ""min_child_weight"": 3, ""gamma"": 4.121144725764163, ""reg_lambda"": 0.051309189303691674}",cross_dataset_PhysioNet_to_WESAD,none,physiology_only,xgboost
3,0.5952109464082098,0.5871632599729586,0.5786238940628244,0.6893145219416406,"{""n_estimators"": 450, ""max_depth"": 4, ""learning_rate"": 0.052072776490801935, ""subsample"": 0.9301436701522414, ""colsample_bytree"": 0.8278824067914067, ""min_child_weight"": 8, ""gamma"": 1.2069481927450294, ""reg_lambda"": 0.030746820008147095}",cross_dataset_PhysioNet_to_WESAD,none,physiology_only,xgboost
4,0.637400228050171,0.6379568927317556,0.6247537701424097,0.6635319834150243,"{""n_estimators"": 200, ""max_depth"": 2, ""learning_rate"": 0.02543061974665003, ""subsample"": 0.9079612591336285, ""colsample_bytree"": 0.6601437934653799, ""min_child_weight"": 7, ""gamma"": 2.701285501035813, ""reg_lambda"": 0.31977854043913}",cross_dataset_PhysioNet_to_WESAD,none,physiology_only,xgboost
0,0.5427594070695553,0.5566677649892628,0.5367361805437547,0.6080880663116235,"{""n_estimators"": 400, ""max_depth"": 6, ""min_samples_leaf"": 4, ""max_features"": 0.5}",cross_dataset_PhysioNet_to_WESAD,none,physiology_only,random_forest
1,0.5370581527936146,0.5551481031211298,0.5324570618204738,0.597094270614693,"{""n_estimators"": 400, ""max_depth"": 20, ""min_samples_leaf"": 2, ""max_features"": ""log2""}",cross_dataset_PhysioNet_to_WESAD,none,physiology_only,random_forest
2,0.556442417331813,0.5723387454126094,0.5508337447746947,0.6120474327638649,"{""n_estimators"": 300, ""max_depth"": 8, ""min_samples_leaf"": 5, ""max_features"": ""log2""}",cross_dataset_PhysioNet_to_WESAD,none,physiology_only,random_forest
3,0.5895096921322691,0.60013009441787,0.5815440404618761,0.6516500655271841,"{""n_estimators"": 200, ""max_depth"": 8, ""min_samples_leaf"": 9, ""max_features"": ""sqrt""}",cross_dataset_PhysioNet_to_WESAD,none,physiology_only,random_forest
4,0.6442417331812998,0.6468788701669071,0.6324629271437783,0.6011345229181487,"{""n_estimators"": 500, ""max_depth"": 3, ""min_samples_leaf"": 1, ""max_features"": 0.5}",cross_dataset_PhysioNet_to_WESAD,none,physiology_only,random_forest
0,0.758266818700114,0.7554991876200107,0.7448650250848052,0.6452354332358624,"{""layers"": ""128-64"", ""alpha"": 0.004362847691742949, ""learning_rate_init"": 0.0036211491956400213}",cross_dataset_PhysioNet_to_WESAD,none,physiology_only,mlp
1,0.6088939566704675,0.6231153352345675,0.6019296706379611,0.6134809888398849,"{""layers"": ""128-64"", ""alpha"": 0.07471938799330483, ""learning_rate_init"": 0.009912652070116454}",cross_dataset_PhysioNet_to_WESAD,none,physiology_only,mlp
2,0.6841505131128849,0.6720029995568837,0.665324819353461,0.6291953597627336,"{""layers"": ""128-64"", ""alpha"": 0.0014120657591116727, ""learning_rate_init"": 0.0024125748409625047}",cross_dataset_PhysioNet_to_WESAD,none,physiology_only,mlp
3,0.637400228050171,0.6582379875700181,0.6321269904920697,0.6352747407832154,"{""layers"": ""32"", ""alpha"": 0.00936872350652634, ""learning_rate_init"": 0.006897696705539138}",cross_dataset_PhysioNet_to_WESAD,none,physiology_only,mlp
4,0.4629418472063854,0.5462573710701828,0.4540375503082932,0.6232912642269368,"{""layers"": ""64"", ""alpha"": 0.0013539193244388305, ""learning_rate_init"": 0.0066162408489732595}",cross_dataset_PhysioNet_to_WESAD,none,physiology_only,mlp
0,0.5781071835803877,0.5434907343233386,0.543023321315908,0.6672981544189439,"{""n_estimators"": 450, ""max_depth"": 3, ""learning_rate"": 0.0513886156530314, ""subsample"": 0.8164031785257108, ""colsample_bytree"": 0.5729694117646151, ""min_child_weight"": 1, ""gamma"": 2.019012083812276, ""reg_lambda"": 0.050258350359693345}",cross_dataset_PhysioNet_to_WESAD,none,acc_only,xgboost
1,0.5598631698973774,0.5394970061240953,0.5359712032985712,0.6642158974056723,"{""n_estimators"": 300, ""max_depth"": 7, ""learning_rate"": 0.0877003324601147, ""subsample"": 0.7159515526175658, ""colsample_bytree"": 0.830779863248675, ""min_child_weight"": 2, ""gamma"": 0.2521802869887767, ""reg_lambda"": 0.021931125351491592}",cross_dataset_PhysioNet_to_WESAD,none,acc_only,xgboost
2,0.5769669327251995,0.5563695135945826,0.5527681292293058,0.6211805832242594,"{""n_estimators"": 200, ""max_depth"": 2, ""learning_rate"": 0.18684621434140103, ""subsample"": 0.9521130740956428, ""colsample_bytree"": 0.9740875705725932, ""min_child_weight"": 8, ""gamma"": 3.5913356852463325, ""reg_lambda"": 0.1822057496476096}",cross_dataset_PhysioNet_to_WESAD,none,acc_only,xgboost
3,0.5153933865450399,0.497801461147785,0.4940812700463807,0.6355149618920806,"{""n_estimators"": 300, ""max_depth"": 3, ""learning_rate"": 0.054330234229808434, ""subsample"": 0.6973083470433488, ""colsample_bytree"": 0.7419898481823493, ""min_child_weight"": 1, ""gamma"": 0.622402754320217, ""reg_lambda"": 0.030297376082059665}",cross_dataset_PhysioNet_to_WESAD,none,acc_only,xgboost
4,0.5438996579247435,0.5278538397736698,0.5231363166766353,0.6799451802375779,"{""n_estimators"": 550, ""max_depth"": 5, ""learning_rate"": 0.01914890430486592, ""subsample"": 0.8281073004853526, ""colsample_bytree"": 0.9364097559014255, ""min_child_weight"": 4, ""gamma"": 0.9657427688691101, ""reg_lambda"": 0.4577168673700298}",cross_dataset_PhysioNet_to_WESAD,none,acc_only,xgboost
0,0.5746864310148233,0.5488081306170679,0.5466758129447551,0.6480098844634351,"{""n_estimators"": 200, ""max_depth"": 11, ""min_samples_leaf"": 2, ""max_features"": ""sqrt""}",cross_dataset_PhysioNet_to_WESAD,none,acc_only,random_forest
1,0.61345496009122,0.5679785940713304,0.5688792859680543,0.6372581191975468,"{""n_estimators"": 300, ""max_depth"": 3, ""min_samples_leaf"": 8, ""max_features"": ""sqrt""}",cross_dataset_PhysioNet_to_WESAD,none,acc_only,random_forest
2,0.6031927023945268,0.5607523888516469,0.5613033428778418,0.6336615879005275,"{""n_estimators"": 200, ""max_depth"": 16, ""min_samples_leaf"": 7, ""max_features"": ""log2""}",cross_dataset_PhysioNet_to_WESAD,none,acc_only,random_forest
3,0.5963511972633979,0.5684898821764967,0.5668156854865716,0.6381914523863677,"{""n_estimators"": 500, ""max_depth"": 16, ""min_samples_leaf"": 3, ""max_features"": 0.5}",cross_dataset_PhysioNet_to_WESAD,none,acc_only,random_forest
4,0.580387685290764,0.5525007669321578,0.5508222640375001,0.6775495914384804,"{""n_estimators"": 400, ""max_depth"": 18, ""min_samples_leaf"": 2, ""max_features"": ""sqrt""}",cross_dataset_PhysioNet_to_WESAD,none,acc_only,random_forest
0,0.6009122006841505,0.5712991262654381,0.5700402294986441,0.6623157173704267,"{""layers"": ""128-64"", ""alpha"": 0.0006999788868933677, ""learning_rate_init"": 0.005228097302382087}",cross_dataset_PhysioNet_to_WESAD,none,acc_only,mlp
1,0.6100342075256556,0.59285276038767,0.5879574678536104,0.7044398252141143,"{""layers"": ""128-64"", ""alpha"": 0.001774190274593285, ""learning_rate_init"": 0.009597240321773393}",cross_dataset_PhysioNet_to_WESAD,none,acc_only,mlp
2,0.4823261117445838,0.3780208605546908,0.33663330045584194,0.6257582247801223,"{""layers"": ""32"", ""alpha"": 1.7767198704586057e-05, ""learning_rate_init"": 0.009763254586749615}",cross_dataset_PhysioNet_to_WESAD,none,acc_only,mlp
3,0.5541619156214367,0.500312453842046,0.4994270315563283,0.6999543872425228,"{""layers"": ""128-64"", ""alpha"": 0.02858320031354419, ""learning_rate_init"": 0.00916718204395346}",cross_dataset_PhysioNet_to_WESAD,none,acc_only,mlp
4,0.5233751425313569,0.5018122322838672,0.4991173416407061,0.6892807442515044,"{""layers"": ""128-64"", ""alpha"": 0.00011525857193707287, ""learning_rate_init"": 0.0032707223406384807}",cross_dataset_PhysioNet_to_WESAD,none,acc_only,mlp
0,0.8406374501992032,0.8259746206174778,0.8319721515597804,0.8139000948767245,"{""n_estimators"": 200, ""max_depth"": 7, ""learning_rate"": 0.02220607465945717, ""subsample"": 0.9202441555632465, ""colsample_bytree"": 0.9207208724369688, ""min_child_weight"": 9, ""gamma"": 0.20249537116281802, ""reg_lambda"": 0.3649690464899249}",shared_Baseline_vs_Stress_pooled,subject_zscore,all_modalities,xgboost
1,0.8629032258064516,0.8656756756756756,0.8596070596070596,0.8076413139872659,"{""n_estimators"": 450, ""max_depth"": 2, ""learning_rate"": 0.20273076854936467, ""subsample"": 0.6910750191131159, ""colsample_bytree"": 0.6418204340387323, ""min_child_weight"": 10, ""gamma"": 0.3103621146097049, ""reg_lambda"": 0.8958382994242845}",shared_Baseline_vs_Stress_pooled,subject_zscore,all_modalities,xgboost
2,0.83203125,0.8240966111215129,0.8266756939742721,0.8176355258498117,"{""n_estimators"": 500, ""max_depth"": 6, ""learning_rate"": 0.0662576696717438, ""subsample"": 0.6196986240915028, ""colsample_bytree"": 0.5546349753488842, ""min_child_weight"": 10, ""gamma"": 2.8502826082440516, ""reg_lambda"": 0.0758327728123054}",shared_Baseline_vs_Stress_pooled,subject_zscore,all_modalities,xgboost
3,0.8301158301158301,0.8226052471018914,0.8248278406296115,0.8224761362898301,"{""n_estimators"": 350, ""max_depth"": 6, ""learning_rate"": 0.04133837139511723, ""subsample"": 0.6042414799072433, ""colsample_bytree"": 0.6493677120920559, ""min_child_weight"": 9, ""gamma"": 4.4123326047328, ""reg_lambda"": 3.9151127045867598}",shared_Baseline_vs_Stress_pooled,subject_zscore,all_modalities,xgboost
4,0.8068181818181818,0.7990954187335861,0.8015534953645703,0.8131620732676111,"{""n_estimators"": 300, ""max_depth"": 6, ""learning_rate"": 0.16055190803873284, ""subsample"": 0.6417965933029873, ""colsample_bytree"": 0.7929531313401672, ""min_child_weight"": 10, ""gamma"": 0.7551116644216598, ""reg_lambda"": 1.259878546150793}",shared_Baseline_vs_Stress_pooled,subject_zscore,all_modalities,xgboost
5,0.8223938223938224,0.8153153153153153,0.8173595781211676,0.8323805970605194,"{""n_estimators"": 450, ""max_depth"": 8, ""learning_rate"": 0.21785097414324273, ""subsample"": 0.9692126544803659, ""colsample_bytree"": 0.6204348624034142, ""min_child_weight"": 3, ""gamma"": 4.6289829152977156, ""reg_lambda"": 0.04760485095507941}",shared_Baseline_vs_Stress_pooled,subject_zscore,all_modalities,xgboost
6,0.8178137651821862,0.8245578231292516,0.8150859272321949,0.8287257084077044,"{""n_estimators"": 550, ""max_depth"": 5, ""learning_rate"": 0.0163372859624277, ""subsample"": 0.926900239812279, ""colsample_bytree"": 0.790127743521713, ""min_child_weight"": 1, ""gamma"": 1.3413372138379005, ""reg_lambda"": 4.2027866929843345}",shared_Baseline_vs_Stress_pooled,subject_zscore,all_modalities,xgboost
7,0.8262548262548263,0.814490543014033,0.818957080945058,0.8055959832609578,"{""n_estimators"": 600, ""max_depth"": 6, ""learning_rate"": 0.08149789271068632, ""subsample"": 0.8837833825201169, ""colsample_bytree"": 0.8090557433277361, ""min_child_weight"": 5, ""gamma"": 0.19377815826506173, ""reg_lambda"": 0.2524194493906255}",shared_Baseline_vs_Stress_pooled,subject_zscore,all_modalities,xgboost
8,0.807843137254902,0.7956238949229604,0.7995057845669999,0.842408422735604,"{""n_estimators"": 400, ""max_depth"": 7, ""learning_rate"": 0.18284770650866228, ""subsample"": 0.7584264755155187, ""colsample_bytree"": 0.5038048437156082, ""min_child_weight"": 4, ""gamma"": 2.664307552738767, ""reg_lambda"": 0.21602108385705912}",shared_Baseline_vs_Stress_pooled,subject_zscore,all_modalities,xgboost
9,0.8505747126436781,0.8442342342342343,0.8462038226184181,0.8310049909495723,"{""n_estimators"": 400, ""max_depth"": 2, ""learning_rate"": 0.16481465503621728, ""subsample"": 0.7310964476080352, ""colsample_bytree"": 0.838200468189866, ""min_child_weight"": 3, ""gamma"": 0.14879198800427318, ""reg_lambda"": 0.1379993371598569}",shared_Baseline_vs_Stress_pooled,subject_zscore,all_modalities,xgboost
10,0.9066147859922179,0.9025856697819314,0.903661127077346,0.8088857990140556,"{""n_estimators"": 500, ""max_depth"": 7, ""learning_rate"": 0.18710016115522202, ""subsample"": 0.6246178293386636, ""colsample_bytree"": 0.9872151591921903, ""min_child_weight"": 10, ""gamma"": 2.434372568847776, ""reg_lambda"": 0.8380351954824974}",shared_Baseline_vs_Stress_pooled,subject_zscore,all_modalities,xgboost
11,0.8505747126436781,0.8347615052732502,0.8422374110754638,0.8278291310495497,"{""n_estimators"": 150, ""max_depth"": 2, ""learning_rate"": 0.2479387639838258, ""subsample"": 0.8420556623403219, ""colsample_bytree"": 0.5531105398520244, ""min_child_weight"": 4, ""gamma"": 0.13292168642396773, ""reg_lambda"": 9.427598643545073}",shared_Baseline_vs_Stress_pooled,subject_zscore,all_modalities,xgboost
12,0.83399209486166,0.8332046332046332,0.8303639846743296,0.8324808039238011,"{""n_estimators"": 200, ""max_depth"": 5, ""learning_rate"": 0.16508081473951725, ""subsample"": 0.6082177712098177, ""colsample_bytree"": 0.5697133408376349, ""min_child_weight"": 9, ""gamma"": 0.21444923512667674, ""reg_lambda"": 0.12221661615018509}",shared_Baseline_vs_Stress_pooled,subject_zscore,all_modalities,xgboost
13,0.7098039215686275,0.6947619047619048,0.6967018130384467,0.8599332034902671,"{""n_estimators"": 100, ""max_depth"": 6, ""learning_rate"": 0.03197848717782638, ""subsample"": 0.9697761871333013, ""colsample_bytree"": 0.5106838198766471, ""min_child_weight"": 10, ""gamma"": 2.6087667355679818, ""reg_lambda"": 0.01497190490096229}",shared_Baseline_vs_Stress_pooled,subject_zscore,all_modalities,xgboost
14,0.8515625,0.8435049865144577,0.8461538461538461,0.8121437312203588,"{""n_estimators"": 450, ""max_depth"": 3, ""learning_rate"": 0.07001037005248777, ""subsample"": 0.857988350055031, ""colsample_bytree"": 0.6906424319162895, ""min_child_weight"": 9, ""gamma"": 1.804623663629937, ""reg_lambda"": 0.05605464916008617}",shared_Baseline_vs_Stress_pooled,subject_zscore,all_modalities,xgboost
15,0.8793774319066148,0.8819599801143425,0.8774778931180316,0.8200780451767531,"{""n_estimators"": 500, ""max_depth"": 7, ""learning_rate"": 0.247609763573289, ""subsample"": 0.6255686304608321, ""colsample_bytree"": 0.6287938565536269, ""min_child_weight"": 7, ""gamma"": 2.525043992130355, ""reg_lambda"": 2.004734595927799}",shared_Baseline_vs_Stress_pooled,subject_zscore,all_modalities,xgboost
16,0.7768924302788844,0.7721135029354207,0.7713728041639557,0.8428639051001711,"{""n_estimators"": 300, ""max_depth"": 2, ""learning_rate"": 0.01767240887204148, ""subsample"": 0.8482178823773844, ""colsample_bytree"": 0.8699057198997364, ""min_child_weight"": 9, ""gamma"": 3.4595669392221002, ""reg_lambda"": 0.08345777002612784}",shared_Baseline_vs_Stress_pooled,subject_zscore,all_modalities,xgboost
17,0.8431372549019608,0.8332388510959939,0.8371231476750127,0.8166280934601517,"{""n_estimators"": 200, ""max_depth"": 7, ""learning_rate"": 0.060059318346923816, ""subsample"": 0.644051421563002, ""colsample_bytree"": 0.9814017841284269, ""min_child_weight"": 10, ""gamma"": 0.9489616316743031, ""reg_lambda"": 5.954242066378297}",shared_Baseline_vs_Stress_pooled,subject_zscore,all_modalities,xgboost
18,0.84251968503937,0.8428598984118819,0.8385148451904125,0.8348720537478928,"{""n_estimators"": 500, ""max_depth"": 5, ""learning_rate"": 0.1966696540746165, ""subsample"": 0.7868558256030057, ""colsample_bytree"": 0.9834547000186225, ""min_child_weight"": 10, ""gamma"": 4.813256806611505, ""reg_lambda"": 3.342519085482115}",shared_Baseline_vs_Stress_pooled,subject_zscore,all_modalities,xgboost
19,0.8893280632411067,0.8797651135926069,0.8846404377279833,0.7941947649788935,"{""n_estimators"": 600, ""max_depth"": 4, ""learning_rate"": 0.040390729673608496, ""subsample"": 0.8587333819463276, ""colsample_bytree"": 0.6859373661611881, ""min_child_weight"": 2, ""gamma"": 0.6326837335164177, ""reg_lambda"": 0.016271258335005798}",shared_Baseline_vs_Stress_pooled,subject_zscore,all_modalities,xgboost
0,0.8247011952191236,0.8081501831501832,0.8144489247311828,0.8098146545696873,"{""n_estimators"": 200, ""max_depth"": 19, ""min_samples_leaf"": 1, ""max_features"": ""log2""}",shared_Baseline_vs_Stress_pooled,subject_zscore,all_modalities,random_forest
1,0.8306451612903226,0.8240540540540541,0.8240540540540541,0.7596771793177037,"{""n_estimators"": 300, ""max_depth"": 18, ""min_samples_leaf"": 1, ""max_features"": ""sqrt""}",shared_Baseline_vs_Stress_pooled,subject_zscore,all_modalities,random_forest
2,0.71875,0.7064844286338389,0.708502024291498,0.8180356944642658,"{""n_estimators"": 200, ""max_depth"": 16, ""min_samples_leaf"": 9, ""max_features"": ""log2""}",shared_Baseline_vs_Stress_pooled,subject_zscore,all_modalities,random_forest
3,0.7760617760617761,0.7601586333129957,0.7646634916656223,0.8173848231988831,"{""n_estimators"": 500, ""max_depth"": 12, ""min_samples_leaf"": 1, ""max_features"": ""sqrt""}",shared_Baseline_vs_Stress_pooled,subject_zscore,all_modalities,random_forest
4,0.7386363636363636,0.7327400058360082,0.7333996809460389,0.7920148703277116,"{""n_estimators"": 400, ""max_depth"": 12, ""min_samples_leaf"": 3, ""max_features"": 0.5}",shared_Baseline_vs_Stress_pooled,subject_zscore,all_modalities,random_forest
5,0.7258687258687259,0.7195945945945945,0.7198378963084846,0.8227293695007433,"{""n_estimators"": 600, ""max_depth"": 8, ""min_samples_leaf"": 1, ""max_features"": 0.5}",shared_Baseline_vs_Stress_pooled,subject_zscore,all_modalities,random_forest
6,0.8299595141700404,0.8379591836734694,0.8275827682489031,0.8165170827939908,"{""n_estimators"": 500, ""max_depth"": 12, ""min_samples_leaf"": 2, ""max_features"": ""sqrt""}",shared_Baseline_vs_Stress_pooled,subject_zscore,all_modalities,random_forest
7,0.8455598455598455,0.8395973154362416,0.8411822418444934,0.7796541176707964,"{""n_estimators"": 600, ""max_depth"": 8, ""min_samples_leaf"": 6, ""max_features"": ""log2""}",shared_Baseline_vs_Stress_pooled,subject_zscore,all_modalities,random_forest
8,0.8705882352941177,0.8574450618843141,0.8640307647562571,0.8235758229466282,"{""n_estimators"": 600, ""max_depth"": 18, ""min_samples_leaf"": 4, ""max_features"": ""log2""}",shared_Baseline_vs_Stress_pooled,subject_zscore,all_modalities,random_forest
9,0.8237547892720306,0.8138738738738739,0.8173158855751674,0.8067085384511493,"{""n_estimators"": 300, ""max_depth"": 16, ""min_samples_leaf"": 5, ""max_features"": ""log2""}",shared_Baseline_vs_Stress_pooled,subject_zscore,all_modalities,random_forest
10,0.8871595330739299,0.8885981308411215,0.8849010856639847,0.7543763710089001,"{""n_estimators"": 600, ""max_depth"": 7, ""min_samples_leaf"": 1, ""max_features"": 0.5}",shared_Baseline_vs_Stress_pooled,subject_zscore,all_modalities,random_forest
11,0.8735632183908046,0.8537871524448706,0.8643557963368348,0.7812898724772115,"{""n_estimators"": 500, ""max_depth"": 18, ""min_samples_leaf"": 3, ""max_features"": ""log2""}",shared_Baseline_vs_Stress_pooled,subject_zscore,all_modalities,random_forest
12,0.7984189723320159,0.7903474903474903,0.7915273132664438,0.8120739001787792,"{""n_estimators"": 300, ""max_depth"": 16, ""min_samples_leaf"": 7, ""max_features"": ""log2""}",shared_Baseline_vs_Stress_pooled,subject_zscore,all_modalities,random_forest
13,0.6352941176470588,0.6114285714285714,0.6123796603520701,0.852315081997184,"{""n_estimators"": 200, ""max_depth"": 7, ""min_samples_leaf"": 8, ""max_features"": 0.5}",shared_Baseline_vs_Stress_pooled,subject_zscore,all_modalities,random_forest
14,0.796875,0.7925735432478204,0.7917917917917918,0.8044201915102492,"{""n_estimators"": 200, ""max_depth"": 14, ""min_samples_leaf"": 2, ""max_features"": ""log2""}",shared_Baseline_vs_Stress_pooled,subject_zscore,all_modalities,random_forest
15,0.8249027237354085,0.823514789957743,0.8213982363751486,0.819131204966632,"{""n_estimators"": 400, ""max_depth"": 4, ""min_samples_leaf"": 1, ""max_features"": ""log2""}",shared_Baseline_vs_Stress_pooled,subject_zscore,all_modalities,random_forest
16,0.7330677290836654,0.717058056099152,0.7201131730049097,0.8234943998480752,"{""n_estimators"": 300, ""max_depth"": 7, ""min_samples_leaf"": 1, ""max_features"": ""log2""}",shared_Baseline_vs_Stress_pooled,subject_zscore,all_modalities,random_forest
17,0.8431372549019608,0.8283257747543462,0.8348873348873349,0.8068260356163409,"{""n_estimators"": 600, ""max_depth"": 18, ""min_samples_leaf"": 1, ""max_features"": ""sqrt""}",shared_Baseline_vs_Stress_pooled,subject_zscore,all_modalities,random_forest
18,0.8110236220472441,0.8086542789172506,0.8057113717491076,0.8053114810245683,"{""n_estimators"": 200, ""max_depth"": 16, ""min_samples_leaf"": 1, ""max_features"": 0.5}",shared_Baseline_vs_Stress_pooled,subject_zscore,all_modalities,random_forest
19,0.8656126482213439,0.8619881915030163,0.8619881915030163,0.7934764390598117,"{""n_estimators"": 300, ""max_depth"": 19, ""min_samples_leaf"": 3, ""max_features"": ""log2""}",shared_Baseline_vs_Stress_pooled,subject_zscore,all_modalities,random_forest
0,0.8924302788844621,0.8870682888540031,0.8886917960088692,0.8049163978336509,"{""layers"": ""128-64"", ""alpha"": 2.4653902366865365e-05, ""learning_rate_init"": 0.001031674116367411}",shared_Baseline_vs_Stress_pooled,subject_zscore,all_modalities,mlp
1,0.8145161290322581,0.8218918918918918,0.8117615998943964,0.794422478417113,"{""layers"": ""64"", ""alpha"": 0.0007150847014101603, ""learning_rate_init"": 0.009076780755104102}",shared_Baseline_vs_Stress_pooled,subject_zscore,all_modalities,mlp
2,0.7890625,0.7890532359732885,0.786125379045733,0.8198124362410076,"{""layers"": ""128-64"", ""alpha"": 0.0025953503325922044, ""learning_rate_init"": 0.0012568055407104989}",shared_Baseline_vs_Stress_pooled,subject_zscore,all_modalities,mlp
3,0.7606177606177607,0.759823062843197,0.7571385359951603,0.812519157108634,"{""layers"": ""64-32"", ""alpha"": 9.623858878049124e-05, ""learning_rate_init"": 0.004371807994992286}",shared_Baseline_vs_Stress_pooled,subject_zscore,all_modalities,mlp
4,0.8257575757575758,0.8198424277793989,0.8216635338345865,0.800853581572189,"{""layers"": ""128-64"", ""alpha"": 0.00016160174368198282, ""learning_rate_init"": 0.000709059712379712}",shared_Baseline_vs_Stress_pooled,subject_zscore,all_modalities,mlp
5,0.8185328185328186,0.8209459459459459,0.8166854905504104,0.8187024705588112,"{""layers"": ""128-64"", ""alpha"": 0.0008987621100554029, ""learning_rate_init"": 0.0016729683536668887}",shared_Baseline_vs_Stress_pooled,subject_zscore,all_modalities,mlp
6,0.8704453441295547,0.8783673469387756,0.8683719690913936,0.8276975944979857,"{""layers"": ""128-64"", ""alpha"": 0.001060344528651086, ""learning_rate_init"": 0.0006661718320904469}",shared_Baseline_vs_Stress_pooled,subject_zscore,all_modalities,mlp
7,0.8108108108108109,0.7998779743746187,0.8034870937272572,0.8160553658196879,"{""layers"": ""64"", ""alpha"": 0.03449482680022896, ""learning_rate_init"": 0.0025099054547033034}",shared_Baseline_vs_Stress_pooled,subject_zscore,all_modalities,mlp
8,0.8313725490196079,0.8210722404647638,0.8246301479408237,0.8199371892444759,"{""layers"": ""32"", ""alpha"": 3.8396582354127536e-05, ""learning_rate_init"": 0.006680281079103667}",shared_Baseline_vs_Stress_pooled,subject_zscore,all_modalities,mlp
9,0.9003831417624522,0.8910810810810811,0.8964285714285714,0.8292593820611062,"{""layers"": ""64-32"", ""alpha"": 0.005632437389378038, ""learning_rate_init"": 0.002553044281938228}",shared_Baseline_vs_Stress_pooled,subject_zscore,all_modalities,mlp
10,0.8793774319066148,0.8685358255451714,0.8738060919012244,0.8121982558838855,"{""layers"": ""64"", ""alpha"": 0.004771781519643444, ""learning_rate_init"": 0.0009591438931583726}",shared_Baseline_vs_Stress_pooled,subject_zscore,all_modalities,mlp
11,0.9003831417624522,0.8839285714285714,0.8942199775533108,0.7710898063701513,"{""layers"": ""64"", ""alpha"": 0.03558485935144285, ""learning_rate_init"": 0.0044682256999217015}",shared_Baseline_vs_Stress_pooled,subject_zscore,all_modalities,mlp
12,0.782608695652174,0.7616151866151866,0.7677465658538214,0.8431460620048572,"{""layers"": ""64-32"", ""alpha"": 0.00045862534191420896, ""learning_rate_init"": 0.001937810950160336}",shared_Baseline_vs_Stress_pooled,subject_zscore,all_modalities,mlp
13,0.7529411764705882,0.75,0.7473301772542111,0.8528707833459571,"{""layers"": ""64-32"", ""alpha"": 1.793118508062225e-05, ""learning_rate_init"": 0.005404359892389587}",shared_Baseline_vs_Stress_pooled,subject_zscore,all_modalities,mlp
14,0.81640625,0.8080348742394781,0.8100020528368627,0.8014839207105999,"{""layers"": ""64"", ""alpha"": 0.0008204605965272345, ""learning_rate_init"": 0.0020846461844417734}",shared_Baseline_vs_Stress_pooled,subject_zscore,all_modalities,mlp
15,0.7782101167315175,0.7883420333084763,0.7773471341936071,0.8248210297519343,"{""layers"": ""128-64"", ""alpha"": 0.00028048137962975896, ""learning_rate_init"": 0.003012585611253477}",shared_Baseline_vs_Stress_pooled,subject_zscore,all_modalities,mlp
16,0.7529880478087649,0.7355185909980431,0.7395568349176597,0.8295264323931781,"{""layers"": ""128-64"", ""alpha"": 0.0018441035966864883, ""learning_rate_init"": 0.0008791007113646512}",shared_Baseline_vs_Stress_pooled,subject_zscore,all_modalities,mlp
17,0.8509803921568627,0.8535525321239608,0.8490277950891187,0.7871428349486546,"{""layers"": ""64"", ""alpha"": 8.726801459409987e-05, ""learning_rate_init"": 0.005398564792986232}",shared_Baseline_vs_Stress_pooled,subject_zscore,all_modalities,mlp
18,0.7677165354330708,0.7413682247797853,0.7480285834384195,0.8491047582969923,"{""layers"": ""128-64"", ""alpha"": 9.187644757621028e-05, ""learning_rate_init"": 0.0014628209560217612}",shared_Baseline_vs_Stress_pooled,subject_zscore,all_modalities,mlp
19,0.8458498023715415,0.8384032858426389,0.8405797101449275,0.7961835204631615,"{""layers"": ""128-64"", ""alpha"": 0.00014038540449705527, ""learning_rate_init"": 0.002622721132943956}",shared_Baseline_vs_Stress_pooled,subject_zscore,all_modalities,mlp
0,0.8167330677290837,0.804160125588697,0.8081804891015417,0.79037638470903,"{""n_estimators"": 600, ""max_depth"": 6, ""learning_rate"": 0.12358960550136179, ""subsample"": 0.6156751169017283, ""colsample_bytree"": 0.6414034812882048, ""min_child_weight"": 2, ""gamma"": 1.4807009876107247, ""reg_lambda"": 0.022708223335487533}",shared_Baseline_vs_Stress_pooled,subject_zscore,physiology_only,xgboost
1,0.8225806451612904,0.8140540540540541,0.8150633855331841,0.7728808641301027,"{""n_estimators"": 200, ""max_depth"": 3, ""learning_rate"": 0.045057618039422175, ""subsample"": 0.6466434297369851, ""colsample_bytree"": 0.5619859491975557, ""min_child_weight"": 3, ""gamma"": 3.7692773701072104, ""reg_lambda"": 1.2400515455640195}",shared_Baseline_vs_Stress_pooled,subject_zscore,physiology_only,xgboost
2,0.66796875,0.6504087873681583,0.6519012653772935,0.8080125628339915,"{""n_estimators"": 150, ""max_depth"": 8, ""learning_rate"": 0.011027858500815044, ""subsample"": 0.9776006757787342, ""colsample_bytree"": 0.5030097192484126, ""min_child_weight"": 3, ""gamma"": 1.5371011813221778, ""reg_lambda"": 0.01981218538951492}",shared_Baseline_vs_Stress_pooled,subject_zscore,physiology_only,xgboost
3,0.7760617760617761,0.7672971323978035,0.769091244466306,0.8018953902554795,"{""n_estimators"": 250, ""max_depth"": 8, ""learning_rate"": 0.0541279156005097, ""subsample"": 0.6510565709914552, ""colsample_bytree"": 0.5307474271605479, ""min_child_weight"": 2, ""gamma"": 1.9517310057018784, ""reg_lambda"": 0.037986437071217995}",shared_Baseline_vs_Stress_pooled,subject_zscore,physiology_only,xgboost
4,0.7651515151515151,0.7482929676101546,0.7523602033405955,0.7953043332128592,"{""n_estimators"": 500, ""max_depth"": 6, ""learning_rate"": 0.04923902633438801, ""subsample"": 0.6445246580708813, ""colsample_bytree"": 0.9648535732717438, ""min_child_weight"": 3, ""gamma"": 3.1524629682607035, ""reg_lambda"": 3.042300422809385}",shared_Baseline_vs_Stress_pooled,subject_zscore,physiology_only,xgboost
5,0.8108108108108109,0.8006756756756757,0.8040816956635843,0.7946460326598741,"{""n_estimators"": 550, ""max_depth"": 3, ""learning_rate"": 0.030601009943739432, ""subsample"": 0.6852445528262222, ""colsample_bytree"": 0.8412758698170372, ""min_child_weight"": 7, ""gamma"": 1.1597122941698204, ""reg_lambda"": 0.04100310294518715}",shared_Baseline_vs_Stress_pooled,subject_zscore,physiology_only,xgboost
6,0.8097165991902834,0.8145578231292516,0.806468283737601,0.8051597994308365,"{""n_estimators"": 150, ""max_depth"": 5, ""learning_rate"": 0.19619164221131055, ""subsample"": 0.8824986697892433, ""colsample_bytree"": 0.757893992248072, ""min_child_weight"": 9, ""gamma"": 3.80230772818796, ""reg_lambda"": 5.109680995522116}",shared_Baseline_vs_Stress_pooled,subject_zscore,physiology_only,xgboost
7,0.8185328185328186,0.8089688834655278,0.8120783611467033,0.7708026905815158,"{""n_estimators"": 100, ""max_depth"": 6, ""learning_rate"": 0.20775621650107526, ""subsample"": 0.815212348245399, ""colsample_bytree"": 0.7151836752672039, ""min_child_weight"": 3, ""gamma"": 0.9195207038902653, ""reg_lambda"": 1.260013249867644}",shared_Baseline_vs_Stress_pooled,subject_zscore,physiology_only,xgboost
8,0.7607843137254902,0.7524943167466531,0.7534435480036139,0.8232120572424982,"{""n_estimators"": 200, ""max_depth"": 8, ""learning_rate"": 0.06797741666430772, ""subsample"": 0.6805581122841635, ""colsample_bytree"": 0.8022630019026965, ""min_child_weight"": 9, ""gamma"": 1.976523953928343, ""reg_lambda"": 0.03697535470083885}",shared_Baseline_vs_Stress_pooled,subject_zscore,physiology_only,xgboost
9,0.7777777777777778,0.7633333333333333,0.7674511490721396,0.8072177617128355,"{""n_estimators"": 250, ""max_depth"": 3, ""learning_rate"": 0.04540117184129356, ""subsample"": 0.6370742571740673, ""colsample_bytree"": 0.5973306363464422, ""min_child_weight"": 3, ""gamma"": 1.6448661275483107, ""reg_lambda"": 0.1378764082748675}",shared_Baseline_vs_Stress_pooled,subject_zscore,physiology_only,xgboost
10,0.8715953307392996,0.8645482866043613,0.8669542709232096,0.7841431527008423,"{""n_estimators"": 250, ""max_depth"": 2, ""learning_rate"": 0.06891703926667869, ""subsample"": 0.8140938159747938, ""colsample_bytree"": 0.5691215008257638, ""min_child_weight"": 10, ""gamma"": 4.917798841615569, ""reg_lambda"": 0.39206810429753025}",shared_Baseline_vs_Stress_pooled,subject_zscore,physiology_only,xgboost
11,0.8237547892720306,0.7968600191754553,0.8059793148028442,0.8002121860182744,"{""n_estimators"": 600, ""max_depth"": 8, ""learning_rate"": 0.07160356362859074, ""subsample"": 0.8758129312782026, ""colsample_bytree"": 0.9123797433706956, ""min_child_weight"": 9, ""gamma"": 2.526522507679985, ""reg_lambda"": 0.8328464561727158}",shared_Baseline_vs_Stress_pooled,subject_zscore,physiology_only,xgboost
12,0.7391304347826086,0.736904761904762,0.7340405198776758,0.8201366009984348,"{""n_estimators"": 100, ""max_depth"": 6, ""learning_rate"": 0.022517562324138676, ""subsample"": 0.6174893776432643, ""colsample_bytree"": 0.6180088504732696, ""min_child_weight"": 9, ""gamma"": 0.8090711145605971, ""reg_lambda"": 0.016261076257950386}",shared_Baseline_vs_Stress_pooled,subject_zscore,physiology_only,xgboost
13,0.7803921568627451,0.7733333333333333,0.7733333333333333,0.8278044558108691,"{""n_estimators"": 450, ""max_depth"": 3, ""learning_rate"": 0.26627792964965513, ""subsample"": 0.7471043243694416, ""colsample_bytree"": 0.5318957701197197, ""min_child_weight"": 1, ""gamma"": 2.7007922604372623, ""reg_lambda"": 0.02730702998567226}",shared_Baseline_vs_Stress_pooled,subject_zscore,physiology_only,xgboost
14,0.78515625,0.7680173116728344,0.773104504068971,0.7842082395265996,"{""n_estimators"": 350, ""max_depth"": 2, ""learning_rate"": 0.17898679301946224, ""subsample"": 0.9296723822048989, ""colsample_bytree"": 0.6696305089739945, ""min_child_weight"": 5, ""gamma"": 4.426170971762159, ""reg_lambda"": 0.1908245855829962}",shared_Baseline_vs_Stress_pooled,subject_zscore,physiology_only,xgboost
15,0.7859922178988327,0.7759445687298037,0.7782571182053495,0.8164897379945836,"{""n_estimators"": 250, ""max_depth"": 4, ""learning_rate"": 0.1813503938040741, ""subsample"": 0.6378962896703132, ""colsample_bytree"": 0.9549934019779187, ""min_child_weight"": 9, ""gamma"": 3.9939887504200975, ""reg_lambda"": 0.011781056454338794}",shared_Baseline_vs_Stress_pooled,subject_zscore,physiology_only,xgboost
16,0.7450199203187251,0.736692759295499,0.7373103087388801,0.8150847047283558,"{""n_estimators"": 400, ""max_depth"": 2, ""learning_rate"": 0.23087076603112477, ""subsample"": 0.8920913113159482, ""colsample_bytree"": 0.8831545125265229, ""min_child_weight"": 8, ""gamma"": 2.173169487597269, ""reg_lambda"": 1.3540476840428979}",shared_Baseline_vs_Stress_pooled,subject_zscore,physiology_only,xgboost
17,0.8274509803921568,0.8184051398337113,0.8213830871115639,0.8091160039883855,"{""n_estimators"": 400, ""max_depth"": 6, ""learning_rate"": 0.28364310984370533, ""subsample"": 0.8776039430270068, ""colsample_bytree"": 0.9632798044230688, ""min_child_weight"": 10, ""gamma"": 2.28947633429834, ""reg_lambda"": 0.26541385607005025}",shared_Baseline_vs_Stress_pooled,subject_zscore,physiology_only,xgboost
18,0.7992125984251969,0.8110653893139588,0.7975526278775377,0.822024991494071,"{""n_estimators"": 250, ""max_depth"": 2, ""learning_rate"": 0.1415836757383984, ""subsample"": 0.9560687998720637, ""colsample_bytree"": 0.9363691634515938, ""min_child_weight"": 1, ""gamma"": 1.1868517097652624, ""reg_lambda"": 0.01269768652288782}",shared_Baseline_vs_Stress_pooled,subject_zscore,physiology_only,xgboost
19,0.8142292490118577,0.7927737132588885,0.8006638392033929,0.7917591645744692,"{""n_estimators"": 300, ""max_depth"": 8, ""learning_rate"": 0.017746227324604173, ""subsample"": 0.9173022515020923, ""colsample_bytree"": 0.8734236662920073, ""min_child_weight"": 3, ""gamma"": 1.1950746949876931, ""reg_lambda"": 0.030384744333399074}",shared_Baseline_vs_Stress_pooled,subject_zscore,physiology_only,xgboost
0,0.7928286852589641,0.7739076399790685,0.7798245614035089,0.7586560161985068,"{""n_estimators"": 500, ""max_depth"": 13, ""min_samples_leaf"": 1, ""max_features"": ""sqrt""}",shared_Baseline_vs_Stress_pooled,subject_zscore,physiology_only,random_forest
1,0.7943548387096774,0.7839189189189189,0.785274094698063,0.7460394144957266,"{""n_estimators"": 200, ""max_depth"": 20, ""min_samples_leaf"": 8, ""max_features"": ""log2""}",shared_Baseline_vs_Stress_pooled,subject_zscore,physiology_only,random_forest
2,0.6796875,0.6617986644198963,0.6635897435897435,0.796869426869427,"{""n_estimators"": 300, ""max_depth"": 15, ""min_samples_leaf"": 9, ""max_features"": 0.5}",shared_Baseline_vs_Stress_pooled,subject_zscore,physiology_only,random_forest
3,0.7335907335907336,0.7244356314826114,0.7256734975823164,0.7821674522999348,"{""n_estimators"": 500, ""max_depth"": 12, ""min_samples_leaf"": 8, ""max_features"": ""sqrt""}",shared_Baseline_vs_Stress_pooled,subject_zscore,physiology_only,random_forest
4,0.75,0.7388386343740881,0.7414529914529915,0.784531487115738,"{""n_estimators"": 500, ""max_depth"": 12, ""min_samples_leaf"": 1, ""max_features"": ""log2""}",shared_Baseline_vs_Stress_pooled,subject_zscore,physiology_only,random_forest
5,0.7258687258687259,0.7105855855855856,0.7134107379412453,0.78741059706748,"{""n_estimators"": 500, ""max_depth"": 8, ""min_samples_leaf"": 3, ""max_features"": ""log2""}",shared_Baseline_vs_Stress_pooled,subject_zscore,physiology_only,random_forest
6,0.8097165991902834,0.8225510204081632,0.8081949607600165,0.7617427965960255,"{""n_estimators"": 600, ""max_depth"": 5, ""min_samples_leaf"": 1, ""max_features"": ""sqrt""}",shared_Baseline_vs_Stress_pooled,subject_zscore,physiology_only,random_forest
7,0.833976833976834,0.82477120195241,0.8280716921129414,0.7597359835394643,"{""n_estimators"": 500, ""max_depth"": 11, ""min_samples_leaf"": 1, ""max_features"": ""log2""}",shared_Baseline_vs_Stress_pooled,subject_zscore,physiology_only,random_forest
8,0.8235294117647058,0.8078428896185905,0.8139018180048978,0.7857129166153615,"{""n_estimators"": 400, ""max_depth"": 5, ""min_samples_leaf"": 3, ""max_features"": ""sqrt""}",shared_Baseline_vs_Stress_pooled,subject_zscore,physiology_only,random_forest
9,0.7816091954022989,0.761981981981982,0.767637641546271,0.7960064338143157,"{""n_estimators"": 500, ""max_depth"": 14, ""min_samples_leaf"": 6, ""max_features"": ""log2""}",shared_Baseline_vs_Stress_pooled,subject_zscore,physiology_only,random_forest
10,0.8754863813229572,0.869221183800623,0.8711779448621554,0.7495852830239698,"{""n_estimators"": 300, ""max_depth"": 17, ""min_samples_leaf"": 1, ""max_features"": 0.5}",shared_Baseline_vs_Stress_pooled,subject_zscore,physiology_only,random_forest
11,0.8505747126436781,0.8314357622243529,0.8403669724770643,0.7580169097168001,"{""n_estimators"": 300, ""max_depth"": 15, ""min_samples_leaf"": 1, ""max_features"": ""log2""}",shared_Baseline_vs_Stress_pooled,subject_zscore,physiology_only,random_forest
12,0.7272727272727273,0.7170849420849421,0.717948717948718,0.783604458797806,"{""n_estimators"": 400, ""max_depth"": 12, ""min_samples_leaf"": 10, ""max_features"": ""log2""}",shared_Baseline_vs_Stress_pooled,subject_zscore,physiology_only,random_forest
13,0.6588235294117647,0.6542857142857144,0.6518853269312244,0.8015813283100578,"{""n_estimators"": 500, ""max_depth"": 8, ""min_samples_leaf"": 8, ""max_features"": 0.5}",shared_Baseline_vs_Stress_pooled,subject_zscore,physiology_only,random_forest
14,0.73046875,0.7078655209182714,0.7118950922346724,0.7831598061134711,"{""n_estimators"": 500, ""max_depth"": 19, ""min_samples_leaf"": 2, ""max_features"": ""sqrt""}",shared_Baseline_vs_Stress_pooled,subject_zscore,physiology_only,random_forest
15,0.7704280155642024,0.756152125279642,0.759824497489427,0.7857661559877999,"{""n_estimators"": 500, ""max_depth"": 9, ""min_samples_leaf"": 2, ""max_features"": ""sqrt""}",shared_Baseline_vs_Stress_pooled,subject_zscore,physiology_only,random_forest
16,0.7211155378486056,0.7121330724070449,0.7126831501831501,0.7780199693175364,"{""n_estimators"": 500, ""max_depth"": 4, ""min_samples_leaf"": 9, ""max_features"": ""sqrt""}",shared_Baseline_vs_Stress_pooled,subject_zscore,physiology_only,random_forest
17,0.8470588235294118,0.8317271352985639,0.838714908937578,0.7780184004435095,"{""n_estimators"": 500, ""max_depth"": 16, ""min_samples_leaf"": 1, ""max_features"": ""log2""}",shared_Baseline_vs_Stress_pooled,subject_zscore,physiology_only,random_forest
18,0.8110236220472441,0.8148267215328232,0.8075757575757576,0.7778614943523859,"{""n_estimators"": 200, ""max_depth"": 13, ""min_samples_leaf"": 1, ""max_features"": ""log2""}",shared_Baseline_vs_Stress_pooled,subject_zscore,physiology_only,random_forest
19,0.7944664031620553,0.7797137723013734,0.7842712842712842,0.7623070521039345,"{""n_estimators"": 400, ""max_depth"": 17, ""min_samples_leaf"": 4, ""max_features"": 0.5}",shared_Baseline_vs_Stress_pooled,subject_zscore,physiology_only,random_forest
0,0.8007968127490039,0.7793040293040293,0.7864774737988295,0.7718088093357789,"{""layers"": ""64-32"", ""alpha"": 0.00011853311105053556, ""learning_rate_init"": 0.002498714335246006}",shared_Baseline_vs_Stress_pooled,subject_zscore,physiology_only,mlp
1,0.7056451612903226,0.6901351351351351,0.6915580543487521,0.7560992939314891,"{""layers"": ""64-32"", ""alpha"": 0.053396297708234265, ""learning_rate_init"": 0.00025946100344044135}",shared_Baseline_vs_Stress_pooled,subject_zscore,physiology_only,mlp
2,0.6875,0.6626724084129065,0.6637772524297347,0.7815297995655138,"{""layers"": ""64-32"", ""alpha"": 0.0005451685983068387, ""learning_rate_init"": 0.0025405457790479307}",shared_Baseline_vs_Stress_pooled,subject_zscore,physiology_only,mlp
3,0.7413127413127413,0.7251982916412447,0.7286261631089217,0.7869327493059952,"{""layers"": ""64"", ""alpha"": 0.09476329551640278, ""learning_rate_init"": 0.0030467833639300046}",shared_Baseline_vs_Stress_pooled,subject_zscore,physiology_only,mlp
4,0.6628787878787878,0.6457834840968777,0.6463948711002754,0.7735730478993542,"{""layers"": ""128-64"", ""alpha"": 2.831398228358501e-05, ""learning_rate_init"": 0.00015521940818840816}",shared_Baseline_vs_Stress_pooled,subject_zscore,physiology_only,mlp
5,0.8223938223938224,0.8153153153153153,0.8173595781211676,0.7628780304797567,"{""layers"": ""128-64"", ""alpha"": 0.0013277573387881782, ""learning_rate_init"": 0.0005284762216012407}",shared_Baseline_vs_Stress_pooled,subject_zscore,physiology_only,mlp
6,0.8218623481781376,0.8119727891156463,0.8139295986851116,0.7577851354270141,"{""layers"": ""64"", ""alpha"": 0.090998031890896, ""learning_rate_init"": 0.009038015509779243}",shared_Baseline_vs_Stress_pooled,subject_zscore,physiology_only,mlp
7,0.7992277992277992,0.7898108602806589,0.7923911703045998,0.743945422879433,"{""layers"": ""32"", ""alpha"": 0.013261566222486032, ""learning_rate_init"": 0.004455459761125432}",shared_Baseline_vs_Stress_pooled,subject_zscore,physiology_only,mlp
8,0.7843137254901961,0.7688810305632736,0.7733846079270953,0.7865577415553447,"{""layers"": ""64"", ""alpha"": 0.0024704904561325897, ""learning_rate_init"": 0.004104942015000157}",shared_Baseline_vs_Stress_pooled,subject_zscore,physiology_only,mlp
9,0.7854406130268199,0.7547747747747748,0.7613012803762739,0.7789845235042279,"{""layers"": ""64"", ""alpha"": 0.09330245959642004, ""learning_rate_init"": 0.004768362996443514}",shared_Baseline_vs_Stress_pooled,subject_zscore,physiology_only,mlp
10,0.7898832684824902,0.7650778816199377,0.7725216365066876,0.7666851065669172,"{""layers"": ""64"", ""alpha"": 0.00015736924790175173, ""learning_rate_init"": 0.0012479291360120409}",shared_Baseline_vs_Stress_pooled,subject_zscore,physiology_only,mlp
11,0.8160919540229885,0.7868228667305849,0.7954010974653776,0.7709103096930384,"{""layers"": ""64"", ""alpha"": 0.0004563783223686287, ""learning_rate_init"": 0.0034036193877073086}",shared_Baseline_vs_Stress_pooled,subject_zscore,physiology_only,mlp
12,0.7351778656126482,0.7072393822393822,0.7118402039949001,0.7806530541927019,"{""layers"": ""64"", ""alpha"": 0.0015214356024349468, ""learning_rate_init"": 0.0013426932354373066}",shared_Baseline_vs_Stress_pooled,subject_zscore,physiology_only,mlp
13,0.6705882352941176,0.6485714285714286,0.650593762234112,0.8202497659450346,"{""layers"": ""128-64"", ""alpha"": 0.030817931043094614, ""learning_rate_init"": 0.0012925535037264576}",shared_Baseline_vs_Stress_pooled,subject_zscore,physiology_only,mlp
14,0.7421875,0.7271529825001568,0.7301820504631109,0.7684133993962997,"{""layers"": ""32"", ""alpha"": 0.00038481322772962885, ""learning_rate_init"": 0.008675825569180477}",shared_Baseline_vs_Stress_pooled,subject_zscore,physiology_only,mlp
15,0.7470817120622568,0.7309221973651504,0.7344745918967464,0.7783533360301128,"{""layers"": ""64"", ""alpha"": 4.181017633679879e-05, ""learning_rate_init"": 0.004046906834348572}",shared_Baseline_vs_Stress_pooled,subject_zscore,physiology_only,mlp
16,0.6733067729083665,0.6456294846705806,0.6466002747252748,0.7954236066494119,"{""layers"": ""128-64"", ""alpha"": 5.858574515837247e-05, ""learning_rate_init"": 0.002154034391199469}",shared_Baseline_vs_Stress_pooled,subject_zscore,physiology_only,mlp
17,0.7725490196078432,0.7671012849584278,0.7671012849584278,0.7700781854138543,"{""layers"": ""128-64"", ""alpha"": 0.006681918972444093, ""learning_rate_init"": 0.002276574315589409}",shared_Baseline_vs_Stress_pooled,subject_zscore,physiology_only,mlp
18,0.7362204724409449,0.7225937118240854,0.7242128121606949,0.7906152776239065,"{""layers"": ""64-32"", ""alpha"": 0.04777320373083255, ""learning_rate_init"": 0.00996967911932433}",shared_Baseline_vs_Stress_pooled,subject_zscore,physiology_only,mlp
19,0.766798418972332,0.7427480426132718,0.7486402290140608,0.7658728716829803,"{""layers"": ""64"", ""alpha"": 0.0017729550116385086, ""learning_rate_init"": 0.003988102125736091}",shared_Baseline_vs_Stress_pooled,subject_zscore,physiology_only,mlp
0,0.6693227091633466,0.6501831501831501,0.6520003340850247,0.7093207636674475,"{""n_estimators"": 350, ""max_depth"": 4, ""learning_rate"": 0.013448416893789315, ""subsample"": 0.8143978042826376, ""colsample_bytree"": 0.5127867406436887, ""min_child_weight"": 9, ""gamma"": 2.2824904562056814, ""reg_lambda"": 0.10009946449219982}",shared_Baseline_vs_Stress_pooled,subject_zscore,acc_only,xgboost
1,0.7096774193548387,0.7,0.699333198625985,0.7250422416086093,"{""n_estimators"": 300, ""max_depth"": 8, ""learning_rate"": 0.02622066079254977, ""subsample"": 0.6450976764126128, ""colsample_bytree"": 0.5044774531054468, ""min_child_weight"": 1, ""gamma"": 1.344573872273704, ""reg_lambda"": 0.034213400875879735}",shared_Baseline_vs_Stress_pooled,subject_zscore,acc_only,xgboost
2,0.76953125,0.7779754103476253,0.768737272434965,0.6756464236821381,"{""n_estimators"": 400, ""max_depth"": 8, ""learning_rate"": 0.0192027154673986, ""subsample"": 0.6900676546324883, ""colsample_bytree"": 0.6449059861546022, ""min_child_weight"": 3, ""gamma"": 1.403946641370477, ""reg_lambda"": 0.03652281980704582}",shared_Baseline_vs_Stress_pooled,subject_zscore,acc_only,xgboost
3,0.8185328185328186,0.8220561317876753,0.8166854905504104,0.7178328008085887,"{""n_estimators"": 100, ""max_depth"": 5, ""learning_rate"": 0.011477400041379034, ""subsample"": 0.7866067087522787, ""colsample_bytree"": 0.5814820983874684, ""min_child_weight"": 7, ""gamma"": 1.9442344782500722, ""reg_lambda"": 0.1887572807971355}",shared_Baseline_vs_Stress_pooled,subject_zscore,acc_only,xgboost
4,0.6893939393939394,0.6920922089290925,0.6879432624113475,0.6607453226458565,"{""n_estimators"": 450, ""max_depth"": 7, ""learning_rate"": 0.04803371564457419, ""subsample"": 0.617717954582735, ""colsample_bytree"": 0.794561419331697, ""min_child_weight"": 3, ""gamma"": 3.6336447613062917, ""reg_lambda"": 2.8473220053662085}",shared_Baseline_vs_Stress_pooled,subject_zscore,acc_only,xgboost
5,0.752895752895753,0.7488738738738738,0.7482993197278911,0.7181305717744605,"{""n_estimators"": 400, ""max_depth"": 8, ""learning_rate"": 0.010461122591898745, ""subsample"": 0.7697093494424643, ""colsample_bytree"": 0.5297293192420979, ""min_child_weight"": 9, ""gamma"": 1.1350641914872694, ""reg_lambda"": 0.17335090481195733}",shared_Baseline_vs_Stress_pooled,subject_zscore,acc_only,xgboost
6,0.7975708502024291,0.7963605442176871,0.7923951048951049,0.7145547268198932,"{""n_estimators"": 400, ""max_depth"": 7, ""learning_rate"": 0.1632002025894118, ""subsample"": 0.8217991925992962, ""colsample_bytree"": 0.8386811860105958, ""min_child_weight"": 8, ""gamma"": 4.648530333360764, ""reg_lambda"": 0.0176782172659606}",shared_Baseline_vs_Stress_pooled,subject_zscore,acc_only,xgboost
7,0.7142857142857143,0.7195546064673581,0.7127398081534773,0.6941910250467176,"{""n_estimators"": 100, ""max_depth"": 6, ""learning_rate"": 0.01231472577080189, ""subsample"": 0.7443119478902513, ""colsample_bytree"": 0.6441806152927342, ""min_child_weight"": 7, ""gamma"": 3.3997173058591836, ""reg_lambda"": 0.10621540192677204}",shared_Baseline_vs_Stress_pooled,subject_zscore,acc_only,xgboost
8,0.7607843137254902,0.7486107602930032,0.751219512195122,0.706949053485487,"{""n_estimators"": 400, ""max_depth"": 5, ""learning_rate"": 0.06922394122181373, ""subsample"": 0.6536077083827065, ""colsample_bytree"": 0.5348964993097883, ""min_child_weight"": 4, ""gamma"": 3.2023938654257535, ""reg_lambda"": 0.8343658640851669}",shared_Baseline_vs_Stress_pooled,subject_zscore,acc_only,xgboost
9,0.6973180076628352,0.6710810810810811,0.6723866723866724,0.6893676383824167,"{""n_estimators"": 400, ""max_depth"": 4, ""learning_rate"": 0.038611152849101264, ""subsample"": 0.626239606126592, ""colsample_bytree"": 0.542352669321813, ""min_child_weight"": 2, ""gamma"": 1.69330677286177, ""reg_lambda"": 0.036548065525962535}",shared_Baseline_vs_Stress_pooled,subject_zscore,acc_only,xgboost
10,0.7704280155642024,0.7711838006230529,0.7668127643214149,0.6608403048187547,"{""n_estimators"": 550, ""max_depth"": 6, ""learning_rate"": 0.017218673229576396, ""subsample"": 0.7016667005249128, ""colsample_bytree"": 0.5530359592473688, ""min_child_weight"": 8, ""gamma"": 0.03267633092683725, ""reg_lambda"": 2.6832905338946116}",shared_Baseline_vs_Stress_pooled,subject_zscore,acc_only,xgboost
11,0.7164750957854407,0.7128775167785235,0.7118689581095596,0.6968900722912265,"{""n_estimators"": 350, ""max_depth"": 8, ""learning_rate"": 0.04158358933545777, ""subsample"": 0.8872495201454547, ""colsample_bytree"": 0.7523388826315075, ""min_child_weight"": 8, ""gamma"": 1.6571577291396642, ""reg_lambda"": 0.48123925421913105}",shared_Baseline_vs_Stress_pooled,subject_zscore,acc_only,xgboost
12,0.7114624505928854,0.704954954954955,0.7040651188129917,0.6661526396187185,"{""n_estimators"": 300, ""max_depth"": 2, ""learning_rate"": 0.1150407695765668, ""subsample"": 0.6627229161330076, ""colsample_bytree"": 0.7676924615310654, ""min_child_weight"": 4, ""gamma"": 0.267057802350324, ""reg_lambda"": 0.03046783319511367}",shared_Baseline_vs_Stress_pooled,subject_zscore,acc_only,xgboost
13,0.6784313725490196,0.6623809523809523,0.6639128198534139,0.687316151166231,"{""n_estimators"": 600, ""max_depth"": 3, ""learning_rate"": 0.0928354761669217, ""subsample"": 0.8446595369738237, ""colsample_bytree"": 0.980392943726701, ""min_child_weight"": 2, ""gamma"": 2.254309318479608, ""reg_lambda"": 1.9063129888855934}",shared_Baseline_vs_Stress_pooled,subject_zscore,acc_only,xgboost
14,0.71875,0.7083359468105124,0.7093661305581835,0.6970457456359359,"{""n_estimators"": 600, ""max_depth"": 2, ""learning_rate"": 0.15368764183181058, ""subsample"": 0.9553593756716517, ""colsample_bytree"": 0.7672689086737473, ""min_child_weight"": 3, ""gamma"": 0.7318189499607107, ""reg_lambda"": 0.025685551205026105}",shared_Baseline_vs_Stress_pooled,subject_zscore,acc_only,xgboost
15,0.7431906614785992,0.7352100422570221,0.7357943925233645,0.637261562916624,"{""n_estimators"": 450, ""max_depth"": 5, ""learning_rate"": 0.09689443333594124, ""subsample"": 0.8613264650692796, ""colsample_bytree"": 0.5235562034688365, ""min_child_weight"": 6, ""gamma"": 0.9140129361273684, ""reg_lambda"": 4.322063638776855}",shared_Baseline_vs_Stress_pooled,subject_zscore,acc_only,xgboost
16,0.7529880478087649,0.7529028049575994,0.7491618310767247,0.6580054739178981,"{""n_estimators"": 450, ""max_depth"": 3, ""learning_rate"": 0.07865105760720037, ""subsample"": 0.6893771875742318, ""colsample_bytree"": 0.59692922417872, ""min_child_weight"": 5, ""gamma"": 1.863025266285701, ""reg_lambda"": 7.547813977923426}",shared_Baseline_vs_Stress_pooled,subject_zscore,acc_only,xgboost
17,0.6980392156862745,0.7049319727891157,0.6968457132270067,0.7014741294072101,"{""n_estimators"": 300, ""max_depth"": 5, ""learning_rate"": 0.19992467237432018, ""subsample"": 0.6273861102461372, ""colsample_bytree"": 0.7626950483992272, ""min_child_weight"": 7, ""gamma"": 1.6835170515327647, ""reg_lambda"": 2.3200051844298812}",shared_Baseline_vs_Stress_pooled,subject_zscore,acc_only,xgboost
18,0.7992125984251969,0.8048929466983861,0.7961765400047203,0.6940954614612332,"{""n_estimators"": 250, ""max_depth"": 6, ""learning_rate"": 0.12579090211258057, ""subsample"": 0.8165081687501623, ""colsample_bytree"": 0.8725157730959481, ""min_child_weight"": 6, ""gamma"": 4.894155446546427, ""reg_lambda"": 0.28131399102908344}",shared_Baseline_vs_Stress_pooled,subject_zscore,acc_only,xgboost
19,0.6719367588932806,0.6637466307277629,0.6635260939928536,0.6746377513736984,"{""n_estimators"": 250, ""max_depth"": 3, ""learning_rate"": 0.13111926219853537, ""subsample"": 0.7410846249049382, ""colsample_bytree"": 0.933581982455063, ""min_child_weight"": 3, ""gamma"": 3.5994333856981666, ""reg_lambda"": 0.01985622168757813}",shared_Baseline_vs_Stress_pooled,subject_zscore,acc_only,xgboost
0,0.6454183266932271,0.6452446363160649,0.6409502226079689,0.7035621320430878,"{""n_estimators"": 600, ""max_depth"": 6, ""min_samples_leaf"": 9, ""max_features"": ""sqrt""}",shared_Baseline_vs_Stress_pooled,subject_zscore,acc_only,random_forest
1,0.7459677419354839,0.7514864864864865,0.7424459720092973,0.7193835770723057,"{""n_estimators"": 600, ""max_depth"": 14, ""min_samples_leaf"": 5, ""max_features"": ""log2""}",shared_Baseline_vs_Stress_pooled,subject_zscore,acc_only,random_forest
2,0.76953125,0.7827185920239655,0.7693588040374426,0.6705169103383389,"{""n_estimators"": 200, ""max_depth"": 12, ""min_samples_leaf"": 8, ""max_features"": ""sqrt""}",shared_Baseline_vs_Stress_pooled,subject_zscore,acc_only,random_forest
3,0.7953667953667953,0.8031116534472239,0.7943736237398324,0.723513158693703,"{""n_estimators"": 500, ""max_depth"": 3, ""min_samples_leaf"": 6, ""max_features"": ""sqrt""}",shared_Baseline_vs_Stress_pooled,subject_zscore,acc_only,random_forest
4,0.7045454545454546,0.7104756346658885,0.7039337474120082,0.6881635879721754,"{""n_estimators"": 500, ""max_depth"": 7, ""min_samples_leaf"": 4, ""max_features"": ""log2""}",shared_Baseline_vs_Stress_pooled,subject_zscore,acc_only,random_forest
5,0.7374517374517374,0.7319819819819819,0.7319819819819819,0.7064809075728805,"{""n_estimators"": 600, ""max_depth"": 9, ""min_samples_leaf"": 9, ""max_features"": ""log2""}",shared_Baseline_vs_Stress_pooled,subject_zscore,acc_only,random_forest
6,0.7975708502024291,0.7963605442176871,0.7923951048951049,0.7133101909325003,"{""n_estimators"": 500, ""max_depth"": 13, ""min_samples_leaf"": 4, ""max_features"": ""log2""}",shared_Baseline_vs_Stress_pooled,subject_zscore,acc_only,random_forest
7,0.7142857142857143,0.7147956070774862,0.7111466120086809,0.6940884398281062,"{""n_estimators"": 200, ""max_depth"": 15, ""min_samples_leaf"": 2, ""max_features"": ""log2""}",shared_Baseline_vs_Stress_pooled,subject_zscore,acc_only,random_forest
8,0.7607843137254902,0.7537888355645365,0.7541139090434865,0.6982833257701425,"{""n_estimators"": 600, ""max_depth"": 10, ""min_samples_leaf"": 5, ""max_features"": 0.5}",shared_Baseline_vs_Stress_pooled,subject_zscore,acc_only,random_forest
9,0.7586206896551724,0.7548648648648648,0.7539393939393939,0.7065286827294216,"{""n_estimators"": 500, ""max_depth"": 5, ""min_samples_leaf"": 9, ""max_features"": 0.5}",shared_Baseline_vs_Stress_pooled,subject_zscore,acc_only,random_forest
10,0.8287937743190662,0.8278816199376947,0.8251700680272109,0.673528657210135,"{""n_estimators"": 500, ""max_depth"": 10, ""min_samples_leaf"": 6, ""max_features"": 0.5}",shared_Baseline_vs_Stress_pooled,subject_zscore,acc_only,random_forest
11,0.7624521072796935,0.7542545541706616,0.7558244809270884,0.7074289493692237,"{""n_estimators"": 200, ""max_depth"": 12, ""min_samples_leaf"": 4, ""max_features"": 0.5}",shared_Baseline_vs_Stress_pooled,subject_zscore,acc_only,random_forest
12,0.7628458498023716,0.7723938223938225,0.7615007541478129,0.6612830839703231,"{""n_estimators"": 300, ""max_depth"": 4, ""min_samples_leaf"": 7, ""max_features"": ""sqrt""}",shared_Baseline_vs_Stress_pooled,subject_zscore,acc_only,random_forest
13,0.7490196078431373,0.7495238095238095,0.7447447447447447,0.6875231543460956,"{""n_estimators"": 500, ""max_depth"": 8, ""min_samples_leaf"": 8, ""max_features"": ""sqrt""}",shared_Baseline_vs_Stress_pooled,subject_zscore,acc_only,random_forest
14,0.6953125,0.7026908361036192,0.693798687358155,0.6760390145043575,"{""n_estimators"": 400, ""max_depth"": 4, ""min_samples_leaf"": 5, ""max_features"": ""log2""}",shared_Baseline_vs_Stress_pooled,subject_zscore,acc_only,random_forest
15,0.7626459143968871,0.7660017399950286,0.7601915163752619,0.6212218974692054,"{""n_estimators"": 300, ""max_depth"": 8, ""min_samples_leaf"": 2, ""max_features"": ""log2""}",shared_Baseline_vs_Stress_pooled,subject_zscore,acc_only,random_forest
16,0.7569721115537849,0.7643509458577952,0.7554192425041133,0.662549113922953,"{""n_estimators"": 300, ""max_depth"": 12, ""min_samples_leaf"": 6, ""max_features"": ""log2""}",shared_Baseline_vs_Stress_pooled,subject_zscore,acc_only,random_forest
17,0.7098039215686275,0.7028533635676493,0.7028533635676493,0.7081590162708343,"{""n_estimators"": 400, ""max_depth"": 7, ""min_samples_leaf"": 4, ""max_features"": ""log2""}",shared_Baseline_vs_Stress_pooled,subject_zscore,acc_only,random_forest
18,0.8031496062992126,0.8082042049765319,0.7999747999747999,0.700976564627092,"{""n_estimators"": 600, ""max_depth"": 10, ""min_samples_leaf"": 8, ""max_features"": ""sqrt""}",shared_Baseline_vs_Stress_pooled,subject_zscore,acc_only,random_forest
19,0.7154150197628458,0.7090553202413041,0.7084880297017027,0.6782463953933014,"{""n_estimators"": 300, ""max_depth"": 20, ""min_samples_leaf"": 4, ""max_features"": ""sqrt""}",shared_Baseline_vs_Stress_pooled,subject_zscore,acc_only,random_forest
0,0.7410358565737052,0.728283621140764,0.7303350357845325,0.7226621465236834,"{""layers"": ""64-32"", ""alpha"": 0.014685885989200861, ""learning_rate_init"": 0.0011423254155608382}",shared_Baseline_vs_Stress_pooled,subject_zscore,acc_only,mlp
1,0.7137096774193549,0.7131081081081081,0.707891637220259,0.7396909816271605,"{""layers"": ""64"", ""alpha"": 4.7788310658576985e-05, ""learning_rate_init"": 0.005705385668376793}",shared_Baseline_vs_Stress_pooled,subject_zscore,acc_only,mlp
2,0.7265625,0.7358172626848904,0.7259603621238072,0.7126941444798588,"{""layers"": ""128-64"", ""alpha"": 0.0028511059621897502, ""learning_rate_init"": 0.004542987985322682}",shared_Baseline_vs_Stress_pooled,subject_zscore,acc_only,mlp
3,0.7606177606177607,0.7574435631482611,0.7561649659863945,0.7254101419877008,"{""layers"": ""64"", ""alpha"": 0.00013369615500434938, ""learning_rate_init"": 0.002919016665245406}",shared_Baseline_vs_Stress_pooled,subject_zscore,acc_only,mlp
4,0.7310606060606061,0.7240443536620951,0.725060506050605,0.701748481738746,"{""layers"": ""64"", ""alpha"": 0.03154669405686628, ""learning_rate_init"": 0.007429131365584126}",shared_Baseline_vs_Stress_pooled,subject_zscore,acc_only,mlp
5,0.8185328185328186,0.8108108108108109,0.813139918643027,0.6916125282784288,"{""layers"": ""64"", ""alpha"": 0.0020389573397761778, ""learning_rate_init"": 0.0070798187435795485}",shared_Baseline_vs_Stress_pooled,subject_zscore,acc_only,mlp
6,0.8218623481781376,0.8119727891156463,0.8139295986851116,0.7489701526638904,"{""layers"": ""32"", ""alpha"": 0.04463619666828756, ""learning_rate_init"": 0.009825342350184263}",shared_Baseline_vs_Stress_pooled,subject_zscore,acc_only,mlp
7,0.7297297297297297,0.7175106772422208,0.7196969696969697,0.683291304484198,"{""layers"": ""64-32"", ""alpha"": 0.028233461153324556, ""learning_rate_init"": 0.0018240529138817733}",shared_Baseline_vs_Stress_pooled,subject_zscore,acc_only,mlp
8,0.7803921568627451,0.769386208638545,0.7719724067450179,0.6963560202714086,"{""layers"": ""128-64"", ""alpha"": 0.00024090535173127271, ""learning_rate_init"": 0.009321780546949788}",shared_Baseline_vs_Stress_pooled,subject_zscore,acc_only,mlp
9,0.7164750957854407,0.702972972972973,0.7052197802197802,0.7132842959813402,"{""layers"": ""64"", ""alpha"": 0.007019802203666227, ""learning_rate_init"": 0.005010264799667966}",shared_Baseline_vs_Stress_pooled,subject_zscore,acc_only,mlp
10,0.7587548638132295,0.7611838006230529,0.7556434793276898,0.706915482213625,"{""layers"": ""64-32"", ""alpha"": 0.02182533654783491, ""learning_rate_init"": 0.0019819118030742675}",shared_Baseline_vs_Stress_pooled,subject_zscore,acc_only,mlp
11,0.7126436781609196,0.6818072866730585,0.6811733472319494,0.7031301635258403,"{""layers"": ""64-32"", ""alpha"": 0.004740317294108498, ""learning_rate_init"": 0.009018090941650117}",shared_Baseline_vs_Stress_pooled,subject_zscore,acc_only,mlp
12,0.7549407114624506,0.7435006435006435,0.7453902090637579,0.7104010733448938,"{""layers"": ""32"", ""alpha"": 0.0008720043596582283, ""learning_rate_init"": 0.006996737360054579}",shared_Baseline_vs_Stress_pooled,subject_zscore,acc_only,mlp
13,0.7568627450980392,0.7447619047619047,0.7467320261437909,0.7259489143712603,"{""layers"": ""64-32"", ""alpha"": 1.8214891579905372e-05, ""learning_rate_init"": 0.0018736791265723442}",shared_Baseline_vs_Stress_pooled,subject_zscore,acc_only,mlp
14,0.734375,0.7362478830834849,0.7311588831233011,0.6874231497050838,"{""layers"": ""128-64"", ""alpha"": 0.015410766451374376, ""learning_rate_init"": 0.0010521377089586282}",shared_Baseline_vs_Stress_pooled,subject_zscore,acc_only,mlp
15,0.7587548638132295,0.7524546358438975,0.7524546358438975,0.6655576873407095,"{""layers"": ""128-64"", ""alpha"": 0.0008150110010390816, ""learning_rate_init"": 0.0029163928283417154}",shared_Baseline_vs_Stress_pooled,subject_zscore,acc_only,mlp
16,0.7649402390438247,0.7605022831050228,0.7594262228503663,0.7161439494697511,"{""layers"": ""32"", ""alpha"": 0.004233074599403779, ""learning_rate_init"": 0.009955845130175955}",shared_Baseline_vs_Stress_pooled,subject_zscore,acc_only,mlp
17,0.6980392156862745,0.6840513983371126,0.6859656137544983,0.7595434775552027,"{""layers"": ""64-32"", ""alpha"": 0.022168962409046547, ""learning_rate_init"": 0.006315977248601308}",shared_Baseline_vs_Stress_pooled,subject_zscore,acc_only,mlp
18,0.8070866141732284,0.7976274673696393,0.7989824759751272,0.7329357986656645,"{""layers"": ""64-32"", ""alpha"": 0.005372900018757455, ""learning_rate_init"": 0.0021850459868061993}",shared_Baseline_vs_Stress_pooled,subject_zscore,acc_only,mlp
19,0.758893280632411,0.7701514568091388,0.758152727500666,0.7150378671871351,"{""layers"": ""128-64"", ""alpha"": 2.365888743986459e-05, ""learning_rate_init"": 0.0010593640857377918}",shared_Baseline_vs_Stress_pooled,subject_zscore,acc_only,mlp
0,0.7793594306049823,0.7096061420658195,0.7162527916399549,0.6898253194836492,"{""n_estimators"": 550, ""max_depth"": 7, ""learning_rate"": 0.19569044209928566, ""subsample"": 0.6356693228315501, ""colsample_bytree"": 0.5543929808482054, ""min_child_weight"": 1, ""gamma"": 1.470872666740205, ""reg_lambda"": 0.11633145793247932}",within_WESAD,subject_zscore,all_modalities,xgboost
1,0.8231046931407943,0.7512218659233492,0.7502533210253799,0.652361071470977,"{""n_estimators"": 600, ""max_depth"": 7, ""learning_rate"": 0.013644857526800728, ""subsample"": 0.6425917303386642, ""colsample_bytree"": 0.5322662804472089, ""min_child_weight"": 7, ""gamma"": 0.19575698757797366, ""reg_lambda"": 0.2467611654151972}",within_WESAD,subject_zscore,all_modalities,xgboost
2,0.6268115942028986,0.6228703142930001,0.6069651569117178,0.7296895526994237,"{""n_estimators"": 600, ""max_depth"": 3, ""learning_rate"": 0.08947807993794893, ""subsample"": 0.6290016216839437, ""colsample_bytree"": 0.8252786895485897, ""min_child_weight"": 1, ""gamma"": 3.664978097709442, ""reg_lambda"": 0.0948549510086451}",within_WESAD,subject_zscore,all_modalities,xgboost
3,0.7482014388489209,0.7139285554661661,0.7063485795061147,0.6153123858228073,"{""n_estimators"": 600, ""max_depth"": 6, ""learning_rate"": 0.0889719379603755, ""subsample"": 0.6044842767360165, ""colsample_bytree"": 0.6752578344626261, ""min_child_weight"": 2, ""gamma"": 3.2434646169270915, ""reg_lambda"": 0.059148656902106224}",within_WESAD,subject_zscore,all_modalities,xgboost
4,0.8178571428571428,0.7691605441821145,0.7706217834252671,0.6511249348198022,"{""n_estimators"": 250, ""max_depth"": 7, ""learning_rate"": 0.1752993300566335, ""subsample"": 0.8310486029165136, ""colsample_bytree"": 0.6474467751444497, ""min_child_weight"": 1, ""gamma"": 2.177525383339529, ""reg_lambda"": 0.010859622420957902}",within_WESAD,subject_zscore,all_modalities,xgboost
5,0.8194945848375451,0.7860889053818756,0.7849489115163346,0.6680090431578933,"{""n_estimators"": 500, ""max_depth"": 7, ""learning_rate"": 0.07244230839326823, ""subsample"": 0.7823107866630893, ""colsample_bytree"": 0.7015782133311342, ""min_child_weight"": 1, ""gamma"": 0.5676431839333151, ""reg_lambda"": 0.5450349653476453}",within_WESAD,subject_zscore,all_modalities,xgboost
6,0.6762589928057554,0.6473443832043293,0.6433634373010648,0.7067311750280038,"{""n_estimators"": 400, ""max_depth"": 8, ""learning_rate"": 0.13407174706923164, ""subsample"": 0.6817946350082964, ""colsample_bytree"": 0.5864832694731237, ""min_child_weight"": 5, ""gamma"": 1.1827999753386718, ""reg_lambda"": 1.902483019953244}",within_WESAD,subject_zscore,all_modalities,xgboost
7,0.697508896797153,0.6345157994417863,0.6354919556956908,0.7527193126149282,"{""n_estimators"": 450, ""max_depth"": 2, ""learning_rate"": 0.18866907449257578, ""subsample"": 0.9503402869916892, ""colsample_bytree"": 0.7149247445626887, ""min_child_weight"": 1, ""gamma"": 0.36670877872975904, ""reg_lambda"": 1.015700130139294}",within_WESAD,subject_zscore,all_modalities,xgboost
8,0.7589928057553957,0.7054485338011389,0.708814842208182,0.6512046237163669,"{""n_estimators"": 400, ""max_depth"": 8, ""learning_rate"": 0.2941580620900302, ""subsample"": 0.6568857703793479, ""colsample_bytree"": 0.5385104520704989, ""min_child_weight"": 3, ""gamma"": 0.41462002139673565, ""reg_lambda"": 0.10508121624020511}",within_WESAD,subject_zscore,all_modalities,xgboost
9,0.7572463768115942,0.7058182427900738,0.7055614124118061,0.6725320711069291,"{""n_estimators"": 200, ""max_depth"": 3, ""learning_rate"": 0.016691306838196515, ""subsample"": 0.6269298890005084, ""colsample_bytree"": 0.510662563376358, ""min_child_weight"": 1, ""gamma"": 2.2388943014209164, ""reg_lambda"": 0.017679789370487264}",within_WESAD,subject_zscore,all_modalities,xgboost
10,0.8700361010830325,0.8092888249313527,0.8100026227194346,0.6609690441812041,"{""n_estimators"": 250, ""max_depth"": 3, ""learning_rate"": 0.09050034623158179, ""subsample"": 0.9015551846140711, ""colsample_bytree"": 0.8804672979006287, ""min_child_weight"": 4, ""gamma"": 0.2691257521133383, ""reg_lambda"": 0.038667388595601114}",within_WESAD,subject_zscore,all_modalities,xgboost
11,0.6654804270462633,0.6107691102756893,0.6100515474373998,0.671876402884219,"{""n_estimators"": 250, ""max_depth"": 2, ""learning_rate"": 0.014113742441515111, ""subsample"": 0.8232631252923219, ""colsample_bytree"": 0.8253693183895132, ""min_child_weight"": 8, ""gamma"": 0.9595048797881592, ""reg_lambda"": 4.756127423400498}",within_WESAD,subject_zscore,all_modalities,xgboost
12,0.6843971631205674,0.6403749759012918,0.6309760506144205,0.711317551026642,"{""n_estimators"": 500, ""max_depth"": 2, ""learning_rate"": 0.23538622717186514, ""subsample"": 0.7071621810304277, ""colsample_bytree"": 0.9154587702202579, ""min_child_weight"": 7, ""gamma"": 0.7603081568314531, ""reg_lambda"": 1.017419875390814}",within_WESAD,subject_zscore,all_modalities,xgboost
13,0.7419354838709677,0.6397127716514922,0.6408796829663765,0.6821522107910205,"{""n_estimators"": 200, ""max_depth"": 5, ""learning_rate"": 0.2738165068385673, ""subsample"": 0.7021745541626802, ""colsample_bytree"": 0.7656907949209761, ""min_child_weight"": 2, ""gamma"": 1.9033484787860457, ""reg_lambda"": 0.22798633832569817}",within_WESAD,subject_zscore,all_modalities,xgboost
14,0.8478260869565217,0.7678889102920015,0.7604620107080667,0.7091200410899076,"{""n_estimators"": 500, ""max_depth"": 7, ""learning_rate"": 0.03758972609959214, ""subsample"": 0.6072521582747437, ""colsample_bytree"": 0.5082909275100559, ""min_child_weight"": 7, ""gamma"": 2.256524580803814, ""reg_lambda"": 0.5131907049494382}",within_WESAD,subject_zscore,all_modalities,xgboost
15,0.602112676056338,0.5073438344844472,0.5185443169705602,0.7403174494057566,"{""n_estimators"": 500, ""max_depth"": 4, ""learning_rate"": 0.20014125894097362, ""subsample"": 0.7650060060397974, ""colsample_bytree"": 0.6496103491963197, ""min_child_weight"": 5, ""gamma"": 0.44086105853258983, ""reg_lambda"": 2.8764084848553497}",within_WESAD,subject_zscore,all_modalities,xgboost
16,0.6042402826855123,0.536967418546366,0.5466661184229208,0.7025952040880692,"{""n_estimators"": 200, ""max_depth"": 2, ""learning_rate"": 0.10766796234055262, ""subsample"": 0.759053372618488, ""colsample_bytree"": 0.9928794433727729, ""min_child_weight"": 8, ""gamma"": 1.4299611630400055, ""reg_lambda"": 2.5527612145663925}",within_WESAD,subject_zscore,all_modalities,xgboost
17,0.6308243727598566,0.5918684314702014,0.5854675573111727,0.7014360613760777,"{""n_estimators"": 350, ""max_depth"": 2, ""learning_rate"": 0.017745070428530817, ""subsample"": 0.6283741952169204, ""colsample_bytree"": 0.7402748743743398, ""min_child_weight"": 2, ""gamma"": 2.538735164260629, ""reg_lambda"": 2.335681754461987}",within_WESAD,subject_zscore,all_modalities,xgboost
18,0.7890909090909091,0.7273674242424243,0.732131725336741,0.6792345452504337,"{""n_estimators"": 500, ""max_depth"": 4, ""learning_rate"": 0.01104068299439222, ""subsample"": 0.929844587471621, ""colsample_bytree"": 0.9241161085187479, ""min_child_weight"": 2, ""gamma"": 2.306140702095807, ""reg_lambda"": 0.19730952590284384}",within_WESAD,subject_zscore,all_modalities,xgboost
19,0.7769784172661871,0.6945255046899186,0.6943366993680762,0.6678143157245526,"{""n_estimators"": 550, ""max_depth"": 7, ""learning_rate"": 0.17147021640403826, ""subsample"": 0.700375242924727, ""colsample_bytree"": 0.5161037274812331, ""min_child_weight"": 1, ""gamma"": 3.2094814627462775, ""reg_lambda"": 0.03203797170173072}",within_WESAD,subject_zscore,all_modalities,xgboost
0,0.6903914590747331,0.6274384335717103,0.6242445016718192,0.6879577016560429,"{""n_estimators"": 400, ""max_depth"": 3, ""min_samples_leaf"": 6, ""max_features"": ""log2""}",within_WESAD,subject_zscore,all_modalities,random_forest
1,0.7581227436823105,0.7404444702540801,0.7217818945760123,0.6735323625578927,"{""n_estimators"": 400, ""max_depth"": 5, ""min_samples_leaf"": 8, ""max_features"": ""sqrt""}",within_WESAD,subject_zscore,all_modalities,random_forest
2,0.5833333333333334,0.6036557090641943,0.5807055112095031,0.725977274207794,"{""n_estimators"": 400, ""max_depth"": 9, ""min_samples_leaf"": 9, ""max_features"": ""log2""}",within_WESAD,subject_zscore,all_modalities,random_forest
3,0.6798561151079137,0.6577109591490122,0.6472397619912648,0.646874022371073,"{""n_estimators"": 400, ""max_depth"": 3, ""min_samples_leaf"": 8, ""max_features"": ""log2""}",within_WESAD,subject_zscore,all_modalities,random_forest
4,0.8357142857142857,0.834579346092504,0.8128135713560427,0.6458204220095091,"{""n_estimators"": 500, ""max_depth"": 11, ""min_samples_leaf"": 9, ""max_features"": ""log2""}",within_WESAD,subject_zscore,all_modalities,random_forest
5,0.7328519855595668,0.6916678469853715,0.6819390287132223,0.6746552651417005,"{""n_estimators"": 500, ""max_depth"": 3, ""min_samples_leaf"": 3, ""max_features"": ""sqrt""}",within_WESAD,subject_zscore,all_modalities,random_forest
6,0.6834532374100719,0.6586391036179416,0.6598831860888967,0.6942063554534919,"{""n_estimators"": 500, ""max_depth"": 16, ""min_samples_leaf"": 5, ""max_features"": ""log2""}",within_WESAD,subject_zscore,all_modalities,random_forest
7,0.6548042704626335,0.6054431177375257,0.599208826235146,0.7112083741470476,"{""n_estimators"": 400, ""max_depth"": 19, ""min_samples_leaf"": 8, ""max_features"": ""log2""}",within_WESAD,subject_zscore,all_modalities,random_forest
8,0.7230215827338129,0.699543163256606,0.6910645938864883,0.648670349594651,"{""n_estimators"": 400, ""max_depth"": 14, ""min_samples_leaf"": 10, ""max_features"": ""log2""}",within_WESAD,subject_zscore,all_modalities,random_forest
9,0.6920289855072463,0.6630617035546613,0.6593425728791353,0.6689894628235559,"{""n_estimators"": 600, ""max_depth"": 3, ""min_samples_leaf"": 2, ""max_features"": ""log2""}",within_WESAD,subject_zscore,all_modalities,random_forest
10,0.7906137184115524,0.766771242903924,0.7534313492377565,0.6357942169161369,"{""n_estimators"": 300, ""max_depth"": 3, ""min_samples_leaf"": 7, ""max_features"": ""log2""}",within_WESAD,subject_zscore,all_modalities,random_forest
11,0.6120996441281139,0.5584114761335156,0.5585567103654998,0.6679166569966216,"{""n_estimators"": 400, ""max_depth"": 5, ""min_samples_leaf"": 10, ""max_features"": ""log2""}",within_WESAD,subject_zscore,all_modalities,random_forest
12,0.599290780141844,0.5508241758241759,0.5492470059649205,0.6913216252672992,"{""n_estimators"": 400, ""max_depth"": 14, ""min_samples_leaf"": 7, ""max_features"": ""log2""}",within_WESAD,subject_zscore,all_modalities,random_forest
13,0.6523297491039427,0.5595618821450403,0.5610746991150176,0.6757304159292709,"{""n_estimators"": 200, ""max_depth"": 4, ""min_samples_leaf"": 3, ""max_features"": ""sqrt""}",within_WESAD,subject_zscore,all_modalities,random_forest
14,0.855072463768116,0.7897125310187756,0.7859188753184297,0.6795423222307498,"{""n_estimators"": 300, ""max_depth"": 13, ""min_samples_leaf"": 5, ""max_features"": ""log2""}",within_WESAD,subject_zscore,all_modalities,random_forest
15,0.5633802816901409,0.5042723838089116,0.5154066089979517,0.7274645401215514,"{""n_estimators"": 300, ""max_depth"": 7, ""min_samples_leaf"": 8, ""max_features"": ""sqrt""}",within_WESAD,subject_zscore,all_modalities,random_forest
16,0.6042402826855123,0.5464855320118478,0.5456524425162317,0.6788088141122998,"{""n_estimators"": 200, ""max_depth"": 20, ""min_samples_leaf"": 8, ""max_features"": ""log2""}",within_WESAD,subject_zscore,all_modalities,random_forest
17,0.5734767025089605,0.5409914569206604,0.5403138528138528,0.6861437689492155,"{""n_estimators"": 200, ""max_depth"": 3, ""min_samples_leaf"": 7, ""max_features"": ""log2""}",within_WESAD,subject_zscore,all_modalities,random_forest
18,0.7745454545454545,0.7251217532467532,0.7253060967312518,0.6906789333321596,"{""n_estimators"": 600, ""max_depth"": 16, ""min_samples_leaf"": 10, ""max_features"": ""log2""}",within_WESAD,subject_zscore,all_modalities,random_forest
19,0.7913669064748201,0.6985129557894778,0.6884109949157332,0.6359342526267441,"{""n_estimators"": 200, ""max_depth"": 13, ""min_samples_leaf"": 4, ""max_features"": ""log2""}",within_WESAD,subject_zscore,all_modalities,random_forest
0,0.7402135231316725,0.6752976496715886,0.6867565834509525,0.7158724793328982,"{""layers"": ""32"", ""alpha"": 0.0013924512093349288, ""learning_rate_init"": 0.004676664238388979}",within_WESAD,subject_zscore,all_modalities,mlp
1,0.7942238267148014,0.6819139764842743,0.6343792643045361,0.6354426439512345,"{""layers"": ""64-32"", ""alpha"": 0.005854751355295724, ""learning_rate_init"": 0.0004275936647080326}",within_WESAD,subject_zscore,all_modalities,mlp
2,0.717391304347826,0.6431007631919272,0.6435964279917624,0.7231985958801107,"{""layers"": ""64-32"", ""alpha"": 0.0006660163291054888, ""learning_rate_init"": 0.007202232517081838}",within_WESAD,subject_zscore,all_modalities,mlp
3,0.7482014388489209,0.6767090149280415,0.6755524309499097,0.6540031515012075,"{""layers"": ""64-32"", ""alpha"": 9.86522706355237e-05, ""learning_rate_init"": 0.004789477185857419}",within_WESAD,subject_zscore,all_modalities,mlp
4,0.8107142857142857,0.7541035353535354,0.7464592641742944,0.6613181621095637,"{""layers"": ""64"", ""alpha"": 0.00020362046811831766, ""learning_rate_init"": 0.0066897760167755616}",within_WESAD,subject_zscore,all_modalities,mlp
5,0.7545126353790613,0.6852709917321036,0.6938287700999566,0.7123144146222763,"{""layers"": ""64"", ""alpha"": 0.004469534836820568, ""learning_rate_init"": 0.0009580150188953733}",within_WESAD,subject_zscore,all_modalities,mlp
6,0.7050359712230215,0.6342088504458647,0.6357472868698912,0.6985408776105952,"{""layers"": ""64"", ""alpha"": 1.1415727203250628e-05, ""learning_rate_init"": 0.001981157452859609}",within_WESAD,subject_zscore,all_modalities,mlp
7,0.6725978647686833,0.6095941202437913,0.6093149562977149,0.7209822735788681,"{""layers"": ""128-64"", ""alpha"": 1.9052734315860986e-05, ""learning_rate_init"": 0.0008583169714079562}",within_WESAD,subject_zscore,all_modalities,mlp
8,0.7482014388489209,0.6921532536332609,0.694551802267102,0.6914050684392375,"{""layers"": ""128-64"", ""alpha"": 0.0010308051815531825, ""learning_rate_init"": 0.0010133638722566083}",within_WESAD,subject_zscore,all_modalities,mlp
9,0.8043478260869565,0.7147506249618926,0.7188086704215737,0.6681687137829604,"{""layers"": ""64"", ""alpha"": 0.02643119958152233, ""learning_rate_init"": 0.0017392222056349575}",within_WESAD,subject_zscore,all_modalities,mlp
10,0.8483754512635379,0.7881797219357982,0.797390977885164,0.6506227731741745,"{""layers"": ""128-64"", ""alpha"": 5.24740556752906e-05, ""learning_rate_init"": 0.009268471918756155}",within_WESAD,subject_zscore,all_modalities,mlp
11,0.7686832740213523,0.6962897300068353,0.708876674608723,0.7009618634130793,"{""layers"": ""64-32"", ""alpha"": 0.00036903328371970816, ""learning_rate_init"": 0.0019107258794165561}",within_WESAD,subject_zscore,all_modalities,mlp
12,0.7092198581560284,0.6601407364565259,0.6557306181429604,0.7031414442307223,"{""layers"": ""64"", ""alpha"": 0.0017498365685167457, ""learning_rate_init"": 0.004058136178647668}",within_WESAD,subject_zscore,all_modalities,mlp
13,0.7526881720430108,0.6720457369081486,0.6624503804698262,0.7187097128870535,"{""layers"": ""64"", ""alpha"": 0.0003522982660976878, ""learning_rate_init"": 0.007959111362654116}",within_WESAD,subject_zscore,all_modalities,mlp
14,0.855072463768116,0.7795832039383946,0.7847404780390059,0.6858956320113644,"{""layers"": ""32"", ""alpha"": 0.00014955230479340466, ""learning_rate_init"": 0.0026836423813619372}",within_WESAD,subject_zscore,all_modalities,mlp
15,0.7112676056338029,0.5971926083866382,0.5673178362253992,0.7113121451159161,"{""layers"": ""64-32"", ""alpha"": 0.00019373260541719447, ""learning_rate_init"": 0.0006176471913096488}",within_WESAD,subject_zscore,all_modalities,mlp
16,0.7455830388692579,0.6793859649122806,0.6864259583367376,0.6862179512717433,"{""layers"": ""128-64"", ""alpha"": 0.00014141174573747433, ""learning_rate_init"": 0.002125560420525522}",within_WESAD,subject_zscore,all_modalities,mlp
17,0.6738351254480287,0.5833403567916842,0.5667613636363636,0.6981914633931265,"{""layers"": ""64-32"", ""alpha"": 0.0013107245154839393, ""learning_rate_init"": 0.0011866864194270922}",within_WESAD,subject_zscore,all_modalities,mlp
18,0.8145454545454546,0.7416666666666667,0.7458667672791527,0.6883457002745746,"{""layers"": ""64-32"", ""alpha"": 0.00012225011876773134, ""learning_rate_init"": 0.0019566298792431003}",within_WESAD,subject_zscore,all_modalities,mlp
19,0.7589928057553957,0.7062382235740936,0.7113955588775732,0.7088772044308143,"{""layers"": ""128-64"", ""alpha"": 4.973184342078772e-05, ""learning_rate_init"": 0.0036330818186930806}",within_WESAD,subject_zscore,all_modalities,mlp
0,0.6725978647686833,0.63129008677608,0.6361088630909193,0.6791430185078534,"{""n_estimators"": 500, ""max_depth"": 6, ""learning_rate"": 0.16170430110542822, ""subsample"": 0.8183569208516136, ""colsample_bytree"": 0.6232028764731086, ""min_child_weight"": 2, ""gamma"": 2.924893176576163, ""reg_lambda"": 0.40786885048372246}",within_WESAD,subject_zscore,physiology_only,xgboost
1,0.7978339350180506,0.7499993862342734,0.7443951572983831,0.6424795288747204,"{""n_estimators"": 100, ""max_depth"": 8, ""learning_rate"": 0.0396084735765895, ""subsample"": 0.6247050080545494, ""colsample_bytree"": 0.9202918462272712, ""min_child_weight"": 2, ""gamma"": 4.513519106809349, ""reg_lambda"": 0.45297205525432555}",within_WESAD,subject_zscore,physiology_only,xgboost
2,0.7210144927536232,0.6980506199037055,0.6913693431531932,0.6404304354029032,"{""n_estimators"": 250, ""max_depth"": 4, ""learning_rate"": 0.026901513970238784, ""subsample"": 0.6507764408116594, ""colsample_bytree"": 0.979857763538472, ""min_child_weight"": 5, ""gamma"": 3.0015255776318033, ""reg_lambda"": 0.36560049185271787}",within_WESAD,subject_zscore,physiology_only,xgboost
3,0.7661870503597122,0.7663135782604809,0.7455015665560183,0.5686115938731652,"{""n_estimators"": 550, ""max_depth"": 6, ""learning_rate"": 0.041109578402248506, ""subsample"": 0.7836065226900517, ""colsample_bytree"": 0.7399540282368657, ""min_child_weight"": 10, ""gamma"": 0.567330760913356, ""reg_lambda"": 0.0716628341193321}",within_WESAD,subject_zscore,physiology_only,xgboost
4,0.8035714285714286,0.7275603315292702,0.7168298136426963,0.6499057041339172,"{""n_estimators"": 300, ""max_depth"": 8, ""learning_rate"": 0.012758202459674522, ""subsample"": 0.702011707922001, ""colsample_bytree"": 0.5525040295366221, ""min_child_weight"": 5, ""gamma"": 0.30870230897533113, ""reg_lambda"": 3.2336381906443643}",within_WESAD,subject_zscore,physiology_only,xgboost
5,0.7653429602888087,0.7433532004577749,0.7521527933809089,0.6528321851412812,"{""n_estimators"": 200, ""max_depth"": 4, ""learning_rate"": 0.0958182844428414, ""subsample"": 0.7848072606767252, ""colsample_bytree"": 0.5472372148001619, ""min_child_weight"": 7, ""gamma"": 2.2508962582602807, ""reg_lambda"": 1.4867929242191857}",within_WESAD,subject_zscore,physiology_only,xgboost
6,0.6942446043165468,0.6452452574999709,0.6443841481628996,0.6571824247042474,"{""n_estimators"": 600, ""max_depth"": 5, ""learning_rate"": 0.1760248780431564, ""subsample"": 0.6036736682262475, ""colsample_bytree"": 0.5497914120729984, ""min_child_weight"": 7, ""gamma"": 1.4545738491970863, ""reg_lambda"": 0.11458296247959009}",within_WESAD,subject_zscore,physiology_only,xgboost
7,0.6797153024911032,0.6069176848370927,0.6185911217986167,0.7089348704135934,"{""n_estimators"": 450, ""max_depth"": 2, ""learning_rate"": 0.06520939958736655, ""subsample"": 0.8765869578915442, ""colsample_bytree"": 0.7569222450612821, ""min_child_weight"": 1, ""gamma"": 0.0020383236595048204, ""reg_lambda"": 0.026439162018202098}",within_WESAD,subject_zscore,physiology_only,xgboost
8,0.7050359712230215,0.6805122307642726,0.6736057180239093,0.6237107378884196,"{""n_estimators"": 150, ""max_depth"": 7, ""learning_rate"": 0.1482535346899519, ""subsample"": 0.6099555927683881, ""colsample_bytree"": 0.789811404321688, ""min_child_weight"": 8, ""gamma"": 4.300619797802761, ""reg_lambda"": 0.1582180274634478}",within_WESAD,subject_zscore,physiology_only,xgboost
9,0.7898550724637681,0.7633128315346625,0.7581366489640352,0.6219104304995303,"{""n_estimators"": 500, ""max_depth"": 5, ""learning_rate"": 0.030171815072005323, ""subsample"": 0.6071280756353602, ""colsample_bytree"": 0.9083545191529308, ""min_child_weight"": 2, ""gamma"": 2.11725120895007, ""reg_lambda"": 1.0874092888723401}",within_WESAD,subject_zscore,physiology_only,xgboost
10,0.8194945848375451,0.7699458280927183,0.7641525923216064,0.622637955464882,"{""n_estimators"": 450, ""max_depth"": 4, ""learning_rate"": 0.14409670270972613, ""subsample"": 0.7007888192558748, ""colsample_bytree"": 0.7804487333876786, ""min_child_weight"": 10, ""gamma"": 3.0141031086522743, ""reg_lambda"": 0.6686426898272693}",within_WESAD,subject_zscore,physiology_only,xgboost
11,0.7046263345195729,0.6390272556390978,0.6481810056424608,0.6794413752091124,"{""n_estimators"": 600, ""max_depth"": 3, ""learning_rate"": 0.14421033683410509, ""subsample"": 0.624236952539779, ""colsample_bytree"": 0.572050879167833, ""min_child_weight"": 3, ""gamma"": 4.869514426538544, ""reg_lambda"": 0.05188222157110994}",within_WESAD,subject_zscore,physiology_only,xgboost
12,0.6773049645390071,0.5842552184657448,0.5872163192469618,0.682934970819239,"{""n_estimators"": 600, ""max_depth"": 3, ""learning_rate"": 0.01942202613872102, ""subsample"": 0.7368962334798588, ""colsample_bytree"": 0.888792225069627, ""min_child_weight"": 6, ""gamma"": 0.24626855345213894, ""reg_lambda"": 0.01369165096862772}",within_WESAD,subject_zscore,physiology_only,xgboost
13,0.7670250896057348,0.6515572165508036,0.6332326733163192,0.6615772489965369,"{""n_estimators"": 250, ""max_depth"": 3, ""learning_rate"": 0.012337833663371326, ""subsample"": 0.6783833021530701, ""colsample_bytree"": 0.9562277042142148, ""min_child_weight"": 4, ""gamma"": 3.716262050866929, ""reg_lambda"": 4.83545404103274}",within_WESAD,subject_zscore,physiology_only,xgboost
14,0.8007246376811594,0.7448764725656163,0.7394871515230725,0.6684868424638117,"{""n_estimators"": 300, ""max_depth"": 5, ""learning_rate"": 0.04330104927814753, ""subsample"": 0.6723108633879513, ""colsample_bytree"": 0.5494986096255647, ""min_child_weight"": 4, ""gamma"": 0.024372283845810583, ""reg_lambda"": 0.051046676088437444}",within_WESAD,subject_zscore,physiology_only,xgboost
15,0.5880281690140845,0.5052021165532556,0.5299427416164406,0.7211470486031747,"{""n_estimators"": 200, ""max_depth"": 3, ""learning_rate"": 0.21568273290959797, ""subsample"": 0.7692203072642818, ""colsample_bytree"": 0.796889380011066, ""min_child_weight"": 8, ""gamma"": 3.86134941133765, ""reg_lambda"": 0.012616046378441208}",within_WESAD,subject_zscore,physiology_only,xgboost
16,0.7102473498233216,0.6364775575301891,0.6496782278824007,0.6654618216483968,"{""n_estimators"": 250, ""max_depth"": 2, ""learning_rate"": 0.04410668224517247, ""subsample"": 0.6197921175328192, ""colsample_bytree"": 0.8424751504846074, ""min_child_weight"": 4, ""gamma"": 4.8172707516289845, ""reg_lambda"": 0.013003831300949287}",within_WESAD,subject_zscore,physiology_only,xgboost
17,0.6559139784946236,0.6091340075853351,0.6164770661084104,0.6398681650837318,"{""n_estimators"": 350, ""max_depth"": 2, ""learning_rate"": 0.03798118528262113, ""subsample"": 0.6245169903397055, ""colsample_bytree"": 0.7498384144634516, ""min_child_weight"": 4, ""gamma"": 2.3732595713009697, ""reg_lambda"": 0.5147720592887262}",within_WESAD,subject_zscore,physiology_only,xgboost
18,0.76,0.6808441558441558,0.6861895303816931,0.6592485202576811,"{""n_estimators"": 250, ""max_depth"": 5, ""learning_rate"": 0.058096299521270704, ""subsample"": 0.7440056146742422, ""colsample_bytree"": 0.9813951888983585, ""min_child_weight"": 10, ""gamma"": 0.27848156150531667, ""reg_lambda"": 0.10214064087801657}",within_WESAD,subject_zscore,physiology_only,xgboost
19,0.7661870503597122,0.6780554723748159,0.6606676690347064,0.6195225501165956,"{""n_estimators"": 500, ""max_depth"": 8, ""learning_rate"": 0.2548861802889497, ""subsample"": 0.7065648446830336, ""colsample_bytree"": 0.5854275619361037, ""min_child_weight"": 4, ""gamma"": 3.3285121007497085, ""reg_lambda"": 0.24050750713562616}",within_WESAD,subject_zscore,physiology_only,xgboost
0,0.5907473309608541,0.5583026787398604,0.5521219909105071,0.6329632842252441,"{""n_estimators"": 200, ""max_depth"": 17, ""min_samples_leaf"": 10, ""max_features"": ""log2""}",within_WESAD,subject_zscore,physiology_only,random_forest
1,0.5595667870036101,0.5565878308197266,0.5533628241371833,0.6195712715978133,"{""n_estimators"": 600, ""max_depth"": 3, ""min_samples_leaf"": 10, ""max_features"": ""log2""}",within_WESAD,subject_zscore,physiology_only,random_forest
2,0.5905797101449275,0.5966146260238125,0.5747095519450708,0.621776793002652,"{""n_estimators"": 200, ""max_depth"": 13, ""min_samples_leaf"": 5, ""max_features"": ""sqrt""}",within_WESAD,subject_zscore,physiology_only,random_forest
3,0.7877697841726619,0.785275319567355,0.7634704866905602,0.512874174843384,"{""n_estimators"": 300, ""max_depth"": 14, ""min_samples_leaf"": 1, ""max_features"": ""log2""}",within_WESAD,subject_zscore,physiology_only,random_forest
4,0.7857142857142857,0.7067487863971902,0.6994337851317256,0.6322100923682363,"{""n_estimators"": 600, ""max_depth"": 19, ""min_samples_leaf"": 4, ""max_features"": ""sqrt""}",within_WESAD,subject_zscore,physiology_only,random_forest
5,0.7472924187725631,0.7146851004120729,0.7273713209531527,0.6169107709956512,"{""n_estimators"": 600, ""max_depth"": 10, ""min_samples_leaf"": 2, ""max_features"": ""sqrt""}",within_WESAD,subject_zscore,physiology_only,random_forest
6,0.5863309352517986,0.5853332145175162,0.5666499525534852,0.6635463242807523,"{""n_estimators"": 200, ""max_depth"": 6, ""min_samples_leaf"": 10, ""max_features"": ""log2""}",within_WESAD,subject_zscore,physiology_only,random_forest
7,0.5516014234875445,0.480641767771702,0.4847799133333196,0.6782402705333577,"{""n_estimators"": 600, ""max_depth"": 18, ""min_samples_leaf"": 10, ""max_features"": ""log2""}",within_WESAD,subject_zscore,physiology_only,random_forest
8,0.5827338129496403,0.569146862234563,0.5563035406073817,0.5959298739608179,"{""n_estimators"": 500, ""max_depth"": 3, ""min_samples_leaf"": 6, ""max_features"": ""sqrt""}",within_WESAD,subject_zscore,physiology_only,random_forest
9,0.8043478260869565,0.7842176163038839,0.7772228172486597,0.5822049619266534,"{""n_estimators"": 600, ""max_depth"": 18, ""min_samples_leaf"": 2, ""max_features"": ""sqrt""}",within_WESAD,subject_zscore,physiology_only,random_forest
10,0.7220216606498195,0.7070331414607246,0.6903282840013457,0.5975466826288095,"{""n_estimators"": 600, ""max_depth"": 3, ""min_samples_leaf"": 10, ""max_features"": ""sqrt""}",within_WESAD,subject_zscore,physiology_only,random_forest
11,0.5195729537366548,0.49394402198678516,0.4905903500780843,0.6096492328254838,"{""n_estimators"": 500, ""max_depth"": 5, ""min_samples_leaf"": 9, ""max_features"": 0.5}",within_WESAD,subject_zscore,physiology_only,random_forest
12,0.5673758865248227,0.4943933259722733,0.5020772851692104,0.6535155726269185,"{""n_estimators"": 400, ""max_depth"": 16, ""min_samples_leaf"": 1, ""max_features"": ""log2""}",within_WESAD,subject_zscore,physiology_only,random_forest
13,0.7240143369175627,0.620571200540382,0.5888020403673762,0.6217183297541552,"{""n_estimators"": 500, ""max_depth"": 9, ""min_samples_leaf"": 8, ""max_features"": ""sqrt""}",within_WESAD,subject_zscore,physiology_only,random_forest
14,0.7898550724637681,0.7234579372183759,0.7147578917072981,0.6160970276756419,"{""n_estimators"": 200, ""max_depth"": 14, ""min_samples_leaf"": 6, ""max_features"": ""log2""}",within_WESAD,subject_zscore,physiology_only,random_forest
15,0.4964788732394366,0.43516780417801626,0.46421090397716325,0.707786626921306,"{""n_estimators"": 300, ""max_depth"": 16, ""min_samples_leaf"": 8, ""max_features"": ""sqrt""}",within_WESAD,subject_zscore,physiology_only,random_forest
16,0.6360424028268551,0.5461038961038961,0.5552057112693378,0.5962937368628417,"{""n_estimators"": 200, ""max_depth"": 14, ""min_samples_leaf"": 1, ""max_features"": ""sqrt""}",within_WESAD,subject_zscore,physiology_only,random_forest
17,0.6200716845878136,0.5779297398766425,0.5804751548198265,0.6180604930479935,"{""n_estimators"": 600, ""max_depth"": 11, ""min_samples_leaf"": 3, ""max_features"": ""log2""}",within_WESAD,subject_zscore,physiology_only,random_forest
18,0.7490909090909091,0.6874864718614718,0.699739450264599,0.6221508449408722,"{""n_estimators"": 300, ""max_depth"": 15, ""min_samples_leaf"": 1, ""max_features"": ""sqrt""}",within_WESAD,subject_zscore,physiology_only,random_forest
19,0.7158273381294964,0.6295375503263964,0.6224464182693978,0.5969230331287759,"{""n_estimators"": 400, ""max_depth"": 11, ""min_samples_leaf"": 1, ""max_features"": ""sqrt""}",within_WESAD,subject_zscore,physiology_only,random_forest
0,0.6512455516014235,0.5941690890226543,0.5966763254888732,0.6638806561688476,"{""layers"": ""128-64"", ""alpha"": 0.04822968461845949, ""learning_rate_init"": 0.00478901083436283}",within_WESAD,subject_zscore,physiology_only,mlp
1,0.6498194945848376,0.5565664434447932,0.5579021202204534,0.6157213509090852,"{""layers"": ""64-32"", ""alpha"": 0.00037863975515192385, ""learning_rate_init"": 0.00039826124762169725}",within_WESAD,subject_zscore,physiology_only,mlp
2,0.644927536231884,0.5373480977881399,0.5277320867188252,0.6229803372851644,"{""layers"": ""64"", ""alpha"": 0.01009240932792027, ""learning_rate_init"": 0.0014849165907998266}",within_WESAD,subject_zscore,physiology_only,mlp
3,0.7913669064748201,0.727230825958702,0.7275656684503315,0.5643936282760499,"{""layers"": ""32"", ""alpha"": 3.725932715405199e-05, ""learning_rate_init"": 0.0038982765205330156}",within_WESAD,subject_zscore,physiology_only,mlp
4,0.7285714285714285,0.6205631051672897,0.5843272348309403,0.6061470126030523,"{""layers"": ""64"", ""alpha"": 0.008461939092488704, ""learning_rate_init"": 0.004882753475521491}",within_WESAD,subject_zscore,physiology_only,mlp
5,0.7292418772563177,0.6693779059446514,0.6821310110693428,0.6476737796553823,"{""layers"": ""64"", ""alpha"": 0.0016307320664355786, ""learning_rate_init"": 0.007604599697451857}",within_WESAD,subject_zscore,physiology_only,mlp
6,0.6151079136690647,0.5178433319064331,0.5136378261378262,0.6070597385414991,"{""layers"": ""64-32"", ""alpha"": 1.3872902906108135e-05, ""learning_rate_init"": 0.0071876636114110255}",within_WESAD,subject_zscore,physiology_only,mlp
7,0.6156583629893239,0.511942142287537,0.5216201716114371,0.6709516139420583,"{""layers"": ""64-32"", ""alpha"": 0.0009812746728365901, ""learning_rate_init"": 0.0030143353791714502}",within_WESAD,subject_zscore,physiology_only,mlp
8,0.6294964028776978,0.6063138676256086,0.6074428001289012,0.6329999258735547,"{""layers"": ""32"", ""alpha"": 0.00024932266313259724, ""learning_rate_init"": 0.008678596222397148}",within_WESAD,subject_zscore,physiology_only,mlp
9,0.7608695652173914,0.6577552435827084,0.6589550800077115,0.6155297206616915,"{""layers"": ""64-32"", ""alpha"": 0.08340781806837029, ""learning_rate_init"": 0.0038273326657845674}",within_WESAD,subject_zscore,physiology_only,mlp
10,0.703971119133574,0.6049482737130749,0.557990838201611,0.5784791941303619,"{""layers"": ""64"", ""alpha"": 0.03462440704902558, ""learning_rate_init"": 0.000743342085960821}",within_WESAD,subject_zscore,physiology_only,mlp
11,0.6476868327402135,0.5542280772955115,0.5572571711410187,0.6342072023017654,"{""layers"": ""128-64"", ""alpha"": 0.0011059651689347347, ""learning_rate_init"": 0.0007723391008376852}",within_WESAD,subject_zscore,physiology_only,mlp
12,0.6028368794326241,0.5248462064251538,0.5265932304996426,0.672304920713532,"{""layers"": ""128-64"", ""alpha"": 0.0013542049607711665, ""learning_rate_init"": 0.004210363512377172}",within_WESAD,subject_zscore,physiology_only,mlp
13,0.7562724014336918,0.6609139151381616,0.6527528152896952,0.6306103936883889,"{""layers"": ""128-64"", ""alpha"": 6.573470761295378e-05, ""learning_rate_init"": 0.009676341371910762}",within_WESAD,subject_zscore,physiology_only,mlp
14,0.8079710144927537,0.7265390411657394,0.7330405588645421,0.6076855321972742,"{""layers"": ""32"", ""alpha"": 0.039062967839187175, ""learning_rate_init"": 0.006597124398025091}",within_WESAD,subject_zscore,physiology_only,mlp
15,0.5492957746478874,0.4471073375433155,0.45820232399179767,0.6952080073818658,"{""layers"": ""128-64"", ""alpha"": 0.005313518801483416, ""learning_rate_init"": 0.006542561346237566}",within_WESAD,subject_zscore,physiology_only,mlp
16,0.6289752650176679,0.5182046024151287,0.5151869469446659,0.6361285898314639,"{""layers"": ""64-32"", ""alpha"": 0.07383264629158376, ""learning_rate_init"": 0.00613619766468312}",within_WESAD,subject_zscore,physiology_only,mlp
17,0.7096774193548387,0.5834913611462285,0.5747192193376995,0.6429353247690646,"{""layers"": ""128-64"", ""alpha"": 0.0798747508534568, ""learning_rate_init"": 0.007229048756487112}",within_WESAD,subject_zscore,physiology_only,mlp
18,0.7963636363636364,0.7217397186147186,0.7288578739148541,0.6338878430589557,"{""layers"": ""64"", ""alpha"": 0.0006818671839386164, ""learning_rate_init"": 0.009947968038855134}",within_WESAD,subject_zscore,physiology_only,mlp
19,0.762589928057554,0.691530721474497,0.6886877828054299,0.629921587296728,"{""layers"": ""32"", ""alpha"": 0.0003374590278178124, ""learning_rate_init"": 0.007037557666862582}",within_WESAD,subject_zscore,physiology_only,mlp
0,0.6512455516014235,0.6159643977980142,0.6112091365157861,0.5479056578301056,"{""n_estimators"": 450, ""max_depth"": 5, ""learning_rate"": 0.01565122916037033, ""subsample"": 0.7470609099877066, ""colsample_bytree"": 0.6096550031764574, ""min_child_weight"": 6, ""gamma"": 4.412298418823136, ""reg_lambda"": 0.17948093098255694}",within_WESAD,subject_zscore,acc_only,xgboost
1,0.7581227436823105,0.7000584493822684,0.6932825910193935,0.58566111232716,"{""n_estimators"": 400, ""max_depth"": 6, ""learning_rate"": 0.17778135567613088, ""subsample"": 0.8317315764708184, ""colsample_bytree"": 0.5944190446455004, ""min_child_weight"": 3, ""gamma"": 2.4458382478751455, ""reg_lambda"": 0.2459572431745257}",within_WESAD,subject_zscore,acc_only,xgboost
2,0.5181159420289855,0.5009590178988846,0.5086746403900175,0.6424884884498593,"{""n_estimators"": 350, ""max_depth"": 8, ""learning_rate"": 0.0636592386637377, ""subsample"": 0.6328379689100099, ""colsample_bytree"": 0.6831712008375102, ""min_child_weight"": 9, ""gamma"": 2.031375215239754, ""reg_lambda"": 0.012067216309110528}",within_WESAD,subject_zscore,acc_only,xgboost
3,0.5179856115107914,0.464520760704389,0.48614454828409076,0.5617555462787499,"{""n_estimators"": 450, ""max_depth"": 4, ""learning_rate"": 0.08117672908441945, ""subsample"": 0.7710133529614736, ""colsample_bytree"": 0.511657349188974, ""min_child_weight"": 8, ""gamma"": 3.8977570381845186, ""reg_lambda"": 6.955902160203877}",within_WESAD,subject_zscore,acc_only,xgboost
4,0.7321428571428571,0.6913581457369206,0.6880069278187383,0.5526288354135034,"{""n_estimators"": 400, ""max_depth"": 6, ""learning_rate"": 0.297193597132614, ""subsample"": 0.8348495110682126, ""colsample_bytree"": 0.7570526977919961, ""min_child_weight"": 3, ""gamma"": 1.262490553381455, ""reg_lambda"": 0.035308266606290065}",within_WESAD,subject_zscore,acc_only,xgboost
5,0.6787003610108303,0.6714115950732553,0.663670327919238,0.5764243323222512,"{""n_estimators"": 350, ""max_depth"": 2, ""learning_rate"": 0.022838511410437204, ""subsample"": 0.974017639422427, ""colsample_bytree"": 0.5822330162925405, ""min_child_weight"": 3, ""gamma"": 0.3494966525095311, ""reg_lambda"": 0.16458668691009695}",within_WESAD,subject_zscore,acc_only,xgboost
6,0.6258992805755396,0.5959526557833599,0.5874918211559432,0.6054997034368476,"{""n_estimators"": 450, ""max_depth"": 8, ""learning_rate"": 0.015816099818673057, ""subsample"": 0.9235279663564326, ""colsample_bytree"": 0.5092196800752384, ""min_child_weight"": 4, ""gamma"": 3.519298026083934, ""reg_lambda"": 0.8824521337327134}",within_WESAD,subject_zscore,acc_only,xgboost
7,0.5907473309608541,0.5722648239917977,0.5594353383272763,0.603611938621341,"{""n_estimators"": 550, ""max_depth"": 2, ""learning_rate"": 0.06018061147886577, ""subsample"": 0.7480137235275974, ""colsample_bytree"": 0.659269606162148, ""min_child_weight"": 4, ""gamma"": 1.89768530387963, ""reg_lambda"": 0.1537480531085052}",within_WESAD,subject_zscore,acc_only,xgboost
8,0.6690647482014388,0.6666540043623961,0.6470370705936227,0.5488316787190238,"{""n_estimators"": 100, ""max_depth"": 2, ""learning_rate"": 0.07497186753093925, ""subsample"": 0.7484064716247022, ""colsample_bytree"": 0.5707027343644673, ""min_child_weight"": 5, ""gamma"": 2.473098780276324, ""reg_lambda"": 3.1814536129238427}",within_WESAD,subject_zscore,acc_only,xgboost
9,0.6086956521739131,0.5456641363331505,0.5528810885753774,0.554582389174611,"{""n_estimators"": 500, ""max_depth"": 2, ""learning_rate"": 0.055350322021152476, ""subsample"": 0.6641762306433171, ""colsample_bytree"": 0.6086568583018295, ""min_child_weight"": 5, ""gamma"": 3.7249902740700502, ""reg_lambda"": 0.41249812304143735}",within_WESAD,subject_zscore,acc_only,xgboost
10,0.6787003610108303,0.6296496530807263,0.6216868520166587,0.5814417312598109,"{""n_estimators"": 250, ""max_depth"": 3, ""learning_rate"": 0.04159418797267112, ""subsample"": 0.622001120077205, ""colsample_bytree"": 0.7570224550850276, ""min_child_weight"": 3, ""gamma"": 3.8699229381322895, ""reg_lambda"": 3.5808769826482947}",within_WESAD,subject_zscore,acc_only,xgboost
11,0.49110320284697506,0.42599894622920936,0.43186790410847015,0.5731076196442997,"{""n_estimators"": 100, ""max_depth"": 2, ""learning_rate"": 0.02933005519631837, ""subsample"": 0.6631649226699747, ""colsample_bytree"": 0.8794897940802526, ""min_child_weight"": 9, ""gamma"": 1.723122454796087, ""reg_lambda"": 0.09044746319458893}",within_WESAD,subject_zscore,acc_only,xgboost
12,0.5531914893617021,0.5196847012636486,0.5183131130297502,0.595842778391338,"{""n_estimators"": 150, ""max_depth"": 7, ""learning_rate"": 0.017039379798343152, ""subsample"": 0.793176603372298, ""colsample_bytree"": 0.5869161315730992, ""min_child_weight"": 9, ""gamma"": 2.9826973835422503, ""reg_lambda"": 0.01083793888501376}",within_WESAD,subject_zscore,acc_only,xgboost
13,0.5806451612903226,0.5023207197927659,0.5073619089703932,0.6181179369365379,"{""n_estimators"": 100, ""max_depth"": 2, ""learning_rate"": 0.024864509567506583, ""subsample"": 0.7365358060108945, ""colsample_bytree"": 0.5016015708936712, ""min_child_weight"": 10, ""gamma"": 4.805456495556357, ""reg_lambda"": 0.06099658223372864}",within_WESAD,subject_zscore,acc_only,xgboost
14,0.6413043478260869,0.5417144475682746,0.5380500451929023,0.6173918816998153,"{""n_estimators"": 550, ""max_depth"": 7, ""learning_rate"": 0.01884773992664566, ""subsample"": 0.6225097024656305, ""colsample_bytree"": 0.500455048365494, ""min_child_weight"": 3, ""gamma"": 3.8734635974765155, ""reg_lambda"": 0.02432903610087781}",within_WESAD,subject_zscore,acc_only,xgboost
15,0.6161971830985915,0.5524899426313409,0.5501879393008425,0.5541659102279431,"{""n_estimators"": 450, ""max_depth"": 6, ""learning_rate"": 0.2337535968649803, ""subsample"": 0.7749920640074848, ""colsample_bytree"": 0.5173310973661095, ""min_child_weight"": 6, ""gamma"": 1.1700977669018775, ""reg_lambda"": 8.98953064963892}",within_WESAD,subject_zscore,acc_only,xgboost
16,0.5971731448763251,0.5017942583732058,0.5156904188400941,0.6207126500980812,"{""n_estimators"": 550, ""max_depth"": 6, ""learning_rate"": 0.012530594149207612, ""subsample"": 0.7847091550467629, ""colsample_bytree"": 0.7598442857479073, ""min_child_weight"": 10, ""gamma"": 4.667732395994981, ""reg_lambda"": 0.05760793645193046}",within_WESAD,subject_zscore,acc_only,xgboost
17,0.44086021505376344,0.416582385166456,0.4308136030692269,0.5690115797937021,"{""n_estimators"": 500, ""max_depth"": 8, ""learning_rate"": 0.0849405087932612, ""subsample"": 0.6045737806272494, ""colsample_bytree"": 0.573854999796109, ""min_child_weight"": 4, ""gamma"": 2.6100053523519753, ""reg_lambda"": 1.6137012263466426}",within_WESAD,subject_zscore,acc_only,xgboost
18,0.7018181818181818,0.6685606060606061,0.6658951590843252,0.5335065693926306,"{""n_estimators"": 500, ""max_depth"": 7, ""learning_rate"": 0.0861322589464994, ""subsample"": 0.9572915499713253, ""colsample_bytree"": 0.8357234962002642, ""min_child_weight"": 10, ""gamma"": 4.059383269832777, ""reg_lambda"": 3.9613864781723143}",within_WESAD,subject_zscore,acc_only,xgboost
19,0.5755395683453237,0.564562626246236,0.5489739622385186,0.5973110879157826,"{""n_estimators"": 450, ""max_depth"": 2, ""learning_rate"": 0.020054394654206508, ""subsample"": 0.6807418072156942, ""colsample_bytree"": 0.7521812049969591, ""min_child_weight"": 5, ""gamma"": 0.07703392842893564, ""reg_lambda"": 0.10208773526771249}",within_WESAD,subject_zscore,acc_only,xgboost
0,0.6298932384341637,0.5521213836154413,0.5474417003211134,0.5711508871875152,"{""n_estimators"": 200, ""max_depth"": 3, ""min_samples_leaf"": 3, ""max_features"": ""log2""}",within_WESAD,subject_zscore,acc_only,random_forest
1,0.703971119133574,0.6323317620930733,0.6221907292192571,0.5898501227282057,"{""n_estimators"": 500, ""max_depth"": 16, ""min_samples_leaf"": 1, ""max_features"": 0.5}",within_WESAD,subject_zscore,acc_only,random_forest
2,0.4528985507246377,0.40864654863602967,0.4337249823198301,0.6476222856814083,"{""n_estimators"": 300, ""max_depth"": 9, ""min_samples_leaf"": 6, ""max_features"": 0.5}",within_WESAD,subject_zscore,acc_only,random_forest
3,0.49280575539568344,0.440717462232949,0.4553431089034804,0.5931089734363472,"{""n_estimators"": 300, ""max_depth"": 8, ""min_samples_leaf"": 5, ""max_features"": ""sqrt""}",within_WESAD,subject_zscore,acc_only,random_forest
4,0.6571428571428571,0.6646749527196033,0.6225008308908971,0.5650854201041869,"{""n_estimators"": 200, ""max_depth"": 4, ""min_samples_leaf"": 8, ""max_features"": ""log2""}",within_WESAD,subject_zscore,acc_only,random_forest
5,0.6714801444043321,0.6272144667414516,0.6202373575449344,0.5809975230442334,"{""n_estimators"": 400, ""max_depth"": 12, ""min_samples_leaf"": 6, ""max_features"": ""sqrt""}",within_WESAD,subject_zscore,acc_only,random_forest
6,0.6402877697841727,0.6064045611948652,0.6025805768118543,0.6226689353441034,"{""n_estimators"": 500, ""max_depth"": 14, ""min_samples_leaf"": 4, ""max_features"": ""log2""}",within_WESAD,subject_zscore,acc_only,random_forest
7,0.6441281138790036,0.6178813511050354,0.6084345725306731,0.5863051159350435,"{""n_estimators"": 500, ""max_depth"": 11, ""min_samples_leaf"": 5, ""max_features"": ""log2""}",within_WESAD,subject_zscore,acc_only,random_forest
8,0.6618705035971223,0.6135100966242173,0.611524217816812,0.5714860826962923,"{""n_estimators"": 200, ""max_depth"": 8, ""min_samples_leaf"": 1, ""max_features"": ""sqrt""}",within_WESAD,subject_zscore,acc_only,random_forest
9,0.5181159420289855,0.4610345786842266,0.48398785747489353,0.5477758435485988,"{""n_estimators"": 600, ""max_depth"": 4, ""min_samples_leaf"": 10, ""max_features"": ""sqrt""}",within_WESAD,subject_zscore,acc_only,random_forest
10,0.6137184115523465,0.5646778768615986,0.5676131306094472,0.593351471045031,"{""n_estimators"": 300, ""max_depth"": 5, ""min_samples_leaf"": 4, ""max_features"": ""log2""}",within_WESAD,subject_zscore,acc_only,random_forest
11,0.6120996441281139,0.5553197624743678,0.5589358978988656,0.5590473339251641,"{""n_estimators"": 200, ""max_depth"": 9, ""min_samples_leaf"": 4, ""max_features"": ""log2""}",within_WESAD,subject_zscore,acc_only,random_forest
12,0.5425531914893617,0.5349115796484217,0.5245604816193357,0.5856551107735072,"{""n_estimators"": 300, ""max_depth"": 10, ""min_samples_leaf"": 6, ""max_features"": ""sqrt""}",within_WESAD,subject_zscore,acc_only,random_forest
13,0.5878136200716846,0.49758433689360104,0.5212551281280559,0.6070958119408099,"{""n_estimators"": 300, ""max_depth"": 5, ""min_samples_leaf"": 9, ""max_features"": ""log2""}",within_WESAD,subject_zscore,acc_only,random_forest
14,0.6231884057971014,0.5226861576255375,0.5292820281848046,0.6125169548441471,"{""n_estimators"": 500, ""max_depth"": 19, ""min_samples_leaf"": 6, ""max_features"": ""sqrt""}",within_WESAD,subject_zscore,acc_only,random_forest
15,0.647887323943662,0.593757885215073,0.5943006164058795,0.5402438594613618,"{""n_estimators"": 400, ""max_depth"": 18, ""min_samples_leaf"": 10, ""max_features"": ""sqrt""}",within_WESAD,subject_zscore,acc_only,random_forest
16,0.6007067137809188,0.5109990886306677,0.5232683982683982,0.5928520079915981,"{""n_estimators"": 600, ""max_depth"": 10, ""min_samples_leaf"": 7, ""max_features"": ""sqrt""}",within_WESAD,subject_zscore,acc_only,random_forest
17,0.4229390681003584,0.39600716392751795,0.4104378454417485,0.5852555532970626,"{""n_estimators"": 400, ""max_depth"": 10, ""min_samples_leaf"": 7, ""max_features"": 0.5}",within_WESAD,subject_zscore,acc_only,random_forest
18,0.7272727272727273,0.6748376623376624,0.6761355767828047,0.5464179755416074,"{""n_estimators"": 300, ""max_depth"": 11, ""min_samples_leaf"": 7, ""max_features"": ""sqrt""}",within_WESAD,subject_zscore,acc_only,random_forest
19,0.579136690647482,0.5478625049416734,0.5462805188594284,0.5725059403708975,"{""n_estimators"": 400, ""max_depth"": 18, ""min_samples_leaf"": 1, ""max_features"": 0.5}",within_WESAD,subject_zscore,acc_only,random_forest
0,0.7259786476868327,0.6721785983776646,0.6809847087706915,0.5733383969339184,"{""layers"": ""32"", ""alpha"": 2.03188376801307e-05, ""learning_rate_init"": 0.0037105370299357504}",within_WESAD,subject_zscore,acc_only,mlp
1,0.7545126353790613,0.6328754168885666,0.6132941791040538,0.5524152574791743,"{""layers"": ""128-64"", ""alpha"": 0.009076805893867034, ""learning_rate_init"": 0.0011719411389743604}",within_WESAD,subject_zscore,acc_only,mlp
2,0.5833333333333334,0.4986906355682653,0.49032422026338074,0.5950221393558763,"{""layers"": ""64"", ""alpha"": 0.047526396866667736, ""learning_rate_init"": 0.003151921907376554}",within_WESAD,subject_zscore,acc_only,mlp
3,0.6115107913669064,0.5027654867256637,0.4946565958643253,0.5849036890418371,"{""layers"": ""64"", ""alpha"": 0.09782816568497328, ""learning_rate_init"": 0.003556162508855289}",within_WESAD,subject_zscore,acc_only,mlp
4,0.6964285714285714,0.5910738641810687,0.5653223636425522,0.5705757630243068,"{""layers"": ""64"", ""alpha"": 0.0375052881287024, ""learning_rate_init"": 0.0013956935371063708}",within_WESAD,subject_zscore,acc_only,mlp
5,0.779783393501805,0.6803031719412749,0.6799856447604548,0.5546224367253042,"{""layers"": ""128-64"", ""alpha"": 0.00035845845210823917, ""learning_rate_init"": 0.0005910647307200214}",within_WESAD,subject_zscore,acc_only,mlp
6,0.5935251798561151,0.5026826557222863,0.4759202002061259,0.5951527643384837,"{""layers"": ""32"", ""alpha"": 0.01616896607041127, ""learning_rate_init"": 0.0029703887242915486}",within_WESAD,subject_zscore,acc_only,mlp
7,0.6334519572953736,0.5746666025860105,0.5754330268087383,0.5612861814155897,"{""layers"": ""64"", ""alpha"": 0.0388163132500762, ""learning_rate_init"": 0.002835618381887987}",within_WESAD,subject_zscore,acc_only,mlp
8,0.6726618705035972,0.6174013713306484,0.6234723620318291,0.5395591777690184,"{""layers"": ""32"", ""alpha"": 0.0038390848816190056, ""learning_rate_init"": 0.002377548152011501}",within_WESAD,subject_zscore,acc_only,mlp
9,0.644927536231884,0.5610744009511615,0.5689759135958943,0.5223976619650968,"{""layers"": ""64"", ""alpha"": 0.00046992210501863415, ""learning_rate_init"": 0.0013027844433034011}",within_WESAD,subject_zscore,acc_only,mlp
10,0.6389891696750902,0.567319855037978,0.571967844733295,0.5835749909575653,"{""layers"": ""64-32"", ""alpha"": 0.0006576754489057866, ""learning_rate_init"": 0.0024980819635884157}",within_WESAD,subject_zscore,acc_only,mlp
11,0.7046263345195729,0.5898398339598998,0.570281231814349,0.5912818879329921,"{""layers"": ""64-32"", ""alpha"": 0.003217671247896449, ""learning_rate_init"": 0.0009574025882490212}",within_WESAD,subject_zscore,acc_only,mlp
12,0.5780141843971631,0.5035933364880734,0.5158022799192283,0.5819803362444619,"{""layers"": ""32"", ""alpha"": 0.0019820924944177294, ""learning_rate_init"": 0.006489613993912311}",within_WESAD,subject_zscore,acc_only,mlp
13,0.6523297491039427,0.5432793018459027,0.5265300498945359,0.5749099575005737,"{""layers"": ""64-32"", ""alpha"": 8.925564392746053e-05, ""learning_rate_init"": 0.001373316079752968}",within_WESAD,subject_zscore,acc_only,mlp
14,0.6268115942028986,0.5136726358304364,0.482316900367185,0.5761039285459427,"{""layers"": ""32"", ""alpha"": 0.07550290485924807, ""learning_rate_init"": 0.002222718540215378}",within_WESAD,subject_zscore,acc_only,mlp
15,0.6901408450704225,0.5988334982639775,0.5924146931499873,0.5225930212966969,"{""layers"": ""64"", ""alpha"": 0.04072095270154857, ""learning_rate_init"": 0.0029128752222459565}",within_WESAD,subject_zscore,acc_only,mlp
16,0.6678445229681979,0.5608851674641148,0.5720522461613868,0.6029361409980685,"{""layers"": ""32"", ""alpha"": 0.04651631796882573, ""learning_rate_init"": 0.003895231281657605}",within_WESAD,subject_zscore,acc_only,mlp
17,0.5555555555555556,0.44582104228121927,0.4443517267046679,0.549503523641819,"{""layers"": ""32"", ""alpha"": 0.0007876286211047463, ""learning_rate_init"": 0.0030563388545876338}",within_WESAD,subject_zscore,acc_only,mlp
18,0.7345454545454545,0.6248511904761904,0.5960336685258315,0.5515061287669982,"{""layers"": ""64"", ""alpha"": 0.03197757767047311, ""learning_rate_init"": 0.0050332215926878875}",within_WESAD,subject_zscore,acc_only,mlp
19,0.48201438848920863,0.4278499073620609,0.42390422924488946,0.6062158657147418,"{""layers"": ""32"", ""alpha"": 7.919400340682479e-05, ""learning_rate_init"": 0.009666168351225432}",within_WESAD,subject_zscore,acc_only,mlp
0,0.6808510638297872,0.501922077922078,0.48192297740747825,0.4040438097345828,"{""n_estimators"": 250, ""max_depth"": 4, ""learning_rate"": 0.1724695234912648, ""subsample"": 0.6629124599927081, ""colsample_bytree"": 0.9101203202183936, ""min_child_weight"": 4, ""gamma"": 0.0767503742225821, ""reg_lambda"": 5.854949639784474}",within_PhysioNet_stress_session,subject_zscore,all_modalities,xgboost
1,0.5315985130111525,0.43003663003663,0.3976611196889117,0.43498089475481877,"{""n_estimators"": 150, ""max_depth"": 2, ""learning_rate"": 0.012822040388726811, ""subsample"": 0.8754240495233258, ""colsample_bytree"": 0.7057558922247334, ""min_child_weight"": 3, ""gamma"": 0.5698121411893395, ""reg_lambda"": 0.01402472991496644}",within_PhysioNet_stress_session,subject_zscore,all_modalities,xgboost
2,0.599406528189911,0.48815048815048817,0.45007215007215007,0.3891990300844268,"{""n_estimators"": 400, ""max_depth"": 2, ""learning_rate"": 0.03583975341273785, ""subsample"": 0.739663557167323, ""colsample_bytree"": 0.831789362051661, ""min_child_weight"": 9, ""gamma"": 1.014404803603791, ""reg_lambda"": 2.851943352131018}",within_PhysioNet_stress_session,subject_zscore,all_modalities,xgboost
3,0.6628242074927954,0.3932254312851328,0.3867367348346333,0.42217963253826957,"{""n_estimators"": 500, ""max_depth"": 2, ""learning_rate"": 0.13053200082498942, ""subsample"": 0.9491803817528978, ""colsample_bytree"": 0.5287722983486528, ""min_child_weight"": 4, ""gamma"": 0.0540096951062979, ""reg_lambda"": 0.03397200722858718}",within_PhysioNet_stress_session,subject_zscore,all_modalities,xgboost
4,0.4475920679886686,0.41219484048300964,0.35572423266549996,0.4453569765426262,"{""n_estimators"": 150, ""max_depth"": 7, ""learning_rate"": 0.06444770836929678, ""subsample"": 0.6004815696388697, ""colsample_bytree"": 0.8661274223855133, ""min_child_weight"": 2, ""gamma"": 3.959803036892816, ""reg_lambda"": 9.973937617481953}",within_PhysioNet_stress_session,subject_zscore,all_modalities,xgboost
5,0.6766304347826086,0.4742919389978213,0.4465400285558388,0.465000283690349,"{""n_estimators"": 100, ""max_depth"": 8, ""learning_rate"": 0.010094597218365422, ""subsample"": 0.8310049748766132, ""colsample_bytree"": 0.9025065214200932, ""min_child_weight"": 6, ""gamma"": 3.3558651762972467, ""reg_lambda"": 0.8115201004311834}",within_PhysioNet_stress_session,subject_zscore,all_modalities,xgboost
6,0.49140893470790376,0.4746566368482877,0.38794634971105557,0.46590942092167636,"{""n_estimators"": 550, ""max_depth"": 2, ""learning_rate"": 0.10031007842617137, ""subsample"": 0.7574993035990121, ""colsample_bytree"": 0.5756069690649056, ""min_child_weight"": 6, ""gamma"": 4.089522947222672, ""reg_lambda"": 0.017866473108589482}",within_PhysioNet_stress_session,subject_zscore,all_modalities,xgboost
7,0.6407407407407407,0.3960573476702509,0.4010689794271884,0.47597744856267027,"{""n_estimators"": 600, ""max_depth"": 2, ""learning_rate"": 0.023185042604325776, ""subsample"": 0.9522980298804947, ""colsample_bytree"": 0.9937008849118594, ""min_child_weight"": 4, ""gamma"": 0.7456010024222534, ""reg_lambda"": 0.37906785345550004}",within_PhysioNet_stress_session,subject_zscore,all_modalities,xgboost
8,0.5315315315315315,0.3430788213396909,0.3359471635333704,0.47677786293229846,"{""n_estimators"": 100, ""max_depth"": 5, ""learning_rate"": 0.0640457978053971, ""subsample"": 0.745400150189114, ""colsample_bytree"": 0.7414744455090407, ""min_child_weight"": 9, ""gamma"": 4.29888365762603, ""reg_lambda"": 0.5257078700996703}",within_PhysioNet_stress_session,subject_zscore,all_modalities,xgboost
9,0.5674846625766872,0.38601851851851854,0.3912501508712994,0.43201120572447554,"{""n_estimators"": 500, ""max_depth"": 2, ""learning_rate"": 0.011359518268587674, ""subsample"": 0.7921429086261742, ""colsample_bytree"": 0.8829327557142264, ""min_child_weight"": 3, ""gamma"": 2.6254556237429894, ""reg_lambda"": 0.04691135143649691}",within_PhysioNet_stress_session,subject_zscore,all_modalities,xgboost
10,0.6197183098591549,0.44135655005220226,0.4089850587646911,0.39205531069302507,"{""n_estimators"": 350, ""max_depth"": 2, ""learning_rate"": 0.08681968560888277, ""subsample"": 0.9916064027554419, ""colsample_bytree"": 0.5284342305592487, ""min_child_weight"": 6, ""gamma"": 4.127513678666092, ""reg_lambda"": 2.03445830080032}",within_PhysioNet_stress_session,subject_zscore,all_modalities,xgboost
11,0.6158536585365854,0.42999846319348395,0.42630505720634476,0.419106222412452,"{""n_estimators"": 550, ""max_depth"": 8, ""learning_rate"": 0.03254004325747011, ""subsample"": 0.8431107423143316, ""colsample_bytree"": 0.9572134795624104, ""min_child_weight"": 8, ""gamma"": 0.002422753010158457, ""reg_lambda"": 1.0718109451499294}",within_PhysioNet_stress_session,subject_zscore,all_modalities,xgboost
12,0.5947712418300654,0.4013520987089269,0.38349327232497593,0.3922187023347658,"{""n_estimators"": 200, ""max_depth"": 7, ""learning_rate"": 0.021965305173677653, ""subsample"": 0.8842490847080721, ""colsample_bytree"": 0.5376938331576884, ""min_child_weight"": 5, ""gamma"": 0.8513161606597066, ""reg_lambda"": 0.02104471433455694}",within_PhysioNet_stress_session,subject_zscore,all_modalities,xgboost
13,0.572463768115942,0.5048148148148147,0.463398118437361,0.4211881950318808,"{""n_estimators"": 400, ""max_depth"": 5, ""learning_rate"": 0.03734281548677041, ""subsample"": 0.7950364597213568, ""colsample_bytree"": 0.9835366485878279, ""min_child_weight"": 2, ""gamma"": 4.3373920793599305, ""reg_lambda"": 2.5874411528545838}",within_PhysioNet_stress_session,subject_zscore,all_modalities,xgboost
14,0.7169811320754716,0.480226274907126,0.4778100072516316,0.43288860638121823,"{""n_estimators"": 450, ""max_depth"": 6, ""learning_rate"": 0.01100364713289294, ""subsample"": 0.7157412775580169, ""colsample_bytree"": 0.8235447992195606, ""min_child_weight"": 1, ""gamma"": 4.4595301132268474, ""reg_lambda"": 0.013021959565144813}",within_PhysioNet_stress_session,subject_zscore,all_modalities,xgboost
15,0.5399361022364217,0.4904408895825205,0.4252099625967962,0.4163546402767033,"{""n_estimators"": 250, ""max_depth"": 2, ""learning_rate"": 0.16817806601731983, ""subsample"": 0.8763789872257178, ""colsample_bytree"": 0.53355657262138, ""min_child_weight"": 4, ""gamma"": 3.7547840130627126, ""reg_lambda"": 3.8575683031098733}",within_PhysioNet_stress_session,subject_zscore,all_modalities,xgboost
16,0.6933797909407665,0.4627705627705628,0.4742298438541268,0.4437136963523756,"{""n_estimators"": 150, ""max_depth"": 6, ""learning_rate"": 0.011642583027678885, ""subsample"": 0.8916987077548777, ""colsample_bytree"": 0.8111209806210399, ""min_child_weight"": 6, ""gamma"": 3.6621504761292125, ""reg_lambda"": 0.01752253633841014}",within_PhysioNet_stress_session,subject_zscore,all_modalities,xgboost
17,0.47058823529411764,0.4145677702031541,0.352234414528605,0.480312433445262,"{""n_estimators"": 350, ""max_depth"": 7, ""learning_rate"": 0.024534634702781517, ""subsample"": 0.6283849825341489, ""colsample_bytree"": 0.9893654087224834, ""min_child_weight"": 3, ""gamma"": 4.16567699977961, ""reg_lambda"": 0.010603110047575158}",within_PhysioNet_stress_session,subject_zscore,all_modalities,xgboost
18,0.44360902255639095,0.39424816617343866,0.3674717427998268,0.43314726053322383,"{""n_estimators"": 100, ""max_depth"": 2, ""learning_rate"": 0.030728225659764106, ""subsample"": 0.9690367071315102, ""colsample_bytree"": 0.5079391065859751, ""min_child_weight"": 10, ""gamma"": 2.6278662779814246, ""reg_lambda"": 0.011921660978031537}",within_PhysioNet_stress_session,subject_zscore,all_modalities,xgboost
19,0.6986754966887417,0.4353782353782354,0.4542080677079053,0.43420967339745226,"{""n_estimators"": 500, ""max_depth"": 5, ""learning_rate"": 0.010972503172232978, ""subsample"": 0.8101565706364353, ""colsample_bytree"": 0.8302468451099354, ""min_child_weight"": 3, ""gamma"": 4.1615360350636585, ""reg_lambda"": 4.369379764175804}",within_PhysioNet_stress_session,subject_zscore,all_modalities,xgboost
0,0.5683890577507599,0.584034632034632,0.481455041563551,0.3974285302967014,"{""n_estimators"": 300, ""max_depth"": 3, ""min_samples_leaf"": 1, ""max_features"": 0.5}",within_PhysioNet_stress_session,subject_zscore,all_modalities,random_forest
1,0.516728624535316,0.4905982905982906,0.4236421725239617,0.40804540259111755,"{""n_estimators"": 400, ""max_depth"": 3, ""min_samples_leaf"": 9, ""max_features"": 0.5}",within_PhysioNet_stress_session,subject_zscore,all_modalities,random_forest
2,0.7507418397626113,0.4112970112970113,0.4072634144836311,0.3755589133401418,"{""n_estimators"": 600, ""max_depth"": 18, ""min_samples_leaf"": 6, ""max_features"": ""log2""}",within_PhysioNet_stress_session,subject_zscore,all_modalities,random_forest
3,0.7319884726224783,0.37924016282225237,0.36226363008971707,0.3958896886369647,"{""n_estimators"": 300, ""max_depth"": 18, ""min_samples_leaf"": 2, ""max_features"": ""log2""}",within_PhysioNet_stress_session,subject_zscore,all_modalities,random_forest
4,0.6005665722379604,0.472946631836255,0.43291090191356935,0.4094387043147331,"{""n_estimators"": 400, ""max_depth"": 18, ""min_samples_leaf"": 9, ""max_features"": ""log2""}",within_PhysioNet_stress_session,subject_zscore,all_modalities,random_forest
5,0.5461956521739131,0.4376906318082789,0.3780348309040306,0.444740645695669,"{""n_estimators"": 600, ""max_depth"": 5, ""min_samples_leaf"": 8, ""max_features"": ""sqrt""}",within_PhysioNet_stress_session,subject_zscore,all_modalities,random_forest
6,0.4536082474226804,0.4855042016806723,0.39123652864435615,0.4439049918834164,"{""n_estimators"": 300, ""max_depth"": 4, ""min_samples_leaf"": 7, ""max_features"": ""log2""}",within_PhysioNet_stress_session,subject_zscore,all_modalities,random_forest
7,0.5740740740740741,0.3941905615292712,0.4049040691545436,0.4618456459435067,"{""n_estimators"": 300, ""max_depth"": 4, ""min_samples_leaf"": 4, ""max_features"": ""sqrt""}",within_PhysioNet_stress_session,subject_zscore,all_modalities,random_forest
8,0.45045045045045046,0.3093627789279963,0.3020233684810487,0.499500236239974,"{""n_estimators"": 200, ""max_depth"": 3, ""min_samples_leaf"": 7, ""max_features"": ""log2""}",within_PhysioNet_stress_session,subject_zscore,all_modalities,random_forest
9,0.26993865030674846,0.29842592592592593,0.25525695684519784,0.4507971562396433,"{""n_estimators"": 500, ""max_depth"": 3, ""min_samples_leaf"": 10, ""max_features"": 0.5}",within_PhysioNet_stress_session,subject_zscore,all_modalities,random_forest
10,0.6281690140845071,0.4650952911822477,0.4061227208709223,0.36652394529868265,"{""n_estimators"": 400, ""max_depth"": 9, ""min_samples_leaf"": 10, ""max_features"": ""sqrt""}",within_PhysioNet_stress_session,subject_zscore,all_modalities,random_forest
11,0.6920731707317073,0.4670061201059493,0.47253042061895184,0.41344896706593626,"{""n_estimators"": 600, ""max_depth"": 17, ""min_samples_leaf"": 6, ""max_features"": 0.5}",within_PhysioNet_stress_session,subject_zscore,all_modalities,random_forest
12,0.5816993464052288,0.43770333924518945,0.42230384113761626,0.4492165905763681,"{""n_estimators"": 400, ""max_depth"": 3, ""min_samples_leaf"": 10, ""max_features"": 0.5}",within_PhysioNet_stress_session,subject_zscore,all_modalities,random_forest
13,0.4492753623188406,0.44333333333333336,0.38142304194610926,0.4435859531677023,"{""n_estimators"": 600, ""max_depth"": 4, ""min_samples_leaf"": 2, ""max_features"": 0.5}",within_PhysioNet_stress_session,subject_zscore,all_modalities,random_forest
14,0.6150943396226415,0.4480412022965215,0.4530136756898759,0.43276070600486133,"{""n_estimators"": 600, ""max_depth"": 4, ""min_samples_leaf"": 10, ""max_features"": 0.5}",within_PhysioNet_stress_session,subject_zscore,all_modalities,random_forest
15,0.6837060702875399,0.48326613777257554,0.4513372585434545,0.3819792519876299,"{""n_estimators"": 600, ""max_depth"": 18, ""min_samples_leaf"": 4, ""max_features"": ""sqrt""}",within_PhysioNet_stress_session,subject_zscore,all_modalities,random_forest
16,0.5470383275261324,0.44372294372294374,0.41839172082455556,0.43347628349734,"{""n_estimators"": 200, ""max_depth"": 3, ""min_samples_leaf"": 6, ""max_features"": 0.5}",within_PhysioNet_stress_session,subject_zscore,all_modalities,random_forest
17,0.3088235294117647,0.43583227878243597,0.28542699130934424,0.47522943870684453,"{""n_estimators"": 600, ""max_depth"": 3, ""min_samples_leaf"": 10, ""max_features"": 0.5}",within_PhysioNet_stress_session,subject_zscore,all_modalities,random_forest
18,0.48872180451127817,0.4262764321145225,0.4021757994405817,0.4030726772582891,"{""n_estimators"": 400, ""max_depth"": 5, ""min_samples_leaf"": 9, ""max_features"": ""log2""}",within_PhysioNet_stress_session,subject_zscore,all_modalities,random_forest
19,0.7384105960264901,0.38208208208208205,0.3710411198600175,0.4419367237521745,"{""n_estimators"": 500, ""max_depth"": 18, ""min_samples_leaf"": 2, ""max_features"": 0.5}",within_PhysioNet_stress_session,subject_zscore,all_modalities,random_forest
0,0.6443768996960486,0.3844935064935065,0.3786542668660095,0.43941110869893074,"{""layers"": ""64-32"", ""alpha"": 0.0004912699338719774, ""learning_rate_init"": 0.005248425772199779}",within_PhysioNet_stress_session,subject_zscore,all_modalities,mlp
1,0.6988847583643123,0.4336996336996337,0.4416993464052288,0.3849716643807403,"{""layers"": ""128-64"", ""alpha"": 0.003377103320839398, ""learning_rate_init"": 0.0033310612496346226}",within_PhysioNet_stress_session,subject_zscore,all_modalities,mlp
2,0.744807121661721,0.45425945425945424,0.4403102364356977,0.415684309748878,"{""layers"": ""128-64"", ""alpha"": 0.007788770773011998, ""learning_rate_init"": 0.008824508063399268}",within_PhysioNet_stress_session,subject_zscore,all_modalities,mlp
3,0.5677233429394812,0.34195257478839564,0.3290960451977401,0.40702168180969894,"{""layers"": ""128-64"", ""alpha"": 0.0006106288685140555, ""learning_rate_init"": 0.008315866254723178}",within_PhysioNet_stress_session,subject_zscore,all_modalities,mlp
4,0.6940509915014165,0.4175935542756428,0.4103176590703319,0.40567494673344506,"{""layers"": ""64"", ""alpha"": 0.0014801849124575163, ""learning_rate_init"": 0.005869589847813087}",within_PhysioNet_stress_session,subject_zscore,all_modalities,mlp
5,0.5380434782608695,0.39577085736255285,0.3427138412766008,0.387909503516712,"{""layers"": ""64"", ""alpha"": 0.015214720855399247, ""learning_rate_init"": 0.0031512774122849706}",within_PhysioNet_stress_session,subject_zscore,all_modalities,mlp
6,0.5463917525773195,0.4404445649227433,0.3918768638768639,0.41428692157124214,"{""layers"": ""128-64"", ""alpha"": 0.00023514941495459074, ""learning_rate_init"": 0.0037533410416328984}",within_PhysioNet_stress_session,subject_zscore,all_modalities,mlp
7,0.6962962962962963,0.41084229390681,0.42076839494219703,0.40784791416660676,"{""layers"": ""64-32"", ""alpha"": 0.0034890108483591224, ""learning_rate_init"": 0.0019089107752420257}",within_PhysioNet_stress_session,subject_zscore,all_modalities,mlp
8,0.6876876876876877,0.3893468849990589,0.39792636741789283,0.4353859676951244,"{""layers"": ""64-32"", ""alpha"": 0.014596385262635181, ""learning_rate_init"": 0.00835792813664934}",within_PhysioNet_stress_session,subject_zscore,all_modalities,mlp
9,0.6656441717791411,0.3276851851851852,0.3137141892971955,0.3846025296406344,"{""layers"": ""64-32"", ""alpha"": 1.1569487272239374e-05, ""learning_rate_init"": 0.004827581733244256}",within_PhysioNet_stress_session,subject_zscore,all_modalities,mlp
10,0.6873239436619718,0.4626223213179735,0.4352286343234433,0.4005153420820284,"{""layers"": ""128-64"", ""alpha"": 0.004254508511343343, ""learning_rate_init"": 0.003981828449775558}",within_PhysioNet_stress_session,subject_zscore,all_modalities,mlp
11,0.7042682926829268,0.4458931105867889,0.4382068565630209,0.422849053972096,"{""layers"": ""64"", ""alpha"": 0.0005788230963805949, ""learning_rate_init"": 0.006621004395448499}",within_PhysioNet_stress_session,subject_zscore,all_modalities,mlp
12,0.6209150326797386,0.457798882468486,0.43457327860997585,0.41585399710747245,"{""layers"": ""64"", ""alpha"": 0.03579180690905979, ""learning_rate_init"": 0.0076795833104922745}",within_PhysioNet_stress_session,subject_zscore,all_modalities,mlp
13,0.6413043478260869,0.42351851851851857,0.41788669309843,0.41323390281505096,"{""layers"": ""128-64"", ""alpha"": 0.08709346994051388, ""learning_rate_init"": 0.006834380855425207}",within_PhysioNet_stress_session,subject_zscore,all_modalities,mlp
14,0.7018867924528301,0.4315771698750422,0.44705739373499825,0.394925499332951,"{""layers"": ""64-32"", ""alpha"": 0.003996291611677873, ""learning_rate_init"": 0.004915097653599926}",within_PhysioNet_stress_session,subject_zscore,all_modalities,mlp
15,0.65814696485623,0.40700278897703795,0.38564012344222715,0.417956094386102,"{""layers"": ""32"", ""alpha"": 0.009449164401900311, ""learning_rate_init"": 0.0072401821401084}",within_PhysioNet_stress_session,subject_zscore,all_modalities,mlp
16,0.7212543554006968,0.38152958152958155,0.3806961289513633,0.40663411808201766,"{""layers"": ""32"", ""alpha"": 0.00011597513389167014, ""learning_rate_init"": 0.0064240196863274025}",within_PhysioNet_stress_session,subject_zscore,all_modalities,mlp
17,0.6529411764705882,0.3666163203657591,0.35848432781422473,0.42188346578917374,"{""layers"": ""128-64"", ""alpha"": 0.03351678813514882, ""learning_rate_init"": 0.0011359590144788012}",within_PhysioNet_stress_session,subject_zscore,all_modalities,mlp
18,0.631578947368421,0.45023656245763144,0.44912404337128936,0.40414109531776066,"{""layers"": ""64-32"", ""alpha"": 0.06423596013732667, ""learning_rate_init"": 0.0034482569119855004}",within_PhysioNet_stress_session,subject_zscore,all_modalities,mlp
19,0.7317880794701986,0.33183183183183185,0.2817080943275972,0.39871608325082036,"{""layers"": ""128-64"", ""alpha"": 0.003839325876851186, ""learning_rate_init"": 0.0005033447328290463}",within_PhysioNet_stress_session,subject_zscore,all_modalities,mlp
0,0.49544072948328266,0.388978354978355,0.3602190529859696,0.44013924182464437,"{""n_estimators"": 400, ""max_depth"": 6, ""learning_rate"": 0.05922319607055482, ""subsample"": 0.927190797690967, ""colsample_bytree"": 0.9225432404227057, ""min_child_weight"": 5, ""gamma"": 2.4727986325945275, ""reg_lambda"": 0.6173140844555254}",within_PhysioNet_stress_session,subject_zscore,physiology_only,xgboost
1,0.5055762081784386,0.41514041514041516,0.3888460061026433,0.4246877447754143,"{""n_estimators"": 100, ""max_depth"": 7, ""learning_rate"": 0.034924732338181504, ""subsample"": 0.876918518186043, ""colsample_bytree"": 0.8658485116382706, ""min_child_weight"": 3, ""gamma"": 4.5713684713706675, ""reg_lambda"": 0.07042337695276257}",within_PhysioNet_stress_session,subject_zscore,physiology_only,xgboost
2,0.3857566765578635,0.4312364312364312,0.33194474243684546,0.394568593600479,"{""n_estimators"": 200, ""max_depth"": 2, ""learning_rate"": 0.18554334300913894, ""subsample"": 0.8835463910227241, ""colsample_bytree"": 0.668306242511835, ""min_child_weight"": 3, ""gamma"": 2.204192820455681, ""reg_lambda"": 0.019932510849117874}",within_PhysioNet_stress_session,subject_zscore,physiology_only,xgboost
3,0.3919308357348703,0.39271822704658527,0.32125191130967434,0.4340622156096349,"{""n_estimators"": 500, ""max_depth"": 8, ""learning_rate"": 0.014487877889067106, ""subsample"": 0.8598349701207135, ""colsample_bytree"": 0.747995161310034, ""min_child_weight"": 6, ""gamma"": 4.7085299039605655, ""reg_lambda"": 6.521415167776391}",within_PhysioNet_stress_session,subject_zscore,physiology_only,xgboost
4,0.33994334277620397,0.3909566822983875,0.29618844637353364,0.45169469868307627,"{""n_estimators"": 100, ""max_depth"": 3, ""learning_rate"": 0.01799956162504001, ""subsample"": 0.7413015789088364, ""colsample_bytree"": 0.5889513856272922, ""min_child_weight"": 9, ""gamma"": 4.773097948468155, ""reg_lambda"": 8.416666864685931}",within_PhysioNet_stress_session,subject_zscore,physiology_only,xgboost
5,0.6902173913043478,0.5781366141227733,0.5267589623459792,0.42858805967280195,"{""n_estimators"": 450, ""max_depth"": 7, ""learning_rate"": 0.0425820702688952, ""subsample"": 0.6851715635437774, ""colsample_bytree"": 0.5791853923909933, ""min_child_weight"": 3, ""gamma"": 1.079442629457906, ""reg_lambda"": 5.81103225587859}",within_PhysioNet_stress_session,subject_zscore,physiology_only,xgboost
6,0.47766323024054985,0.42184648052769497,0.3460516564867036,0.43282170686391286,"{""n_estimators"": 550, ""max_depth"": 3, ""learning_rate"": 0.2683276555914275, ""subsample"": 0.8981572959651499, ""colsample_bytree"": 0.7853388971403761, ""min_child_weight"": 9, ""gamma"": 3.940159798116427, ""reg_lambda"": 2.1319713007012573}",within_PhysioNet_stress_session,subject_zscore,physiology_only,xgboost
7,0.5814814814814815,0.40807945041816013,0.42168186423505577,0.46399086846516563,"{""n_estimators"": 550, ""max_depth"": 3, ""learning_rate"": 0.2460986807941154, ""subsample"": 0.9914561800959015, ""colsample_bytree"": 0.9165185334987881, ""min_child_weight"": 10, ""gamma"": 4.61291753352513, ""reg_lambda"": 0.065365077070436}",within_PhysioNet_stress_session,subject_zscore,physiology_only,xgboost
8,0.36036036036036034,0.2947152686283121,0.2800538164177973,0.4728724446114548,"{""n_estimators"": 100, ""max_depth"": 5, ""learning_rate"": 0.10013444732812932, ""subsample"": 0.7034176575798525, ""colsample_bytree"": 0.9487274209814871, ""min_child_weight"": 8, ""gamma"": 4.239689674780381, ""reg_lambda"": 0.7807279641260723}",within_PhysioNet_stress_session,subject_zscore,physiology_only,xgboost
9,0.5460122699386503,0.36833333333333335,0.37987765949185287,0.4528803320137594,"{""n_estimators"": 600, ""max_depth"": 6, ""learning_rate"": 0.03196332828150361, ""subsample"": 0.6274674349646255, ""colsample_bytree"": 0.9467992343997856, ""min_child_weight"": 9, ""gamma"": 3.6412457260895916, ""reg_lambda"": 0.9292101743378476}",within_PhysioNet_stress_session,subject_zscore,physiology_only,xgboost
10,0.6028169014084507,0.4661703031268249,0.4060599922351074,0.4422986445467863,"{""n_estimators"": 500, ""max_depth"": 2, ""learning_rate"": 0.039950010004235335, ""subsample"": 0.7014755485652834, ""colsample_bytree"": 0.6800919842354072, ""min_child_weight"": 3, ""gamma"": 1.6925209432464974, ""reg_lambda"": 6.34520652423789}",within_PhysioNet_stress_session,subject_zscore,physiology_only,xgboost
11,0.5213414634146342,0.41376707437239535,0.39228848340997874,0.43674756881803334,"{""n_estimators"": 150, ""max_depth"": 2, ""learning_rate"": 0.043121765564718605, ""subsample"": 0.6237587050514922, ""colsample_bytree"": 0.8448621276163891, ""min_child_weight"": 8, ""gamma"": 1.9926821129839158, ""reg_lambda"": 0.14193456900061072}",within_PhysioNet_stress_session,subject_zscore,physiology_only,xgboost
12,0.38235294117647056,0.40451684878997646,0.3386494140706105,0.38637548872253275,"{""n_estimators"": 450, ""max_depth"": 5, ""learning_rate"": 0.15032942304873215, ""subsample"": 0.8317930924919918, ""colsample_bytree"": 0.970827318490261, ""min_child_weight"": 6, ""gamma"": 3.5524820034717637, ""reg_lambda"": 2.0583342102237974}",within_PhysioNet_stress_session,subject_zscore,physiology_only,xgboost
13,0.5398550724637681,0.44796296296296295,0.41531279178338004,0.4190494903275906,"{""n_estimators"": 500, ""max_depth"": 7, ""learning_rate"": 0.02511380777469592, ""subsample"": 0.8380719198164512, ""colsample_bytree"": 0.6732775359344689, ""min_child_weight"": 3, ""gamma"": 4.503183259026098, ""reg_lambda"": 0.03127345372763931}",within_PhysioNet_stress_session,subject_zscore,physiology_only,xgboost
14,0.6679245283018868,0.4712765957446809,0.4914796873606943,0.4332056359372087,"{""n_estimators"": 500, ""max_depth"": 6, ""learning_rate"": 0.021024204630883166, ""subsample"": 0.8681122793078481, ""colsample_bytree"": 0.5005165112066139, ""min_child_weight"": 1, ""gamma"": 4.473132638676249, ""reg_lambda"": 0.019719367478849472}",within_PhysioNet_stress_session,subject_zscore,physiology_only,xgboost
15,0.5111821086261981,0.4580352885073915,0.40746375135596474,0.41741429025352933,"{""n_estimators"": 350, ""max_depth"": 2, ""learning_rate"": 0.014059723673074858, ""subsample"": 0.6185896132059596, ""colsample_bytree"": 0.7540739957485598, ""min_child_weight"": 2, ""gamma"": 1.8034157815020893, ""reg_lambda"": 0.03321476016756462}",within_PhysioNet_stress_session,subject_zscore,physiology_only,xgboost
16,0.6097560975609756,0.40165945165945166,0.3977828326404686,0.4157445960919404,"{""n_estimators"": 250, ""max_depth"": 2, ""learning_rate"": 0.011655182831191836, ""subsample"": 0.9091311670680975, ""colsample_bytree"": 0.850143228505324, ""min_child_weight"": 5, ""gamma"": 3.504866431255734, ""reg_lambda"": 0.42049513976717134}",within_PhysioNet_stress_session,subject_zscore,physiology_only,xgboost
17,0.5117647058823529,0.44129213100923925,0.38484855278314223,0.44169029503939394,"{""n_estimators"": 550, ""max_depth"": 7, ""learning_rate"": 0.02173703384151623, ""subsample"": 0.7389276005267171, ""colsample_bytree"": 0.8051592867431332, ""min_child_weight"": 10, ""gamma"": 0.7554477749487631, ""reg_lambda"": 0.02297024581080058}",within_PhysioNet_stress_session,subject_zscore,physiology_only,xgboost
18,0.5375939849624061,0.43221737565276747,0.4084850927088339,0.4032960857021111,"{""n_estimators"": 450, ""max_depth"": 7, ""learning_rate"": 0.15910322816260333, ""subsample"": 0.754163047716312, ""colsample_bytree"": 0.6537654319420013, ""min_child_weight"": 10, ""gamma"": 4.634709570702142, ""reg_lambda"": 4.503988744488442}",within_PhysioNet_stress_session,subject_zscore,physiology_only,xgboost
19,0.6721854304635762,0.4360646360646361,0.4413677582464368,0.41006101108554116,"{""n_estimators"": 200, ""max_depth"": 8, ""learning_rate"": 0.026968662992125143, ""subsample"": 0.9564691759545685, ""colsample_bytree"": 0.9712905117695241, ""min_child_weight"": 10, ""gamma"": 3.398810360962535, ""reg_lambda"": 0.30053307134641183}",within_PhysioNet_stress_session,subject_zscore,physiology_only,xgboost
0,0.48024316109422494,0.5141558441558441,0.41026252588641626,0.45879646250538214,"{""n_estimators"": 200, ""max_depth"": 4, ""min_samples_leaf"": 1, ""max_features"": 0.5}",within_PhysioNet_stress_session,subject_zscore,physiology_only,random_forest
1,0.516728624535316,0.3811965811965812,0.3566290611745157,0.4254491860347469,"{""n_estimators"": 200, ""max_depth"": 8, ""min_samples_leaf"": 3, ""max_features"": ""log2""}",within_PhysioNet_stress_session,subject_zscore,physiology_only,random_forest
2,0.43026706231454004,0.37194857194857195,0.33805423296948717,0.4011035963521375,"{""n_estimators"": 500, ""max_depth"": 3, ""min_samples_leaf"": 1, ""max_features"": ""log2""}",within_PhysioNet_stress_session,subject_zscore,physiology_only,random_forest
3,0.27089337175792505,0.40282354461458936,0.2771178213025213,0.4496040042860859,"{""n_estimators"": 600, ""max_depth"": 3, ""min_samples_leaf"": 2, ""max_features"": 0.5}",within_PhysioNet_stress_session,subject_zscore,physiology_only,random_forest
4,0.34277620396600567,0.3997922764611463,0.3104026198257133,0.43203908436276306,"{""n_estimators"": 400, ""max_depth"": 4, ""min_samples_leaf"": 10, ""max_features"": ""log2""}",within_PhysioNet_stress_session,subject_zscore,physiology_only,random_forest
5,0.6141304347826086,0.5338587722670768,0.45277589759788217,0.4345036787882801,"{""n_estimators"": 300, ""max_depth"": 4, ""min_samples_leaf"": 5, ""max_features"": ""sqrt""}",within_PhysioNet_stress_session,subject_zscore,physiology_only,random_forest
6,0.4845360824742268,0.43318650040661427,0.358871995125734,0.4438354976214487,"{""n_estimators"": 400, ""max_depth"": 17, ""min_samples_leaf"": 9, ""max_features"": 0.5}",within_PhysioNet_stress_session,subject_zscore,physiology_only,random_forest
7,0.3851851851851852,0.4261499402628435,0.37720186989849913,0.4528745792163407,"{""n_estimators"": 500, ""max_depth"": 3, ""min_samples_leaf"": 1, ""max_features"": ""sqrt""}",within_PhysioNet_stress_session,subject_zscore,physiology_only,random_forest
8,0.4624624624624625,0.3207227555053642,0.31095551359250156,0.4989800991110597,"{""n_estimators"": 200, ""max_depth"": 4, ""min_samples_leaf"": 8, ""max_features"": ""log2""}",within_PhysioNet_stress_session,subject_zscore,physiology_only,random_forest
9,0.2607361963190184,0.27314814814814814,0.24284321669942585,0.5106460371139057,"{""n_estimators"": 300, ""max_depth"": 3, ""min_samples_leaf"": 10, ""max_features"": ""log2""}",within_PhysioNet_stress_session,subject_zscore,physiology_only,random_forest
10,0.5521126760563381,0.504472580559537,0.4232979070420185,0.41075913266244535,"{""n_estimators"": 400, ""max_depth"": 5, ""min_samples_leaf"": 2, ""max_features"": ""sqrt""}",within_PhysioNet_stress_session,subject_zscore,physiology_only,random_forest
11,0.2926829268292683,0.347277592456992,0.26453147742246463,0.4347640307581806,"{""n_estimators"": 300, ""max_depth"": 6, ""min_samples_leaf"": 2, ""max_features"": ""sqrt""}",within_PhysioNet_stress_session,subject_zscore,physiology_only,random_forest
12,0.6209150326797386,0.43115834239182255,0.42618592664452093,0.42653119512678034,"{""n_estimators"": 300, ""max_depth"": 3, ""min_samples_leaf"": 3, ""max_features"": 0.5}",within_PhysioNet_stress_session,subject_zscore,physiology_only,random_forest
13,0.4492753623188406,0.3987037037037037,0.36161587263246603,0.41882400355008853,"{""n_estimators"": 300, ""max_depth"": 19, ""min_samples_leaf"": 10, ""max_features"": 0.5}",within_PhysioNet_stress_session,subject_zscore,physiology_only,random_forest
14,0.5018867924528302,0.41334008780817283,0.4147335492790038,0.41868796467348823,"{""n_estimators"": 300, ""max_depth"": 3, ""min_samples_leaf"": 10, ""max_features"": ""sqrt""}",within_PhysioNet_stress_session,subject_zscore,physiology_only,random_forest
15,0.44089456869009586,0.4092209650149565,0.3556780699274338,0.41241532022011645,"{""n_estimators"": 600, ""max_depth"": 3, ""min_samples_leaf"": 7, ""max_features"": ""sqrt""}",within_PhysioNet_stress_session,subject_zscore,physiology_only,random_forest
16,0.519163763066202,0.384992784992785,0.37291759697010507,0.4244254501829898,"{""n_estimators"": 300, ""max_depth"": 3, ""min_samples_leaf"": 8, ""max_features"": 0.5}",within_PhysioNet_stress_session,subject_zscore,physiology_only,random_forest
17,0.3411764705882353,0.4053217400770162,0.2947828351074849,0.4458743503933946,"{""n_estimators"": 400, ""max_depth"": 18, ""min_samples_leaf"": 10, ""max_features"": 0.5}",within_PhysioNet_stress_session,subject_zscore,physiology_only,random_forest
18,0.575187969924812,0.5315058182209195,0.5031310881309015,0.4206046322524393,"{""n_estimators"": 500, ""max_depth"": 4, ""min_samples_leaf"": 10, ""max_features"": ""sqrt""}",within_PhysioNet_stress_session,subject_zscore,physiology_only,random_forest
19,0.6655629139072847,0.42292292292292294,0.430239651416122,0.3976759719508689,"{""n_estimators"": 200, ""max_depth"": 9, ""min_samples_leaf"": 3, ""max_features"": 0.5}",within_PhysioNet_stress_session,subject_zscore,physiology_only,random_forest
0,0.7507598784194529,0.3293333333333333,0.28637681159420286,0.36710454505417545,"{""layers"": ""128-64"", ""alpha"": 0.0002796086427273334, ""learning_rate_init"": 0.0004961820183156201}",within_PhysioNet_stress_session,subject_zscore,physiology_only,mlp
1,0.6840148698884758,0.35555555555555557,0.34303858631876855,0.3760642467630437,"{""layers"": ""64-32"", ""alpha"": 9.146203815668892e-05, ""learning_rate_init"": 0.007364093018098158}",within_PhysioNet_stress_session,subject_zscore,physiology_only,mlp
2,0.744807121661721,0.3746941746941747,0.37445714519829565,0.37434861446696227,"{""layers"": ""64"", ""alpha"": 1.4689647182312127e-05, ""learning_rate_init"": 0.00012149226489868343}",within_PhysioNet_stress_session,subject_zscore,physiology_only,mlp
3,0.6570605187319885,0.30890999547715964,0.30984318911770264,0.3947839309149912,"{""layers"": ""128-64"", ""alpha"": 0.007268511769613313, ""learning_rate_init"": 0.0023699903761235657}",within_PhysioNet_stress_session,subject_zscore,physiology_only,mlp
4,0.7223796033994334,0.3953650374007281,0.40406791409149906,0.38527422562317154,"{""layers"": ""32"", ""alpha"": 0.00558043841482796, ""learning_rate_init"": 0.0003216320340779086}",within_PhysioNet_stress_session,subject_zscore,physiology_only,mlp
5,0.6603260869565217,0.36783288478790216,0.35459460639093027,0.3667657306597398,"{""layers"": ""128-64"", ""alpha"": 0.001924496626621667, ""learning_rate_init"": 0.007814835751018549}",within_PhysioNet_stress_session,subject_zscore,physiology_only,mlp
6,0.47079037800687284,0.2580261136712749,0.2644221105527638,0.37987813325804637,"{""layers"": ""128-64"", ""alpha"": 0.03263872773606417, ""learning_rate_init"": 0.009951042522220056}",within_PhysioNet_stress_session,subject_zscore,physiology_only,mlp
7,0.6407407407407407,0.3576762246117085,0.34210726656769824,0.3849026651975825,"{""layers"": ""64-32"", ""alpha"": 0.0941659531375521, ""learning_rate_init"": 0.008803123071836453}",within_PhysioNet_stress_session,subject_zscore,physiology_only,mlp
8,0.5855855855855856,0.29980550850116067,0.29824200913242005,0.40278576908064107,"{""layers"": ""64-32"", ""alpha"": 0.00016452937535463348, ""learning_rate_init"": 0.00603217824151938}",within_PhysioNet_stress_session,subject_zscore,physiology_only,mlp
9,0.588957055214724,0.2772222222222222,0.2681776335146114,0.3922922657837004,"{""layers"": ""64-32"", ""alpha"": 9.385614262353056e-05, ""learning_rate_init"": 0.005582152362534838}",within_PhysioNet_stress_session,subject_zscore,physiology_only,mlp
10,0.7154929577464789,0.4125656951743908,0.3900408639813193,0.37137390709014256,"{""layers"": ""32"", ""alpha"": 0.009502733507724065, ""learning_rate_init"": 0.0003682216900096228}",within_PhysioNet_stress_session,subject_zscore,physiology_only,mlp
11,0.7042682926829268,0.33768385177953153,0.31261476133821126,0.3835768104034783,"{""layers"": ""32"", ""alpha"": 5.185516353299933e-05, ""learning_rate_init"": 0.0001338542707992176}",within_PhysioNet_stress_session,subject_zscore,physiology_only,mlp
12,0.7450980392156863,0.3409090909090909,0.2992759676970203,0.3601308806313328,"{""layers"": ""64"", ""alpha"": 1.1436676847492321e-05, ""learning_rate_init"": 0.006878504348963204}",within_PhysioNet_stress_session,subject_zscore,physiology_only,mlp
13,0.6340579710144928,0.31166666666666665,0.286681783824641,0.4028435542296774,"{""layers"": ""32"", ""alpha"": 0.021888347220691294, ""learning_rate_init"": 0.00014252654769579282}",within_PhysioNet_stress_session,subject_zscore,physiology_only,mlp
14,0.6867924528301886,0.3982438365417089,0.40565662772523,0.36021533144315826,"{""layers"": ""64-32"", ""alpha"": 4.920705004375019e-05, ""learning_rate_init"": 0.006504674985089843}",within_PhysioNet_stress_session,subject_zscore,physiology_only,mlp
15,0.5527156549520766,0.34531292900391614,0.3516000117310492,0.36943486731953296,"{""layers"": ""32"", ""alpha"": 0.008121069515045369, ""learning_rate_init"": 0.0001495935648799158}",within_PhysioNet_stress_session,subject_zscore,physiology_only,mlp
16,0.7177700348432056,0.3354978354978355,0.2990897790609086,0.37411180270532385,"{""layers"": ""64"", ""alpha"": 3.350199554251445e-05, ""learning_rate_init"": 0.00013975943162803357}",within_PhysioNet_stress_session,subject_zscore,physiology_only,mlp
17,0.5882352941176471,0.2922738838769373,0.2881690467897365,0.41340793220516825,"{""layers"": ""64-32"", ""alpha"": 0.00018436720237234502, ""learning_rate_init"": 0.0038067944215808077}",within_PhysioNet_stress_session,subject_zscore,physiology_only,mlp
18,0.6879699248120301,0.3308251167618059,0.2868435731930831,0.37307353666683124,"{""layers"": ""64"", ""alpha"": 0.004046136568736325, ""learning_rate_init"": 0.005025101230821452}",within_PhysioNet_stress_session,subject_zscore,physiology_only,mlp
19,0.7251655629139073,0.376076076076076,0.36037377980357693,0.3705831596322928,"{""layers"": ""32"", ""alpha"": 0.051047851224047716, ""learning_rate_init"": 0.00018022398189261775}",within_PhysioNet_stress_session,subject_zscore,physiology_only,mlp
0,0.45896656534954405,0.38896103896103895,0.34313330347813104,0.37969091961455687,"{""n_estimators"": 150, ""max_depth"": 8, ""learning_rate"": 0.04366817566458197, ""subsample"": 0.8613779534990913, ""colsample_bytree"": 0.9528355980546979, ""min_child_weight"": 7, ""gamma"": 4.423052414463851, ""reg_lambda"": 8.745245471077121}",within_PhysioNet_stress_session,subject_zscore,acc_only,xgboost
1,0.5092936802973977,0.33186813186813185,0.32551830768149553,0.3940279386638524,"{""n_estimators"": 300, ""max_depth"": 3, ""learning_rate"": 0.03541704803166725, ""subsample"": 0.8928800903407604, ""colsample_bytree"": 0.6829116529487981, ""min_child_weight"": 9, ""gamma"": 3.2329472273653193, ""reg_lambda"": 0.053549042496426114}",within_PhysioNet_stress_session,subject_zscore,acc_only,xgboost
2,0.5875370919881305,0.34859274859274864,0.34338146265123953,0.3847483779990369,"{""n_estimators"": 150, ""max_depth"": 4, ""learning_rate"": 0.032135728709827706, ""subsample"": 0.8982939447003467, ""colsample_bytree"": 0.6841807457719437, ""min_child_weight"": 6, ""gamma"": 1.491042340910416, ""reg_lambda"": 1.2898254513597904}",within_PhysioNet_stress_session,subject_zscore,acc_only,xgboost
3,0.6051873198847262,0.34496995541771663,0.34493705528188284,0.35439934360443565,"{""n_estimators"": 100, ""max_depth"": 5, ""learning_rate"": 0.025798138304561933, ""subsample"": 0.604636914631008, ""colsample_bytree"": 0.957808268947985, ""min_child_weight"": 2, ""gamma"": 4.588376017350438, ""reg_lambda"": 0.17002975079112775}",within_PhysioNet_stress_session,subject_zscore,acc_only,xgboost
4,0.45892351274787535,0.36063743849599766,0.32982318613361206,0.3869454622220259,"{""n_estimators"": 200, ""max_depth"": 5, ""learning_rate"": 0.015061770755169434, ""subsample"": 0.6126213474344542, ""colsample_bytree"": 0.5287966294378421, ""min_child_weight"": 6, ""gamma"": 4.44737581723808, ""reg_lambda"": 1.15020193772489}",within_PhysioNet_stress_session,subject_zscore,acc_only,xgboost
5,0.453804347826087,0.33353838267333075,0.30426191324712354,0.381901447353459,"{""n_estimators"": 100, ""max_depth"": 6, ""learning_rate"": 0.10238848230019744, ""subsample"": 0.7797308877055373, ""colsample_bytree"": 0.8404124002334175, ""min_child_weight"": 9, ""gamma"": 4.306719453597937, ""reg_lambda"": 0.3261798760328481}",within_PhysioNet_stress_session,subject_zscore,acc_only,xgboost
6,0.42955326460481097,0.38583175205566095,0.33189652769525757,0.4022384244535617,"{""n_estimators"": 400, ""max_depth"": 5, ""learning_rate"": 0.012929189135920635, ""subsample"": 0.6107043151310615, ""colsample_bytree"": 0.8329420170182041, ""min_child_weight"": 10, ""gamma"": 3.2806944899242083, ""reg_lambda"": 0.11477750404871524}",within_PhysioNet_stress_session,subject_zscore,acc_only,xgboost
7,0.4185185185185185,0.29988052568697726,0.28581188598311885,0.3840342865187844,"{""n_estimators"": 100, ""max_depth"": 5, ""learning_rate"": 0.20458698345161794, ""subsample"": 0.9487917405934643, ""colsample_bytree"": 0.6652683396429783, ""min_child_weight"": 3, ""gamma"": 2.8608455731309714, ""reg_lambda"": 2.521348783724521}",within_PhysioNet_stress_session,subject_zscore,acc_only,xgboost
8,0.5915915915915916,0.3450697450697451,0.34129309394426327,0.38275224547810344,"{""n_estimators"": 500, ""max_depth"": 8, ""learning_rate"": 0.24739751911151253, ""subsample"": 0.7498954020071105, ""colsample_bytree"": 0.7978751229370129, ""min_child_weight"": 7, ""gamma"": 2.5529022762663516, ""reg_lambda"": 0.25862931224889707}",within_PhysioNet_stress_session,subject_zscore,acc_only,xgboost
9,0.6533742331288344,0.4064814814814815,0.41013544510928096,0.404764389621364,"{""n_estimators"": 400, ""max_depth"": 5, ""learning_rate"": 0.19099535318072688, ""subsample"": 0.6941810049120823, ""colsample_bytree"": 0.9104676573249634, ""min_child_weight"": 10, ""gamma"": 2.4438350540091696, ""reg_lambda"": 2.025191512418995}",within_PhysioNet_stress_session,subject_zscore,acc_only,xgboost
10,0.5408450704225352,0.2926863796429014,0.2995550535445702,0.37853318805591446,"{""n_estimators"": 500, ""max_depth"": 5, ""learning_rate"": 0.291413777728683, ""subsample"": 0.6903855902783247, ""colsample_bytree"": 0.6953638649825433, ""min_child_weight"": 10, ""gamma"": 1.028714197988084, ""reg_lambda"": 1.4131989449187592}",within_PhysioNet_stress_session,subject_zscore,acc_only,xgboost
11,0.5701219512195121,0.357135754255598,0.35437086123972833,0.38687058696455984,"{""n_estimators"": 150, ""max_depth"": 8, ""learning_rate"": 0.04451492347159009, ""subsample"": 0.8554908142316863, ""colsample_bytree"": 0.9096343907867259, ""min_child_weight"": 10, ""gamma"": 2.0272178314242075, ""reg_lambda"": 1.7165600588569776}",within_PhysioNet_stress_session,subject_zscore,acc_only,xgboost
12,0.5326797385620915,0.38345538455670614,0.36401334447855954,0.41116414666812306,"{""n_estimators"": 550, ""max_depth"": 2, ""learning_rate"": 0.011017940803151938, ""subsample"": 0.7263135480896128, ""colsample_bytree"": 0.6841928149983958, ""min_child_weight"": 1, ""gamma"": 0.7683749210962392, ""reg_lambda"": 0.013526052283894693}",within_PhysioNet_stress_session,subject_zscore,acc_only,xgboost
13,0.5144927536231884,0.3251851851851852,0.33280530522447255,0.38854635684583777,"{""n_estimators"": 550, ""max_depth"": 2, ""learning_rate"": 0.1379089050166839, ""subsample"": 0.8391006969455145, ""colsample_bytree"": 0.8863992525688316, ""min_child_weight"": 5, ""gamma"": 1.6162109708735402, ""reg_lambda"": 0.030983938542723514}",within_PhysioNet_stress_session,subject_zscore,acc_only,xgboost
14,0.39622641509433965,0.4487673083417764,0.35888344466560834,0.3981481320332884,"{""n_estimators"": 400, ""max_depth"": 3, ""learning_rate"": 0.014463217051305308, ""subsample"": 0.7058049173905947, ""colsample_bytree"": 0.5123547220832192, ""min_child_weight"": 2, ""gamma"": 4.94109334237643, ""reg_lambda"": 0.10406077263281653}",within_PhysioNet_stress_session,subject_zscore,acc_only,xgboost
15,0.5431309904153354,0.3633292871490297,0.3442247918225509,0.3924999516679916,"{""n_estimators"": 600, ""max_depth"": 2, ""learning_rate"": 0.043393873358875554, ""subsample"": 0.7254917631962645, ""colsample_bytree"": 0.9364213541334151, ""min_child_weight"": 4, ""gamma"": 1.5776629905114712, ""reg_lambda"": 0.1265059653034106}",within_PhysioNet_stress_session,subject_zscore,acc_only,xgboost
16,0.6376306620209059,0.415945165945166,0.41749553750051493,0.3587892589537706,"{""n_estimators"": 300, ""max_depth"": 7, ""learning_rate"": 0.1617840965549633, ""subsample"": 0.9307305334166855, ""colsample_bytree"": 0.7033770271841092, ""min_child_weight"": 8, ""gamma"": 0.45292270686684943, ""reg_lambda"": 2.881018920683351}",within_PhysioNet_stress_session,subject_zscore,acc_only,xgboost
17,0.5411764705882353,0.38652351988678885,0.3635750573100259,0.3890166351311572,"{""n_estimators"": 550, ""max_depth"": 4, ""learning_rate"": 0.25541268526197497, ""subsample"": 0.6555263211563468, ""colsample_bytree"": 0.8577993021487069, ""min_child_weight"": 4, ""gamma"": 3.877884883878932, ""reg_lambda"": 0.12019261154340398}",within_PhysioNet_stress_session,subject_zscore,acc_only,xgboost
18,0.42105263157894735,0.37725283664567527,0.33911966098106044,0.3882132574962829,"{""n_estimators"": 500, ""max_depth"": 6, ""learning_rate"": 0.05776552091334852, ""subsample"": 0.7076452682317044, ""colsample_bytree"": 0.8323907353969542, ""min_child_weight"": 8, ""gamma"": 2.3783285264320515, ""reg_lambda"": 9.190914492205067}",within_PhysioNet_stress_session,subject_zscore,acc_only,xgboost
19,0.6192052980132451,0.3676962676962677,0.3647952334540907,0.40170841069907864,"{""n_estimators"": 600, ""max_depth"": 3, ""learning_rate"": 0.16269411663606953, ""subsample"": 0.6730257758715075, ""colsample_bytree"": 0.7584640438975805, ""min_child_weight"": 2, ""gamma"": 3.8135452139276906, ""reg_lambda"": 6.264063649301751}",within_PhysioNet_stress_session,subject_zscore,acc_only,xgboost
0,0.5440729483282675,0.4017229437229437,0.3762419155423544,0.3626116361514926,"{""n_estimators"": 300, ""max_depth"": 12, ""min_samples_leaf"": 7, ""max_features"": 0.5}",within_PhysioNet_stress_session,subject_zscore,acc_only,random_forest
1,0.5613382899628253,0.3528693528693529,0.35174876992541354,0.3833652271489756,"{""n_estimators"": 200, ""max_depth"": 17, ""min_samples_leaf"": 6, ""max_features"": ""sqrt""}",within_PhysioNet_stress_session,subject_zscore,acc_only,random_forest
2,0.7062314540059347,0.3721643721643722,0.3800373102102154,0.3814264728025636,"{""n_estimators"": 600, ""max_depth"": 15, ""min_samples_leaf"": 3, ""max_features"": 0.5}",within_PhysioNet_stress_session,subject_zscore,acc_only,random_forest
3,0.5677233429394812,0.3098048717451703,0.3253558096978878,0.3674618458077079,"{""n_estimators"": 500, ""max_depth"": 9, ""min_samples_leaf"": 5, ""max_features"": ""sqrt""}",within_PhysioNet_stress_session,subject_zscore,acc_only,random_forest
4,0.5495750708215298,0.37943746787104354,0.3662303088532597,0.3967046119309728,"{""n_estimators"": 400, ""max_depth"": 9, ""min_samples_leaf"": 8, ""max_features"": ""sqrt""}",within_PhysioNet_stress_session,subject_zscore,acc_only,random_forest
5,0.4320652173913043,0.32670767653466615,0.2976489893687346,0.3904407589483398,"{""n_estimators"": 600, ""max_depth"": 7, ""min_samples_leaf"": 10, ""max_features"": ""log2""}",within_PhysioNet_stress_session,subject_zscore,acc_only,random_forest
6,0.40893470790378006,0.3712885154061625,0.32006545414856075,0.3975782690454562,"{""n_estimators"": 300, ""max_depth"": 8, ""min_samples_leaf"": 7, ""max_features"": ""log2""}",within_PhysioNet_stress_session,subject_zscore,acc_only,random_forest
7,0.5703703703703704,0.42331242532855434,0.41855213583504564,0.3632432714393594,"{""n_estimators"": 500, ""max_depth"": 11, ""min_samples_leaf"": 10, ""max_features"": 0.5}",within_PhysioNet_stress_session,subject_zscore,acc_only,random_forest
8,0.6726726726726727,0.35839973231277583,0.3591913667043635,0.3771910360337585,"{""n_estimators"": 600, ""max_depth"": 3, ""min_samples_leaf"": 4, ""max_features"": ""sqrt""}",within_PhysioNet_stress_session,subject_zscore,acc_only,random_forest
9,0.6533742331288344,0.40379629629629626,0.40649890479454204,0.39154274803100586,"{""n_estimators"": 400, ""max_depth"": 11, ""min_samples_leaf"": 7, ""max_features"": ""sqrt""}",within_PhysioNet_stress_session,subject_zscore,acc_only,random_forest
10,0.6056338028169014,0.3750110597936685,0.3679214929214929,0.3700158065235655,"{""n_estimators"": 200, ""max_depth"": 16, ""min_samples_leaf"": 5, ""max_features"": ""sqrt""}",within_PhysioNet_stress_session,subject_zscore,acc_only,random_forest
11,0.6219512195121951,0.3991244722877625,0.404145382495898,0.40721993527377415,"{""n_estimators"": 500, ""max_depth"": 17, ""min_samples_leaf"": 6, ""max_features"": ""sqrt""}",within_PhysioNet_stress_session,subject_zscore,acc_only,random_forest
12,0.5032679738562091,0.3519175391422087,0.33772866309172606,0.40310137105704785,"{""n_estimators"": 600, ""max_depth"": 7, ""min_samples_leaf"": 10, ""max_features"": ""log2""}",within_PhysioNet_stress_session,subject_zscore,acc_only,random_forest
13,0.6123188405797102,0.33592592592592596,0.3279002748519772,0.37896982423268977,"{""n_estimators"": 200, ""max_depth"": 17, ""min_samples_leaf"": 2, ""max_features"": ""sqrt""}",within_PhysioNet_stress_session,subject_zscore,acc_only,random_forest
14,0.5962264150943396,0.40536980749746704,0.40289220934382225,0.3893388910466074,"{""n_estimators"": 400, ""max_depth"": 16, ""min_samples_leaf"": 4, ""max_features"": ""sqrt""}",within_PhysioNet_stress_session,subject_zscore,acc_only,random_forest
15,0.6261980830670927,0.40389228479357236,0.39593705230854254,0.3710712549607528,"{""n_estimators"": 400, ""max_depth"": 10, ""min_samples_leaf"": 4, ""max_features"": ""sqrt""}",within_PhysioNet_stress_session,subject_zscore,acc_only,random_forest
16,0.6689895470383276,0.3756854256854257,0.3732299741602067,0.34670945980628337,"{""n_estimators"": 200, ""max_depth"": 20, ""min_samples_leaf"": 1, ""max_features"": ""sqrt""}",within_PhysioNet_stress_session,subject_zscore,acc_only,random_forest
17,0.5852941176470589,0.3818596834986597,0.36584979534756146,0.38202494029360823,"{""n_estimators"": 200, ""max_depth"": 9, ""min_samples_leaf"": 4, ""max_features"": ""log2""}",within_PhysioNet_stress_session,subject_zscore,acc_only,random_forest
18,0.38345864661654133,0.3623636610144135,0.30147502421475025,0.3901504234809945,"{""n_estimators"": 300, ""max_depth"": 5, ""min_samples_leaf"": 2, ""max_features"": ""sqrt""}",within_PhysioNet_stress_session,subject_zscore,acc_only,random_forest
19,0.6225165562913907,0.4012870012870013,0.402886435894688,0.4002099476111051,"{""n_estimators"": 400, ""max_depth"": 4, ""min_samples_leaf"": 10, ""max_features"": ""sqrt""}",within_PhysioNet_stress_session,subject_zscore,acc_only,random_forest
0,0.7659574468085106,0.36721212121212116,0.35555555555555557,0.35259440273910925,"{""layers"": ""64"", ""alpha"": 4.9779633734246753e-05, ""learning_rate_init"": 0.0005972432312185881}",within_PhysioNet_stress_session,subject_zscore,acc_only,mlp
1,0.6802973977695167,0.3196581196581197,0.28305065387470735,0.374023716945244,"{""layers"": ""64"", ""alpha"": 0.019075112946330863, ""learning_rate_init"": 0.0012299175393597453}",within_PhysioNet_stress_session,subject_zscore,acc_only,mlp
2,0.6973293768545994,0.37785057785057785,0.3833926646188897,0.39278844314296707,"{""layers"": ""128-64"", ""alpha"": 0.00018019961838748412, ""learning_rate_init"": 0.007227012055289087}",within_PhysioNet_stress_session,subject_zscore,acc_only,mlp
3,0.7118155619596542,0.32182593525877107,0.30535730273844697,0.38426084123837884,"{""layers"": ""128-64"", ""alpha"": 0.0002500049365139561, ""learning_rate_init"": 0.004932982556769976}",within_PhysioNet_stress_session,subject_zscore,acc_only,mlp
4,0.7308781869688386,0.35681028965893474,0.34556916703753404,0.3610403524926993,"{""layers"": ""128-64"", ""alpha"": 0.005056372861900482, ""learning_rate_init"": 0.005188036606022761}",within_PhysioNet_stress_session,subject_zscore,acc_only,mlp
5,0.7853260869565217,0.3333333333333333,0.2932521562658549,0.4031153983537439,"{""layers"": ""64-32"", ""alpha"": 1.2726557948435458e-05, ""learning_rate_init"": 0.004749156861762689}",within_PhysioNet_stress_session,subject_zscore,acc_only,mlp
6,0.5876288659793815,0.4337150989428029,0.4155397823814928,0.4058536280203007,"{""layers"": ""128-64"", ""alpha"": 1.0964280616141769e-05, ""learning_rate_init"": 0.008666830214574268}",within_PhysioNet_stress_session,subject_zscore,acc_only,mlp
7,0.6666666666666666,0.3225806451612903,0.26666666666666666,0.3662933403219566,"{""layers"": ""32"", ""alpha"": 1.1682918749637466e-05, ""learning_rate_init"": 0.00010113988758407344}",within_PhysioNet_stress_session,subject_zscore,acc_only,mlp
8,0.7147147147147147,0.31357048748353095,0.2783625730994152,0.3702471586554077,"{""layers"": ""128-64"", ""alpha"": 0.00011908568858980191, ""learning_rate_init"": 0.0036531098992445003}",within_PhysioNet_stress_session,subject_zscore,acc_only,mlp
9,0.7269938650306749,0.32916666666666666,0.28214285714285714,0.3647280982163085,"{""layers"": ""64-32"", ""alpha"": 1.0055279497433127e-05, ""learning_rate_init"": 0.008576839847205114}",within_PhysioNet_stress_session,subject_zscore,acc_only,mlp
10,0.7408450704225352,0.32112332112332115,0.28555917480998916,0.35379564416739046,"{""layers"": ""32"", ""alpha"": 0.00925011659728432, ""learning_rate_init"": 0.0008443234583858615}",within_PhysioNet_stress_session,subject_zscore,acc_only,mlp
11,0.6036585365853658,0.39752664551297695,0.35431477949251483,0.37447363026586533,"{""layers"": ""64-32"", ""alpha"": 0.0014030806713875, ""learning_rate_init"": 0.009672325635144035}",within_PhysioNet_stress_session,subject_zscore,acc_only,mlp
12,0.7320261437908496,0.3553054141159868,0.33717948717948715,0.3685094664645358,"{""layers"": ""128-64"", ""alpha"": 0.005288617592972206, ""learning_rate_init"": 0.007971065327869249}",within_PhysioNet_stress_session,subject_zscore,acc_only,mlp
13,0.605072463768116,0.36592592592592593,0.36115919223708365,0.4029919657899776,"{""layers"": ""64-32"", ""alpha"": 1.8868933789887644e-05, ""learning_rate_init"": 0.007228779353329978}",within_PhysioNet_stress_session,subject_zscore,acc_only,mlp
14,0.7018867924528301,0.377693346842283,0.3716981942788394,0.37054862635563657,"{""layers"": ""128-64"", ""alpha"": 0.00041194888205402003, ""learning_rate_init"": 0.005240127931055872}",within_PhysioNet_stress_session,subject_zscore,acc_only,mlp
15,0.549520766773163,0.3784808023005448,0.3476133132923584,0.39524671715247583,"{""layers"": ""128-64"", ""alpha"": 0.00039181521402917015, ""learning_rate_init"": 0.00629091238862217}",within_PhysioNet_stress_session,subject_zscore,acc_only,mlp
16,0.7212543554006968,0.3686147186147186,0.3544368156396405,0.38021306151869894,"{""layers"": ""64-32"", ""alpha"": 0.0011896752445643372, ""learning_rate_init"": 0.009955418614421918}",within_PhysioNet_stress_session,subject_zscore,acc_only,mlp
17,0.7617647058823529,0.3295165394402036,0.2882582081246522,0.3495160447185141,"{""layers"": ""64"", ""alpha"": 1.5207338499281877e-05, ""learning_rate_init"": 0.0009220310530074371}",within_PhysioNet_stress_session,subject_zscore,acc_only,mlp
18,0.5676691729323309,0.39027195332332854,0.3687380719638784,0.3757079797065694,"{""layers"": ""64-32"", ""alpha"": 0.05171632355395319, ""learning_rate_init"": 0.00812076847422788}",within_PhysioNet_stress_session,subject_zscore,acc_only,mlp
19,0.7417218543046358,0.35405405405405405,0.3241931201881139,0.34420966419767285,"{""layers"": ""32"", ""alpha"": 0.013012646551262858, ""learning_rate_init"": 0.008313020949452639}",within_PhysioNet_stress_session,subject_zscore,acc_only,mlp
0,0.49670619235836627,0.46160855383964783,0.4373961212154558,0.42078262458382715,"{""n_estimators"": 550, ""max_depth"": 7, ""learning_rate"": 0.01122627159161038, ""subsample"": 0.9269651755461914, ""colsample_bytree"": 0.5868434095635777, ""min_child_weight"": 5, ""gamma"": 3.072096669142365, ""reg_lambda"": 0.8271911500829423}",affective_only_no_exercise,subject_zscore,all_modalities,xgboost
1,0.5757575757575758,0.41164819701190203,0.4079949019140591,0.4047579542622519,"{""n_estimators"": 350, ""max_depth"": 4, ""learning_rate"": 0.01214553514633676, ""subsample"": 0.7646187274050256, ""colsample_bytree"": 0.9699168472372708, ""min_child_weight"": 8, ""gamma"": 1.2591316202533904, ""reg_lambda"": 0.3257236445176438}",affective_only_no_exercise,subject_zscore,all_modalities,xgboost
2,0.40272614622057,0.3695520720865772,0.3422779457616348,0.4414999985906309,"{""n_estimators"": 300, ""max_depth"": 2, ""learning_rate"": 0.036798621537446854, ""subsample"": 0.7434435234110228, ""colsample_bytree"": 0.8073757917870235, ""min_child_weight"": 3, ""gamma"": 0.2747207856640666, ""reg_lambda"": 4.624157244362273}",affective_only_no_exercise,subject_zscore,all_modalities,xgboost
3,0.6254826254826255,0.5225458789831604,0.5147213759253817,0.3792372592739126,"{""n_estimators"": 600, ""max_depth"": 7, ""learning_rate"": 0.04272959388040039, ""subsample"": 0.6222679254417546, ""colsample_bytree"": 0.8767774950007678, ""min_child_weight"": 8, ""gamma"": 2.292360481866903, ""reg_lambda"": 0.2660168212101649}",affective_only_no_exercise,subject_zscore,all_modalities,xgboost
4,0.4392523364485981,0.32308683855210435,0.3230775522508975,0.4427506072715923,"{""n_estimators"": 300, ""max_depth"": 2, ""learning_rate"": 0.07819160766577274, ""subsample"": 0.7944416118396975, ""colsample_bytree"": 0.9143779541727544, ""min_child_weight"": 9, ""gamma"": 3.6865113638571563, ""reg_lambda"": 0.5451538517615104}",affective_only_no_exercise,subject_zscore,all_modalities,xgboost
5,0.44781553398058255,0.34023115043174845,0.3301404998873981,0.41149933708372793,"{""n_estimators"": 500, ""max_depth"": 4, ""learning_rate"": 0.022366631592845406, ""subsample"": 0.7232371599598032, ""colsample_bytree"": 0.5232018089316439, ""min_child_weight"": 2, ""gamma"": 0.036695787378888844, ""reg_lambda"": 0.12737518848721585}",affective_only_no_exercise,subject_zscore,all_modalities,xgboost
6,0.4716981132075472,0.3888768513723691,0.37659894365909075,0.410612800498908,"{""n_estimators"": 100, ""max_depth"": 7, ""learning_rate"": 0.05718625056387825, ""subsample"": 0.6624394642754842, ""colsample_bytree"": 0.8204129940103596, ""min_child_weight"": 7, ""gamma"": 1.7798373509706782, ""reg_lambda"": 0.09408617604293858}",affective_only_no_exercise,subject_zscore,all_modalities,xgboost
7,0.5728155339805825,0.4617717990585499,0.4633343636264683,0.37279091601001185,"{""n_estimators"": 250, ""max_depth"": 5, ""learning_rate"": 0.2709152173482688, ""subsample"": 0.6176985386323708, ""colsample_bytree"": 0.9634886035974254, ""min_child_weight"": 9, ""gamma"": 1.2445243797032854, ""reg_lambda"": 0.539584745402074}",affective_only_no_exercise,subject_zscore,all_modalities,xgboost
8,0.47586206896551725,0.4019444306492138,0.3955767828994229,0.3774577870578468,"{""n_estimators"": 250, ""max_depth"": 4, ""learning_rate"": 0.0843056404549711, ""subsample"": 0.7719017264031435, ""colsample_bytree"": 0.9905911394085127, ""min_child_weight"": 7, ""gamma"": 4.839543537285597, ""reg_lambda"": 1.9551317973676379}",affective_only_no_exercise,subject_zscore,all_modalities,xgboost
9,0.5434782608695652,0.4457632125082859,0.4373380592875542,0.41364275528944283,"{""n_estimators"": 200, ""max_depth"": 2, ""learning_rate"": 0.06438404444220402, ""subsample"": 0.6585632233590704, ""colsample_bytree"": 0.5168768608824403, ""min_child_weight"": 3, ""gamma"": 2.8836671727088214, ""reg_lambda"": 0.08954430031728149}",affective_only_no_exercise,subject_zscore,all_modalities,xgboost
10,0.5620253164556962,0.47434743491720865,0.4499720483924329,0.414935646010439,"{""n_estimators"": 500, ""max_depth"": 2, ""learning_rate"": 0.05742681341435736, ""subsample"": 0.9132050217782999, ""colsample_bytree"": 0.6881058321054326, ""min_child_weight"": 4, ""gamma"": 1.0635457601997003, ""reg_lambda"": 7.1294522676557115}",affective_only_no_exercise,subject_zscore,all_modalities,xgboost
11,0.4535031847133758,0.3895807970253362,0.36469395439092805,0.4147805313943885,"{""n_estimators"": 400, ""max_depth"": 4, ""learning_rate"": 0.07741099624487398, ""subsample"": 0.7421707412272185, ""colsample_bytree"": 0.7207584974319453, ""min_child_weight"": 3, ""gamma"": 3.8872152754286233, ""reg_lambda"": 2.970357824863998}",affective_only_no_exercise,subject_zscore,all_modalities,xgboost
12,0.5915841584158416,0.46053175625492965,0.4546255150756755,0.37647648697889324,"{""n_estimators"": 150, ""max_depth"": 8, ""learning_rate"": 0.01895790331998808, ""subsample"": 0.730310942340844, ""colsample_bytree"": 0.5071553916130341, ""min_child_weight"": 7, ""gamma"": 3.4621964234537566, ""reg_lambda"": 0.014493615261552866}",affective_only_no_exercise,subject_zscore,all_modalities,xgboost
13,0.5266138165345413,0.43080740057811223,0.40049756984706136,0.3955447649335844,"{""n_estimators"": 350, ""max_depth"": 8, ""learning_rate"": 0.054634839720871874, ""subsample"": 0.7982503531944449, ""colsample_bytree"": 0.6800193897478343, ""min_child_weight"": 4, ""gamma"": 0.9433682467182274, ""reg_lambda"": 0.16639406788358085}",affective_only_no_exercise,subject_zscore,all_modalities,xgboost
14,0.5012106537530266,0.4700899940880628,0.42842172679761426,0.41109121874122917,"{""n_estimators"": 450, ""max_depth"": 2, ""learning_rate"": 0.09369428014684941, ""subsample"": 0.8236426301986576, ""colsample_bytree"": 0.5519514427332372, ""min_child_weight"": 8, ""gamma"": 2.053911490770735, ""reg_lambda"": 0.09417289538363792}",affective_only_no_exercise,subject_zscore,all_modalities,xgboost
15,0.5145631067961165,0.44816231037491616,0.44923568628534344,0.39054468266619424,"{""n_estimators"": 550, ""max_depth"": 6, ""learning_rate"": 0.01044709311333382, ""subsample"": 0.813208299627029, ""colsample_bytree"": 0.5050032262358942, ""min_child_weight"": 7, ""gamma"": 0.712582651327089, ""reg_lambda"": 4.419776738959073}",affective_only_no_exercise,subject_zscore,all_modalities,xgboost
16,0.4748677248677249,0.3842361335583565,0.3661062243800878,0.41117389412842664,"{""n_estimators"": 500, ""max_depth"": 4, ""learning_rate"": 0.044448737887755066, ""subsample"": 0.772704278004838, ""colsample_bytree"": 0.534569975765732, ""min_child_weight"": 8, ""gamma"": 1.0878487391982261, ""reg_lambda"": 0.0878526061705786}",affective_only_no_exercise,subject_zscore,all_modalities,xgboost
17,0.45828295042321643,0.3520620777739234,0.3340369031286778,0.45070028279874763,"{""n_estimators"": 450, ""max_depth"": 6, ""learning_rate"": 0.013448809341741738, ""subsample"": 0.6021830657054792, ""colsample_bytree"": 0.7892233179242176, ""min_child_weight"": 7, ""gamma"": 1.3591828617793245, ""reg_lambda"": 0.06828840256241454}",affective_only_no_exercise,subject_zscore,all_modalities,xgboost
18,0.47429305912596403,0.40077934570906454,0.37217218415643294,0.45458251166501545,"{""n_estimators"": 500, ""max_depth"": 7, ""learning_rate"": 0.02008101204464864, ""subsample"": 0.617528016728818, ""colsample_bytree"": 0.8823702537339347, ""min_child_weight"": 3, ""gamma"": 1.4985114096833005, ""reg_lambda"": 7.319363864587703}",affective_only_no_exercise,subject_zscore,all_modalities,xgboost
19,0.5043370508054523,0.3893850633145402,0.37992770017731947,0.4070249280950149,"{""n_estimators"": 400, ""max_depth"": 7, ""learning_rate"": 0.035459290391188954, ""subsample"": 0.6163272942806999, ""colsample_bytree"": 0.5786881192913816, ""min_child_weight"": 2, ""gamma"": 4.901660257740481, ""reg_lambda"": 0.020641449405077318}",affective_only_no_exercise,subject_zscore,all_modalities,xgboost
0,0.40843214756258234,0.35863535386753664,0.3461912137685538,0.4073386113899047,"{""n_estimators"": 300, ""max_depth"": 19, ""min_samples_leaf"": 4, ""max_features"": ""sqrt""}",affective_only_no_exercise,subject_zscore,all_modalities,random_forest
1,0.4909090909090909,0.34217686825917387,0.3385326099112629,0.41431359938635604,"{""n_estimators"": 400, ""max_depth"": 17, ""min_samples_leaf"": 6, ""max_features"": ""sqrt""}",affective_only_no_exercise,subject_zscore,all_modalities,random_forest
2,0.4114002478314746,0.3584907790318044,0.33247834463707737,0.4235311617452766,"{""n_estimators"": 300, ""max_depth"": 15, ""min_samples_leaf"": 7, ""max_features"": ""log2""}",affective_only_no_exercise,subject_zscore,all_modalities,random_forest
3,0.546975546975547,0.43029700836046736,0.419374571484372,0.38711112019237187,"{""n_estimators"": 300, ""max_depth"": 17, ""min_samples_leaf"": 6, ""max_features"": ""sqrt""}",affective_only_no_exercise,subject_zscore,all_modalities,random_forest
4,0.46328437917222964,0.38190836754253876,0.380659343295906,0.4370097379927465,"{""n_estimators"": 200, ""max_depth"": 13, ""min_samples_leaf"": 6, ""max_features"": ""log2""}",affective_only_no_exercise,subject_zscore,all_modalities,random_forest
5,0.4368932038834951,0.339764364223061,0.33045542792547083,0.4148705897403427,"{""n_estimators"": 200, ""max_depth"": 12, ""min_samples_leaf"": 7, ""max_features"": ""sqrt""}",affective_only_no_exercise,subject_zscore,all_modalities,random_forest
6,0.4779874213836478,0.3734641443473797,0.36881433388935136,0.4087064245619157,"{""n_estimators"": 500, ""max_depth"": 13, ""min_samples_leaf"": 1, ""max_features"": ""log2""}",affective_only_no_exercise,subject_zscore,all_modalities,random_forest
7,0.5546116504854369,0.44136434873252206,0.43649797056996437,0.3731740867518361,"{""n_estimators"": 300, ""max_depth"": 13, ""min_samples_leaf"": 4, ""max_features"": ""sqrt""}",affective_only_no_exercise,subject_zscore,all_modalities,random_forest
8,0.44689655172413795,0.3796272961836346,0.372062293413507,0.3600086995398981,"{""n_estimators"": 600, ""max_depth"": 18, ""min_samples_leaf"": 2, ""max_features"": 0.5}",affective_only_no_exercise,subject_zscore,all_modalities,random_forest
9,0.5652173913043478,0.44795347772657185,0.4581337788989372,0.3926536967284955,"{""n_estimators"": 200, ""max_depth"": 10, ""min_samples_leaf"": 4, ""max_features"": ""log2""}",affective_only_no_exercise,subject_zscore,all_modalities,random_forest
10,0.549367088607595,0.4895073066519815,0.4621423299312877,0.39561179783793193,"{""n_estimators"": 200, ""max_depth"": 13, ""min_samples_leaf"": 7, ""max_features"": 0.5}",affective_only_no_exercise,subject_zscore,all_modalities,random_forest
11,0.5031847133757962,0.3950774565820867,0.3845942722191036,0.38449810532009093,"{""n_estimators"": 500, ""max_depth"": 18, ""min_samples_leaf"": 2, ""max_features"": ""log2""}",affective_only_no_exercise,subject_zscore,all_modalities,random_forest
12,0.5816831683168316,0.4498329285917233,0.450192485596131,0.38593243789169196,"{""n_estimators"": 300, ""max_depth"": 19, ""min_samples_leaf"": 5, ""max_features"": ""log2""}",affective_only_no_exercise,subject_zscore,all_modalities,random_forest
13,0.5039637599093998,0.4195221130544514,0.38723709034836745,0.3883552843505087,"{""n_estimators"": 300, ""max_depth"": 11, ""min_samples_leaf"": 9, ""max_features"": ""sqrt""}",affective_only_no_exercise,subject_zscore,all_modalities,random_forest
14,0.4539951573849879,0.4281867909659578,0.39599386621477684,0.4080239334561166,"{""n_estimators"": 200, ""max_depth"": 16, ""min_samples_leaf"": 6, ""max_features"": ""log2""}",affective_only_no_exercise,subject_zscore,all_modalities,random_forest
15,0.43828016643550627,0.3918944517734184,0.37873295617628283,0.4020018456603764,"{""n_estimators"": 400, ""max_depth"": 19, ""min_samples_leaf"": 9, ""max_features"": ""log2""}",affective_only_no_exercise,subject_zscore,all_modalities,random_forest
16,0.4417989417989418,0.3897540849954944,0.3681495915715109,0.37229192589683496,"{""n_estimators"": 300, ""max_depth"": 19, ""min_samples_leaf"": 7, ""max_features"": ""log2""}",affective_only_no_exercise,subject_zscore,all_modalities,random_forest
17,0.41233373639661425,0.34380143961252774,0.32008158857823543,0.44930846895913334,"{""n_estimators"": 300, ""max_depth"": 13, ""min_samples_leaf"": 6, ""max_features"": ""log2""}",affective_only_no_exercise,subject_zscore,all_modalities,random_forest
18,0.42287917737789205,0.3621758794449558,0.3402069418871107,0.4333858878674226,"{""n_estimators"": 300, ""max_depth"": 13, ""min_samples_leaf"": 3, ""max_features"": ""log2""}",affective_only_no_exercise,subject_zscore,all_modalities,random_forest
19,0.5179677819083024,0.38060679814805676,0.3642108049306573,0.3934693283727035,"{""n_estimators"": 600, ""max_depth"": 17, ""min_samples_leaf"": 8, ""max_features"": ""sqrt""}",affective_only_no_exercise,subject_zscore,all_modalities,random_forest
0,0.4479578392621871,0.3200481218662375,0.31001468935709187,0.34203801284292523,"{""layers"": ""64"", ""alpha"": 0.0009719885217499791, ""learning_rate_init"": 0.0014137183745738262}",affective_only_no_exercise,subject_zscore,all_modalities,mlp
1,0.4909090909090909,0.30065347659105524,0.30828051144737334,0.3518154805797636,"{""layers"": ""128-64"", ""alpha"": 0.004223836013632657, ""learning_rate_init"": 0.005948818802572352}",affective_only_no_exercise,subject_zscore,all_modalities,mlp
2,0.40272614622057,0.3092835060744504,0.2911645670700518,0.3426980138999425,"{""layers"": ""32"", ""alpha"": 0.00014325869399485475, ""learning_rate_init"": 0.004978075713503783}",affective_only_no_exercise,subject_zscore,all_modalities,mlp
3,0.4041184041184041,0.3097737994624909,0.3070688118608667,0.3252174554369441,"{""layers"": ""64"", ""alpha"": 6.089674164155477e-05, ""learning_rate_init"": 0.009128191060314877}",affective_only_no_exercise,subject_zscore,all_modalities,mlp
4,0.4485981308411215,0.301786992379713,0.3016866176309802,0.3548594317161951,"{""layers"": ""128-64"", ""alpha"": 8.484968590167087e-05, ""learning_rate_init"": 0.004769097848298787}",affective_only_no_exercise,subject_zscore,all_modalities,mlp
5,0.470873786407767,0.36694741889428484,0.3501126686453748,0.3278629457945958,"{""layers"": ""64"", ""alpha"": 4.7433667366183865e-05, ""learning_rate_init"": 0.001793549446206769}",affective_only_no_exercise,subject_zscore,all_modalities,mlp
6,0.38742138364779877,0.2648295280057448,0.25575967782279274,0.3429927875146133,"{""layers"": ""32"", ""alpha"": 0.0008169007957903654, ""learning_rate_init"": 0.0061677469062429175}",affective_only_no_exercise,subject_zscore,all_modalities,mlp
7,0.4830097087378641,0.4048315613827412,0.3921839293040747,0.31221746942504874,"{""layers"": ""128-64"", ""alpha"": 0.0008808984973157508, ""learning_rate_init"": 0.00116343486694894}",affective_only_no_exercise,subject_zscore,all_modalities,mlp
8,0.44,0.3068930421350717,0.31419255555093134,0.30937577353363604,"{""layers"": ""128-64"", ""alpha"": 0.00016520595110636757, ""learning_rate_init"": 0.00029911414930542264}",affective_only_no_exercise,subject_zscore,all_modalities,mlp
9,0.45516304347826086,0.32376280285610043,0.3293649743641592,0.29750620446365,"{""layers"": ""64-32"", ""alpha"": 7.403285696105764e-05, ""learning_rate_init"": 0.002452172538657015}",affective_only_no_exercise,subject_zscore,all_modalities,mlp
10,0.46329113924050636,0.3352465962930494,0.3258569311552198,0.3270326415171819,"{""layers"": ""64"", ""alpha"": 0.00031626306400034767, ""learning_rate_init"": 0.003081305230278871}",affective_only_no_exercise,subject_zscore,all_modalities,mlp
11,0.4369426751592357,0.3037085167290434,0.3021514140054338,0.32686594508797023,"{""layers"": ""128-64"", ""alpha"": 0.025722174703500172, ""learning_rate_init"": 0.0010192645927082924}",affective_only_no_exercise,subject_zscore,all_modalities,mlp
12,0.5928217821782178,0.40801427764338916,0.4127242478094597,0.2865421050485439,"{""layers"": ""128-64"", ""alpha"": 0.0005243795108073056, ""learning_rate_init"": 0.0009515139835895845}",affective_only_no_exercise,subject_zscore,all_modalities,mlp
13,0.43714609286523215,0.29895423978270613,0.2886221521586465,0.32714511483430425,"{""layers"": ""64-32"", ""alpha"": 0.00010914082874722, ""learning_rate_init"": 0.0021934036188690736}",affective_only_no_exercise,subject_zscore,all_modalities,mlp
14,0.48426150121065376,0.34409981678380636,0.3418051819127309,0.3354424079685021,"{""layers"": ""64"", ""alpha"": 0.00024805854656233874, ""learning_rate_init"": 0.002875945138357883}",affective_only_no_exercise,subject_zscore,all_modalities,mlp
15,0.3647711511789182,0.2725598882117489,0.2741973633505798,0.33028533376890185,"{""layers"": ""128-64"", ""alpha"": 0.0008773369368896838, ""learning_rate_init"": 0.005873383112178746}",affective_only_no_exercise,subject_zscore,all_modalities,mlp
16,0.4576719576719577,0.3009322394195941,0.2975736673531855,0.3052294195244398,"{""layers"": ""128-64"", ""alpha"": 0.0034610778483232007, ""learning_rate_init"": 0.0005165112025208133}",affective_only_no_exercise,subject_zscore,all_modalities,mlp
17,0.4957678355501814,0.3458153823255998,0.34212367404368615,0.3562272216775586,"{""layers"": ""64"", ""alpha"": 0.00010024279046929102, ""learning_rate_init"": 0.0041915886407573434}",affective_only_no_exercise,subject_zscore,all_modalities,mlp
18,0.40102827763496146,0.30658029538551623,0.2943666369716445,0.36865615774030713,"{""layers"": ""64"", ""alpha"": 0.0019533942478517172, ""learning_rate_init"": 0.0031820945361682395}",affective_only_no_exercise,subject_zscore,all_modalities,mlp
19,0.5080545229244114,0.33683542175354797,0.3301949717631884,0.3276096414877782,"{""layers"": ""32"", ""alpha"": 0.00021020622679203714, ""learning_rate_init"": 0.0031342788092546714}",affective_only_no_exercise,subject_zscore,all_modalities,mlp
0,0.42160737812911725,0.37110985684856224,0.35010534585697994,0.37515926103102454,"{""n_estimators"": 600, ""max_depth"": 2, ""learning_rate"": 0.0354770559859135, ""subsample"": 0.6790012262805474, ""colsample_bytree"": 0.5966588672208248, ""min_child_weight"": 2, ""gamma"": 1.9637734833577454, ""reg_lambda"": 0.03266714278914977}",affective_only_no_exercise,subject_zscore,physiology_only,xgboost
1,0.48848484848484847,0.37418854707427573,0.3528443789959303,0.3778739579141148,"{""n_estimators"": 550, ""max_depth"": 3, ""learning_rate"": 0.016147738289553393, ""subsample"": 0.9196761804945022, ""colsample_bytree"": 0.5452312460234211, ""min_child_weight"": 8, ""gamma"": 4.487461837912546, ""reg_lambda"": 1.3788219538502169}",affective_only_no_exercise,subject_zscore,physiology_only,xgboost
2,0.4188351920693928,0.3789997104816699,0.338004433901928,0.3936049725157272,"{""n_estimators"": 450, ""max_depth"": 2, ""learning_rate"": 0.02940432205850107, ""subsample"": 0.7545883035020869, ""colsample_bytree"": 0.783762942267857, ""min_child_weight"": 6, ""gamma"": 0.6186749375092895, ""reg_lambda"": 0.09564316701655012}",affective_only_no_exercise,subject_zscore,physiology_only,xgboost
3,0.48906048906048905,0.412666133756659,0.3903215202024782,0.37107024297953567,"{""n_estimators"": 300, ""max_depth"": 5, ""learning_rate"": 0.022472600070260515, ""subsample"": 0.6981187105025108, ""colsample_bytree"": 0.5673104305527154, ""min_child_weight"": 9, ""gamma"": 4.59914104806275, ""reg_lambda"": 2.1493503302385903}",affective_only_no_exercise,subject_zscore,physiology_only,xgboost
4,0.5220293724966623,0.4385346646706757,0.4319175843027178,0.35688153809951856,"{""n_estimators"": 450, ""max_depth"": 7, ""learning_rate"": 0.010632245904353866, ""subsample"": 0.7927409463852154, ""colsample_bytree"": 0.562522498521906, ""min_child_weight"": 7, ""gamma"": 1.7799698816985423, ""reg_lambda"": 9.473322677778402}",affective_only_no_exercise,subject_zscore,physiology_only,xgboost
5,0.4696601941747573,0.3594571335495911,0.35599303251512193,0.3612940132925904,"{""n_estimators"": 500, ""max_depth"": 4, ""learning_rate"": 0.02326138385300131, ""subsample"": 0.6391178979489192, ""colsample_bytree"": 0.5493425866166534, ""min_child_weight"": 6, ""gamma"": 0.9799594757741036, ""reg_lambda"": 0.12275158843514929}",affective_only_no_exercise,subject_zscore,physiology_only,xgboost
6,0.4,0.3659262648264788,0.33442940224994677,0.37530464801427693,"{""n_estimators"": 600, ""max_depth"": 5, ""learning_rate"": 0.11421665434146594, ""subsample"": 0.9261402422034964, ""colsample_bytree"": 0.6279642152413419, ""min_child_weight"": 9, ""gamma"": 4.488277113324261, ""reg_lambda"": 8.66454633305291}",affective_only_no_exercise,subject_zscore,physiology_only,xgboost
7,0.48058252427184467,0.3461351639110031,0.34137988512291184,0.3735006641842264,"{""n_estimators"": 500, ""max_depth"": 2, ""learning_rate"": 0.2099652366518556, ""subsample"": 0.9239796788765983, ""colsample_bytree"": 0.8815225527413858, ""min_child_weight"": 10, ""gamma"": 3.7735675991139885, ""reg_lambda"": 0.040138413969360416}",affective_only_no_exercise,subject_zscore,physiology_only,xgboost
8,0.39448275862068966,0.3463376741865261,0.32428707894507286,0.36340350316234327,"{""n_estimators"": 100, ""max_depth"": 2, ""learning_rate"": 0.07726331837689056, ""subsample"": 0.8411197397321055, ""colsample_bytree"": 0.5855291011549792, ""min_child_weight"": 7, ""gamma"": 0.5256214586095047, ""reg_lambda"": 0.23330022719710589}",affective_only_no_exercise,subject_zscore,physiology_only,xgboost
9,0.40625,0.3571186225138088,0.34549864994260077,0.35003971199486267,"{""n_estimators"": 600, ""max_depth"": 2, ""learning_rate"": 0.0358180390506674, ""subsample"": 0.6798533314592898, ""colsample_bytree"": 0.6714026145807052, ""min_child_weight"": 5, ""gamma"": 2.4906980518089634, ""reg_lambda"": 0.17500037301849153}",affective_only_no_exercise,subject_zscore,physiology_only,xgboost
10,0.4531645569620253,0.4130084019194758,0.36987495960314265,0.37667381072591005,"{""n_estimators"": 100, ""max_depth"": 3, ""learning_rate"": 0.12535831482790444, ""subsample"": 0.6302804695633697, ""colsample_bytree"": 0.5217036575654836, ""min_child_weight"": 8, ""gamma"": 3.2638900670262925, ""reg_lambda"": 0.5966434939440239}",affective_only_no_exercise,subject_zscore,physiology_only,xgboost
11,0.4318471337579618,0.38991409660091825,0.35726329245220023,0.3590441971724127,"{""n_estimators"": 150, ""max_depth"": 2, ""learning_rate"": 0.08773460445417693, ""subsample"": 0.8803470260673495, ""colsample_bytree"": 0.7261194840633646, ""min_child_weight"": 7, ""gamma"": 2.7604689518679155, ""reg_lambda"": 3.7240300105188315}",affective_only_no_exercise,subject_zscore,physiology_only,xgboost
12,0.5173267326732673,0.4256686055415915,0.389995041666211,0.3567637682401185,"{""n_estimators"": 600, ""max_depth"": 2, ""learning_rate"": 0.01510866901771172, ""subsample"": 0.8292397666515651, ""colsample_bytree"": 0.7589465027333222, ""min_child_weight"": 9, ""gamma"": 0.5078972441015411, ""reg_lambda"": 0.023983064240872376}",affective_only_no_exercise,subject_zscore,physiology_only,xgboost
13,0.49943374858437145,0.4285127032693548,0.39240812243405654,0.35370858343892775,"{""n_estimators"": 250, ""max_depth"": 8, ""learning_rate"": 0.011283410326857722, ""subsample"": 0.6617450917456739, ""colsample_bytree"": 0.5176625562217271, ""min_child_weight"": 9, ""gamma"": 1.1750317241686472, ""reg_lambda"": 7.956734121594268}",affective_only_no_exercise,subject_zscore,physiology_only,xgboost
14,0.42736077481840196,0.3899275107397456,0.35386533644178175,0.36880921829398866,"{""n_estimators"": 350, ""max_depth"": 7, ""learning_rate"": 0.0302322115689051, ""subsample"": 0.6436608020677196, ""colsample_bytree"": 0.5574533562918307, ""min_child_weight"": 1, ""gamma"": 3.576719471205008, ""reg_lambda"": 0.10589326070480855}",affective_only_no_exercise,subject_zscore,physiology_only,xgboost
15,0.4174757281553398,0.39726496222432167,0.35895413155030037,0.39292764074549064,"{""n_estimators"": 150, ""max_depth"": 2, ""learning_rate"": 0.056090520815896425, ""subsample"": 0.6552289560500411, ""colsample_bytree"": 0.5854949582789005, ""min_child_weight"": 3, ""gamma"": 4.455185968700376, ""reg_lambda"": 1.8162720072865652}",affective_only_no_exercise,subject_zscore,physiology_only,xgboost
16,0.48677248677248675,0.41653077842629155,0.3885966586084286,0.3545454364610057,"{""n_estimators"": 550, ""max_depth"": 6, ""learning_rate"": 0.0801072245343731, ""subsample"": 0.7144595474379035, ""colsample_bytree"": 0.5853533471485912, ""min_child_weight"": 5, ""gamma"": 1.7823559898928623, ""reg_lambda"": 9.351624416997112}",affective_only_no_exercise,subject_zscore,physiology_only,xgboost
17,0.36275695284159615,0.32200462504786764,0.2963656479560956,0.41111492179115117,"{""n_estimators"": 250, ""max_depth"": 2, ""learning_rate"": 0.034749787539052925, ""subsample"": 0.8049893790845482, ""colsample_bytree"": 0.7978530633041521, ""min_child_weight"": 1, ""gamma"": 0.8639444775314222, ""reg_lambda"": 9.571287750409883}",affective_only_no_exercise,subject_zscore,physiology_only,xgboost
18,0.38303341902313626,0.31518023204770196,0.3034087084985192,0.391749079816388,"{""n_estimators"": 450, ""max_depth"": 5, ""learning_rate"": 0.08534940748743716, ""subsample"": 0.6611166165785136, ""colsample_bytree"": 0.5940776165167596, ""min_child_weight"": 1, ""gamma"": 0.9219769162132997, ""reg_lambda"": 2.057287246420073}",affective_only_no_exercise,subject_zscore,physiology_only,xgboost
19,0.4485749690210657,0.34962508964404637,0.33458326797242577,0.37782074108962876,"{""n_estimators"": 100, ""max_depth"": 8, ""learning_rate"": 0.0590997226566592, ""subsample"": 0.7155874431412264, ""colsample_bytree"": 0.619049009214476, ""min_child_weight"": 7, ""gamma"": 4.839673037802028, ""reg_lambda"": 9.725604984296863}",affective_only_no_exercise,subject_zscore,physiology_only,xgboost
0,0.34914361001317523,0.31265371210757137,0.2935591202997035,0.3606510571260235,"{""n_estimators"": 500, ""max_depth"": 9, ""min_samples_leaf"": 6, ""max_features"": 0.5}",affective_only_no_exercise,subject_zscore,physiology_only,random_forest
1,0.3878787878787879,0.2964053155134622,0.2820003987499138,0.3804970329950584,"{""n_estimators"": 600, ""max_depth"": 7, ""min_samples_leaf"": 4, ""max_features"": ""log2""}",affective_only_no_exercise,subject_zscore,physiology_only,random_forest
2,0.38909541511771994,0.33154735992452994,0.3077564822940821,0.3857300397594487,"{""n_estimators"": 300, ""max_depth"": 17, ""min_samples_leaf"": 6, ""max_features"": ""log2""}",affective_only_no_exercise,subject_zscore,physiology_only,random_forest
3,0.45045045045045046,0.3894839725022162,0.3684061355052621,0.36588740824017085,"{""n_estimators"": 400, ""max_depth"": 9, ""min_samples_leaf"": 8, ""max_features"": ""sqrt""}",affective_only_no_exercise,subject_zscore,physiology_only,random_forest
4,0.4979973297730307,0.41984757421650626,0.4120265058285979,0.3422910354967299,"{""n_estimators"": 600, ""max_depth"": 10, ""min_samples_leaf"": 8, ""max_features"": ""log2""}",affective_only_no_exercise,subject_zscore,physiology_only,random_forest
5,0.433252427184466,0.36953858413688995,0.35127197495026913,0.37665503620919477,"{""n_estimators"": 300, ""max_depth"": 9, ""min_samples_leaf"": 7, ""max_features"": ""sqrt""}",affective_only_no_exercise,subject_zscore,physiology_only,random_forest
6,0.4226415094339623,0.36618980977277255,0.35071233044873146,0.3681224522496207,"{""n_estimators"": 500, ""max_depth"": 14, ""min_samples_leaf"": 3, ""max_features"": ""sqrt""}",affective_only_no_exercise,subject_zscore,physiology_only,random_forest
7,0.4866504854368932,0.3681124330426424,0.35566148761780925,0.36234003619193644,"{""n_estimators"": 400, ""max_depth"": 14, ""min_samples_leaf"": 3, ""max_features"": 0.5}",affective_only_no_exercise,subject_zscore,physiology_only,random_forest
8,0.3682758620689655,0.3109133995720577,0.297274689518219,0.36980523957081307,"{""n_estimators"": 200, ""max_depth"": 9, ""min_samples_leaf"": 4, ""max_features"": ""log2""}",affective_only_no_exercise,subject_zscore,physiology_only,random_forest
9,0.5,0.40529950233635675,0.4003746778899915,0.3466410756122816,"{""n_estimators"": 300, ""max_depth"": 12, ""min_samples_leaf"": 10, ""max_features"": ""sqrt""}",affective_only_no_exercise,subject_zscore,physiology_only,random_forest
10,0.43670886075949367,0.3893919346690052,0.3571420554925169,0.35870735256292946,"{""n_estimators"": 200, ""max_depth"": 18, ""min_samples_leaf"": 7, ""max_features"": 0.5}",affective_only_no_exercise,subject_zscore,physiology_only,random_forest
11,0.42929936305732486,0.3342184659225451,0.33372209570234307,0.3385708307591617,"{""n_estimators"": 300, ""max_depth"": 20, ""min_samples_leaf"": 3, ""max_features"": ""sqrt""}",affective_only_no_exercise,subject_zscore,physiology_only,random_forest
12,0.5284653465346535,0.401954799094012,0.3924083551645683,0.3398194746210917,"{""n_estimators"": 300, ""max_depth"": 10, ""min_samples_leaf"": 6, ""max_features"": ""sqrt""}",affective_only_no_exercise,subject_zscore,physiology_only,random_forest
13,0.4881087202718007,0.42498459520955734,0.37608163194310495,0.34668616970621563,"{""n_estimators"": 600, ""max_depth"": 8, ""min_samples_leaf"": 8, ""max_features"": ""sqrt""}",affective_only_no_exercise,subject_zscore,physiology_only,random_forest
14,0.3099273607748184,0.30504740855142426,0.2664698295159075,0.37396516501512805,"{""n_estimators"": 600, ""max_depth"": 7, ""min_samples_leaf"": 5, ""max_features"": 0.5}",affective_only_no_exercise,subject_zscore,physiology_only,random_forest
15,0.37725381414701803,0.3569718157004528,0.3302760633088551,0.3680094250503117,"{""n_estimators"": 400, ""max_depth"": 9, ""min_samples_leaf"": 2, ""max_features"": ""log2""}",affective_only_no_exercise,subject_zscore,physiology_only,random_forest
16,0.4642857142857143,0.4167855314183771,0.3914272873862395,0.35128999031306246,"{""n_estimators"": 300, ""max_depth"": 16, ""min_samples_leaf"": 7, ""max_features"": ""sqrt""}",affective_only_no_exercise,subject_zscore,physiology_only,random_forest
17,0.39903264812575573,0.36868139197234867,0.3379450042825217,0.40477956822966626,"{""n_estimators"": 200, ""max_depth"": 16, ""min_samples_leaf"": 6, ""max_features"": ""sqrt""}",affective_only_no_exercise,subject_zscore,physiology_only,random_forest
18,0.3740359897172236,0.3212004403771471,0.2970933913670294,0.3786823544831435,"{""n_estimators"": 500, ""max_depth"": 17, ""min_samples_leaf"": 5, ""max_features"": ""sqrt""}",affective_only_no_exercise,subject_zscore,physiology_only,random_forest
19,0.46220570012391576,0.3400269901394903,0.32980669575842353,0.3570489567594782,"{""n_estimators"": 600, ""max_depth"": 14, ""min_samples_leaf"": 10, ""max_features"": ""sqrt""}",affective_only_no_exercise,subject_zscore,physiology_only,random_forest
0,0.4018445322793149,0.2955403236399642,0.28958380981087395,0.2841037964318575,"{""layers"": ""64-32"", ""alpha"": 0.0016088711886832494, ""learning_rate_init"": 0.0010078685238102932}",affective_only_no_exercise,subject_zscore,physiology_only,mlp
1,0.46060606060606063,0.31008761187467454,0.31005103219005803,0.30350521418616405,"{""layers"": ""64-32"", ""alpha"": 0.0007903033912711083, ""learning_rate_init"": 0.0018562488177102825}",affective_only_no_exercise,subject_zscore,physiology_only,mlp
2,0.3965303593556382,0.282387502982105,0.26769504400650823,0.32807953429773057,"{""layers"": ""128-64"", ""alpha"": 0.0014002280763496348, ""learning_rate_init"": 0.0011494470624899432}",affective_only_no_exercise,subject_zscore,physiology_only,mlp
3,0.46074646074646075,0.3016454007332163,0.2965949138625693,0.3098680817022617,"{""layers"": ""64-32"", ""alpha"": 5.8917654357404936e-05, ""learning_rate_init"": 0.006747118350408341}",affective_only_no_exercise,subject_zscore,physiology_only,mlp
4,0.4672897196261682,0.32977009575848076,0.3293290034386861,0.2837034196841128,"{""layers"": ""64-32"", ""alpha"": 0.0006621345154478081, ""learning_rate_init"": 0.004053479994617393}",affective_only_no_exercise,subject_zscore,physiology_only,mlp
5,0.42597087378640774,0.31759281091759295,0.30377050572813785,0.3046318780492693,"{""layers"": ""128-64"", ""alpha"": 0.024182532195003072, ""learning_rate_init"": 0.007165015345031723}",affective_only_no_exercise,subject_zscore,physiology_only,mlp
6,0.4327044025157233,0.2943006704950312,0.2886589255572078,0.3305598126248324,"{""layers"": ""128-64"", ""alpha"": 0.02277321977707034, ""learning_rate_init"": 0.0015028476598739943}",affective_only_no_exercise,subject_zscore,physiology_only,mlp
7,0.4733009708737864,0.28698477830249186,0.2884525466890311,0.3210430520297102,"{""layers"": ""64"", ""alpha"": 0.001131503555052963, ""learning_rate_init"": 0.009508097214851808}",affective_only_no_exercise,subject_zscore,physiology_only,mlp
8,0.34344827586206894,0.2513251161381663,0.25030425944011164,0.3072859698731726,"{""layers"": ""128-64"", ""alpha"": 0.03459763617563635, ""learning_rate_init"": 0.004490843489795411}",affective_only_no_exercise,subject_zscore,physiology_only,mlp
9,0.4361413043478261,0.3032868770054917,0.3116550644099976,0.28845440177938836,"{""layers"": ""64"", ""alpha"": 0.0019999875345913056, ""learning_rate_init"": 0.009613889366064497}",affective_only_no_exercise,subject_zscore,physiology_only,mlp
10,0.43291139240506327,0.2873237546711161,0.2928970787049005,0.3144892708959792,"{""layers"": ""64"", ""alpha"": 0.05709857116642101, ""learning_rate_init"": 0.008203573891024501}",affective_only_no_exercise,subject_zscore,physiology_only,mlp
11,0.4942675159235669,0.3212559458225439,0.3315205008063091,0.29224101987786083,"{""layers"": ""64"", ""alpha"": 0.0029973800183305953, ""learning_rate_init"": 0.005362230800478184}",affective_only_no_exercise,subject_zscore,physiology_only,mlp
12,0.5173267326732673,0.33972848438262737,0.3472515127040446,0.2925522236166109,"{""layers"": ""64"", ""alpha"": 1.6402725133363274e-05, ""learning_rate_init"": 0.006243238372543981}",affective_only_no_exercise,subject_zscore,physiology_only,mlp
13,0.5107587768969423,0.3431237615100907,0.3385268828511969,0.2922189471194951,"{""layers"": ""64"", ""alpha"": 0.010846448586577044, ""learning_rate_init"": 0.008747257343446679}",affective_only_no_exercise,subject_zscore,physiology_only,mlp
14,0.4600484261501211,0.30609685619483873,0.2946421710272817,0.3162424111468115,"{""layers"": ""128-64"", ""alpha"": 0.021931792769349725, ""learning_rate_init"": 0.0016456530642867937}",affective_only_no_exercise,subject_zscore,physiology_only,mlp
15,0.36615811373092927,0.2526227907185039,0.25583017215603354,0.31793976036223487,"{""layers"": ""64-32"", ""alpha"": 0.02208267538999042, ""learning_rate_init"": 0.003142444062624192}",affective_only_no_exercise,subject_zscore,physiology_only,mlp
16,0.49206349206349204,0.334839559770892,0.3293639368857022,0.28772540896698734,"{""layers"": ""64"", ""alpha"": 0.00033523685658060797, ""learning_rate_init"": 0.009293729540713868}",affective_only_no_exercise,subject_zscore,physiology_only,mlp
17,0.4607013301088271,0.33724859745240077,0.331919694464349,0.31628503714221884,"{""layers"": ""128-64"", ""alpha"": 0.021925040629693828, ""learning_rate_init"": 0.009507588375467663}",affective_only_no_exercise,subject_zscore,physiology_only,mlp
18,0.37017994858611825,0.27558137046088854,0.2631220128786942,0.3269406666078873,"{""layers"": ""64-32"", ""alpha"": 0.027231256350525094, ""learning_rate_init"": 0.006788318053300159}",affective_only_no_exercise,subject_zscore,physiology_only,mlp
19,0.4163568773234201,0.26043091912331584,0.25941893958055434,0.29005865488906285,"{""layers"": ""128-64"", ""alpha"": 3.379135832164666e-05, ""learning_rate_init"": 0.002543845116261809}",affective_only_no_exercise,subject_zscore,physiology_only,mlp
0,0.4044795783926219,0.3434033304094535,0.32814043387420644,0.3687005748751493,"{""n_estimators"": 200, ""max_depth"": 8, ""learning_rate"": 0.051379601669712664, ""subsample"": 0.6521391445401488, ""colsample_bytree"": 0.8282422534215225, ""min_child_weight"": 5, ""gamma"": 2.990347468707068, ""reg_lambda"": 3.209475190540979}",affective_only_no_exercise,subject_zscore,acc_only,xgboost
1,0.5127272727272727,0.37625885872383064,0.38465997707284216,0.3515307563815297,"{""n_estimators"": 550, ""max_depth"": 8, ""learning_rate"": 0.013354284130669362, ""subsample"": 0.615621913293153, ""colsample_bytree"": 0.5849152097822845, ""min_child_weight"": 9, ""gamma"": 0.4917341691652505, ""reg_lambda"": 0.18336771578903638}",affective_only_no_exercise,subject_zscore,acc_only,xgboost
2,0.33705080545229243,0.2671908234061763,0.2552537407640673,0.40409152840594925,"{""n_estimators"": 300, ""max_depth"": 7, ""learning_rate"": 0.017941918763282143, ""subsample"": 0.6220652878982473, ""colsample_bytree"": 0.9589502037229168, ""min_child_weight"": 10, ""gamma"": 0.9613774909219388, ""reg_lambda"": 0.058320314195157985}",affective_only_no_exercise,subject_zscore,acc_only,xgboost
3,0.4826254826254826,0.40721180272019986,0.39319889519057405,0.3431879412156329,"{""n_estimators"": 200, ""max_depth"": 7, ""learning_rate"": 0.010599522772910475, ""subsample"": 0.996400240152545, ""colsample_bytree"": 0.55545282552474, ""min_child_weight"": 10, ""gamma"": 0.9695119865233397, ""reg_lambda"": 0.16399308021557998}",affective_only_no_exercise,subject_zscore,acc_only,xgboost
4,0.3137516688918558,0.23967124874160384,0.23003583876186065,0.39539015056305504,"{""n_estimators"": 250, ""max_depth"": 3, ""learning_rate"": 0.034823455839632755, ""subsample"": 0.8308253312165339, ""colsample_bytree"": 0.9447579316311304, ""min_child_weight"": 5, ""gamma"": 2.1134729349185055, ""reg_lambda"": 9.536903778146762}",affective_only_no_exercise,subject_zscore,acc_only,xgboost
5,0.3604368932038835,0.2836395257870258,0.26629253561681765,0.36977950344070787,"{""n_estimators"": 350, ""max_depth"": 6, ""learning_rate"": 0.0156410708210695, ""subsample"": 0.9415336398578091, ""colsample_bytree"": 0.5123797325093107, ""min_child_weight"": 8, ""gamma"": 3.9974048959278483, ""reg_lambda"": 2.537254659824662}",affective_only_no_exercise,subject_zscore,acc_only,xgboost
6,0.38238993710691827,0.28468434294566203,0.2900111369280364,0.33726567727216333,"{""n_estimators"": 600, ""max_depth"": 4, ""learning_rate"": 0.059540151308652166, ""subsample"": 0.8442541351210967, ""colsample_bytree"": 0.8363438664598503, ""min_child_weight"": 9, ""gamma"": 0.2405169291960964, ""reg_lambda"": 5.748932234003283}",affective_only_no_exercise,subject_zscore,acc_only,xgboost
7,0.5218446601941747,0.41362975878872627,0.4109977264614389,0.28761193877663754,"{""n_estimators"": 150, ""max_depth"": 4, ""learning_rate"": 0.0732975836012682, ""subsample"": 0.9116206377796489, ""colsample_bytree"": 0.9638748173056996, ""min_child_weight"": 7, ""gamma"": 0.44438049826899784, ""reg_lambda"": 0.010015264100281206}",affective_only_no_exercise,subject_zscore,acc_only,xgboost
8,0.41517241379310343,0.3246953586822139,0.32244341358713846,0.32731856595027353,"{""n_estimators"": 250, ""max_depth"": 8, ""learning_rate"": 0.013893801996260866, ""subsample"": 0.6448352138465681, ""colsample_bytree"": 0.6418532042569742, ""min_child_weight"": 10, ""gamma"": 0.7489666105042725, ""reg_lambda"": 0.013043317512982787}",affective_only_no_exercise,subject_zscore,acc_only,xgboost
9,0.41847826086956524,0.34746359052720766,0.3341213523608319,0.3448400955107119,"{""n_estimators"": 150, ""max_depth"": 3, ""learning_rate"": 0.018484658526783434, ""subsample"": 0.6150810688720609, ""colsample_bytree"": 0.5074556622059128, ""min_child_weight"": 1, ""gamma"": 2.3043523280589215, ""reg_lambda"": 0.03683366209575603}",affective_only_no_exercise,subject_zscore,acc_only,xgboost
10,0.5101265822784811,0.3462796325392338,0.34904199833067007,0.3336210837794407,"{""n_estimators"": 500, ""max_depth"": 3, ""learning_rate"": 0.03916279108032536, ""subsample"": 0.7444420148542358, ""colsample_bytree"": 0.6760718087370544, ""min_child_weight"": 10, ""gamma"": 1.108553180571685, ""reg_lambda"": 7.712419042128395}",affective_only_no_exercise,subject_zscore,acc_only,xgboost
11,0.46114649681528663,0.3232266277014778,0.3179717931627628,0.3251996867550771,"{""n_estimators"": 450, ""max_depth"": 4, ""learning_rate"": 0.04938492177982899, ""subsample"": 0.7079454692625091, ""colsample_bytree"": 0.6806202242745523, ""min_child_weight"": 2, ""gamma"": 0.8325936958807237, ""reg_lambda"": 0.7797987451494647}",affective_only_no_exercise,subject_zscore,acc_only,xgboost
12,0.4715346534653465,0.3422519339626891,0.3342180957003738,0.35016838839300196,"{""n_estimators"": 300, ""max_depth"": 5, ""learning_rate"": 0.04693341794262666, ""subsample"": 0.7009464937460866, ""colsample_bytree"": 0.5288542152633101, ""min_child_weight"": 10, ""gamma"": 0.5712041091164098, ""reg_lambda"": 0.30272535097375414}",affective_only_no_exercise,subject_zscore,acc_only,xgboost
13,0.5141562853907135,0.3254738104727289,0.3196282558275368,0.36181834785250944,"{""n_estimators"": 600, ""max_depth"": 2, ""learning_rate"": 0.12731728619334867, ""subsample"": 0.8461125932835636, ""colsample_bytree"": 0.7213122344233122, ""min_child_weight"": 2, ""gamma"": 0.10904319859872125, ""reg_lambda"": 0.02684201453647846}",affective_only_no_exercise,subject_zscore,acc_only,xgboost
14,0.43825665859564167,0.34548336457752465,0.33642357829368336,0.36289382674240955,"{""n_estimators"": 150, ""max_depth"": 8, ""learning_rate"": 0.01066253502880351, ""subsample"": 0.6662651298615524, ""colsample_bytree"": 0.5513424278400287, ""min_child_weight"": 7, ""gamma"": 2.5372961003, ""reg_lambda"": 0.035333374056114975}",affective_only_no_exercise,subject_zscore,acc_only,xgboost
15,0.4091539528432732,0.35327262984551117,0.34305483871351505,0.33031448184290985,"{""n_estimators"": 450, ""max_depth"": 4, ""learning_rate"": 0.012409775562871862, ""subsample"": 0.7812788249857718, ""colsample_bytree"": 0.5872786088660363, ""min_child_weight"": 9, ""gamma"": 0.08897588649600377, ""reg_lambda"": 0.06627942554870479}",affective_only_no_exercise,subject_zscore,acc_only,xgboost
16,0.41534391534391535,0.33929005235611903,0.32167100260465287,0.34440840619651275,"{""n_estimators"": 550, ""max_depth"": 5, ""learning_rate"": 0.01872020770220507, ""subsample"": 0.750591348091674, ""colsample_bytree"": 0.6134507514912786, ""min_child_weight"": 8, ""gamma"": 1.989246707398249, ""reg_lambda"": 0.22987543858493636}",affective_only_no_exercise,subject_zscore,acc_only,xgboost
17,0.3639661426844015,0.2991735526867566,0.2834711826756232,0.3709939890462219,"{""n_estimators"": 300, ""max_depth"": 5, ""learning_rate"": 0.047092019364307375, ""subsample"": 0.9293423639150211, ""colsample_bytree"": 0.8352438833473783, ""min_child_weight"": 9, ""gamma"": 2.8880479560135996, ""reg_lambda"": 0.16302315948814883}",affective_only_no_exercise,subject_zscore,acc_only,xgboost
18,0.3329048843187661,0.3038757713958517,0.2919562347660667,0.37456789748723907,"{""n_estimators"": 200, ""max_depth"": 2, ""learning_rate"": 0.06814968262285655, ""subsample"": 0.6259008441845455, ""colsample_bytree"": 0.9723264133076779, ""min_child_weight"": 2, ""gamma"": 0.8858376286062741, ""reg_lambda"": 0.03331394158031601}",affective_only_no_exercise,subject_zscore,acc_only,xgboost
19,0.4646840148698885,0.3327933385155541,0.32786374103661264,0.37153260295479734,"{""n_estimators"": 400, ""max_depth"": 7, ""learning_rate"": 0.018084709510739802, ""subsample"": 0.8229465239761007, ""colsample_bytree"": 0.8414261362378351, ""min_child_weight"": 9, ""gamma"": 1.2265479229237184, ""reg_lambda"": 2.2011391682762795}",affective_only_no_exercise,subject_zscore,acc_only,xgboost
0,0.37681159420289856,0.3287277878897299,0.3092624268938183,0.3770199864681698,"{""n_estimators"": 200, ""max_depth"": 19, ""min_samples_leaf"": 8, ""max_features"": ""log2""}",affective_only_no_exercise,subject_zscore,acc_only,random_forest
1,0.4860606060606061,0.3765287077016249,0.37697533580902837,0.35586564525097425,"{""n_estimators"": 400, ""max_depth"": 12, ""min_samples_leaf"": 1, ""max_features"": ""sqrt""}",affective_only_no_exercise,subject_zscore,acc_only,random_forest
2,0.34076827757125155,0.26343767435428156,0.2588792042139904,0.40858939645135123,"{""n_estimators"": 300, ""max_depth"": 17, ""min_samples_leaf"": 2, ""max_features"": 0.5}",affective_only_no_exercise,subject_zscore,acc_only,random_forest
3,0.5019305019305019,0.4175678762753785,0.40632039412608023,0.346923895518849,"{""n_estimators"": 500, ""max_depth"": 19, ""min_samples_leaf"": 4, ""max_features"": ""log2""}",affective_only_no_exercise,subject_zscore,acc_only,random_forest
4,0.37783711615487314,0.27819425090449607,0.27701075243176854,0.40983531069633045,"{""n_estimators"": 600, ""max_depth"": 17, ""min_samples_leaf"": 5, ""max_features"": ""log2""}",affective_only_no_exercise,subject_zscore,acc_only,random_forest
5,0.345873786407767,0.2720415407028718,0.25978725225827,0.3866583562537662,"{""n_estimators"": 300, ""max_depth"": 9, ""min_samples_leaf"": 9, ""max_features"": ""log2""}",affective_only_no_exercise,subject_zscore,acc_only,random_forest
6,0.41635220125786165,0.3206063191185227,0.3240665624430832,0.3564667029707278,"{""n_estimators"": 600, ""max_depth"": 13, ""min_samples_leaf"": 1, ""max_features"": ""log2""}",affective_only_no_exercise,subject_zscore,acc_only,random_forest
7,0.5473300970873787,0.4726664884316929,0.4447721153967045,0.30733822306728326,"{""n_estimators"": 300, ""max_depth"": 14, ""min_samples_leaf"": 6, ""max_features"": ""sqrt""}",affective_only_no_exercise,subject_zscore,acc_only,random_forest
8,0.43448275862068964,0.35487040540903725,0.34113658865857655,0.3395229344285842,"{""n_estimators"": 400, ""max_depth"": 16, ""min_samples_leaf"": 3, ""max_features"": ""log2""}",affective_only_no_exercise,subject_zscore,acc_only,random_forest
9,0.5108695652173914,0.3809644378119239,0.3779942560576125,0.3820305432399176,"{""n_estimators"": 300, ""max_depth"": 18, ""min_samples_leaf"": 6, ""max_features"": 0.5}",affective_only_no_exercise,subject_zscore,acc_only,random_forest
10,0.520253164556962,0.40917093007563554,0.39767766912293606,0.3477681649321281,"{""n_estimators"": 200, ""max_depth"": 18, ""min_samples_leaf"": 6, ""max_features"": ""log2""}",affective_only_no_exercise,subject_zscore,acc_only,random_forest
11,0.4280254777070064,0.34385744063806506,0.32951479647331433,0.353175901858509,"{""n_estimators"": 600, ""max_depth"": 17, ""min_samples_leaf"": 5, ""max_features"": ""log2""}",affective_only_no_exercise,subject_zscore,acc_only,random_forest
12,0.4467821782178218,0.3372204123891067,0.32748437775746503,0.35754968437701756,"{""n_estimators"": 200, ""max_depth"": 20, ""min_samples_leaf"": 5, ""max_features"": ""log2""}",affective_only_no_exercise,subject_zscore,acc_only,random_forest
13,0.507361268403171,0.3827510158464084,0.36574090124927466,0.3824706984705301,"{""n_estimators"": 600, ""max_depth"": 20, ""min_samples_leaf"": 3, ""max_features"": ""log2""}",affective_only_no_exercise,subject_zscore,acc_only,random_forest
14,0.49878934624697335,0.3636593868170768,0.3584702582268987,0.3562032753794349,"{""n_estimators"": 400, ""max_depth"": 16, ""min_samples_leaf"": 4, ""max_features"": ""sqrt""}",affective_only_no_exercise,subject_zscore,acc_only,random_forest
15,0.4119278779472954,0.35009277799149896,0.3357690991674624,0.3585755908542922,"{""n_estimators"": 400, ""max_depth"": 19, ""min_samples_leaf"": 6, ""max_features"": 0.5}",affective_only_no_exercise,subject_zscore,acc_only,random_forest
16,0.4298941798941799,0.3146598269634283,0.3082335903379272,0.3474427961328184,"{""n_estimators"": 300, ""max_depth"": 11, ""min_samples_leaf"": 2, ""max_features"": ""sqrt""}",affective_only_no_exercise,subject_zscore,acc_only,random_forest
17,0.37968561064087064,0.2885727333100868,0.2819758983967995,0.39050556530715985,"{""n_estimators"": 300, ""max_depth"": 15, ""min_samples_leaf"": 4, ""max_features"": ""log2""}",affective_only_no_exercise,subject_zscore,acc_only,random_forest
18,0.390745501285347,0.34285993773945583,0.3292963177367894,0.3892180485147023,"{""n_estimators"": 600, ""max_depth"": 15, ""min_samples_leaf"": 3, ""max_features"": ""log2""}",affective_only_no_exercise,subject_zscore,acc_only,random_forest
19,0.4969021065675341,0.40679183478521064,0.3926339077533596,0.39219086899620775,"{""n_estimators"": 600, ""max_depth"": 18, ""min_samples_leaf"": 5, ""max_features"": ""log2""}",affective_only_no_exercise,subject_zscore,acc_only,random_forest
0,0.45718050065876153,0.34017158840828876,0.3347523019679905,0.3344105419519256,"{""layers"": ""64-32"", ""alpha"": 0.0020811798195357343, ""learning_rate_init"": 0.004437957811508869}",affective_only_no_exercise,subject_zscore,acc_only,mlp
1,0.4412121212121212,0.2953383662230881,0.29615435604636287,0.3502468528110165,"{""layers"": ""128-64"", ""alpha"": 0.00029132226122032163, ""learning_rate_init"": 0.0011453045202483322}",affective_only_no_exercise,subject_zscore,acc_only,mlp
2,0.37298636926889717,0.2604733349288498,0.25557351906272974,0.3561374770699392,"{""layers"": ""64"", ""alpha"": 0.0003828992380990708, ""learning_rate_init"": 0.003289846617102477}",affective_only_no_exercise,subject_zscore,acc_only,mlp
3,0.46332046332046334,0.3594496092369237,0.35892576721776887,0.3269619322311239,"{""layers"": ""64-32"", ""alpha"": 0.0016558984361849643, ""learning_rate_init"": 0.0037812605060076904}",affective_only_no_exercise,subject_zscore,acc_only,mlp
4,0.45660881174899864,0.31934175872088716,0.32276181085750383,0.35393814661499423,"{""layers"": ""64-32"", ""alpha"": 0.04198443111514854, ""learning_rate_init"": 0.0017394484190064393}",affective_only_no_exercise,subject_zscore,acc_only,mlp
5,0.4368932038834951,0.32830519524454965,0.3127145515457571,0.3315524395410016,"{""layers"": ""64"", ""alpha"": 0.08788749837087569, ""learning_rate_init"": 0.005317170362121865}",affective_only_no_exercise,subject_zscore,acc_only,mlp
6,0.4025157232704403,0.268026020801408,0.2669349487200314,0.3566580159222066,"{""layers"": ""128-64"", ""alpha"": 0.01479638912384343, ""learning_rate_init"": 0.001048038725378861}",affective_only_no_exercise,subject_zscore,acc_only,mlp
7,0.5182038834951457,0.3495031118203268,0.34920132445929286,0.28968250470885953,"{""layers"": ""128-64"", ""alpha"": 0.0001361618603216246, ""learning_rate_init"": 0.006544276546557824}",affective_only_no_exercise,subject_zscore,acc_only,mlp
8,0.4413793103448276,0.3146406509827531,0.30972481877926705,0.3401503889386155,"{""layers"": ""64-32"", ""alpha"": 0.0008989801148707062, ""learning_rate_init"": 0.0017455890780184214}",affective_only_no_exercise,subject_zscore,acc_only,mlp
9,0.5448369565217391,0.3885645479791478,0.3967194368132706,0.3206799765581678,"{""layers"": ""64-32"", ""alpha"": 0.018742509206828555, ""learning_rate_init"": 0.004789546180989593}",affective_only_no_exercise,subject_zscore,acc_only,mlp
10,0.5037974683544304,0.3314203290044255,0.33972209798130343,0.3338392724727684,"{""layers"": ""64-32"", ""alpha"": 0.011972135329308242, ""learning_rate_init"": 0.0023899772309137696}",affective_only_no_exercise,subject_zscore,acc_only,mlp
11,0.39490445859872614,0.279937407672359,0.27933324054063957,0.30522424417100913,"{""layers"": ""64"", ""alpha"": 3.235634258345366e-05, ""learning_rate_init"": 0.009850817307837137}",affective_only_no_exercise,subject_zscore,acc_only,mlp
12,0.5482673267326733,0.37176898331771097,0.3678185503323534,0.30358247590910203,"{""layers"": ""128-64"", ""alpha"": 4.4013941436140396e-05, ""learning_rate_init"": 0.0007887539480595893}",affective_only_no_exercise,subject_zscore,acc_only,mlp
13,0.4881087202718007,0.2949551617516143,0.3012067693524447,0.36136246101750974,"{""layers"": ""64-32"", ""alpha"": 0.00021305777626233607, ""learning_rate_init"": 0.001206220069605831}",affective_only_no_exercise,subject_zscore,acc_only,mlp
14,0.5363196125907991,0.3857238254703649,0.38682068456553315,0.3157916002487018,"{""layers"": ""64"", ""alpha"": 0.09585377907708555, ""learning_rate_init"": 0.0043729705848473445}",affective_only_no_exercise,subject_zscore,acc_only,mlp
15,0.4133148404993065,0.3101134331829757,0.31331166405962146,0.3219234054459986,"{""layers"": ""128-64"", ""alpha"": 4.274742480642524e-05, ""learning_rate_init"": 0.0016842808016131697}",affective_only_no_exercise,subject_zscore,acc_only,mlp
16,0.45105820105820105,0.3287136061640806,0.317274875262022,0.30051258527080354,"{""layers"": ""64-32"", ""alpha"": 0.0016365264427541644, ""learning_rate_init"": 0.008881234761278669}",affective_only_no_exercise,subject_zscore,acc_only,mlp
17,0.44014510278113667,0.27464177267806045,0.2649202588705315,0.3438615977010637,"{""layers"": ""128-64"", ""alpha"": 0.0006860881338515006, ""learning_rate_init"": 0.000371008339997044}",affective_only_no_exercise,subject_zscore,acc_only,mlp
18,0.37660668380462725,0.2721019138689822,0.27634328984161827,0.34941323333178237,"{""layers"": ""64-32"", ""alpha"": 0.007109038157115399, ""learning_rate_init"": 0.0027245018643088825}",affective_only_no_exercise,subject_zscore,acc_only,mlp
19,0.5340768277571252,0.3682254311833226,0.3746705312611562,0.3504392198787209,"{""layers"": ""128-64"", ""alpha"": 0.07591229032619096, ""learning_rate_init"": 0.0006090498197169873}",affective_only_no_exercise,subject_zscore,acc_only,mlp
0,0.47044334975369456,0.5308908045977011,0.39781311441481837,0.9195025183065294,"{""n_estimators"": 450, ""max_depth"": 5, ""learning_rate"": 0.275814156659786, ""subsample"": 0.6694827404452857, ""colsample_bytree"": 0.7778019640665962, ""min_child_weight"": 2, ""gamma"": 0.8710902449069899, ""reg_lambda"": 0.19742754971988216}",cross_dataset_WESAD_to_PhysioNet,subject_zscore,all_modalities,xgboost
1,0.46551724137931033,0.5251436781609196,0.3945503899941587,0.9466192043265275,"{""n_estimators"": 600, ""max_depth"": 6, ""learning_rate"": 0.023630204117510344, ""subsample"": 0.92280159973056, ""colsample_bytree"": 0.6923976631926108, ""min_child_weight"": 9, ""gamma"": 2.55487611636158, ""reg_lambda"": 1.0292810157923884}",cross_dataset_WESAD_to_PhysioNet,subject_zscore,all_modalities,xgboost
2,0.4753694581280788,0.5352011494252873,0.40571075146892077,0.939398437437653,"{""n_estimators"": 400, ""max_depth"": 7, ""learning_rate"": 0.053578498373684745, ""subsample"": 0.7432959362921414, ""colsample_bytree"": 0.7564741302619921, ""min_child_weight"": 8, ""gamma"": 2.73357961104374, ""reg_lambda"": 0.04153016758863397}",cross_dataset_WESAD_to_PhysioNet,subject_zscore,all_modalities,xgboost
3,0.4802955665024631,0.5387931034482759,0.41569186486689264,0.9389553151077973,"{""n_estimators"": 550, ""max_depth"": 2, ""learning_rate"": 0.2030069345746273, ""subsample"": 0.796447958864276, ""colsample_bytree"": 0.5866799310935054, ""min_child_weight"": 1, ""gamma"": 0.1863532199243767, ""reg_lambda"": 0.14584955369803954}",cross_dataset_WESAD_to_PhysioNet,subject_zscore,all_modalities,xgboost
4,0.46551724137931033,0.5244252873563219,0.3968384371555519,0.94587960058714,"{""n_estimators"": 150, ""max_depth"": 5, ""learning_rate"": 0.09807615712559925, ""subsample"": 0.6209077328596644, ""colsample_bytree"": 0.977808421737268, ""min_child_weight"": 10, ""gamma"": 0.7735577565089938, ""reg_lambda"": 0.23213924317932488}",cross_dataset_WESAD_to_PhysioNet,subject_zscore,all_modalities,xgboost
0,0.4802955665024631,0.5366379310344828,0.4219373123249772,0.9244575468653062,"{""n_estimators"": 600, ""max_depth"": 19, ""min_samples_leaf"": 5, ""max_features"": ""sqrt""}",cross_dataset_WESAD_to_PhysioNet,subject_zscore,all_modalities,random_forest
1,0.47783251231527096,0.5344827586206896,0.4181808349556565,0.8810440032152749,"{""n_estimators"": 600, ""max_depth"": 13, ""min_samples_leaf"": 8, ""max_features"": ""log2""}",cross_dataset_WESAD_to_PhysioNet,subject_zscore,all_modalities,random_forest
2,0.4753694581280788,0.5316091954022989,0.4164580451432235,0.9204210289316673,"{""n_estimators"": 400, ""max_depth"": 3, ""min_samples_leaf"": 3, ""max_features"": ""log2""}",cross_dataset_WESAD_to_PhysioNet,subject_zscore,all_modalities,random_forest
3,0.47783251231527096,0.5344827586206896,0.4181808349556565,0.8778411009793988,"{""n_estimators"": 300, ""max_depth"": 18, ""min_samples_leaf"": 10, ""max_features"": ""log2""}",cross_dataset_WESAD_to_PhysioNet,subject_zscore,all_modalities,random_forest
4,0.4753694581280788,0.5323275862068966,0.41440325038090403,0.9122636974150944,"{""n_estimators"": 400, ""max_depth"": 4, ""min_samples_leaf"": 9, ""max_features"": ""log2""}",cross_dataset_WESAD_to_PhysioNet,subject_zscore,all_modalities,random_forest
0,0.4975369458128079,0.5502873563218391,0.451176844783715,0.9367480337696228,"{""layers"": ""64"", ""alpha"": 2.2663715025367236e-05, ""learning_rate_init"": 0.008144062445491398}",cross_dataset_WESAD_to_PhysioNet,subject_zscore,all_modalities,mlp
1,0.4827586206896552,0.5366379310344828,0.4314180537772087,0.9155228993115269,"{""layers"": ""64-32"", ""alpha"": 0.0001632771706022961, ""learning_rate_init"": 0.008531328279764596}",cross_dataset_WESAD_to_PhysioNet,subject_zscore,all_modalities,mlp
2,0.47044334975369456,0.5280172413793103,0.40678369249797824,0.9333867022592512,"{""layers"": ""32"", ""alpha"": 1.9886361354780356e-05, ""learning_rate_init"": 0.00274903797651888}",cross_dataset_WESAD_to_PhysioNet,subject_zscore,all_modalities,mlp
3,0.458128078817734,0.5158045977011494,0.3918845315904139,0.9181228838143731,"{""layers"": ""32"", ""alpha"": 4.7528778755941355e-05, ""learning_rate_init"": 0.007068075684865269}",cross_dataset_WESAD_to_PhysioNet,subject_zscore,all_modalities,mlp
4,0.4876847290640394,0.5402298850574713,0.4404156064461408,0.9261017419272428,"{""layers"": ""64-32"", ""alpha"": 0.060288258157876494, ""learning_rate_init"": 0.004396548029799662}",cross_dataset_WESAD_to_PhysioNet,subject_zscore,all_modalities,mlp
0,0.49507389162561577,0.5517241379310345,0.43837511387023853,0.917596310479269,"{""n_estimators"": 600, ""max_depth"": 8, ""learning_rate"": 0.23216073935085232, ""subsample"": 0.6332026441307163, ""colsample_bytree"": 0.6341116645658692, ""min_child_weight"": 2, ""gamma"": 1.9360564229375121, ""reg_lambda"": 0.22023890349266306}",cross_dataset_WESAD_to_PhysioNet,subject_zscore,physiology_only,xgboost
1,0.4876847290640394,0.5466954022988506,0.4229328959956266,0.9569287426451494,"{""n_estimators"": 150, ""max_depth"": 4, ""learning_rate"": 0.20917460489015907, ""subsample"": 0.7976278337955363, ""colsample_bytree"": 0.5082227788747978, ""min_child_weight"": 8, ""gamma"": 0.32128570497316367, ""reg_lambda"": 1.4415498991128788}",cross_dataset_WESAD_to_PhysioNet,subject_zscore,physiology_only,xgboost
2,0.4827586206896552,0.5416666666666666,0.4173841738417384,0.9450574389299881,"{""n_estimators"": 150, ""max_depth"": 2, ""learning_rate"": 0.18361733059327873, ""subsample"": 0.9487535871185995, ""colsample_bytree"": 0.9565262405608728, ""min_child_weight"": 9, ""gamma"": 3.598674320047599, ""reg_lambda"": 0.17143439120486165}",cross_dataset_WESAD_to_PhysioNet,subject_zscore,physiology_only,xgboost
3,0.4876847290640394,0.5459770114942528,0.4250544662309368,0.9395114407525754,"{""n_estimators"": 200, ""max_depth"": 7, ""learning_rate"": 0.03475856053180805, ""subsample"": 0.7928171225478894, ""colsample_bytree"": 0.6514513528966199, ""min_child_weight"": 3, ""gamma"": 1.437468199536725, ""reg_lambda"": 0.04395456964132326}",cross_dataset_WESAD_to_PhysioNet,subject_zscore,physiology_only,xgboost
4,0.4802955665024631,0.5402298850574713,0.41129093220630175,0.9460549264461603,"{""n_estimators"": 150, ""max_depth"": 4, ""learning_rate"": 0.1575167106547645, ""subsample"": 0.7237385542755741, ""colsample_bytree"": 0.6449337752725569, ""min_child_weight"": 10, ""gamma"": 2.7704567066099277, ""reg_lambda"": 0.06841429050552626}",cross_dataset_WESAD_to_PhysioNet,subject_zscore,physiology_only,xgboost
0,0.49261083743842365,0.5459770114942528,0.44404264936584326,0.9232172773752373,"{""n_estimators"": 600, ""max_depth"": 14, ""min_samples_leaf"": 9, ""max_features"": ""sqrt""}",cross_dataset_WESAD_to_PhysioNet,subject_zscore,physiology_only,random_forest
1,0.4852216748768473,0.5373563218390804,0.43859950908718004,0.8768213833764781,"{""n_estimators"": 200, ""max_depth"": 3, ""min_samples_leaf"": 7, ""max_features"": ""log2""}",cross_dataset_WESAD_to_PhysioNet,subject_zscore,physiology_only,random_forest
2,0.5,0.5510057471264368,0.45801521697672737,0.9253020432880675,"{""n_estimators"": 500, ""max_depth"": 3, ""min_samples_leaf"": 1, ""max_features"": 0.5}",cross_dataset_WESAD_to_PhysioNet,subject_zscore,physiology_only,random_forest
3,0.49261083743842365,0.5459770114942528,0.44404264936584326,0.8711039453060728,"{""n_estimators"": 600, ""max_depth"": 4, ""min_samples_leaf"": 10, ""max_features"": ""sqrt""}",cross_dataset_WESAD_to_PhysioNet,subject_zscore,physiology_only,random_forest
4,0.4827586206896552,0.5373563218390804,0.4295463669209153,0.8807721050242098,"{""n_estimators"": 500, ""max_depth"": 6, ""min_samples_leaf"": 10, ""max_features"": ""sqrt""}",cross_dataset_WESAD_to_PhysioNet,subject_zscore,physiology_only,random_forest
0,0.49014778325123154,0.5416666666666666,0.44567346696479804,0.9334699757607102,"{""layers"": ""64"", ""alpha"": 0.001112647988872582, ""learning_rate_init"": 0.006105176299408862}",cross_dataset_WESAD_to_PhysioNet,subject_zscore,physiology_only,mlp
1,0.4876847290640394,0.5488505747126436,0.41627958416279587,0.9163138271378143,"{""layers"": ""64"", ""alpha"": 0.0012024042381720702, ""learning_rate_init"": 0.0006281508964757434}",cross_dataset_WESAD_to_PhysioNet,subject_zscore,physiology_only,mlp
2,0.5,0.5560344827586207,0.4457691971460658,0.9097817611011187,"{""layers"": ""32"", ""alpha"": 0.005488942495396691, ""learning_rate_init"": 0.007013945587439799}",cross_dataset_WESAD_to_PhysioNet,subject_zscore,physiology_only,mlp
3,0.4827586206896552,0.5366379310344828,0.4314180537772087,0.9035598463789952,"{""layers"": ""128-64"", ""alpha"": 0.0021600704692593484, ""learning_rate_init"": 0.009952367203829499}",cross_dataset_WESAD_to_PhysioNet,subject_zscore,physiology_only,mlp
4,0.46798029556650245,0.5265804597701149,0.4007380073800738,0.9158341881865043,"{""layers"": ""32"", ""alpha"": 6.14381615659485e-05, ""learning_rate_init"": 0.00900649819436915}",cross_dataset_WESAD_to_PhysioNet,subject_zscore,physiology_only,mlp
0,0.4802955665024631,0.5150862068965517,0.46483835702014675,0.7936566487795345,"{""n_estimators"": 600, ""max_depth"": 4, ""learning_rate"": 0.027866853482490267, ""subsample"": 0.6505851480257051, ""colsample_bytree"": 0.602233211405044, ""min_child_weight"": 2, ""gamma"": 1.2651701990550586, ""reg_lambda"": 0.023062802363091512}",cross_dataset_WESAD_to_PhysioNet,subject_zscore,acc_only,xgboost
1,0.49014778325123154,0.5150862068965517,0.48489473200330974,0.7779448888255095,"{""n_estimators"": 400, ""max_depth"": 8, ""learning_rate"": 0.015347278671684787, ""subsample"": 0.6465145388638407, ""colsample_bytree"": 0.5767692479433308, ""min_child_weight"": 7, ""gamma"": 0.536089707062263, ""reg_lambda"": 0.8455150622773699}",cross_dataset_WESAD_to_PhysioNet,subject_zscore,acc_only,xgboost
2,0.4876847290640394,0.5222701149425287,0.47289840960727036,0.7594222483198285,"{""n_estimators"": 600, ""max_depth"": 3, ""learning_rate"": 0.23167347501314203, ""subsample"": 0.6945443308659176, ""colsample_bytree"": 0.8424459725959031, ""min_child_weight"": 2, ""gamma"": 1.5832670332810257, ""reg_lambda"": 0.01132670110022992}",cross_dataset_WESAD_to_PhysioNet,subject_zscore,acc_only,xgboost
3,0.4605911330049261,0.48994252873563215,0.450507073066726,0.7897775021992794,"{""n_estimators"": 300, ""max_depth"": 7, ""learning_rate"": 0.023299901737267075, ""subsample"": 0.735671722194143, ""colsample_bytree"": 0.9011432820447294, ""min_child_weight"": 8, ""gamma"": 3.2974339998233617, ""reg_lambda"": 0.16970483220504262}",cross_dataset_WESAD_to_PhysioNet,subject_zscore,acc_only,xgboost
4,0.4827586206896552,0.5179597701149425,0.46691176470588236,0.8144731504050814,"{""n_estimators"": 300, ""max_depth"": 6, ""learning_rate"": 0.1360035322377954, ""subsample"": 0.6715895640164523, ""colsample_bytree"": 0.6877878842937712, ""min_child_weight"": 6, ""gamma"": 3.433335399581729, ""reg_lambda"": 0.05768181880760694}",cross_dataset_WESAD_to_PhysioNet,subject_zscore,acc_only,xgboost
0,0.4605911330049261,0.5172413793103449,0.39790756729304216,0.7754607164904034,"{""n_estimators"": 300, ""max_depth"": 13, ""min_samples_leaf"": 1, ""max_features"": 0.5}",cross_dataset_WESAD_to_PhysioNet,subject_zscore,acc_only,random_forest
1,0.4729064039408867,0.5237068965517241,0.4277924130663857,0.7649297369023312,"{""n_estimators"": 500, ""max_depth"": 15, ""min_samples_leaf"": 1, ""max_features"": ""log2""}",cross_dataset_WESAD_to_PhysioNet,subject_zscore,acc_only,random_forest
2,0.4852216748768473,0.5172413793103449,0.47333271265865995,0.7482401201372832,"{""n_estimators"": 500, ""max_depth"": 9, ""min_samples_leaf"": 7, ""max_features"": ""sqrt""}",cross_dataset_WESAD_to_PhysioNet,subject_zscore,acc_only,random_forest
3,0.4729064039408867,0.521551724137931,0.4327683910897553,0.7850779400685534,"{""n_estimators"": 300, ""max_depth"": 20, ""min_samples_leaf"": 2, ""max_features"": 0.5}",cross_dataset_WESAD_to_PhysioNet,subject_zscore,acc_only,random_forest
4,0.4802955665024631,0.5086206896551724,0.47196350972354917,0.7851413156496463,"{""n_estimators"": 600, ""max_depth"": 17, ""min_samples_leaf"": 7, ""max_features"": ""log2""}",cross_dataset_WESAD_to_PhysioNet,subject_zscore,acc_only,random_forest
0,0.47044334975369456,0.4956896551724138,0.464435813899268,0.814066894632317,"{""layers"": ""128-64"", ""alpha"": 0.0007621402227126661, ""learning_rate_init"": 0.004837353897308721}",cross_dataset_WESAD_to_PhysioNet,subject_zscore,acc_only,mlp
1,0.4802955665024631,0.5079022988505747,0.47261366084895495,0.7975540305683847,"{""layers"": ""128-64"", ""alpha"": 0.010661530427752188, ""learning_rate_init"": 0.001965216114659787}",cross_dataset_WESAD_to_PhysioNet,subject_zscore,acc_only,mlp
2,0.45566502463054187,0.4798850574712644,0.45005669455425823,0.7688868606786837,"{""layers"": ""128-64"", ""alpha"": 0.014619556892255359, ""learning_rate_init"": 0.009549234449065774}",cross_dataset_WESAD_to_PhysioNet,subject_zscore,acc_only,mlp
3,0.4852216748768473,0.5100574712643678,0.4799178695105881,0.7814416877255842,"{""layers"": ""32"", ""alpha"": 0.09419085613570086, ""learning_rate_init"": 0.00934531858004639}",cross_dataset_WESAD_to_PhysioNet,subject_zscore,acc_only,mlp
4,0.4753694581280788,0.5007183908045977,0.46941780632811203,0.8109870000599898,"{""layers"": ""64-32"", ""alpha"": 0.012975469281888563, ""learning_rate_init"": 0.002880133499480651}",cross_dataset_WESAD_to_PhysioNet,subject_zscore,acc_only,mlp
0,0.685290763968073,0.7235891288786884,0.6833305423565612,0.6059032113087036,"{""n_estimators"": 150, ""max_depth"": 2, ""learning_rate"": 0.11346360678565807, ""subsample"": 0.6307286438676293, ""colsample_bytree"": 0.9930863649468693, ""min_child_weight"": 6, ""gamma"": 4.605821917117729, ""reg_lambda"": 3.156101046657995}",cross_dataset_PhysioNet_to_WESAD,subject_zscore,all_modalities,xgboost
1,0.7080957810718358,0.7571921193460056,0.7073252127482063,0.6112491287539913,"{""n_estimators"": 250, ""max_depth"": 7, ""learning_rate"": 0.07364846824456299, ""subsample"": 0.6694092594118958, ""colsample_bytree"": 0.990476885354421, ""min_child_weight"": 4, ""gamma"": 3.2809334842535773, ""reg_lambda"": 0.036537689650592044}",cross_dataset_PhysioNet_to_WESAD,subject_zscore,all_modalities,xgboost
2,0.6442417331812998,0.662089691295604,0.638017526035052,0.6239790019995904,"{""n_estimators"": 600, ""max_depth"": 5, ""learning_rate"": 0.2851379717276018, ""subsample"": 0.7327532046234405, ""colsample_bytree"": 0.8368067283541952, ""min_child_weight"": 8, ""gamma"": 1.927772935860853, ""reg_lambda"": 1.9198736197417061}",cross_dataset_PhysioNet_to_WESAD,subject_zscore,all_modalities,xgboost
3,0.750285062713797,0.7884289820821924,0.7478604707948848,0.6590932426737511,"{""n_estimators"": 200, ""max_depth"": 6, ""learning_rate"": 0.013143440774726704, ""subsample"": 0.659192044762863, ""colsample_bytree"": 0.6528151486469395, ""min_child_weight"": 5, ""gamma"": 0.6471186331405117, ""reg_lambda"": 0.03045749771461891}",cross_dataset_PhysioNet_to_WESAD,subject_zscore,all_modalities,xgboost
4,0.7023945267958951,0.7578454319248293,0.7021327263996626,0.6191909479921175,"{""n_estimators"": 350, ""max_depth"": 5, ""learning_rate"": 0.06457987598279812, ""subsample"": 0.7639694692835536, ""colsample_bytree"": 0.9747355317459706, ""min_child_weight"": 1, ""gamma"": 0.8687642202495033, ""reg_lambda"": 0.0184732028246248}",cross_dataset_PhysioNet_to_WESAD,subject_zscore,all_modalities,xgboost
0,0.7388825541619156,0.7897356072398396,0.7380980014996903,0.6098687858900259,"{""n_estimators"": 200, ""max_depth"": 5, ""min_samples_leaf"": 10, ""max_features"": ""log2""}",cross_dataset_PhysioNet_to_WESAD,subject_zscore,all_modalities,random_forest
1,0.7320410490307868,0.7808136298046879,0.7310956714616564,0.6233890329703983,"{""n_estimators"": 400, ""max_depth"": 11, ""min_samples_leaf"": 9, ""max_features"": ""sqrt""}",cross_dataset_PhysioNet_to_WESAD,subject_zscore,all_modalities,random_forest
2,0.734321550741163,0.7862020383352459,0.7336511151691947,0.5962520519919884,"{""n_estimators"": 300, ""max_depth"": 16, ""min_samples_leaf"": 3, ""max_features"": ""sqrt""}",cross_dataset_PhysioNet_to_WESAD,subject_zscore,all_modalities,random_forest
3,0.7240592930444698,0.7688352856964312,0.722717818470672,0.6579355408804561,"{""n_estimators"": 300, ""max_depth"": 16, ""min_samples_leaf"": 5, ""max_features"": ""sqrt""}",cross_dataset_PhysioNet_to_WESAD,subject_zscore,all_modalities,random_forest
4,0.7548460661345496,0.8013787735902651,0.7535335077048964,0.6008006753620788,"{""n_estimators"": 200, ""max_depth"": 18, ""min_samples_leaf"": 6, ""max_features"": ""sqrt""}",cross_dataset_PhysioNet_to_WESAD,subject_zscore,all_modalities,random_forest
0,0.758266818700114,0.8025803006374058,0.7566720063657588,0.637310910501213,"{""layers"": ""128-64"", ""alpha"": 0.002550173025923857, ""learning_rate_init"": 0.006736278034816386}",cross_dataset_PhysioNet_to_WESAD,subject_zscore,all_modalities,mlp
1,0.6590649942987458,0.725000852146842,0.6589780904188012,0.6477066827395622,"{""layers"": ""64"", ""alpha"": 0.0006082237049575724, ""learning_rate_init"": 0.00963475928925368}",cross_dataset_PhysioNet_to_WESAD,subject_zscore,all_modalities,mlp
2,0.7160775370581528,0.7641001897446968,0.7151516574509965,0.6516923837949693,"{""layers"": ""128-64"", ""alpha"": 0.003631796297760523, ""learning_rate_init"": 0.00226370297494469}",cross_dataset_PhysioNet_to_WESAD,subject_zscore,all_modalities,mlp
3,0.7753705815279361,0.8006203629009351,0.7704813715135936,0.6837035988519039,"{""layers"": ""64"", ""alpha"": 2.655995541110666e-05, ""learning_rate_init"": 0.000644380399505319}",cross_dataset_PhysioNet_to_WESAD,subject_zscore,all_modalities,mlp
4,0.685290763968073,0.7387999500073852,0.6849921915668922,0.6518129715498137,"{""layers"": ""128-64"", ""alpha"": 0.0012852890992211172, ""learning_rate_init"": 0.00031858280563363113}",cross_dataset_PhysioNet_to_WESAD,subject_zscore,all_modalities,mlp
0,0.5655644241733181,0.6605302625748469,0.5575545712753491,0.5891252940008572,"{""n_estimators"": 400, ""max_depth"": 3, ""learning_rate"": 0.12115537903816036, ""subsample"": 0.6459289600231075, ""colsample_bytree"": 0.5944056681284511, ""min_child_weight"": 2, ""gamma"": 3.7932861640693387, ""reg_lambda"": 0.011124327276689964}",cross_dataset_PhysioNet_to_WESAD,subject_zscore,physiology_only,xgboost
1,0.5655644241733181,0.6598059377591947,0.5578285845861901,0.6133609280548246,"{""n_estimators"": 150, ""max_depth"": 2, ""learning_rate"": 0.010269490645950067, ""subsample"": 0.7378888143077749, ""colsample_bytree"": 0.5099039144197829, ""min_child_weight"": 2, ""gamma"": 1.6926759867143628, ""reg_lambda"": 0.01521006986401771}",cross_dataset_PhysioNet_to_WESAD,subject_zscore,physiology_only,xgboost
2,0.5507411630558723,0.6475975140036131,0.5411181938911023,0.6104676119024101,"{""n_estimators"": 400, ""max_depth"": 7, ""learning_rate"": 0.19293099995183216, ""subsample"": 0.6088056997765775, ""colsample_bytree"": 0.7616045629441811, ""min_child_weight"": 3, ""gamma"": 3.2374773421693783, ""reg_lambda"": 0.03687238550698087}",cross_dataset_PhysioNet_to_WESAD,subject_zscore,physiology_only,xgboost
3,0.5746864310148233,0.6704946996466431,0.5668447640044756,0.6366817933555221,"{""n_estimators"": 300, ""max_depth"": 7, ""learning_rate"": 0.010247202025026911, ""subsample"": 0.8836382782184263, ""colsample_bytree"": 0.6211083908934704, ""min_child_weight"": 10, ""gamma"": 4.640314829704289, ""reg_lambda"": 0.7872764837511037}",cross_dataset_PhysioNet_to_WESAD,subject_zscore,physiology_only,xgboost
4,0.5826681870011402,0.676678445229682,0.575873933679348,0.60728127117016,"{""n_estimators"": 400, ""max_depth"": 7, ""learning_rate"": 0.01791951018197018, ""subsample"": 0.6580325123818185, ""colsample_bytree"": 0.584325836769398, ""min_child_weight"": 1, ""gamma"": 4.388629215852517, ""reg_lambda"": 2.371581857820261}",cross_dataset_PhysioNet_to_WESAD,subject_zscore,physiology_only,xgboost
0,0.5610034207525656,0.656272368854601,0.5526274994070719,0.5929617599259307,"{""n_estimators"": 500, ""max_depth"": 3, ""min_samples_leaf"": 4, ""max_features"": 0.5}",cross_dataset_PhysioNet_to_WESAD,subject_zscore,physiology_only,random_forest
1,0.6157354618015963,0.7022968197879859,0.6123464562797988,0.6133398835769864,"{""n_estimators"": 200, ""max_depth"": 3, ""min_samples_leaf"": 3, ""max_features"": ""sqrt""}",cross_dataset_PhysioNet_to_WESAD,subject_zscore,physiology_only,random_forest
2,0.5655644241733181,0.6619789122061513,0.5569914285146074,0.6015083971727629,"{""n_estimators"": 400, ""max_depth"": 3, ""min_samples_leaf"": 1, ""max_features"": 0.5}",cross_dataset_PhysioNet_to_WESAD,subject_zscore,physiology_only,random_forest
3,0.5701254275940707,0.6647881562950928,0.562470804170587,0.637671477184189,"{""n_estimators"": 500, ""max_depth"": 6, ""min_samples_leaf"": 1, ""max_features"": 0.5}",cross_dataset_PhysioNet_to_WESAD,subject_zscore,physiology_only,random_forest
4,0.580387685290764,0.6734630111460806,0.573804090601758,0.6179766650526884,"{""n_estimators"": 400, ""max_depth"": 15, ""min_samples_leaf"": 8, ""max_features"": 0.5}",cross_dataset_PhysioNet_to_WESAD,subject_zscore,physiology_only,random_forest
0,0.56442417331813,0.6574738959017418,0.557070707070707,0.5975156304516958,"{""layers"": ""64-32"", ""alpha"": 8.816827279604301e-05, ""learning_rate_init"": 0.0015263432680661842}",cross_dataset_PhysioNet_to_WESAD,subject_zscore,physiology_only,mlp
1,0.5507411630558723,0.6475975140036131,0.5411181938911023,0.6117369230270963,"{""layers"": ""64"", ""alpha"": 3.8577968124260324e-05, ""learning_rate_init"": 0.004415134602240988}",cross_dataset_PhysioNet_to_WESAD,subject_zscore,physiology_only,mlp
2,0.6841505131128849,0.7169111381273221,0.6812260767669239,0.5921369751046047,"{""layers"": ""64"", ""alpha"": 0.00015900709541616864, ""learning_rate_init"": 0.0005585117382681569}",cross_dataset_PhysioNet_to_WESAD,subject_zscore,physiology_only,mlp
3,0.5963511972633979,0.6851061774965062,0.5917604670734273,0.622111756327858,"{""layers"": ""64"", ""alpha"": 2.186019388917662e-05, ""learning_rate_init"": 0.0048837802797104075}",cross_dataset_PhysioNet_to_WESAD,subject_zscore,physiology_only,mlp
4,0.5667046750285063,0.663586629247952,0.5580106100795756,0.6098272628974383,"{""layers"": ""64"", ""alpha"": 0.0005510804828174139, ""learning_rate_init"": 0.0037361908612070917}",cross_dataset_PhysioNet_to_WESAD,subject_zscore,physiology_only,mlp
0,0.5860889395667047,0.5714042243759445,0.5657047674785036,0.5810352881045865,"{""n_estimators"": 250, ""max_depth"": 6, ""learning_rate"": 0.013026577458216688, ""subsample"": 0.7854247458308097, ""colsample_bytree"": 0.5419199626901389, ""min_child_weight"": 2, ""gamma"": 2.3243445498776447, ""reg_lambda"": 0.11932794901333055}",cross_dataset_PhysioNet_to_WESAD,subject_zscore,acc_only,xgboost
1,0.5541619156214367,0.5213178734959608,0.5206142834175631,0.5812625049681639,"{""n_estimators"": 350, ""max_depth"": 4, ""learning_rate"": 0.02916774990528259, ""subsample"": 0.6646662072180344, ""colsample_bytree"": 0.8843758593402005, ""min_child_weight"": 10, ""gamma"": 1.9775759091440401, ""reg_lambda"": 0.827936808773019}",cross_dataset_PhysioNet_to_WESAD,subject_zscore,acc_only,xgboost
2,0.548460661345496,0.5060360401304352,0.506041986687148,0.5982039072567471,"{""n_estimators"": 350, ""max_depth"": 3, ""learning_rate"": 0.03547477122169441, ""subsample"": 0.653155202536529, ""colsample_bytree"": 0.910856379901163, ""min_child_weight"": 8, ""gamma"": 4.979415201464981, ""reg_lambda"": 0.2295980744271953}",cross_dataset_PhysioNet_to_WESAD,subject_zscore,acc_only,xgboost
3,0.5974914481185861,0.5548867780896004,0.555346014026994,0.5922680258485343,"{""n_estimators"": 400, ""max_depth"": 6, ""learning_rate"": 0.12327810445235397, ""subsample"": 0.7036145974527589, ""colsample_bytree"": 0.757425629700751, ""min_child_weight"": 6, ""gamma"": 0.851800580916461, ""reg_lambda"": 0.15434058392950742}",cross_dataset_PhysioNet_to_WESAD,subject_zscore,acc_only,xgboost
4,0.5655644241733181,0.5344977446513584,0.5334774213275363,0.6101360835278964,"{""n_estimators"": 350, ""max_depth"": 5, ""learning_rate"": 0.0780853216647177, ""subsample"": 0.6827924770468021, ""colsample_bytree"": 0.927767846776839, ""min_child_weight"": 8, ""gamma"": 1.1620762850658075, ""reg_lambda"": 0.5363446393774718}",cross_dataset_PhysioNet_to_WESAD,subject_zscore,acc_only,xgboost
0,0.5917901938426454,0.5816157840319044,0.5740454328384128,0.5819389086681513,"{""n_estimators"": 400, ""max_depth"": 9, ""min_samples_leaf"": 1, ""max_features"": 0.5}",cross_dataset_PhysioNet_to_WESAD,subject_zscore,acc_only,random_forest
1,0.6054732041049031,0.584973242589163,0.5812328872990637,0.5455050328394776,"{""n_estimators"": 400, ""max_depth"": 16, ""min_samples_leaf"": 1, ""max_features"": 0.5}",cross_dataset_PhysioNet_to_WESAD,subject_zscore,acc_only,random_forest
2,0.5655644241733181,0.5265301716791838,0.5264666076173605,0.5721100777146417,"{""n_estimators"": 400, ""max_depth"": 3, ""min_samples_leaf"": 6, ""max_features"": ""sqrt""}",cross_dataset_PhysioNet_to_WESAD,subject_zscore,acc_only,random_forest
3,0.5860889395667047,0.5561934032472475,0.5549436953467402,0.5909829558134643,"{""n_estimators"": 300, ""max_depth"": 18, ""min_samples_leaf"": 7, ""max_features"": ""sqrt""}",cross_dataset_PhysioNet_to_WESAD,subject_zscore,acc_only,random_forest
4,0.5689851767388826,0.5451154943019781,0.5425029809220986,0.5977435246441094,"{""n_estimators"": 300, ""max_depth"": 5, ""min_samples_leaf"": 10, ""max_features"": 0.5}",cross_dataset_PhysioNet_to_WESAD,subject_zscore,acc_only,random_forest
0,0.6100342075256556,0.5971987092815834,0.5906165034231992,0.6014047460561085,"{""layers"": ""64-32"", ""alpha"": 0.003898509354246731, ""learning_rate_init"": 0.009265777172094227}",cross_dataset_PhysioNet_to_WESAD,subject_zscore,acc_only,mlp
1,0.6716077537058153,0.6376586413370753,0.638611311424745,0.6552970345458999,"{""layers"": ""128-64"", ""alpha"": 0.005546142026175573, ""learning_rate_init"": 0.004215853580117669}",cross_dataset_PhysioNet_to_WESAD,subject_zscore,acc_only,mlp
2,0.5313568985176739,0.5000284048947314,0.49927137092012863,0.6175202099148128,"{""layers"": ""32"", ""alpha"": 0.006374264670445486, ""learning_rate_init"": 0.0070234826873798555}",cross_dataset_PhysioNet_to_WESAD,subject_zscore,acc_only,mlp
3,0.6339794754846066,0.637479690500267,0.6226440132703328,0.6401609918559071,"{""layers"": ""64"", ""alpha"": 0.00020061981877742796, ""learning_rate_init"": 0.009761803991638542}",cross_dataset_PhysioNet_to_WESAD,subject_zscore,acc_only,mlp
4,0.6579247434435576,0.6386471316737301,0.6347294415567106,0.6373646050546634,"{""layers"": ""64-32"", ""alpha"": 0.0010059215544015799, ""learning_rate_init"": 0.009896887539120233}",cross_dataset_PhysioNet_to_WESAD,subject_zscore,acc_only,mlp
