{
  "model_details": {
    "name": "Wearable Stress Detection Model",
    "version": "1.0.0",
    "type": "XGBoost Classifier (Optuna-optimized)",
    "date_created": "2026-02-07",
    "framework": "XGBoost 2.0+",
    "license": "Research Use Only"
  },
  "intended_use": {
    "primary_use": "Stress detection from wearable sensor data",
    "primary_users": "Healthcare researchers, wellness app developers",
    "out_of_scope": [
      "Medical diagnosis",
      "Real-time clinical monitoring without physician oversight",
      "Use with sensors other than Empatica E4 or similar"
    ]
  },
  "training_data": {
    "datasets": [
      "WESAD",
      "EPM-E4",
      "PhysioNet Wearable"
    ],
    "total_samples": 10511,
    "total_subjects": 96,
    "features": 39,
    "classes": [
      "Aerobic",
      "Amusement",
      "Anaerobic",
      "Baseline",
      "Emotion",
      "Stress"
    ],
    "class_distribution": {
      "Baseline": 707,
      "Stress": 3322,
      "Amusement": 209,
      "Emotion": 2510,
      "Aerobic": 2143,
      "Anaerobic": 1620
    }
  },
  "performance_metrics": {
    "overall": {
      "accuracy": 0.9453162149310509,
      "accuracy_95ci": [
        0.9353304802662863,
        0.9553019495958155
      ],
      "f1_weighted": 0.9449916897048375,
      "f1_95ci": [
        0.9349233727150296,
        0.9551350492881729
      ]
    },
    "per_class": {
      "Aerobic": {
        "precision": 0.9485981308411215,
        "recall": 0.9463869463869464,
        "f1": 0.9474912485414235,
        "support": 429
      },
      "Amusement": {
        "precision": 0.8717948717948718,
        "recall": 0.8095238095238095,
        "f1": 0.8395061728395061,
        "support": 42
      },
      "Anaerobic": {
        "precision": 0.9387096774193548,
        "recall": 0.8981481481481481,
        "f1": 0.917981072555205,
        "support": 324
      },
      "Baseline": {
        "precision": 0.9029850746268657,
        "recall": 0.8581560283687943,
        "f1": 0.88,
        "support": 141
      },
      "Emotion": {
        "precision": 0.9761431411530815,
        "recall": 0.9780876494023905,
        "f1": 0.9771144278606965,
        "support": 502
      },
      "Stress": {
        "precision": 0.9361393323657474,
        "recall": 0.9699248120300752,
        "f1": 0.9527326440177253,
        "support": 665
      }
    }
  },
  "limitations": [
    "Trained primarily on controlled lab settings, may not generalize to free-living conditions",
    "Limited demographic diversity in training data",
    "Performance may degrade with different sensor placements",
    "Not validated for pediatric or elderly populations",
    "Cross-dataset generalization shows reduced performance (~72% LOSO)"
  ],
  "ethical_considerations": [
    "Stress detection should not be used to discriminate in employment or insurance",
    "Users should be informed when their stress is being monitored",
    "Data privacy must be maintained for physiological signals",
    "False positives may cause unnecessary anxiety",
    "Should not replace professional mental health assessment"
  ],
  "recommendations": {
    "deployment": [
      "Use rejection option (confidence threshold 0.7+) for safety-critical applications",
      "Implement drift detection to monitor for distribution shifts",
      "Provide confidence scores with predictions",
      "Regular recalibration with user-specific data recommended"
    ],
    "future_work": [
      "Collect more diverse training data",
      "Validate in free-living conditions",
      "Develop personalized models",
      "Add continuous stress level regression"
    ]
  }
}